{
	"references":[
		""
	],
	"software":[
		"https:\/\/doi.org\/10.5281\/zenodo.15920400"
	],
	"mult_tab":[
		[
			[
				1,
				0,
				0,
				0,
				0
			],
			[
				0,
				1,
				0,
				0,
				0
			],
			[
				0,
				0,
				1,
				0,
				0
			],
			[
				0,
				0,
				0,
				1,
				0
			],
			[
				0,
				0,
				0,
				0,
				1
			]
		],
		[
			[
				0,
				1,
				0,
				0,
				0
			],
			[
				1,
				6,
				4,
				7,
				7
			],
			[
				0,
				4,
				9,
				5,
				7
			],
			[
				0,
				7,
				5,
				7,
				7
			],
			[
				0,
				7,
				7,
				7,
				8
			]
		],
		[
			[
				0,
				0,
				1,
				0,
				0
			],
			[
				0,
				4,
				9,
				5,
				7
			],
			[
				1,
				9,
				1,
				9,
				7
			],
			[
				0,
				5,
				9,
				6,
				7
			],
			[
				0,
				7,
				7,
				7,
				9
			]
		],
		[
			[
				0,
				0,
				0,
				1,
				0
			],
			[
				0,
				7,
				5,
				7,
				7
			],
			[
				0,
				5,
				9,
				6,
				7
			],
			[
				1,
				7,
				6,
				8,
				7
			],
			[
				0,
				7,
				7,
				7,
				10
			]
		],
		[
			[
				0,
				0,
				0,
				0,
				1
			],
			[
				0,
				7,
				7,
				7,
				8
			],
			[
				0,
				7,
				7,
				7,
				9
			],
			[
				0,
				7,
				7,
				7,
				10
			],
			[
				1,
				8,
				9,
				10,
				8
			]
		]
	],
	"texnames":[
		"\\text{FR}^{5,10,0}_{276}"
	],
	"barcode":[
		1,
		3,
		5,
		7,
		3,
		5,
		4,
		2,
		4,
		2,
		7,
		5,
		2,
		9,
		3,
		3,
		8,
		1,
		9,
		3,
		4,
		5,
		1,
		1,
		6,
		7,
		9,
		7,
		8,
		9,
		8,
		8,
		4,
		1,
		1,
		4,
		4,
		2,
		5,
		5,
		0,
		2,
		1,
		8,
		9,
		8,
		5,
		6,
		4,
		8,
		0,
		0,
		4,
		9,
		9,
		7,
		2,
		7,
		2,
		3,
		6,
		8,
		2,
		4,
		9,
		8,
		6,
		3,
		6,
		6,
		9,
		7,
		3,
		3,
		6,
		9,
		3,
		0,
		1,
		6,
		4,
		8,
		8,
		6,
		2,
		5,
		4,
		3,
		8,
		4,
		2,
		0,
		7,
		1,
		6,
		3,
		4,
		6,
		5,
		0,
		6,
		3,
		5,
		6,
		4,
		3,
		5,
		6,
		4,
		3,
		5,
		3,
		2,
		7,
		3,
		2,
		5,
		5,
		5,
		9,
		9,
		0,
		3,
		1,
		5,
		5,
		5,
		4,
		2,
		2
	],
	"formal_code":[
		5,
		10,
		0,
		276
	],
	"tensor_product_decompositions":{
		"identifiers":[
			"formal_code"
		],
		"value":[]
	},
	"sub_fusion_rings":{
		"identifiers":[
			"injection",
			"formal_code"
		],
		"value":[]
	},
	"numeric_characters":[
		[
			[
				1.0,
				0
			],
			[
				2.6140334479485052e1,
				0
			],
			[
				2.7140334479485052e1,
				0
			],
			[
				2.8140334479485052e1,
				0
			],
			[
				3.141877150687274e1,
				0
			]
		],
		[
			[
				1.0,
				0
			],
			[
				4.561552812808831,
				0
			],
			[
				-8.123105625617661,
				0
			],
			[
				3.5615528128088303,
				0
			],
			[
				0.0,
				0
			]
		],
		[
			[
				1.0,
				0
			],
			[
				0.14841885046994963,
				0
			],
			[
				1.1484188504699497,
				0
			],
			[
				2.1484188504699495,
				0
			],
			[
				-3.0715846146877603,
				0
			]
		],
		[
			[
				1.0,
				0
			],
			[
				-1.2887533299550022,
				0
			],
			[
				-0.28875332995500214,
				0
			],
			[
				0.7112466700449979,
				0
			],
			[
				0.6528131078150204,
				0
			]
		],
		[
			[
				1.0,
				0
			],
			[
				0.4384471871911697,
				0
			],
			[
				0.12310562561766059,
				0
			],
			[
				-0.5615528128088303,
				0
			],
			[
				0.0,
				0
			]
		]
	],
	"numeric_frobenius_perron_dimensions":[
		1.0,
		2.6140334479485052e1,
		2.7140334479485052e1,
		2.8140334479485052e1,
		3.1418771506872737e1
	],
	"numeric_frobenius_perron_dimension":3.1999324699760537e3,
	"info":"Fusion ring. mult_tab provides structure constants. barcode and formal_code provide unique identifiers see (DOI: 10.1063\/5.0148848). sub_fusion_rings provides tuples where the first element corresponds to the elements of the ring that form the subring isomorphic to the ring identified by the second element of the tuple. software provides doi of original software used to represent fusion ring.",
	"comments":[
		""
	]
}