{
	"references":[
		""
	],
	"software":[
		"https:\/\/doi.org\/10.5281\/zenodo.15920400"
	],
	"mult_tab":[
		[
			[
				1,
				0,
				0,
				0,
				0
			],
			[
				0,
				1,
				0,
				0,
				0
			],
			[
				0,
				0,
				1,
				0,
				0
			],
			[
				0,
				0,
				0,
				1,
				0
			],
			[
				0,
				0,
				0,
				0,
				1
			]
		],
		[
			[
				0,
				1,
				0,
				0,
				0
			],
			[
				1,
				0,
				0,
				0,
				0
			],
			[
				0,
				0,
				1,
				0,
				0
			],
			[
				0,
				0,
				0,
				1,
				0
			],
			[
				0,
				0,
				0,
				0,
				1
			]
		],
		[
			[
				0,
				0,
				1,
				0,
				0
			],
			[
				0,
				0,
				1,
				0,
				0
			],
			[
				1,
				1,
				5,
				3,
				3
			],
			[
				0,
				0,
				3,
				4,
				6
			],
			[
				0,
				0,
				3,
				6,
				7
			]
		],
		[
			[
				0,
				0,
				0,
				1,
				0
			],
			[
				0,
				0,
				0,
				1,
				0
			],
			[
				0,
				0,
				3,
				4,
				6
			],
			[
				1,
				1,
				4,
				7,
				6
			],
			[
				0,
				0,
				6,
				6,
				9
			]
		],
		[
			[
				0,
				0,
				0,
				0,
				1
			],
			[
				0,
				0,
				0,
				0,
				1
			],
			[
				0,
				0,
				3,
				6,
				7
			],
			[
				0,
				0,
				6,
				6,
				9
			],
			[
				1,
				1,
				7,
				9,
				10
			]
		]
	],
	"texnames":[
		"\\text{FR}^{5,10,0}_{1104}"
	],
	"barcode":[
		1,
		3,
		5,
		7,
		3,
		5,
		4,
		2,
		4,
		2,
		7,
		5,
		2,
		9,
		3,
		3,
		8,
		1,
		9,
		3,
		4,
		5,
		1,
		1,
		6,
		7,
		9,
		7,
		8,
		9,
		8,
		7,
		7,
		9,
		6,
		8,
		2,
		8,
		6,
		3,
		3,
		8,
		4,
		3,
		5,
		8,
		1,
		0,
		9,
		3,
		7,
		8,
		4,
		6,
		1,
		9,
		5,
		3,
		5,
		7,
		2,
		2,
		2,
		9,
		8,
		9,
		7,
		6,
		3,
		6,
		8,
		0,
		9,
		6,
		9,
		3,
		7,
		8,
		9,
		8,
		7,
		7,
		5,
		1,
		0,
		0,
		4,
		5,
		2,
		4,
		8,
		2,
		2,
		6,
		9,
		2,
		0,
		5,
		4,
		9,
		5,
		7,
		9,
		2,
		2,
		0,
		6,
		3,
		7,
		4,
		5,
		0,
		7,
		3,
		6,
		7,
		4,
		8,
		5,
		3,
		0,
		8,
		3,
		7,
		2,
		9,
		2,
		8,
		1,
		6
	],
	"formal_code":[
		5,
		10,
		0,
		1104
	],
	"tensor_product_decompositions":{
		"identifiers":[
			"formal_code"
		],
		"value":[]
	},
	"sub_fusion_rings":{
		"identifiers":[
			"injection",
			"formal_code"
		],
		"value":[
			[
				[
					1,
					2
				],
				[
					2,
					1,
					0,
					1
				]
			]
		]
	},
	"numeric_characters":[
		[
			[
				1.0,
				0
			],
			[
				1.0,
				0
			],
			[
				1.3749850671655011e1,
				0
			],
			[
				1.764256932188677e1,
				0
			],
			[
				2.1793810722958803e1,
				0
			]
		],
		[
			[
				1.0,
				0
			],
			[
				1.0,
				0
			],
			[
				-0.8212067887050774,
				0
			],
			[
				2.627440225214583,
				0
			],
			[
				-1.7006353807676855,
				0
			]
		],
		[
			[
				1.0,
				0
			],
			[
				1.0,
				0
			],
			[
				-0.4073365732395466,
				0
			],
			[
				-0.5128502392922423,
				0
			],
			[
				0.5803855559909987,
				0
			]
		],
		[
			[
				1.0,
				0
			],
			[
				-1.0,
				0
			],
			[
				0.0,
				0
			],
			[
				0.0,
				0
			],
			[
				0.0,
				0
			]
		],
		[
			[
				1.0,
				0
			],
			[
				1.0,
				0
			],
			[
				3.4786926902896123,
				0
			],
			[
				-0.7571593078091122,
				0
			],
			[
				-1.6735608981821148,
				0
			]
		]
	],
	"numeric_frobenius_perron_dimensions":[
		1.0,
		1.0,
		1.3749850671655011e1,
		1.764256932188677e1,
		2.1793810722958803e1
	],
	"numeric_frobenius_perron_dimension":9.77288831598546e2,
	"info":"Fusion ring. mult_tab provides structure constants. barcode and formal_code provide unique identifiers see (DOI: 10.1063\/5.0148848). sub_fusion_rings provides tuples where the first element corresponds to the elements of the ring that form the subring isomorphic to the ring identified by the second element of the tuple. software provides doi of original software used to represent fusion ring.",
	"comments":[
		""
	]
}