{
	"references":[
		""
	],
	"software":[
		"https:\/\/doi.org\/10.5281\/zenodo.15920400"
	],
	"mult_tab":[
		[
			[
				1,
				0,
				0,
				0,
				0
			],
			[
				0,
				1,
				0,
				0,
				0
			],
			[
				0,
				0,
				1,
				0,
				0
			],
			[
				0,
				0,
				0,
				1,
				0
			],
			[
				0,
				0,
				0,
				0,
				1
			]
		],
		[
			[
				0,
				1,
				0,
				0,
				0
			],
			[
				1,
				0,
				1,
				7,
				2
			],
			[
				0,
				1,
				4,
				2,
				4
			],
			[
				0,
				7,
				2,
				1,
				5
			],
			[
				0,
				2,
				4,
				5,
				9
			]
		],
		[
			[
				0,
				0,
				1,
				0,
				0
			],
			[
				0,
				1,
				4,
				2,
				4
			],
			[
				1,
				4,
				8,
				4,
				0
			],
			[
				0,
				2,
				4,
				3,
				6
			],
			[
				0,
				4,
				0,
				6,
				11
			]
		],
		[
			[
				0,
				0,
				0,
				1,
				0
			],
			[
				0,
				7,
				2,
				1,
				5
			],
			[
				0,
				2,
				4,
				3,
				6
			],
			[
				1,
				1,
				3,
				9,
				6
			],
			[
				0,
				5,
				6,
				6,
				12
			]
		],
		[
			[
				0,
				0,
				0,
				0,
				1
			],
			[
				0,
				2,
				4,
				5,
				9
			],
			[
				0,
				4,
				0,
				6,
				11
			],
			[
				0,
				5,
				6,
				6,
				12
			],
			[
				1,
				9,
				11,
				12,
				15
			]
		]
	],
	"texnames":[
		"\\text{FR}^{5,15,0}_{479}"
	],
	"barcode":[
		2,
		0,
		4,
		5,
		8,
		6,
		9,
		2,
		5,
		1,
		8,
		7,
		8,
		3,
		9,
		8,
		6,
		8,
		3,
		8,
		6,
		4,
		3,
		6,
		6,
		2,
		8,
		4,
		5,
		9,
		5,
		4,
		2,
		6,
		4,
		9,
		9,
		8,
		4,
		9,
		7,
		1,
		2,
		5,
		8,
		6,
		3,
		1,
		0,
		9,
		2,
		4,
		6,
		3,
		8,
		2,
		3,
		1,
		8,
		0,
		9,
		6,
		9,
		2,
		0,
		2,
		2,
		9,
		2,
		4,
		8,
		0,
		3,
		9,
		0,
		7,
		1,
		4,
		4,
		9,
		2,
		9,
		3,
		4,
		5,
		4,
		0,
		7,
		8,
		9,
		3,
		3,
		6,
		3,
		9,
		1,
		2,
		5,
		9,
		5,
		7,
		8,
		7,
		1,
		9,
		9,
		7,
		5,
		9,
		5,
		0,
		0,
		1,
		1,
		6,
		0,
		1,
		3,
		0,
		4,
		4,
		5,
		7,
		3,
		0,
		6,
		8,
		3,
		4,
		3,
		4,
		0,
		2,
		9,
		1,
		5,
		4,
		9,
		4,
		4,
		9,
		9,
		0,
		4,
		2,
		8,
		8,
		2,
		7,
		2
	],
	"formal_code":[
		5,
		15,
		0,
		479
	],
	"tensor_product_decompositions":{
		"identifiers":[
			"formal_code"
		],
		"value":[]
	},
	"sub_fusion_rings":{
		"identifiers":[
			"injection",
			"formal_code"
		],
		"value":[]
	},
	"numeric_characters":[
		[
			[
				1.0,
				0
			],
			[
				1.5245749187195576e1,
				0
			],
			[
				1.6777904843266825e1,
				0
			],
			[
				2.1322963858699868e1,
				0
			],
			[
				3.269710821235432e1,
				0
			]
		],
		[
			[
				1.0,
				0
			],
			[
				1.725787709329584,
				0
			],
			[
				9.16087691841151,
				0
			],
			[
				0.6828749324185877,
				0
			],
			[
				-5.981329113834286,
				0
			]
		],
		[
			[
				1.0,
				0
			],
			[
				-6.860472751510463,
				0
			],
			[
				-0.1780533717063499,
				0
			],
			[
				6.974505245717163,
				0
			],
			[
				-1.2886984870481215,
				0
			]
		],
		[
			[
				1.0,
				0
			],
			[
				3.939560793393849,
				0
			],
			[
				-2.747428482286374,
				0
			],
			[
				3.192386987498501,
				0
			],
			[
				-2.5395705926785803,
				0
			]
		],
		[
			[
				1.0,
				0
			],
			[
				-5.062493840854514e-2,
				0
			],
			[
				-1.3299907685611168e-2,
				0
			],
			[
				-0.17273102433412107,
				0
			],
			[
				0.11248998120666384,
				0
			]
		]
	],
	"numeric_frobenius_perron_dimensions":[
		1.0,
		1.5245749187195575e1,
		1.6777904843266825e1,
		2.1322963858699868e1,
		3.269710821235432e1
	],
	"numeric_frobenius_perron_dimension":2.0387006323784203e3,
	"info":"Fusion ring. mult_tab provides structure constants. barcode and formal_code provide unique identifiers see (DOI: 10.1063\/5.0148848). sub_fusion_rings provides tuples where the first element corresponds to the elements of the ring that form the subring isomorphic to the ring identified by the second element of the tuple. software provides doi of original software used to represent fusion ring.",
	"comments":[
		""
	]
}