{
	"references":[
		""
	],
	"software":[
		"https:\/\/doi.org\/10.5281\/zenodo.15920400"
	],
	"mult_tab":[
		[
			[
				1,
				0,
				0,
				0,
				0
			],
			[
				0,
				1,
				0,
				0,
				0
			],
			[
				0,
				0,
				1,
				0,
				0
			],
			[
				0,
				0,
				0,
				1,
				0
			],
			[
				0,
				0,
				0,
				0,
				1
			]
		],
		[
			[
				0,
				1,
				0,
				0,
				0
			],
			[
				1,
				7,
				5,
				6,
				5
			],
			[
				0,
				5,
				9,
				6,
				6
			],
			[
				0,
				6,
				6,
				9,
				7
			],
			[
				0,
				5,
				6,
				7,
				10
			]
		],
		[
			[
				0,
				0,
				1,
				0,
				0
			],
			[
				0,
				5,
				9,
				6,
				6
			],
			[
				1,
				9,
				6,
				9,
				6
			],
			[
				0,
				6,
				9,
				8,
				9
			],
			[
				0,
				6,
				6,
				9,
				11
			]
		],
		[
			[
				0,
				0,
				0,
				1,
				0
			],
			[
				0,
				6,
				6,
				9,
				7
			],
			[
				0,
				6,
				9,
				8,
				9
			],
			[
				1,
				9,
				8,
				8,
				10
			],
			[
				0,
				7,
				9,
				10,
				9
			]
		],
		[
			[
				0,
				0,
				0,
				0,
				1
			],
			[
				0,
				5,
				6,
				7,
				10
			],
			[
				0,
				6,
				6,
				9,
				11
			],
			[
				0,
				7,
				9,
				10,
				9
			],
			[
				1,
				10,
				11,
				9,
				6
			]
		]
	],
	"texnames":[
		"\\text{FR}^{5,11,0}_{50}"
	],
	"barcode":[
		6,
		5,
		8,
		3,
		7,
		7,
		0,
		0,
		7,
		1,
		1,
		6,
		2,
		1,
		8,
		2,
		3,
		4,
		2,
		2,
		0,
		4,
		1,
		2,
		6,
		8,
		4,
		4,
		3,
		7,
		1,
		5,
		4,
		1,
		8,
		8,
		4,
		7,
		1,
		2,
		3,
		3,
		6,
		6,
		7,
		8,
		9,
		8,
		9,
		3,
		6,
		4,
		3,
		0,
		4,
		3,
		1,
		6,
		6,
		8,
		4,
		1,
		3,
		3,
		8,
		8,
		0,
		7,
		5,
		1,
		8,
		3,
		5,
		9,
		3,
		9,
		2,
		7,
		6,
		1,
		2,
		1,
		7,
		5,
		3,
		8,
		4,
		3,
		0,
		9,
		2,
		5,
		2,
		3,
		9,
		7,
		0,
		0,
		6,
		4,
		6,
		5,
		0,
		0,
		8,
		0,
		3,
		5,
		1,
		6,
		2,
		5,
		9,
		1,
		3,
		8,
		5,
		0,
		5,
		4,
		5,
		3,
		7,
		4,
		8,
		8,
		1,
		0,
		8,
		4,
		1,
		6,
		2,
		6
	],
	"formal_code":[
		5,
		11,
		0,
		50
	],
	"tensor_product_decompositions":{
		"identifiers":[
			"formal_code"
		],
		"value":[]
	},
	"sub_fusion_rings":{
		"identifiers":[
			"injection",
			"formal_code"
		],
		"value":[]
	},
	"numeric_characters":[
		[
			[
				1.0,
				0
			],
			[
				2.6435000429876958e1,
				0
			],
			[
				3.0219092721075878e1,
				0
			],
			[
				3.27563707521895e1,
				0
			],
			[
				3.302611131998797e1,
				0
			]
		],
		[
			[
				1.0,
				0
			],
			[
				3.3755673678057496,
				0
			],
			[
				-4.413582241950954,
				0
			],
			[
				2.2116787334818446,
				0
			],
			[
				-0.8873355422363011,
				0
			]
		],
		[
			[
				1.0,
				0
			],
			[
				1.8662439711050087,
				0
			],
			[
				-2.919468742005261e-2,
				0
			],
			[
				-2.8324077358402233,
				0
			],
			[
				1.3119157228184668,
				0
			]
		],
		[
			[
				1.0,
				0
			],
			[
				3.6353773671424348,
				0
			],
			[
				4.161978737774659,
				0
			],
			[
				-0.2879565157971514,
				0
			],
			[
				-6.462765512511194,
				0
			]
		],
		[
			[
				1.0,
				0
			],
			[
				-0.31218913593014974,
				0
			],
			[
				6.170547052046999e-2,
				0
			],
			[
				0.1523147659660368,
				0
			],
			[
				1.2074011941058194e-2,
				0
			]
		]
	],
	"numeric_frobenius_perron_dimensions":[
		1.0,
		2.6435000429876958e1,
		3.0219092721075878e1,
		3.27563707521895e1,
		3.302611131998797e1
	],
	"numeric_frobenius_perron_dimension":3.776706666387709e3,
	"info":"Fusion ring. mult_tab provides structure constants. barcode and formal_code provide unique identifiers see (DOI: 10.1063\/5.0148848). sub_fusion_rings provides tuples where the first element corresponds to the elements of the ring that form the subring isomorphic to the ring identified by the second element of the tuple. software provides doi of original software used to represent fusion ring.",
	"comments":[
		""
	]
}