{
	"references":[
		""
	],
	"software":[
		"https:\/\/doi.org\/10.5281\/zenodo.15920400"
	],
	"mult_tab":[
		[
			[
				1,
				0,
				0,
				0,
				0
			],
			[
				0,
				1,
				0,
				0,
				0
			],
			[
				0,
				0,
				1,
				0,
				0
			],
			[
				0,
				0,
				0,
				1,
				0
			],
			[
				0,
				0,
				0,
				0,
				1
			]
		],
		[
			[
				0,
				1,
				0,
				0,
				0
			],
			[
				1,
				5,
				3,
				0,
				2
			],
			[
				0,
				3,
				6,
				2,
				0
			],
			[
				0,
				0,
				2,
				5,
				4
			],
			[
				0,
				2,
				0,
				4,
				7
			]
		],
		[
			[
				0,
				0,
				1,
				0,
				0
			],
			[
				0,
				3,
				6,
				2,
				0
			],
			[
				1,
				6,
				6,
				0,
				0
			],
			[
				0,
				2,
				0,
				3,
				6
			],
			[
				0,
				0,
				0,
				6,
				7
			]
		],
		[
			[
				0,
				0,
				0,
				1,
				0
			],
			[
				0,
				0,
				2,
				5,
				4
			],
			[
				0,
				2,
				0,
				3,
				6
			],
			[
				1,
				5,
				3,
				3,
				5
			],
			[
				0,
				4,
				6,
				5,
				5
			]
		],
		[
			[
				0,
				0,
				0,
				0,
				1
			],
			[
				0,
				2,
				0,
				4,
				7
			],
			[
				0,
				0,
				0,
				6,
				7
			],
			[
				0,
				4,
				6,
				5,
				5
			],
			[
				1,
				7,
				7,
				5,
				6
			]
		]
	],
	"texnames":[
		"\\text{FR}^{5,7,0}_{10}"
	],
	"barcode":[
		9,
		6,
		1,
		9,
		6,
		6,
		7,
		1,
		1,
		5,
		1,
		5,
		9,
		4,
		6,
		1,
		3,
		2,
		2,
		9,
		6,
		4,
		4,
		3,
		8,
		9,
		1,
		8,
		6,
		5,
		6,
		3,
		3,
		8,
		4,
		4,
		7,
		5,
		5,
		7,
		7,
		8,
		7,
		5,
		1,
		9,
		7,
		6,
		9,
		6,
		2,
		4,
		8,
		9,
		0,
		6,
		9,
		3,
		8,
		2,
		7,
		6,
		7,
		2,
		6,
		6,
		0,
		3,
		2,
		5,
		3,
		6,
		1,
		9,
		8,
		6,
		8,
		0,
		0,
		5,
		4,
		1,
		5,
		7,
		9,
		2,
		5,
		1,
		4,
		8,
		3,
		7,
		0,
		6,
		7,
		7,
		7,
		1,
		8,
		0,
		0,
		3,
		2,
		8,
		4,
		3,
		8,
		1,
		5,
		6,
		5,
		9
	],
	"formal_code":[
		5,
		7,
		0,
		10
	],
	"tensor_product_decompositions":{
		"identifiers":[
			"formal_code"
		],
		"value":[]
	},
	"sub_fusion_rings":{
		"identifiers":[
			"injection",
			"formal_code"
		],
		"value":[]
	},
	"numeric_characters":[
		[
			[
				1.0,
				0
			],
			[
				1.1472472301407203e1,
				0
			],
			[
				1.18788982316751e1,
				0
			],
			[
				1.5294762319927688e1,
				0
			],
			[
				1.8809282252247083e1,
				0
			]
		],
		[
			[
				1.0,
				0
			],
			[
				7.3019608621712475,
				0
			],
			[
				1.0335650289717162e1,
				0
			],
			[
				-4.2246352121065405,
				0
			],
			[
				-7.599061373663527,
				0
			]
		],
		[
			[
				1.0,
				0
			],
			[
				4.191995767487257,
				0
			],
			[
				-2.928910068884798,
				0
			],
			[
				-3.640252750634433,
				0
			],
			[
				2.1997899419245934,
				0
			]
		],
		[
			[
				1.0,
				0
			],
			[
				0.5119394690158278,
				0
			],
			[
				-0.6154718660356031,
				0
			],
			[
				0.9209642244368442,
				0
			],
			[
				-0.7255998635180608,
				0
			]
		],
		[
			[
				1.0,
				0
			],
			[
				-0.47836840008153514,
				0
			],
			[
				0.3298334135281392,
				0
			],
			[
				-0.3508385816235586,
				0
			],
			[
				0.31558904300991286,
				0
			]
		]
	],
	"numeric_frobenius_perron_dimensions":[
		1.0,
		1.1472472301407203e1,
		1.1878898231675104e1,
		1.5294762319927688e1,
		1.8809282252247083e1
	],
	"numeric_frobenius_perron_dimension":8.614446971728263e2,
	"info":"Fusion ring. mult_tab provides structure constants. barcode and formal_code provide unique identifiers see (DOI: 10.1063\/5.0148848). sub_fusion_rings provides tuples where the first element corresponds to the elements of the ring that form the subring isomorphic to the ring identified by the second element of the tuple. software provides doi of original software used to represent fusion ring.",
	"comments":[
		""
	]
}