{
	"references":[
		""
	],
	"software":[
		"https:\/\/doi.org\/10.5281\/zenodo.15920400"
	],
	"mult_tab":[
		[
			[
				1,
				0,
				0,
				0,
				0
			],
			[
				0,
				1,
				0,
				0,
				0
			],
			[
				0,
				0,
				1,
				0,
				0
			],
			[
				0,
				0,
				0,
				1,
				0
			],
			[
				0,
				0,
				0,
				0,
				1
			]
		],
		[
			[
				0,
				1,
				0,
				0,
				0
			],
			[
				1,
				3,
				1,
				2,
				1
			],
			[
				0,
				1,
				3,
				2,
				3
			],
			[
				0,
				2,
				2,
				4,
				3
			],
			[
				0,
				1,
				3,
				3,
				6
			]
		],
		[
			[
				0,
				0,
				1,
				0,
				0
			],
			[
				0,
				1,
				3,
				2,
				3
			],
			[
				1,
				3,
				0,
				3,
				7
			],
			[
				0,
				2,
				3,
				5,
				6
			],
			[
				0,
				3,
				7,
				6,
				6
			]
		],
		[
			[
				0,
				0,
				0,
				1,
				0
			],
			[
				0,
				2,
				2,
				4,
				3
			],
			[
				0,
				2,
				3,
				5,
				6
			],
			[
				1,
				4,
				5,
				4,
				7
			],
			[
				0,
				3,
				6,
				7,
				9
			]
		],
		[
			[
				0,
				0,
				0,
				0,
				1
			],
			[
				0,
				1,
				3,
				3,
				6
			],
			[
				0,
				3,
				7,
				6,
				6
			],
			[
				0,
				3,
				6,
				7,
				9
			],
			[
				1,
				6,
				6,
				9,
				12
			]
		]
	],
	"texnames":[
		"\\text{FR}^{5,12,0}_{1641}"
	],
	"barcode":[
		1,
		3,
		4,
		5,
		7,
		8,
		5,
		2,
		8,
		7,
		0,
		6,
		3,
		2,
		5,
		1,
		9,
		2,
		9,
		5,
		4,
		0,
		9,
		2,
		4,
		6,
		7,
		7,
		1,
		2,
		3,
		4,
		6,
		1,
		8,
		9,
		9,
		0,
		2,
		3,
		4,
		9,
		0,
		6,
		2,
		4,
		8,
		9,
		4,
		5,
		2,
		3,
		3,
		3,
		7,
		9,
		0,
		4,
		1,
		7,
		0,
		8,
		7,
		8,
		4,
		3,
		0,
		5,
		4,
		5,
		1,
		4,
		1,
		1,
		2,
		2,
		0,
		3,
		0,
		9,
		1,
		3,
		9,
		3,
		5,
		6,
		3,
		6,
		2,
		7,
		0,
		9,
		6,
		3,
		0,
		6,
		8,
		0,
		2,
		9,
		3,
		1,
		9,
		6,
		4,
		4,
		7,
		7,
		9,
		8,
		3,
		8,
		0,
		2,
		7,
		6,
		6,
		0,
		9,
		0,
		7,
		6,
		2,
		6,
		6,
		7,
		1,
		9,
		5,
		8,
		2,
		3,
		5,
		3,
		1,
		3,
		2,
		6,
		6
	],
	"formal_code":[
		5,
		12,
		0,
		1641
	],
	"tensor_product_decompositions":{
		"identifiers":[
			"formal_code"
		],
		"value":[]
	},
	"sub_fusion_rings":{
		"identifiers":[
			"injection",
			"formal_code"
		],
		"value":[]
	},
	"numeric_characters":[
		[
			[
				1.0,
				0
			],
			[
				1.0670006504358115e1,
				0
			],
			[
				1.640726447215507e1,
				0
			],
			[
				1.9530361434412523e1,
				0
			],
			[
				2.5371031948990012e1,
				0
			]
		],
		[
			[
				1.0,
				0
			],
			[
				3.322786143596359,
				0
			],
			[
				-0.6289350769254567,
				0
			],
			[
				1.407562719571659,
				0
			],
			[
				-2.1136410369309746,
				0
			]
		],
		[
			[
				1.0,
				0
			],
			[
				1.3164519572996853,
				0
			],
			[
				1.174591754896326,
				0
			],
			[
				-2.4696930013810765,
				0
			],
			[
				0.5484841318449434,
				0
			]
		],
		[
			[
				1.0,
				0
			],
			[
				1.0998431297540696,
				0
			],
			[
				-5.002399356923875,
				0
			],
			[
				-0.6669814357079941,
				0
			],
			[
				3.2464877491448814,
				0
			]
		],
		[
			[
				1.0,
				0
			],
			[
				-0.40908773500822865,
				0
			],
			[
				4.947820679793488e-2,
				0
			],
			[
				0.19875028310488824,
				0
			],
			[
				-5.236279304886281e-2,
				0
			]
		]
	],
	"numeric_frobenius_perron_dimensions":[
		1.0,
		1.0670006504358113e1,
		1.640726447215507e1,
		1.9530361434412523e1,
		2.5371031948990012e1
	],
	"numeric_frobenius_perron_dimension":1.4091716461777464e3,
	"info":"Fusion ring. mult_tab provides structure constants. barcode and formal_code provide unique identifiers see (DOI: 10.1063\/5.0148848). sub_fusion_rings provides tuples where the first element corresponds to the elements of the ring that form the subring isomorphic to the ring identified by the second element of the tuple. software provides doi of original software used to represent fusion ring.",
	"comments":[
		""
	]
}