{
	"references":[
		""
	],
	"software":[
		"https:\/\/doi.org\/10.5281\/zenodo.15920400"
	],
	"mult_tab":[
		[
			[
				1,
				0,
				0,
				0,
				0
			],
			[
				0,
				1,
				0,
				0,
				0
			],
			[
				0,
				0,
				1,
				0,
				0
			],
			[
				0,
				0,
				0,
				1,
				0
			],
			[
				0,
				0,
				0,
				0,
				1
			]
		],
		[
			[
				0,
				1,
				0,
				0,
				0
			],
			[
				1,
				8,
				0,
				4,
				0
			],
			[
				0,
				0,
				5,
				2,
				4
			],
			[
				0,
				4,
				2,
				9,
				0
			],
			[
				0,
				0,
				4,
				0,
				11
			]
		],
		[
			[
				0,
				0,
				1,
				0,
				0
			],
			[
				0,
				0,
				5,
				2,
				4
			],
			[
				1,
				5,
				7,
				1,
				2
			],
			[
				0,
				2,
				1,
				3,
				8
			],
			[
				0,
				4,
				2,
				8,
				6
			]
		],
		[
			[
				0,
				0,
				0,
				1,
				0
			],
			[
				0,
				4,
				2,
				9,
				0
			],
			[
				0,
				2,
				1,
				3,
				8
			],
			[
				1,
				9,
				3,
				7,
				2
			],
			[
				0,
				0,
				8,
				2,
				12
			]
		],
		[
			[
				0,
				0,
				0,
				0,
				1
			],
			[
				0,
				0,
				4,
				0,
				11
			],
			[
				0,
				4,
				2,
				8,
				6
			],
			[
				0,
				0,
				8,
				2,
				12
			],
			[
				1,
				11,
				6,
				12,
				5
			]
		]
	],
	"texnames":[
		"\\text{FR}^{5,12,0}_{837}"
	],
	"barcode":[
		1,
		3,
		4,
		5,
		7,
		8,
		5,
		2,
		8,
		7,
		0,
		6,
		3,
		2,
		5,
		1,
		9,
		2,
		9,
		5,
		4,
		0,
		9,
		2,
		4,
		6,
		7,
		7,
		1,
		2,
		3,
		4,
		6,
		1,
		7,
		2,
		4,
		2,
		6,
		6,
		2,
		4,
		3,
		7,
		3,
		1,
		1,
		1,
		0,
		6,
		8,
		1,
		2,
		7,
		1,
		0,
		0,
		2,
		8,
		3,
		7,
		7,
		2,
		0,
		1,
		0,
		9,
		2,
		1,
		7,
		3,
		7,
		6,
		0,
		0,
		3,
		2,
		0,
		4,
		2,
		6,
		6,
		2,
		5,
		4,
		1,
		1,
		8,
		4,
		3,
		2,
		2,
		6,
		6,
		8,
		7,
		2,
		1,
		5,
		5,
		6,
		1,
		5,
		4,
		0,
		2,
		8,
		0,
		8,
		6,
		8,
		8,
		7,
		4,
		2,
		6,
		1,
		0,
		9,
		9,
		5,
		0,
		3,
		6,
		5,
		3,
		9,
		9,
		1,
		6,
		8,
		2,
		6,
		5,
		1,
		8,
		5,
		2,
		5
	],
	"formal_code":[
		5,
		12,
		0,
		837
	],
	"tensor_product_decompositions":{
		"identifiers":[
			"formal_code"
		],
		"value":[]
	},
	"sub_fusion_rings":{
		"identifiers":[
			"injection",
			"formal_code"
		],
		"value":[]
	},
	"numeric_characters":[
		[
			[
				1.0,
				0
			],
			[
				1.3581908088789456e1,
				0
			],
			[
				1.5684448645431774e1,
				0
			],
			[
				1.8703240655502206e1,
				0
			],
			[
				2.429900384685734e1,
				0
			]
		],
		[
			[
				1.0,
				0
			],
			[
				1.2210203786821488e1,
				0
			],
			[
				-4.193135730755794,
				0
			],
			[
				1.2601861555284477e1,
				0
			],
			[
				-1.3859271558780218e1,
				0
			]
		],
		[
			[
				1.0,
				0
			],
			[
				5.144427256598635,
				0
			],
			[
				-2.7269745108906625,
				0
			],
			[
				-3.9225715635885305,
				0
			],
			[
				1.8628234199386797,
				0
			]
		],
		[
			[
				1.0,
				0
			],
			[
				-0.16171604104188453,
				0
			],
			[
				-4.289959907824715e-2,
				0
			],
			[
				7.997010156633416e-2,
				0
			],
			[
				1.537383639594641e-2,
				0
			]
		],
		[
			[
				1.0,
				0
			],
			[
				2.2251769088323043,
				0
			],
			[
				7.27856119529293,
				0
			],
			[
				-3.4625007487644863,
				0
			],
			[
				-3.3179295444117485,
				0
			]
		]
	],
	"numeric_frobenius_perron_dimensions":[
		1.0,
		1.3581908088789435e1,
		1.5684448645431774e1,
		1.8703240655502206e1,
		2.4299003846857342e1
	],
	"numeric_frobenius_perron_dimension":1.371722955610729e3,
	"info":"Fusion ring. mult_tab provides structure constants. barcode and formal_code provide unique identifiers see (DOI: 10.1063\/5.0148848). sub_fusion_rings provides tuples where the first element corresponds to the elements of the ring that form the subring isomorphic to the ring identified by the second element of the tuple. software provides doi of original software used to represent fusion ring.",
	"comments":[
		""
	]
}