{
	"references":[
		""
	],
	"software":[
		"https:\/\/doi.org\/10.5281\/zenodo.15920400"
	],
	"mult_tab":[
		[
			[
				1,
				0,
				0,
				0,
				0
			],
			[
				0,
				1,
				0,
				0,
				0
			],
			[
				0,
				0,
				1,
				0,
				0
			],
			[
				0,
				0,
				0,
				1,
				0
			],
			[
				0,
				0,
				0,
				0,
				1
			]
		],
		[
			[
				0,
				1,
				0,
				0,
				0
			],
			[
				1,
				8,
				0,
				0,
				4
			],
			[
				0,
				0,
				3,
				4,
				4
			],
			[
				0,
				0,
				4,
				7,
				4
			],
			[
				0,
				4,
				4,
				4,
				9
			]
		],
		[
			[
				0,
				0,
				1,
				0,
				0
			],
			[
				0,
				0,
				3,
				4,
				4
			],
			[
				1,
				3,
				3,
				2,
				4
			],
			[
				0,
				4,
				2,
				3,
				6
			],
			[
				0,
				4,
				4,
				6,
				8
			]
		],
		[
			[
				0,
				0,
				0,
				1,
				0
			],
			[
				0,
				0,
				4,
				7,
				4
			],
			[
				0,
				4,
				2,
				3,
				6
			],
			[
				1,
				7,
				3,
				5,
				6
			],
			[
				0,
				4,
				6,
				6,
				12
			]
		],
		[
			[
				0,
				0,
				0,
				0,
				1
			],
			[
				0,
				4,
				4,
				4,
				9
			],
			[
				0,
				4,
				4,
				6,
				8
			],
			[
				0,
				4,
				6,
				6,
				12
			],
			[
				1,
				9,
				8,
				12,
				14
			]
		]
	],
	"texnames":[
		"\\text{FR}^{5,14,0}_{80}"
	],
	"barcode":[
		6,
		8,
		4,
		4,
		0,
		9,
		7,
		0,
		7,
		8,
		0,
		3,
		0,
		6,
		8,
		2,
		0,
		8,
		2,
		8,
		2,
		7,
		0,
		4,
		7,
		6,
		6,
		1,
		8,
		9,
		7,
		5,
		4,
		7,
		1,
		1,
		9,
		7,
		6,
		6,
		5,
		2,
		2,
		4,
		3,
		5,
		9,
		9,
		5,
		2,
		7,
		0,
		8,
		6,
		1,
		1,
		5,
		7,
		6,
		7,
		8,
		7,
		3,
		1,
		6,
		1,
		6,
		9,
		2,
		5,
		8,
		3,
		6,
		4,
		7,
		3,
		7,
		4,
		7,
		4,
		4,
		3,
		5,
		6,
		8,
		3,
		3,
		7,
		8,
		9,
		2,
		5,
		8,
		2,
		6,
		0,
		3,
		8,
		5,
		5,
		6,
		3,
		6,
		2,
		4,
		8,
		1,
		1,
		5,
		8,
		2,
		6,
		4,
		9,
		4,
		3,
		1,
		5,
		2,
		5,
		2,
		7,
		5,
		0,
		0,
		3,
		6,
		8,
		4,
		7,
		7,
		3,
		2,
		8,
		2,
		0,
		5,
		4,
		2,
		2,
		7,
		0,
		8,
		5,
		8,
		3
	],
	"formal_code":[
		5,
		14,
		0,
		80
	],
	"tensor_product_decompositions":{
		"identifiers":[
			"formal_code"
		],
		"value":[]
	},
	"sub_fusion_rings":{
		"identifiers":[
			"injection",
			"formal_code"
		],
		"value":[]
	},
	"numeric_characters":[
		[
			[
				1.0,
				0
			],
			[
				1.5883535080713077e1,
				0
			],
			[
				1.6255464465675658e1,
				0
			],
			[
				2.1302360170569706e1,
				0
			],
			[
				3.105460150363459e1,
				0
			]
		],
		[
			[
				1.0,
				0
			],
			[
				2.614914125297481,
				0
			],
			[
				-0.4058094223247754,
				0
			],
			[
				3.8094521490145046,
				0
			],
			[
				-3.7703842799248894,
				0
			]
		],
		[
			[
				1.0,
				0
			],
			[
				0.15156237233654396,
				0
			],
			[
				1.7781909468597308,
				0
			],
			[
				-0.7188845440554239,
				0
			],
			[
				-0.5473819564960176,
				0
			]
		],
		[
			[
				1.0,
				0
			],
			[
				8.590388473148883,
				0
			],
			[
				-3.2018346295530744,
				0
			],
			[
				-5.4927914351001395,
				0
			],
			[
				1.017916583604532,
				0
			]
		],
		[
			[
				1.0,
				0
			],
			[
				-0.2404000514959842,
				0
			],
			[
				-0.42601136065753775,
				0
			],
			[
				9.986365957135351e-2,
				0
			],
			[
				0.2452481491817864,
				0
			]
		]
	],
	"numeric_frobenius_perron_dimensions":[
		1.0,
		1.5883535080713076e1,
		1.625546446567566e1,
		2.1302360170569706e1,
		3.105460150363459e1
	],
	"numeric_frobenius_perron_dimension":1.9357056350413054e3,
	"info":"Fusion ring. mult_tab provides structure constants. barcode and formal_code provide unique identifiers see (DOI: 10.1063\/5.0148848). sub_fusion_rings provides tuples where the first element corresponds to the elements of the ring that form the subring isomorphic to the ring identified by the second element of the tuple. software provides doi of original software used to represent fusion ring.",
	"comments":[
		""
	]
}