{
	"references":[
		""
	],
	"software":[
		"https:\/\/doi.org\/10.5281\/zenodo.15920400"
	],
	"mult_tab":[
		[
			[
				1,
				0,
				0,
				0,
				0
			],
			[
				0,
				1,
				0,
				0,
				0
			],
			[
				0,
				0,
				1,
				0,
				0
			],
			[
				0,
				0,
				0,
				1,
				0
			],
			[
				0,
				0,
				0,
				0,
				1
			]
		],
		[
			[
				0,
				1,
				0,
				0,
				0
			],
			[
				1,
				7,
				2,
				0,
				1
			],
			[
				0,
				2,
				6,
				4,
				0
			],
			[
				0,
				0,
				4,
				5,
				4
			],
			[
				0,
				1,
				0,
				4,
				8
			]
		],
		[
			[
				0,
				0,
				1,
				0,
				0
			],
			[
				0,
				2,
				6,
				4,
				0
			],
			[
				1,
				6,
				4,
				4,
				5
			],
			[
				0,
				4,
				4,
				6,
				8
			],
			[
				0,
				0,
				5,
				8,
				8
			]
		],
		[
			[
				0,
				0,
				0,
				1,
				0
			],
			[
				0,
				0,
				4,
				5,
				4
			],
			[
				0,
				4,
				4,
				6,
				8
			],
			[
				1,
				5,
				6,
				8,
				9
			],
			[
				0,
				4,
				8,
				9,
				8
			]
		],
		[
			[
				0,
				0,
				0,
				0,
				1
			],
			[
				0,
				1,
				0,
				4,
				8
			],
			[
				0,
				0,
				5,
				8,
				8
			],
			[
				0,
				4,
				8,
				9,
				8
			],
			[
				1,
				8,
				8,
				8,
				8
			]
		]
	],
	"texnames":[
		"\\text{FR}^{5,9,0}_{291}"
	],
	"barcode":[
		1,
		0,
		0,
		0,
		0,
		0,
		1,
		0,
		0,
		0,
		0,
		0,
		1,
		0,
		0,
		0,
		0,
		0,
		1,
		0,
		0,
		0,
		0,
		0,
		1,
		0,
		1,
		0,
		0,
		0,
		1,
		7,
		0,
		2,
		1,
		0,
		0,
		5,
		4,
		4,
		0,
		2,
		4,
		6,
		0,
		0,
		1,
		4,
		0,
		8,
		0,
		0,
		1,
		0,
		0,
		0,
		0,
		5,
		4,
		4,
		1,
		5,
		8,
		6,
		9,
		0,
		4,
		6,
		4,
		8,
		0,
		4,
		9,
		8,
		8,
		0,
		0,
		0,
		1,
		0,
		0,
		2,
		4,
		6,
		0,
		0,
		4,
		6,
		4,
		8,
		1,
		6,
		4,
		4,
		5,
		0,
		0,
		8,
		5,
		8,
		0,
		0,
		0,
		0,
		1,
		0,
		1,
		4,
		0,
		8,
		0,
		4,
		9,
		8,
		8,
		0,
		0,
		8,
		5,
		8,
		1,
		8,
		8,
		8,
		8
	],
	"formal_code":[
		5,
		9,
		0,
		291
	],
	"tensor_product_decompositions":{
		"identifiers":[
			"formal_code"
		],
		"value":[]
	},
	"sub_fusion_rings":{
		"identifiers":[
			"injection",
			"formal_code"
		],
		"value":[]
	},
	"numeric_characters":[
		[
			[
				1.0,
				0
			],
			[
				1.232455532033676e1,
				0
			],
			[
				1.9486832980505138e1,
				0
			],
			[
				2.464911064067352e1,
				0
			],
			[
				2.564911064067352e1,
				0
			]
		],
		[
			[
				1.0,
				0
			],
			[
				6.196557593744262,
				0
			],
			[
				-4.978577143620157,
				0
			],
			[
				-3.3429230827771703,
				0
			],
			[
				3.9785771436201576,
				0
			]
		],
		[
			[
				1.0,
				0
			],
			[
				7.71982395800071,
				0
			],
			[
				5.556914236516778,
				0
			],
			[
				-1.4706834198711607,
				0
			],
			[
				-6.556914236516778,
				0
			]
		],
		[
			[
				1.0,
				0
			],
			[
				8.36184482550284e-2,
				0
			],
			[
				-0.5783370928966199,
				0
			],
			[
				0.8136065026483308,
				0
			],
			[
				-0.42166290710338006,
				0
			]
		],
		[
			[
				1.0,
				0
			],
			[
				-0.32455532033675905,
				0
			],
			[
				0.5131670194948619,
				0
			],
			[
				-0.6491106406735181,
				0
			],
			[
				0.3508893593264819,
				0
			]
		]
	],
	"numeric_frobenius_perron_dimensions":[
		1.0,
		1.232455532033676e1,
		1.9486832980505138e1,
		2.464911064067352e1,
		2.564911064067352e1
	],
	"numeric_frobenius_perron_dimension":1.79808685548782e3,
	"info":"Fusion ring. mult_tab provides structure constants. barcode and formal_code provide unique identifiers see (DOI: 10.1063\/5.0148848). sub_fusion_rings provides tuples where the first element corresponds to the elements of the ring that form the subring isomorphic to the ring identified by the second element of the tuple. software provides doi of original software used to represent fusion ring.",
	"comments":[
		""
	]
}