{
	"references":[
		""
	],
	"software":[
		"https:\/\/doi.org\/10.5281\/zenodo.15920400"
	],
	"mult_tab":[
		[
			[
				1,
				0,
				0,
				0,
				0
			],
			[
				0,
				1,
				0,
				0,
				0
			],
			[
				0,
				0,
				1,
				0,
				0
			],
			[
				0,
				0,
				0,
				1,
				0
			],
			[
				0,
				0,
				0,
				0,
				1
			]
		],
		[
			[
				0,
				1,
				0,
				0,
				0
			],
			[
				1,
				15,
				1,
				0,
				6
			],
			[
				0,
				1,
				7,
				8,
				7
			],
			[
				0,
				0,
				8,
				14,
				3
			],
			[
				0,
				6,
				7,
				3,
				16
			]
		],
		[
			[
				0,
				0,
				1,
				0,
				0
			],
			[
				0,
				1,
				7,
				8,
				7
			],
			[
				1,
				7,
				9,
				3,
				8
			],
			[
				0,
				8,
				3,
				4,
				11
			],
			[
				0,
				7,
				8,
				11,
				13
			]
		],
		[
			[
				0,
				0,
				0,
				1,
				0
			],
			[
				0,
				0,
				8,
				14,
				3
			],
			[
				0,
				8,
				3,
				4,
				11
			],
			[
				1,
				14,
				4,
				1,
				9
			],
			[
				0,
				3,
				11,
				9,
				15
			]
		],
		[
			[
				0,
				0,
				0,
				0,
				1
			],
			[
				0,
				6,
				7,
				3,
				16
			],
			[
				0,
				7,
				8,
				11,
				13
			],
			[
				0,
				3,
				11,
				9,
				15
			],
			[
				1,
				16,
				13,
				15,
				16
			]
		]
	],
	"texnames":[
		"\\text{FR}^{5,16,0}_{655}"
	],
	"barcode":[
		3,
		7,
		6,
		4,
		1,
		4,
		4,
		3,
		4,
		3,
		0,
		6,
		5,
		8,
		9,
		6,
		9,
		9,
		4,
		3,
		9,
		0,
		0,
		0,
		5,
		8,
		2,
		8,
		2,
		6,
		5,
		5,
		9,
		0,
		2,
		3,
		0,
		5,
		7,
		7,
		2,
		3,
		4,
		2,
		2,
		7,
		2,
		9,
		8,
		6,
		3,
		1,
		6,
		8,
		4,
		3,
		4,
		7,
		7,
		0,
		2,
		2,
		6,
		3,
		1,
		6,
		7,
		5,
		1,
		7,
		4,
		8,
		1,
		7,
		9,
		8,
		2,
		3,
		9,
		6,
		9,
		8,
		2,
		6,
		1,
		5,
		0,
		9,
		7,
		4,
		6,
		2,
		0,
		7,
		6,
		9,
		9,
		2,
		4,
		5,
		4,
		8,
		5,
		9,
		6,
		9,
		7,
		3,
		9,
		8,
		4,
		3,
		1,
		1,
		7,
		7,
		6,
		8,
		5,
		7,
		3,
		7,
		9,
		2,
		2,
		3,
		2,
		4,
		1,
		7,
		4,
		4,
		2,
		2,
		3,
		0,
		1,
		4,
		9,
		6,
		8,
		6,
		0,
		0,
		2,
		0,
		5,
		3,
		7,
		2,
		0,
		5,
		2
	],
	"formal_code":[
		5,
		16,
		0,
		655
	],
	"tensor_product_decompositions":{
		"identifiers":[
			"formal_code"
		],
		"value":[]
	},
	"sub_fusion_rings":{
		"identifiers":[
			"injection",
			"formal_code"
		],
		"value":[]
	},
	"numeric_characters":[
		[
			[
				1.0,
				0
			],
			[
				2.6321700997555187e1,
				0
			],
			[
				3.004348856411889e1,
				0
			],
			[
				3.033910484646154e1,
				0
			],
			[
				4.449382331287518e1,
				0
			]
		],
		[
			[
				1.0,
				0
			],
			[
				1.6619206912735923e1,
				0
			],
			[
				-7.129009108193102,
				0
			],
			[
				-1.5467506883786086e1,
				0
			],
			[
				5.506490637580619,
				0
			]
		],
		[
			[
				1.0,
				0
			],
			[
				0.3837276957073761,
				0
			],
			[
				5.162413855875389,
				0
			],
			[
				-2.6008417635950267,
				0
			],
			[
				-1.9618470578388565,
				0
			]
		],
		[
			[
				1.0,
				0
			],
			[
				-8.904331731370492e-2,
				0
			],
			[
				-0.12877751432277884,
				0
			],
			[
				5.635883881577392e-2,
				0
			],
			[
				7.872599773109698e-2,
				0
			]
		],
		[
			[
				1.0,
				0
			],
			[
				8.76440771131522,
				0
			],
			[
				-0.9481157974783948,
				0
			],
			[
				6.6728849621037964,
				0
			],
			[
				-9.117192890348035,
				0
			]
		]
	],
	"numeric_frobenius_perron_dimensions":[
		1.0,
		2.632170099755518e1,
		3.004348856411889e1,
		3.033910484646154e1,
		4.449382331287518e1
	],
	"numeric_frobenius_perron_dimension":4.49660474438898e3,
	"info":"Fusion ring. mult_tab provides structure constants. barcode and formal_code provide unique identifiers see (DOI: 10.1063\/5.0148848). sub_fusion_rings provides tuples where the first element corresponds to the elements of the ring that form the subring isomorphic to the ring identified by the second element of the tuple. software provides doi of original software used to represent fusion ring.",
	"comments":[
		""
	]
}