{
	"references":[
		""
	],
	"software":[
		"https:\/\/doi.org\/10.5281\/zenodo.15920400"
	],
	"mult_tab":[
		[
			[
				1,
				0,
				0,
				0,
				0
			],
			[
				0,
				1,
				0,
				0,
				0
			],
			[
				0,
				0,
				1,
				0,
				0
			],
			[
				0,
				0,
				0,
				1,
				0
			],
			[
				0,
				0,
				0,
				0,
				1
			]
		],
		[
			[
				0,
				1,
				0,
				0,
				0
			],
			[
				1,
				4,
				7,
				0,
				8
			],
			[
				0,
				7,
				3,
				9,
				3
			],
			[
				0,
				0,
				9,
				3,
				9
			],
			[
				0,
				8,
				3,
				9,
				3
			]
		],
		[
			[
				0,
				0,
				1,
				0,
				0
			],
			[
				0,
				7,
				3,
				9,
				3
			],
			[
				1,
				3,
				9,
				3,
				9
			],
			[
				0,
				9,
				3,
				10,
				3
			],
			[
				0,
				3,
				9,
				3,
				10
			]
		],
		[
			[
				0,
				0,
				0,
				1,
				0
			],
			[
				0,
				0,
				9,
				3,
				9
			],
			[
				0,
				9,
				3,
				10,
				3
			],
			[
				1,
				3,
				10,
				0,
				11
			],
			[
				0,
				9,
				3,
				11,
				3
			]
		],
		[
			[
				0,
				0,
				0,
				0,
				1
			],
			[
				0,
				8,
				3,
				9,
				3
			],
			[
				0,
				3,
				9,
				3,
				10
			],
			[
				0,
				9,
				3,
				11,
				3
			],
			[
				1,
				3,
				10,
				3,
				10
			]
		]
	],
	"texnames":[
		"\\text{FR}^{5,11,0}_{229}"
	],
	"barcode":[
		6,
		5,
		8,
		3,
		7,
		7,
		0,
		0,
		7,
		1,
		1,
		6,
		2,
		1,
		8,
		2,
		3,
		4,
		2,
		2,
		0,
		4,
		1,
		2,
		6,
		8,
		4,
		4,
		3,
		7,
		1,
		5,
		4,
		9,
		5,
		5,
		4,
		2,
		9,
		8,
		3,
		8,
		9,
		6,
		6,
		8,
		0,
		8,
		8,
		6,
		1,
		1,
		9,
		8,
		5,
		2,
		2,
		2,
		3,
		0,
		2,
		1,
		8,
		9,
		2,
		0,
		7,
		2,
		1,
		1,
		7,
		2,
		9,
		6,
		2,
		0,
		3,
		3,
		9,
		9,
		3,
		9,
		5,
		3,
		1,
		3,
		1,
		2,
		7,
		4,
		7,
		9,
		8,
		0,
		3,
		0,
		7,
		7,
		8,
		4,
		6,
		8,
		0,
		8,
		5,
		2,
		5,
		1,
		4,
		8,
		3,
		6,
		3,
		8,
		7,
		4,
		9,
		1,
		6,
		0,
		4,
		9,
		0,
		4,
		1,
		8,
		9,
		5,
		5,
		7,
		2,
		7,
		4,
		0
	],
	"formal_code":[
		5,
		11,
		0,
		229
	],
	"tensor_product_decompositions":{
		"identifiers":[
			"formal_code"
		],
		"value":[]
	},
	"sub_fusion_rings":{
		"identifiers":[
			"injection",
			"formal_code"
		],
		"value":[]
	},
	"numeric_characters":[
		[
			[
				1.0,
				0
			],
			[
				2.134400433135568e1,
				0
			],
			[
				2.407936690476716e1,
				0
			],
			[
				2.4118431084840022e1,
				0
			],
			[
				2.507936690476716e1,
				0
			]
		],
		[
			[
				1.0,
				0
			],
			[
				-1.1947870594084193e1,
				0
			],
			[
				1.2102872940621236e1,
				0
			],
			[
				-1.517618924403598e1,
				0
			],
			[
				1.3102872940621236e1,
				0
			]
		],
		[
			[
				1.0,
				0
			],
			[
				-0.2214231583523777,
				0
			],
			[
				-0.5376852767690498,
				0
			],
			[
				0.2105699712514131,
				0
			],
			[
				0.4623147232309502,
				0
			]
		],
		[
			[
				1.0,
				0
			],
			[
				3.8252894210808885,
				0
			],
			[
				-0.6445545686193462,
				0
			],
			[
				-3.152811812055454,
				0
			],
			[
				0.3554454313806537,
				0
			]
		],
		[
			[
				1.0,
				0
			],
			[
				0.0,
				0
			],
			[
				1.0,
				0
			],
			[
				0.0,
				0
			],
			[
				-1.0,
				0
			]
		]
	],
	"numeric_frobenius_perron_dimensions":[
		1.0,
		2.1344004331355684e1,
		2.407936690476716e1,
		2.4118431084840022e1,
		2.5079366904767163e1
	],
	"numeric_frobenius_perron_dimension":2.247055793769434e3,
	"info":"Fusion ring. mult_tab provides structure constants. barcode and formal_code provide unique identifiers see (DOI: 10.1063\/5.0148848). sub_fusion_rings provides tuples where the first element corresponds to the elements of the ring that form the subring isomorphic to the ring identified by the second element of the tuple. software provides doi of original software used to represent fusion ring.",
	"comments":[
		""
	]
}