{
	"references":[
		""
	],
	"software":[
		"https:\/\/doi.org\/10.5281\/zenodo.15920400"
	],
	"mult_tab":[
		[
			[
				1,
				0,
				0,
				0,
				0
			],
			[
				0,
				1,
				0,
				0,
				0
			],
			[
				0,
				0,
				1,
				0,
				0
			],
			[
				0,
				0,
				0,
				1,
				0
			],
			[
				0,
				0,
				0,
				0,
				1
			]
		],
		[
			[
				0,
				1,
				0,
				0,
				0
			],
			[
				1,
				0,
				2,
				0,
				0
			],
			[
				0,
				2,
				1,
				0,
				2
			],
			[
				0,
				0,
				0,
				3,
				2
			],
			[
				0,
				0,
				2,
				2,
				3
			]
		],
		[
			[
				0,
				0,
				1,
				0,
				0
			],
			[
				0,
				2,
				1,
				0,
				2
			],
			[
				1,
				1,
				4,
				2,
				4
			],
			[
				0,
				0,
				2,
				6,
				6
			],
			[
				0,
				2,
				4,
				6,
				8
			]
		],
		[
			[
				0,
				0,
				0,
				1,
				0
			],
			[
				0,
				0,
				0,
				3,
				2
			],
			[
				0,
				0,
				2,
				6,
				6
			],
			[
				1,
				3,
				6,
				6,
				9
			],
			[
				0,
				2,
				6,
				9,
				12
			]
		],
		[
			[
				0,
				0,
				0,
				0,
				1
			],
			[
				0,
				0,
				2,
				2,
				3
			],
			[
				0,
				2,
				4,
				6,
				8
			],
			[
				0,
				2,
				6,
				9,
				12
			],
			[
				1,
				3,
				8,
				12,
				15
			]
		]
	],
	"texnames":[
		"\\text{FR}^{5,15,0}_{322}"
	],
	"barcode":[
		2,
		0,
		4,
		5,
		8,
		6,
		9,
		2,
		5,
		1,
		8,
		7,
		8,
		3,
		9,
		8,
		6,
		8,
		3,
		8,
		6,
		4,
		3,
		6,
		6,
		2,
		8,
		4,
		5,
		9,
		5,
		4,
		2,
		6,
		5,
		0,
		0,
		4,
		4,
		2,
		3,
		4,
		3,
		9,
		5,
		9,
		1,
		9,
		1,
		5,
		8,
		7,
		4,
		5,
		1,
		2,
		9,
		8,
		0,
		3,
		5,
		3,
		7,
		5,
		5,
		3,
		4,
		9,
		5,
		9,
		1,
		8,
		0,
		9,
		8,
		4,
		7,
		4,
		6,
		1,
		9,
		2,
		2,
		8,
		9,
		1,
		4,
		0,
		0,
		0,
		9,
		5,
		5,
		4,
		9,
		5,
		5,
		8,
		6,
		1,
		0,
		4,
		5,
		0,
		5,
		8,
		4,
		1,
		4,
		6,
		8,
		0,
		0,
		9,
		9,
		6,
		9,
		7,
		2,
		1,
		2,
		9,
		9,
		6,
		1,
		8,
		1,
		0,
		8,
		2,
		8,
		8,
		3,
		6,
		3,
		5,
		6,
		5,
		0,
		3,
		8,
		3,
		7,
		3,
		5,
		0,
		3,
		4,
		8,
		8
	],
	"formal_code":[
		5,
		15,
		0,
		322
	],
	"tensor_product_decompositions":{
		"identifiers":[
			"formal_code"
		],
		"value":[]
	},
	"sub_fusion_rings":{
		"identifiers":[
			"injection",
			"formal_code"
		],
		"value":[]
	},
	"numeric_characters":[
		[
			[
				1.0,
				0
			],
			[
				5.5864058062583775,
				0
			],
			[
				1.5103964916098658e1,
				0
			],
			[
				2.24636445818421e1,
				0
			],
			[
				2.905005038810048e1,
				0
			]
		],
		[
			[
				1.0,
				0
			],
			[
				1.0,
				0
			],
			[
				0.0,
				0
			],
			[
				1.0,
				0
			],
			[
				-1.0,
				0
			]
		],
		[
			[
				1.0,
				0
			],
			[
				2.8141957168437313,
				0
			],
			[
				3.4598487663508015,
				0
			],
			[
				-3.4899700272671166,
				0
			],
			[
				0.32422568957661485,
				0
			]
		],
		[
			[
				1.0,
				0
			],
			[
				-2.198030383929031,
				0
			],
			[
				1.9156687843376015,
				0
			],
			[
				0.33287727893004204,
				0
			],
			[
				-0.8651531049989888,
				0
			]
		],
		[
			[
				1.0,
				0
			],
			[
				-0.20257113917307826,
				0
			],
			[
				-0.4794824667870607,
				0
			],
			[
				-0.30655183350502685,
				0
			],
			[
				0.49087702732189487,
				0
			]
		]
	],
	"numeric_frobenius_perron_dimensions":[
		1.0,
		5.5864058062583775,
		1.5103964916098658e1,
		2.24636445818421e1,
		2.905005038810048e1
	],
	"numeric_frobenius_perron_dimension":1.6088584414694374e3,
	"info":"Fusion ring. mult_tab provides structure constants. barcode and formal_code provide unique identifiers see (DOI: 10.1063\/5.0148848). sub_fusion_rings provides tuples where the first element corresponds to the elements of the ring that form the subring isomorphic to the ring identified by the second element of the tuple. software provides doi of original software used to represent fusion ring.",
	"comments":[
		""
	]
}