{
	"references":[
		""
	],
	"software":[
		"https:\/\/doi.org\/10.5281\/zenodo.15920400"
	],
	"mult_tab":[
		[
			[
				1,
				0,
				0,
				0,
				0
			],
			[
				0,
				1,
				0,
				0,
				0
			],
			[
				0,
				0,
				1,
				0,
				0
			],
			[
				0,
				0,
				0,
				1,
				0
			],
			[
				0,
				0,
				0,
				0,
				1
			]
		],
		[
			[
				0,
				1,
				0,
				0,
				0
			],
			[
				1,
				3,
				3,
				4,
				1
			],
			[
				0,
				3,
				1,
				3,
				4
			],
			[
				0,
				4,
				3,
				5,
				4
			],
			[
				0,
				1,
				4,
				4,
				7
			]
		],
		[
			[
				0,
				0,
				1,
				0,
				0
			],
			[
				0,
				3,
				1,
				3,
				4
			],
			[
				1,
				1,
				4,
				4,
				3
			],
			[
				0,
				3,
				4,
				5,
				5
			],
			[
				0,
				4,
				3,
				5,
				6
			]
		],
		[
			[
				0,
				0,
				0,
				1,
				0
			],
			[
				0,
				4,
				3,
				5,
				4
			],
			[
				0,
				3,
				4,
				5,
				5
			],
			[
				1,
				5,
				5,
				7,
				7
			],
			[
				0,
				4,
				5,
				7,
				9
			]
		],
		[
			[
				0,
				0,
				0,
				0,
				1
			],
			[
				0,
				1,
				4,
				4,
				7
			],
			[
				0,
				4,
				3,
				5,
				6
			],
			[
				0,
				4,
				5,
				7,
				9
			],
			[
				1,
				7,
				6,
				9,
				6
			]
		]
	],
	"texnames":[
		"\\text{FR}^{5,9,0}_{527}"
	],
	"barcode":[
		1,
		0,
		0,
		0,
		0,
		0,
		1,
		0,
		0,
		0,
		0,
		0,
		1,
		0,
		0,
		0,
		0,
		0,
		1,
		0,
		0,
		0,
		0,
		0,
		1,
		0,
		1,
		0,
		0,
		0,
		1,
		7,
		5,
		7,
		5,
		0,
		5,
		4,
		5,
		3,
		0,
		7,
		5,
		9,
		4,
		0,
		5,
		3,
		4,
		4,
		0,
		0,
		1,
		0,
		0,
		0,
		5,
		4,
		5,
		3,
		1,
		4,
		4,
		3,
		1,
		0,
		5,
		3,
		6,
		4,
		0,
		3,
		1,
		4,
		3,
		0,
		0,
		0,
		1,
		0,
		0,
		7,
		5,
		9,
		4,
		0,
		5,
		3,
		6,
		4,
		1,
		9,
		6,
		6,
		7,
		0,
		4,
		4,
		7,
		1,
		0,
		0,
		0,
		0,
		1,
		0,
		5,
		3,
		4,
		4,
		0,
		3,
		1,
		4,
		3,
		0,
		4,
		4,
		7,
		1,
		1,
		4,
		3,
		1,
		3
	],
	"formal_code":[
		5,
		9,
		0,
		527
	],
	"tensor_product_decompositions":{
		"identifiers":[
			"formal_code"
		],
		"value":[]
	},
	"sub_fusion_rings":{
		"identifiers":[
			"injection",
			"formal_code"
		],
		"value":[]
	},
	"numeric_characters":[
		[
			[
				1.0,
				0
			],
			[
				1.4023856481464101e1,
				0
			],
			[
				1.514329272886474e1,
				0
			],
			[
				2.134737770874797e1,
				0
			],
			[
				2.2777592146724253e1,
				0
			]
		],
		[
			[
				1.0,
				0
			],
			[
				-2.27511152988207,
				0
			],
			[
				3.165022548802424,
				0
			],
			[
				0.735851147602957,
				0
			],
			[
				-1.437005173770554,
				0
			]
		],
		[
			[
				1.0,
				0
			],
			[
				-0.4370518365548275,
				0
			],
			[
				-0.7340854993593907,
				0
			],
			[
				0.6501254490467113,
				0
			],
			[
				0.10392451939175716,
				0
			]
		],
		[
			[
				1.0,
				0
			],
			[
				0.4767766885589285,
				0
			],
			[
				0.34287728806238177,
				0
			],
			[
				-0.8705270938990872,
				0
			],
			[
				0.25046245648563564,
				0
			]
		],
		[
			[
				1.0,
				0
			],
			[
				4.211530196413869,
				0
			],
			[
				8.289293362984512e-2,
				0
			],
			[
				2.1371727885014478,
				0
			],
			[
				-4.694973948831093,
				0
			]
		]
	],
	"numeric_frobenius_perron_dimensions":[
		1.0,
		1.4023856481464101e1,
		1.514329272886474e1,
		2.134737770874797e1,
		2.2777592146724253e1
	],
	"numeric_frobenius_perron_dimension":1.4015171043272544e3,
	"info":"Fusion ring. mult_tab provides structure constants. barcode and formal_code provide unique identifiers see (DOI: 10.1063\/5.0148848). sub_fusion_rings provides tuples where the first element corresponds to the elements of the ring that form the subring isomorphic to the ring identified by the second element of the tuple. software provides doi of original software used to represent fusion ring.",
	"comments":[
		""
	]
}