{
	"references":[
		""
	],
	"software":[
		"https:\/\/doi.org\/10.5281\/zenodo.15920400"
	],
	"mult_tab":[
		[
			[
				1,
				0,
				0,
				0,
				0
			],
			[
				0,
				1,
				0,
				0,
				0
			],
			[
				0,
				0,
				1,
				0,
				0
			],
			[
				0,
				0,
				0,
				1,
				0
			],
			[
				0,
				0,
				0,
				0,
				1
			]
		],
		[
			[
				0,
				1,
				0,
				0,
				0
			],
			[
				1,
				2,
				2,
				6,
				6
			],
			[
				0,
				2,
				3,
				6,
				6
			],
			[
				0,
				6,
				6,
				1,
				6
			],
			[
				0,
				6,
				6,
				6,
				7
			]
		],
		[
			[
				0,
				0,
				1,
				0,
				0
			],
			[
				0,
				2,
				3,
				6,
				6
			],
			[
				1,
				3,
				3,
				6,
				6
			],
			[
				0,
				6,
				6,
				2,
				6
			],
			[
				0,
				6,
				6,
				6,
				8
			]
		],
		[
			[
				0,
				0,
				0,
				1,
				0
			],
			[
				0,
				6,
				6,
				1,
				6
			],
			[
				0,
				6,
				6,
				2,
				6
			],
			[
				1,
				1,
				2,
				9,
				8
			],
			[
				0,
				6,
				6,
				8,
				8
			]
		],
		[
			[
				0,
				0,
				0,
				0,
				1
			],
			[
				0,
				6,
				6,
				6,
				7
			],
			[
				0,
				6,
				6,
				6,
				8
			],
			[
				0,
				6,
				6,
				8,
				8
			],
			[
				1,
				7,
				8,
				8,
				13
			]
		]
	],
	"texnames":[
		"\\text{FR}^{5,13,0}_{308}"
	],
	"barcode":[
		1,
		3,
		1,
		7,
		8,
		8,
		1,
		8,
		6,
		4,
		8,
		7,
		2,
		1,
		4,
		1,
		5,
		3,
		0,
		1,
		5,
		0,
		1,
		5,
		4,
		3,
		3,
		8,
		4,
		9,
		5,
		2,
		4,
		7,
		8,
		9,
		2,
		5,
		3,
		9,
		1,
		5,
		6,
		7,
		4,
		9,
		5,
		4,
		4,
		1,
		0,
		7,
		3,
		5,
		5,
		8,
		8,
		1,
		8,
		3,
		6,
		4,
		1,
		3,
		3,
		5,
		2,
		7,
		8,
		6,
		8,
		0,
		9,
		5,
		5,
		2,
		2,
		0,
		9,
		2,
		2,
		0,
		4,
		7,
		4,
		6,
		0,
		5,
		2,
		0,
		0,
		5,
		7,
		6,
		0,
		5,
		4,
		4,
		8,
		4,
		5,
		0,
		8,
		7,
		3,
		5,
		2,
		3,
		4,
		4,
		9,
		0,
		6,
		3,
		5,
		8,
		6,
		9,
		1,
		4,
		6,
		1,
		5,
		0,
		6,
		4,
		9,
		4,
		4,
		6,
		6,
		1,
		6,
		9,
		2,
		8,
		3,
		7,
		1,
		2,
		1,
		5,
		0
	],
	"formal_code":[
		5,
		13,
		0,
		308
	],
	"tensor_product_decompositions":{
		"identifiers":[
			"formal_code"
		],
		"value":[]
	},
	"sub_fusion_rings":{
		"identifiers":[
			"injection",
			"formal_code"
		],
		"value":[]
	},
	"numeric_characters":[
		[
			[
				1.0,
				0
			],
			[
				1.9828950001010483e1,
				0
			],
			[
				2.0828950001010483e1,
				0
			],
			[
				2.2345643216007026e1,
				0
			],
			[
				2.9466266473748263e1,
				0
			]
		],
		[
			[
				1.0,
				0
			],
			[
				-6.04952343717106,
				0
			],
			[
				-5.04952343717106,
				0
			],
			[
				8.384237425135574,
				0
			],
			[
				1.2482338357921259,
				0
			]
		],
		[
			[
				1.0,
				0
			],
			[
				-0.32720612974487245,
				0
			],
			[
				0.6727938702551276,
				0
			],
			[
				0.10473708598597296,
				0
			],
			[
				-0.36875569093228827,
				0
			]
		],
		[
			[
				1.0,
				0
			],
			[
				-1.4522204340945513,
				0
			],
			[
				-0.45222043409455126,
				0
			],
			[
				-1.834617727128571,
				0
			],
			[
				2.6542553813919,
				0
			]
		],
		[
			[
				1.0,
				0
			],
			[
				1.0,
				0
			],
			[
				-1.0,
				0
			],
			[
				0.0,
				0
			],
			[
				0.0,
				0
			]
		]
	],
	"numeric_frobenius_perron_dimensions":[
		1.0,
		1.9828950001010483e1,
		2.0828950001010483e1,
		2.2345643216007026e1,
		2.9466266473748263e1
	],
	"numeric_frobenius_perron_dimension":2.1956210469261896e3,
	"info":"Fusion ring. mult_tab provides structure constants. barcode and formal_code provide unique identifiers see (DOI: 10.1063\/5.0148848). sub_fusion_rings provides tuples where the first element corresponds to the elements of the ring that form the subring isomorphic to the ring identified by the second element of the tuple. software provides doi of original software used to represent fusion ring.",
	"comments":[
		""
	]
}