{
	"references":[
		""
	],
	"software":[
		"https:\/\/doi.org\/10.5281\/zenodo.15920400"
	],
	"mult_tab":[
		[
			[
				1,
				0,
				0,
				0,
				0
			],
			[
				0,
				1,
				0,
				0,
				0
			],
			[
				0,
				0,
				1,
				0,
				0
			],
			[
				0,
				0,
				0,
				1,
				0
			],
			[
				0,
				0,
				0,
				0,
				1
			]
		],
		[
			[
				0,
				1,
				0,
				0,
				0
			],
			[
				1,
				7,
				1,
				4,
				3
			],
			[
				0,
				1,
				9,
				5,
				4
			],
			[
				0,
				4,
				5,
				7,
				8
			],
			[
				0,
				3,
				4,
				8,
				10
			]
		],
		[
			[
				0,
				0,
				1,
				0,
				0
			],
			[
				0,
				1,
				9,
				5,
				4
			],
			[
				1,
				9,
				3,
				8,
				8
			],
			[
				0,
				5,
				8,
				10,
				11
			],
			[
				0,
				4,
				8,
				11,
				13
			]
		],
		[
			[
				0,
				0,
				0,
				1,
				0
			],
			[
				0,
				4,
				5,
				7,
				8
			],
			[
				0,
				5,
				8,
				10,
				11
			],
			[
				1,
				7,
				10,
				13,
				14
			],
			[
				0,
				8,
				11,
				14,
				15
			]
		],
		[
			[
				0,
				0,
				0,
				0,
				1
			],
			[
				0,
				3,
				4,
				8,
				10
			],
			[
				0,
				4,
				8,
				11,
				13
			],
			[
				0,
				8,
				11,
				14,
				15
			],
			[
				1,
				10,
				13,
				15,
				15
			]
		]
	],
	"texnames":[
		"\\text{FR}^{5,15,0}_{391}"
	],
	"barcode":[
		2,
		0,
		4,
		5,
		8,
		6,
		9,
		2,
		5,
		1,
		8,
		7,
		8,
		3,
		9,
		8,
		6,
		8,
		3,
		8,
		6,
		4,
		3,
		6,
		6,
		2,
		8,
		4,
		5,
		9,
		5,
		4,
		2,
		6,
		5,
		0,
		0,
		4,
		8,
		3,
		9,
		1,
		3,
		8,
		6,
		3,
		3,
		4,
		1,
		8,
		9,
		1,
		4,
		6,
		9,
		9,
		4,
		6,
		3,
		3,
		5,
		5,
		1,
		7,
		3,
		6,
		9,
		7,
		1,
		4,
		7,
		0,
		1,
		6,
		7,
		6,
		1,
		8,
		1,
		3,
		1,
		1,
		7,
		5,
		7,
		0,
		7,
		7,
		4,
		5,
		5,
		1,
		2,
		4,
		6,
		1,
		2,
		9,
		1,
		2,
		8,
		4,
		8,
		8,
		5,
		5,
		1,
		5,
		8,
		9,
		2,
		7,
		0,
		0,
		4,
		7,
		9,
		5,
		1,
		8,
		0,
		6,
		6,
		6,
		3,
		6,
		1,
		0,
		4,
		6,
		5,
		1,
		7,
		5,
		3,
		5,
		3,
		1,
		8,
		9,
		4,
		0,
		7,
		5,
		0,
		6,
		6,
		5,
		1,
		5
	],
	"formal_code":[
		5,
		15,
		0,
		391
	],
	"tensor_product_decompositions":{
		"identifiers":[
			"formal_code"
		],
		"value":[]
	},
	"sub_fusion_rings":{
		"identifiers":[
			"injection",
			"formal_code"
		],
		"value":[]
	},
	"numeric_characters":[
		[
			[
				1.0,
				0
			],
			[
				2.1744117491216073e1,
				0
			],
			[
				3.0872696943743666e1,
				0
			],
			[
				3.979702546652868e1,
				0
			],
			[
				4.317900807447929e1,
				0
			]
		],
		[
			[
				1.0,
				0
			],
			[
				4.624124509869963,
				0
			],
			[
				3.6680945285602777,
				0
			],
			[
				-0.5920061008486452,
				0
			],
			[
				-4.428804737158437,
				0
			]
		],
		[
			[
				1.0,
				0
			],
			[
				6.975558047300214,
				0
			],
			[
				-7.50571297399099,
				0
			],
			[
				0.6829003100663672,
				0
			],
			[
				1.2012051579595981,
				0
			]
		],
		[
			[
				1.0,
				0
			],
			[
				-0.3879066647405302,
				0
			],
			[
				-0.22408639976395378,
				0
			],
			[
				0.8847919223043609,
				0
			],
			[
				-0.48308768523988543,
				0
			]
		],
		[
			[
				1.0,
				0
			],
			[
				4.410661635428046e-2,
				0
			],
			[
				0.18900790145100166,
				0
			],
			[
				-0.7727115980507596,
				0
			],
			[
				0.5316791899594324,
				0
			]
		]
	],
	"numeric_frobenius_perron_dimensions":[
		1.0,
		2.1744117491216073e1,
		3.0872696943743666e1,
		3.979702546652868e1,
		4.317900807447929e1
	],
	"numeric_frobenius_perron_dimension":4.875160036331528e3,
	"info":"Fusion ring. mult_tab provides structure constants. barcode and formal_code provide unique identifiers see (DOI: 10.1063\/5.0148848). sub_fusion_rings provides tuples where the first element corresponds to the elements of the ring that form the subring isomorphic to the ring identified by the second element of the tuple. software provides doi of original software used to represent fusion ring.",
	"comments":[
		""
	]
}