{
	"references":[
		""
	],
	"software":[
		"https:\/\/doi.org\/10.5281\/zenodo.15920400"
	],
	"mult_tab":[
		[
			[
				1,
				0,
				0,
				0,
				0
			],
			[
				0,
				1,
				0,
				0,
				0
			],
			[
				0,
				0,
				1,
				0,
				0
			],
			[
				0,
				0,
				0,
				1,
				0
			],
			[
				0,
				0,
				0,
				0,
				1
			]
		],
		[
			[
				0,
				1,
				0,
				0,
				0
			],
			[
				1,
				0,
				0,
				0,
				0
			],
			[
				0,
				0,
				1,
				0,
				0
			],
			[
				0,
				0,
				0,
				1,
				0
			],
			[
				0,
				0,
				0,
				0,
				1
			]
		],
		[
			[
				0,
				0,
				1,
				0,
				0
			],
			[
				0,
				0,
				1,
				0,
				0
			],
			[
				1,
				1,
				8,
				7,
				1
			],
			[
				0,
				0,
				7,
				6,
				6
			],
			[
				0,
				0,
				1,
				6,
				12
			]
		],
		[
			[
				0,
				0,
				0,
				1,
				0
			],
			[
				0,
				0,
				0,
				1,
				0
			],
			[
				0,
				0,
				7,
				6,
				6
			],
			[
				1,
				1,
				6,
				9,
				8
			],
			[
				0,
				0,
				6,
				8,
				11
			]
		],
		[
			[
				0,
				0,
				0,
				0,
				1
			],
			[
				0,
				0,
				0,
				0,
				1
			],
			[
				0,
				0,
				1,
				6,
				12
			],
			[
				0,
				0,
				6,
				8,
				11
			],
			[
				1,
				1,
				12,
				11,
				6
			]
		]
	],
	"texnames":[
		"\\text{FR}^{5,12,0}_{2496}"
	],
	"barcode":[
		1,
		3,
		4,
		5,
		7,
		8,
		5,
		2,
		8,
		7,
		0,
		6,
		3,
		2,
		5,
		1,
		9,
		2,
		9,
		5,
		4,
		0,
		9,
		2,
		4,
		6,
		7,
		7,
		1,
		2,
		3,
		4,
		6,
		1,
		3,
		9,
		6,
		0,
		1,
		0,
		1,
		3,
		3,
		2,
		6,
		1,
		6,
		5,
		6,
		2,
		3,
		4,
		8,
		4,
		6,
		0,
		6,
		4,
		3,
		8,
		1,
		2,
		4,
		9,
		6,
		8,
		1,
		0,
		3,
		4,
		9,
		8,
		1,
		5,
		2,
		5,
		6,
		5,
		0,
		3,
		4,
		3,
		4,
		4,
		8,
		9,
		0,
		0,
		0,
		7,
		0,
		0,
		5,
		6,
		5,
		0,
		3,
		4,
		0,
		9,
		3,
		7,
		4,
		5,
		7,
		5,
		6,
		4,
		4,
		4,
		7,
		9,
		0,
		9,
		8,
		1,
		9,
		3,
		2,
		3,
		5,
		1,
		7,
		6,
		3,
		0,
		5,
		1,
		1,
		0,
		1,
		9,
		0,
		8,
		5,
		5,
		5,
		8,
		8
	],
	"formal_code":[
		5,
		12,
		0,
		2496
	],
	"tensor_product_decompositions":{
		"identifiers":[
			"formal_code"
		],
		"value":[]
	},
	"sub_fusion_rings":{
		"identifiers":[
			"injection",
			"formal_code"
		],
		"value":[
			[
				[
					1,
					2
				],
				[
					2,
					1,
					0,
					1
				]
			]
		]
	},
	"numeric_characters":[
		[
			[
				1.0,
				0
			],
			[
				1.0,
				0
			],
			[
				1.8200159756450734e1,
				0
			],
			[
				2.2680160842167798e1,
				0
			],
			[
				2.488341121354837e1,
				0
			]
		],
		[
			[
				1.0,
				0
			],
			[
				1.0,
				0
			],
			[
				9.260940924708905,
				0
			],
			[
				2.7151795884458756,
				0
			],
			[
				-9.328757705844149,
				0
			]
		],
		[
			[
				1.0,
				0
			],
			[
				1.0,
				0
			],
			[
				0.24969208568022908,
				0
			],
			[
				-0.6031306041249942,
				0
			],
			[
				0.28672368108446916,
				0
			]
		],
		[
			[
				1.0,
				0
			],
			[
				1.0,
				0
			],
			[
				-1.7107927668398673,
				0
			],
			[
				2.2077901735113197,
				0
			],
			[
				-0.8413771887886913,
				0
			]
		],
		[
			[
				1.0,
				0
			],
			[
				-1.0,
				0
			],
			[
				0.0,
				0
			],
			[
				0.0,
				0
			],
			[
				0.0,
				0
			]
		]
	],
	"numeric_frobenius_perron_dimensions":[
		1.0,
		1.0,
		1.8200159756450734e1,
		2.2680160842167798e1,
		2.488341121354837e1
	],
	"numeric_frobenius_perron_dimension":1.4668196646094752e3,
	"info":"Fusion ring. mult_tab provides structure constants. barcode and formal_code provide unique identifiers see (DOI: 10.1063\/5.0148848). sub_fusion_rings provides tuples where the first element corresponds to the elements of the ring that form the subring isomorphic to the ring identified by the second element of the tuple. software provides doi of original software used to represent fusion ring.",
	"comments":[
		""
	]
}