{
	"references":[
		""
	],
	"software":[
		"https:\/\/doi.org\/10.5281\/zenodo.15920400"
	],
	"mult_tab":[
		[
			[
				1,
				0,
				0,
				0,
				0
			],
			[
				0,
				1,
				0,
				0,
				0
			],
			[
				0,
				0,
				1,
				0,
				0
			],
			[
				0,
				0,
				0,
				1,
				0
			],
			[
				0,
				0,
				0,
				0,
				1
			]
		],
		[
			[
				0,
				1,
				0,
				0,
				0
			],
			[
				1,
				0,
				0,
				0,
				0
			],
			[
				0,
				0,
				1,
				0,
				0
			],
			[
				0,
				0,
				0,
				1,
				0
			],
			[
				0,
				0,
				0,
				0,
				1
			]
		],
		[
			[
				0,
				0,
				1,
				0,
				0
			],
			[
				0,
				0,
				1,
				0,
				0
			],
			[
				1,
				1,
				1,
				1,
				1
			],
			[
				0,
				0,
				1,
				0,
				2
			],
			[
				0,
				0,
				1,
				2,
				3
			]
		],
		[
			[
				0,
				0,
				0,
				1,
				0
			],
			[
				0,
				0,
				0,
				1,
				0
			],
			[
				0,
				0,
				1,
				0,
				2
			],
			[
				1,
				1,
				0,
				1,
				2
			],
			[
				0,
				0,
				2,
				2,
				3
			]
		],
		[
			[
				0,
				0,
				0,
				0,
				1
			],
			[
				0,
				0,
				0,
				0,
				1
			],
			[
				0,
				0,
				1,
				2,
				3
			],
			[
				0,
				0,
				2,
				2,
				3
			],
			[
				1,
				1,
				3,
				3,
				6
			]
		]
	],
	"texnames":[
		"\\text{FR}^{5,6,0}_{244}"
	],
	"barcode":[
		6,
		1,
		9,
		6,
		7,
		0,
		2,
		5,
		9,
		6,
		9,
		5,
		7,
		2,
		7,
		7,
		0,
		5,
		5,
		2,
		5,
		0,
		6,
		7,
		0,
		4,
		1,
		6,
		6,
		1,
		4,
		7,
		0,
		8,
		6,
		4,
		1,
		1,
		2,
		5,
		5,
		6,
		3,
		9,
		6,
		2,
		9,
		8,
		4,
		4,
		2,
		2,
		0,
		0,
		8,
		7,
		2,
		9,
		3,
		2,
		4,
		4,
		1,
		8,
		4,
		3,
		6,
		9,
		0,
		6,
		0,
		3,
		7,
		3,
		8,
		0,
		0,
		7,
		2,
		8,
		0,
		3,
		9,
		5,
		0,
		5,
		5,
		9,
		8,
		0,
		9,
		9,
		1,
		8,
		3,
		7,
		6,
		0,
		7,
		3,
		7,
		2,
		9,
		8,
		0
	],
	"formal_code":[
		5,
		6,
		0,
		244
	],
	"tensor_product_decompositions":{
		"identifiers":[
			"formal_code"
		],
		"value":[]
	},
	"sub_fusion_rings":{
		"identifiers":[
			"injection",
			"formal_code"
		],
		"value":[
			[
				[
					1,
					2
				],
				[
					2,
					1,
					0,
					1
				]
			]
		]
	},
	"numeric_characters":[
		[
			[
				1.0,
				0
			],
			[
				1.0,
				0
			],
			[
				4.579376275825587,
				0
			],
			[
				5.0706930986671015,
				0
			],
			[
				9.320617701101536,
				0
			]
		],
		[
			[
				1.0,
				0
			],
			[
				1.0,
				0
			],
			[
				-1.3605332351203758,
				0
			],
			[
				1.6617511045388604,
				0
			],
			[
				-0.45016718555136886,
				0
			]
		],
		[
			[
				1.0,
				0
			],
			[
				1.0,
				0
			],
			[
				-0.8079954945009099,
				0
			],
			[
				-1.582452967693913,
				0
			],
			[
				1.0433051813285927,
				0
			]
		],
		[
			[
				1.0,
				0
			],
			[
				-1.0,
				0
			],
			[
				0.0,
				0
			],
			[
				0.0,
				0
			],
			[
				0.0,
				0
			]
		],
		[
			[
				1.0,
				0
			],
			[
				1.0,
				0
			],
			[
				1.5891524537956985,
				0
			],
			[
				-0.14999123551204918,
				0
			],
			[
				-0.9137556968787599,
				0
			]
		]
	],
	"numeric_frobenius_perron_dimensions":[
		1.0,
		1.0,
		4.579376275825587,
		5.070693098667102,
		9.320617701101536
	],
	"numeric_frobenius_perron_dimension":1.355565299065517e2,
	"info":"Fusion ring. mult_tab provides structure constants. barcode and formal_code provide unique identifiers see (DOI: 10.1063\/5.0148848). sub_fusion_rings provides tuples where the first element corresponds to the elements of the ring that form the subring isomorphic to the ring identified by the second element of the tuple. software provides doi of original software used to represent fusion ring.",
	"comments":[
		""
	]
}