{
	"references":[
		""
	],
	"software":[
		"https:\/\/doi.org\/10.5281\/zenodo.15920400"
	],
	"mult_tab":[
		[
			[
				1,
				0,
				0,
				0,
				0
			],
			[
				0,
				1,
				0,
				0,
				0
			],
			[
				0,
				0,
				1,
				0,
				0
			],
			[
				0,
				0,
				0,
				1,
				0
			],
			[
				0,
				0,
				0,
				0,
				1
			]
		],
		[
			[
				0,
				1,
				0,
				0,
				0
			],
			[
				1,
				1,
				0,
				1,
				3
			],
			[
				0,
				0,
				2,
				2,
				4
			],
			[
				0,
				1,
				2,
				2,
				4
			],
			[
				0,
				3,
				4,
				4,
				3
			]
		],
		[
			[
				0,
				0,
				1,
				0,
				0
			],
			[
				0,
				0,
				2,
				2,
				4
			],
			[
				1,
				2,
				3,
				3,
				6
			],
			[
				0,
				2,
				3,
				4,
				6
			],
			[
				0,
				4,
				6,
				6,
				6
			]
		],
		[
			[
				0,
				0,
				0,
				1,
				0
			],
			[
				0,
				1,
				2,
				2,
				4
			],
			[
				0,
				2,
				3,
				4,
				6
			],
			[
				1,
				2,
				4,
				4,
				6
			],
			[
				0,
				4,
				6,
				6,
				7
			]
		],
		[
			[
				0,
				0,
				0,
				0,
				1
			],
			[
				0,
				3,
				4,
				4,
				3
			],
			[
				0,
				4,
				6,
				6,
				6
			],
			[
				0,
				4,
				6,
				6,
				7
			],
			[
				1,
				3,
				6,
				7,
				13
			]
		]
	],
	"texnames":[
		"\\text{FR}^{5,13,0}_{389}"
	],
	"barcode":[
		1,
		3,
		1,
		7,
		8,
		8,
		1,
		8,
		6,
		4,
		8,
		7,
		2,
		1,
		4,
		1,
		5,
		3,
		0,
		1,
		5,
		0,
		1,
		5,
		4,
		3,
		3,
		8,
		4,
		9,
		5,
		2,
		4,
		7,
		8,
		9,
		2,
		2,
		1,
		5,
		9,
		5,
		8,
		3,
		7,
		2,
		1,
		6,
		5,
		8,
		4,
		3,
		7,
		7,
		7,
		1,
		5,
		0,
		9,
		6,
		5,
		5,
		4,
		2,
		4,
		0,
		2,
		0,
		5,
		6,
		0,
		3,
		9,
		6,
		1,
		4,
		4,
		5,
		3,
		0,
		5,
		3,
		1,
		6,
		0,
		3,
		7,
		8,
		4,
		4,
		8,
		5,
		4,
		9,
		8,
		6,
		4,
		2,
		4,
		0,
		3,
		4,
		2,
		5,
		4,
		3,
		0,
		9,
		3,
		6,
		3,
		5,
		5,
		2,
		7,
		7,
		2,
		2,
		1,
		8,
		1,
		9,
		7,
		2,
		3,
		0,
		3,
		2,
		1,
		6,
		3,
		1,
		6,
		4,
		0,
		8,
		4,
		6,
		2,
		0,
		9,
		2,
		5
	],
	"formal_code":[
		5,
		13,
		0,
		389
	],
	"tensor_product_decompositions":{
		"identifiers":[
			"formal_code"
		],
		"value":[]
	},
	"sub_fusion_rings":{
		"identifiers":[
			"injection",
			"formal_code"
		],
		"value":[]
	},
	"numeric_characters":[
		[
			[
				1.0,
				0
			],
			[
				9.93878722717181,
				0
			],
			[
				1.619714700543694e1,
				0
			],
			[
				1.719714700543694e1,
				0
			],
			[
				2.354785243812826e1,
				0
			]
		],
		[
			[
				1.0,
				0
			],
			[
				1.750042429482824,
				0
			],
			[
				-1.1820271856130158,
				0
			],
			[
				-0.1820271856130159,
				0
			],
			[
				0.16487775370677904,
				0
			]
		],
		[
			[
				1.0,
				0
			],
			[
				-3.1394298533577127,
				0
			],
			[
				-2.8695009609103947,
				0
			],
			[
				-1.8695009609103947,
				0
			],
			[
				4.621650206140579,
				0
			]
		],
		[
			[
				1.0,
				0
			],
			[
				-0.5493998032969222,
				0
			],
			[
				-0.14561885891352883,
				0
			],
			[
				0.8543811410864712,
				0
			],
			[
				-0.3343803979756174,
				0
			]
		],
		[
			[
				1.0,
				0
			],
			[
				0.0,
				0
			],
			[
				1.0,
				0
			],
			[
				-1.0,
				0
			],
			[
				0.0,
				0
			]
		]
	],
	"numeric_frobenius_perron_dimensions":[
		1.0,
		9.93878722717181,
		1.619714700543694e1,
		1.719714700543694e1,
		2.354785243812826e1
	],
	"numeric_frobenius_perron_dimension":1.2123702822372002e3,
	"info":"Fusion ring. mult_tab provides structure constants. barcode and formal_code provide unique identifiers see (DOI: 10.1063\/5.0148848). sub_fusion_rings provides tuples where the first element corresponds to the elements of the ring that form the subring isomorphic to the ring identified by the second element of the tuple. software provides doi of original software used to represent fusion ring.",
	"comments":[
		""
	]
}