{
	"references":[
		""
	],
	"software":[
		"https:\/\/doi.org\/10.5281\/zenodo.15920400"
	],
	"mult_tab":[
		[
			[
				1,
				0,
				0,
				0,
				0
			],
			[
				0,
				1,
				0,
				0,
				0
			],
			[
				0,
				0,
				1,
				0,
				0
			],
			[
				0,
				0,
				0,
				1,
				0
			],
			[
				0,
				0,
				0,
				0,
				1
			]
		],
		[
			[
				0,
				1,
				0,
				0,
				0
			],
			[
				1,
				0,
				0,
				0,
				0
			],
			[
				0,
				0,
				1,
				0,
				0
			],
			[
				0,
				0,
				0,
				1,
				0
			],
			[
				0,
				0,
				0,
				0,
				1
			]
		],
		[
			[
				0,
				0,
				1,
				0,
				0
			],
			[
				0,
				0,
				1,
				0,
				0
			],
			[
				1,
				1,
				2,
				7,
				4
			],
			[
				0,
				0,
				7,
				4,
				5
			],
			[
				0,
				0,
				4,
				5,
				8
			]
		],
		[
			[
				0,
				0,
				0,
				1,
				0
			],
			[
				0,
				0,
				0,
				1,
				0
			],
			[
				0,
				0,
				7,
				4,
				5
			],
			[
				1,
				1,
				4,
				8,
				6
			],
			[
				0,
				0,
				5,
				6,
				9
			]
		],
		[
			[
				0,
				0,
				0,
				0,
				1
			],
			[
				0,
				0,
				0,
				0,
				1
			],
			[
				0,
				0,
				4,
				5,
				8
			],
			[
				0,
				0,
				5,
				6,
				9
			],
			[
				1,
				1,
				8,
				9,
				6
			]
		]
	],
	"texnames":[
		"\\text{FR}^{5,9,0}_{768}"
	],
	"barcode":[
		1,
		0,
		0,
		0,
		0,
		0,
		1,
		0,
		0,
		0,
		0,
		0,
		1,
		0,
		0,
		0,
		0,
		0,
		1,
		0,
		0,
		0,
		0,
		0,
		1,
		0,
		1,
		0,
		0,
		0,
		1,
		0,
		0,
		0,
		0,
		0,
		0,
		1,
		0,
		0,
		0,
		0,
		0,
		1,
		0,
		0,
		0,
		0,
		0,
		1,
		0,
		0,
		1,
		0,
		0,
		0,
		0,
		1,
		0,
		0,
		1,
		1,
		8,
		6,
		4,
		0,
		0,
		6,
		9,
		5,
		0,
		0,
		4,
		5,
		7,
		0,
		0,
		0,
		1,
		0,
		0,
		0,
		0,
		1,
		0,
		0,
		0,
		6,
		9,
		5,
		1,
		1,
		9,
		6,
		8,
		0,
		0,
		5,
		8,
		4,
		0,
		0,
		0,
		0,
		1,
		0,
		0,
		0,
		0,
		1,
		0,
		0,
		4,
		5,
		7,
		0,
		0,
		5,
		8,
		4,
		1,
		1,
		7,
		4,
		2
	],
	"formal_code":[
		5,
		9,
		0,
		768
	],
	"tensor_product_decompositions":{
		"identifiers":[
			"formal_code"
		],
		"value":[]
	},
	"sub_fusion_rings":{
		"identifiers":[
			"injection",
			"formal_code"
		],
		"value":[
			[
				[
					1,
					2
				],
				[
					2,
					1,
					0,
					1
				]
			]
		]
	},
	"numeric_characters":[
		[
			[
				1.0,
				0
			],
			[
				1.0,
				0
			],
			[
				1.5549631756689283e1,
				0
			],
			[
				1.821275169161979e1,
				0
			],
			[
				2.0300630603480684e1,
				0
			]
		],
		[
			[
				1.0,
				0
			],
			[
				1.0,
				0
			],
			[
				-4.340146402363247,
				0
			],
			[
				3.697490251486778,
				0
			],
			[
				-9.131704043358017e-2,
				0
			]
		],
		[
			[
				1.0,
				0
			],
			[
				1.0,
				0
			],
			[
				7.643295174864573e-2,
				0
			],
			[
				-0.4452044073690749,
				0
			],
			[
				0.24235173604981092,
				0
			]
		],
		[
			[
				1.0,
				0
			],
			[
				1.0,
				0
			],
			[
				2.714081693925318,
				0
			],
			[
				2.534962464262506,
				0
			],
			[
				-4.451665299096914,
				0
			]
		],
		[
			[
				1.0,
				0
			],
			[
				-1.0,
				0
			],
			[
				0.0,
				0
			],
			[
				0.0,
				0
			],
			[
				0.0,
				0
			]
		]
	],
	"numeric_frobenius_perron_dimensions":[
		1.0,
		1.0,
		1.5549631756689283e1,
		1.821275169161979e1,
		2.0300630603480684e1
	],
	"numeric_frobenius_perron_dimension":9.87610974848216e2,
	"info":"Fusion ring. mult_tab provides structure constants. barcode and formal_code provide unique identifiers see (DOI: 10.1063\/5.0148848). sub_fusion_rings provides tuples where the first element corresponds to the elements of the ring that form the subring isomorphic to the ring identified by the second element of the tuple. software provides doi of original software used to represent fusion ring.",
	"comments":[
		""
	]
}