{
	"references":[
		""
	],
	"software":[
		"https:\/\/doi.org\/10.5281\/zenodo.15920400"
	],
	"mult_tab":[
		[
			[
				1,
				0,
				0,
				0,
				0
			],
			[
				0,
				1,
				0,
				0,
				0
			],
			[
				0,
				0,
				1,
				0,
				0
			],
			[
				0,
				0,
				0,
				1,
				0
			],
			[
				0,
				0,
				0,
				0,
				1
			]
		],
		[
			[
				0,
				1,
				0,
				0,
				0
			],
			[
				1,
				11,
				2,
				3,
				4
			],
			[
				0,
				2,
				7,
				7,
				7
			],
			[
				0,
				3,
				7,
				7,
				7
			],
			[
				0,
				4,
				7,
				7,
				7
			]
		],
		[
			[
				0,
				0,
				1,
				0,
				0
			],
			[
				0,
				2,
				7,
				7,
				7
			],
			[
				1,
				7,
				8,
				7,
				9
			],
			[
				0,
				7,
				7,
				10,
				8
			],
			[
				0,
				7,
				9,
				8,
				9
			]
		],
		[
			[
				0,
				0,
				0,
				1,
				0
			],
			[
				0,
				3,
				7,
				7,
				7
			],
			[
				0,
				7,
				7,
				10,
				8
			],
			[
				1,
				7,
				10,
				6,
				10
			],
			[
				0,
				7,
				8,
				10,
				9
			]
		],
		[
			[
				0,
				0,
				0,
				0,
				1
			],
			[
				0,
				4,
				7,
				7,
				7
			],
			[
				0,
				7,
				9,
				8,
				9
			],
			[
				0,
				7,
				8,
				10,
				9
			],
			[
				1,
				7,
				9,
				9,
				10
			]
		]
	],
	"texnames":[
		"\\text{FR}^{5,11,0}_{219}"
	],
	"barcode":[
		6,
		5,
		8,
		3,
		7,
		7,
		0,
		0,
		7,
		1,
		1,
		6,
		2,
		1,
		8,
		2,
		3,
		4,
		2,
		2,
		0,
		4,
		1,
		2,
		6,
		8,
		4,
		4,
		3,
		7,
		1,
		5,
		4,
		9,
		0,
		8,
		0,
		7,
		7,
		1,
		9,
		2,
		3,
		6,
		0,
		4,
		8,
		7,
		9,
		8,
		3,
		2,
		7,
		1,
		5,
		5,
		5,
		2,
		6,
		7,
		7,
		1,
		3,
		6,
		4,
		1,
		9,
		8,
		8,
		1,
		3,
		4,
		9,
		5,
		6,
		8,
		1,
		9,
		6,
		7,
		4,
		8,
		1,
		3,
		4,
		7,
		8,
		3,
		0,
		7,
		8,
		9,
		4,
		5,
		5,
		6,
		5,
		9,
		3,
		7,
		8,
		7,
		0,
		7,
		4,
		0,
		9,
		1,
		5,
		2,
		0,
		6,
		2,
		9,
		7,
		2,
		5,
		2,
		7,
		9,
		2,
		0,
		1,
		1,
		4,
		1,
		6,
		5,
		4,
		8,
		3,
		0,
		2,
		0
	],
	"formal_code":[
		5,
		11,
		0,
		219
	],
	"tensor_product_decompositions":{
		"identifiers":[
			"formal_code"
		],
		"value":[]
	},
	"sub_fusion_rings":{
		"identifiers":[
			"injection",
			"formal_code"
		],
		"value":[]
	},
	"numeric_characters":[
		[
			[
				1.0,
				0
			],
			[
				2.323105196187567e1,
				0
			],
			[
				3.0237800408303894e1,
				0
			],
			[
				3.1237800408303894e1,
				0
			],
			[
				3.22378004083039e1,
				0
			]
		],
		[
			[
				1.0,
				0
			],
			[
				0.0,
				0
			],
			[
				2.618033988749895,
				0
			],
			[
				-4.23606797749979,
				0
			],
			[
				1.618033988749895,
				0
			]
		],
		[
			[
				1.0,
				0
			],
			[
				9.068009003289907,
				0
			],
			[
				-3.2799235280491295,
				0
			],
			[
				-2.2799235280491295,
				0
			],
			[
				-1.2799235280491292,
				0
			]
		],
		[
			[
				1.0,
				0
			],
			[
				-0.2990609651655772,
				0
			],
			[
				-0.9578768802547649,
				0
			],
			[
				4.212311974523507e-2,
				0
			],
			[
				1.042123119745235,
				0
			]
		],
		[
			[
				1.0,
				0
			],
			[
				0.0,
				0
			],
			[
				0.3819660112501051,
				0
			],
			[
				0.2360679774997898,
				0
			],
			[
				-0.6180339887498949,
				0
			]
		]
	],
	"numeric_frobenius_perron_dimensions":[
		1.0,
		2.323105196187567e1,
		3.0237800408303894e1,
		3.1237800408303894e1,
		3.22378004083039e1
	],
	"numeric_frobenius_perron_dimension":3.47008229830246e3,
	"info":"Fusion ring. mult_tab provides structure constants. barcode and formal_code provide unique identifiers see (DOI: 10.1063\/5.0148848). sub_fusion_rings provides tuples where the first element corresponds to the elements of the ring that form the subring isomorphic to the ring identified by the second element of the tuple. software provides doi of original software used to represent fusion ring.",
	"comments":[
		""
	]
}