{
	"references":[
		""
	],
	"software":[
		"https:\/\/doi.org\/10.5281\/zenodo.15920400"
	],
	"mult_tab":[
		[
			[
				1,
				0,
				0,
				0,
				0
			],
			[
				0,
				1,
				0,
				0,
				0
			],
			[
				0,
				0,
				1,
				0,
				0
			],
			[
				0,
				0,
				0,
				1,
				0
			],
			[
				0,
				0,
				0,
				0,
				1
			]
		],
		[
			[
				0,
				1,
				0,
				0,
				0
			],
			[
				1,
				2,
				2,
				10,
				11
			],
			[
				0,
				2,
				3,
				10,
				11
			],
			[
				0,
				10,
				10,
				4,
				6
			],
			[
				0,
				11,
				11,
				6,
				7
			]
		],
		[
			[
				0,
				0,
				1,
				0,
				0
			],
			[
				0,
				2,
				3,
				10,
				11
			],
			[
				1,
				3,
				3,
				10,
				11
			],
			[
				0,
				10,
				10,
				5,
				6
			],
			[
				0,
				11,
				11,
				6,
				8
			]
		],
		[
			[
				0,
				0,
				0,
				1,
				0
			],
			[
				0,
				10,
				10,
				4,
				6
			],
			[
				0,
				10,
				10,
				5,
				6
			],
			[
				1,
				4,
				5,
				9,
				13
			],
			[
				0,
				6,
				6,
				13,
				12
			]
		],
		[
			[
				0,
				0,
				0,
				0,
				1
			],
			[
				0,
				11,
				11,
				6,
				7
			],
			[
				0,
				11,
				11,
				6,
				8
			],
			[
				0,
				6,
				6,
				13,
				12
			],
			[
				1,
				7,
				8,
				12,
				16
			]
		]
	],
	"texnames":[
		"\\text{FR}^{5,16,0}_{181}"
	],
	"barcode":[
		3,
		7,
		6,
		4,
		1,
		4,
		4,
		3,
		4,
		3,
		0,
		6,
		5,
		8,
		9,
		6,
		9,
		9,
		4,
		3,
		9,
		0,
		0,
		0,
		5,
		8,
		2,
		8,
		2,
		6,
		5,
		5,
		9,
		0,
		2,
		3,
		0,
		6,
		1,
		4,
		4,
		8,
		9,
		2,
		8,
		9,
		3,
		5,
		1,
		4,
		8,
		3,
		8,
		7,
		2,
		2,
		5,
		8,
		2,
		1,
		7,
		4,
		9,
		7,
		7,
		4,
		8,
		8,
		9,
		9,
		4,
		2,
		5,
		4,
		0,
		0,
		6,
		0,
		6,
		7,
		8,
		5,
		7,
		3,
		2,
		4,
		0,
		5,
		4,
		5,
		1,
		4,
		2,
		3,
		7,
		5,
		6,
		0,
		8,
		9,
		6,
		7,
		6,
		9,
		7,
		6,
		6,
		8,
		0,
		4,
		5,
		0,
		8,
		0,
		5,
		7,
		8,
		4,
		4,
		5,
		3,
		0,
		4,
		5,
		2,
		4,
		6,
		4,
		8,
		3,
		2,
		1,
		1,
		1,
		2,
		5,
		1,
		4,
		9,
		9,
		3,
		3,
		1,
		5,
		7,
		3,
		4,
		0,
		4,
		8,
		8,
		0,
		1
	],
	"formal_code":[
		5,
		16,
		0,
		181
	],
	"tensor_product_decompositions":{
		"identifiers":[
			"formal_code"
		],
		"value":[]
	},
	"sub_fusion_rings":{
		"identifiers":[
			"injection",
			"formal_code"
		],
		"value":[]
	},
	"numeric_characters":[
		[
			[
				1.0,
				0
			],
			[
				2.9407388616792048e1,
				0
			],
			[
				3.0407388616792048e1,
				0
			],
			[
				3.253379794643915e1,
				0
			],
			[
				3.807517921158826e1,
				0
			]
		],
		[
			[
				1.0,
				0
			],
			[
				-1.3327035974089874e1,
				0
			],
			[
				-1.2327035974089874e1,
				0
			],
			[
				1.1136820269889776e1,
				0
			],
			[
				1.0595439004740667e1,
				0
			]
		],
		[
			[
				1.0,
				0
			],
			[
				-0.6177197607482787,
				0
			],
			[
				0.3822802392517213,
				0
			],
			[
				-2.9096541509918183,
				0
			],
			[
				2.6317271141572918,
				0
			]
		],
		[
			[
				1.0,
				0
			],
			[
				1.0,
				0
			],
			[
				-1.0,
				0
			],
			[
				0.0,
				0
			],
			[
				0.0,
				0
			]
		],
		[
			[
				1.0,
				0
			],
			[
				-0.4626328819538955,
				0
			],
			[
				0.5373671180461045,
				0
			],
			[
				0.23903593466289322,
				0
			],
			[
				-0.30234533048621665,
				0
			]
		]
	],
	"numeric_frobenius_perron_dimensions":[
		1.0,
		2.9407388616792048e1,
		3.0407388616792048e1,
		3.253379794643915e1,
		3.807517921158826e1
	],
	"numeric_frobenius_perron_dimension":4.298571068565936e3,
	"info":"Fusion ring. mult_tab provides structure constants. barcode and formal_code provide unique identifiers see (DOI: 10.1063\/5.0148848). sub_fusion_rings provides tuples where the first element corresponds to the elements of the ring that form the subring isomorphic to the ring identified by the second element of the tuple. software provides doi of original software used to represent fusion ring.",
	"comments":[
		""
	]
}