{
	"references":[
		""
	],
	"software":[
		"https:\/\/doi.org\/10.5281\/zenodo.15920400"
	],
	"mult_tab":[
		[
			[
				1,
				0,
				0,
				0,
				0
			],
			[
				0,
				1,
				0,
				0,
				0
			],
			[
				0,
				0,
				1,
				0,
				0
			],
			[
				0,
				0,
				0,
				1,
				0
			],
			[
				0,
				0,
				0,
				0,
				1
			]
		],
		[
			[
				0,
				1,
				0,
				0,
				0
			],
			[
				1,
				3,
				3,
				0,
				3
			],
			[
				0,
				3,
				1,
				3,
				3
			],
			[
				0,
				0,
				3,
				3,
				5
			],
			[
				0,
				3,
				3,
				5,
				6
			]
		],
		[
			[
				0,
				0,
				1,
				0,
				0
			],
			[
				0,
				3,
				1,
				3,
				3
			],
			[
				1,
				1,
				4,
				2,
				4
			],
			[
				0,
				3,
				2,
				5,
				4
			],
			[
				0,
				3,
				4,
				4,
				8
			]
		],
		[
			[
				0,
				0,
				0,
				1,
				0
			],
			[
				0,
				0,
				3,
				3,
				5
			],
			[
				0,
				3,
				2,
				5,
				4
			],
			[
				1,
				3,
				5,
				3,
				6
			],
			[
				0,
				5,
				4,
				6,
				9
			]
		],
		[
			[
				0,
				0,
				0,
				0,
				1
			],
			[
				0,
				3,
				3,
				5,
				6
			],
			[
				0,
				3,
				4,
				4,
				8
			],
			[
				0,
				5,
				4,
				6,
				9
			],
			[
				1,
				6,
				8,
				9,
				12
			]
		]
	],
	"texnames":[
		"\\text{FR}^{5,12,0}_{1184}"
	],
	"barcode":[
		1,
		3,
		4,
		5,
		7,
		8,
		5,
		2,
		8,
		7,
		0,
		6,
		3,
		2,
		5,
		1,
		9,
		2,
		9,
		5,
		4,
		0,
		9,
		2,
		4,
		6,
		7,
		7,
		1,
		2,
		3,
		4,
		6,
		1,
		8,
		9,
		6,
		6,
		8,
		5,
		3,
		5,
		7,
		1,
		5,
		6,
		6,
		2,
		5,
		8,
		2,
		1,
		7,
		0,
		0,
		9,
		9,
		5,
		7,
		0,
		5,
		7,
		7,
		0,
		7,
		9,
		8,
		6,
		4,
		4,
		5,
		8,
		9,
		4,
		9,
		5,
		5,
		3,
		0,
		3,
		4,
		4,
		1,
		6,
		1,
		5,
		0,
		3,
		3,
		2,
		4,
		1,
		0,
		0,
		0,
		8,
		7,
		7,
		8,
		8,
		0,
		5,
		3,
		6,
		6,
		7,
		9,
		5,
		5,
		1,
		0,
		5,
		4,
		3,
		9,
		6,
		0,
		5,
		8,
		6,
		2,
		0,
		0,
		6,
		7,
		9,
		0,
		0,
		4,
		9,
		7,
		4,
		5,
		7,
		3,
		4,
		5,
		2,
		7
	],
	"formal_code":[
		5,
		12,
		0,
		1184
	],
	"tensor_product_decompositions":{
		"identifiers":[
			"formal_code"
		],
		"value":[]
	},
	"sub_fusion_rings":{
		"identifiers":[
			"injection",
			"formal_code"
		],
		"value":[]
	},
	"numeric_characters":[
		[
			[
				1.0,
				0
			],
			[
				1.2634853649586466e1,
				0
			],
			[
				1.4503916149830546e1,
				0
			],
			[
				1.787438781739174e1,
				0
			],
			[
				2.5741072449405802e1,
				0
			]
		],
		[
			[
				1.0,
				0
			],
			[
				-2.7806180269469545,
				0
			],
			[
				3.467722681654475,
				0
			],
			[
				-3.146267816511564,
				0
			],
			[
				1.5568408825532714,
				0
			]
		],
		[
			[
				1.0,
				0
			],
			[
				-0.11979458482592917,
				0
			],
			[
				-0.4197261285497398,
				0
			],
			[
				6.549263921903811e-2,
				0
			],
			[
				0.2109709608935412,
				0
			]
		],
		[
			[
				1.0,
				0
			],
			[
				3.405115260712515,
				0
			],
			[
				0.7557595511023961,
				0
			],
			[
				-2.1699474852148195,
				0
			],
			[
				-0.6292714989024913,
				0
			]
		],
		[
			[
				1.0,
				0
			],
			[
				-0.13955629852609763,
				0
			],
			[
				1.692327745962323,
				0
			],
			[
				1.376334845115608,
				0
			],
			[
				-1.8796127939501235,
				0
			]
		]
	],
	"numeric_frobenius_perron_dimensions":[
		1.0,
		1.2634853649586466e1,
		1.4503916149830546e1,
		1.787438781739174e1,
		2.5741072449405802e1
	],
	"numeric_frobenius_perron_dimension":1.3530996611198643e3,
	"info":"Fusion ring. mult_tab provides structure constants. barcode and formal_code provide unique identifiers see (DOI: 10.1063\/5.0148848). sub_fusion_rings provides tuples where the first element corresponds to the elements of the ring that form the subring isomorphic to the ring identified by the second element of the tuple. software provides doi of original software used to represent fusion ring.",
	"comments":[
		""
	]
}