{
	"references":[
		""
	],
	"software":[
		"https:\/\/doi.org\/10.5281\/zenodo.15920400"
	],
	"mult_tab":[
		[
			[
				1,
				0,
				0,
				0,
				0
			],
			[
				0,
				1,
				0,
				0,
				0
			],
			[
				0,
				0,
				1,
				0,
				0
			],
			[
				0,
				0,
				0,
				1,
				0
			],
			[
				0,
				0,
				0,
				0,
				1
			]
		],
		[
			[
				0,
				1,
				0,
				0,
				0
			],
			[
				1,
				4,
				2,
				1,
				0
			],
			[
				0,
				2,
				0,
				2,
				2
			],
			[
				0,
				1,
				2,
				2,
				4
			],
			[
				0,
				0,
				2,
				4,
				4
			]
		],
		[
			[
				0,
				0,
				1,
				0,
				0
			],
			[
				0,
				2,
				0,
				2,
				2
			],
			[
				1,
				0,
				5,
				1,
				2
			],
			[
				0,
				2,
				1,
				4,
				4
			],
			[
				0,
				2,
				2,
				4,
				5
			]
		],
		[
			[
				0,
				0,
				0,
				1,
				0
			],
			[
				0,
				1,
				2,
				2,
				4
			],
			[
				0,
				2,
				1,
				4,
				4
			],
			[
				1,
				2,
				4,
				8,
				4
			],
			[
				0,
				4,
				4,
				4,
				9
			]
		],
		[
			[
				0,
				0,
				0,
				0,
				1
			],
			[
				0,
				0,
				2,
				4,
				4
			],
			[
				0,
				2,
				2,
				4,
				5
			],
			[
				0,
				4,
				4,
				4,
				9
			],
			[
				1,
				4,
				5,
				9,
				7
			]
		]
	],
	"texnames":[
		"\\text{FR}^{5,9,0}_{542}"
	],
	"barcode":[
		1,
		0,
		0,
		0,
		0,
		0,
		1,
		0,
		0,
		0,
		0,
		0,
		1,
		0,
		0,
		0,
		0,
		0,
		1,
		0,
		0,
		0,
		0,
		0,
		1,
		0,
		1,
		0,
		0,
		0,
		1,
		8,
		4,
		4,
		2,
		0,
		4,
		1,
		4,
		2,
		0,
		4,
		4,
		9,
		4,
		0,
		2,
		2,
		4,
		1,
		0,
		0,
		1,
		0,
		0,
		0,
		4,
		1,
		4,
		2,
		1,
		1,
		5,
		2,
		0,
		0,
		4,
		2,
		5,
		2,
		0,
		2,
		0,
		2,
		2,
		0,
		0,
		0,
		1,
		0,
		0,
		4,
		4,
		9,
		4,
		0,
		4,
		2,
		5,
		2,
		1,
		9,
		5,
		7,
		4,
		0,
		4,
		2,
		4,
		0,
		0,
		0,
		0,
		0,
		1,
		0,
		2,
		2,
		4,
		1,
		0,
		2,
		0,
		2,
		2,
		0,
		4,
		2,
		4,
		0,
		1,
		1,
		2,
		0,
		4
	],
	"formal_code":[
		5,
		9,
		0,
		542
	],
	"tensor_product_decompositions":{
		"identifiers":[
			"formal_code"
		],
		"value":[]
	},
	"sub_fusion_rings":{
		"identifiers":[
			"injection",
			"formal_code"
		],
		"value":[]
	},
	"numeric_characters":[
		[
			[
				1.0,
				0
			],
			[
				8.486948600747535,
				0
			],
			[
				1.0371590525032323e1,
				0
			],
			[
				1.6337321098675762e1,
				0
			],
			[
				1.9187308147551434e1,
				0
			]
		],
		[
			[
				1.0,
				0
			],
			[
				4.45864711703801,
				0
			],
			[
				0.8443559477762751,
				0
			],
			[
				-0.6437662494332308,
				0
			],
			[
				-1.9325382614514865,
				0
			]
		],
		[
			[
				1.0,
				0
			],
			[
				-1.5775253534944726,
				0
			],
			[
				4.6366388073832825,
				0
			],
			[
				-1.4745899598708148,
				0
			],
			[
				-0.605092323456464,
				0
			]
		],
		[
			[
				1.0,
				0
			],
			[
				-1.2618651018686664,
				0
			],
			[
				0.39611086064022094,
				0
			],
			[
				4.8475422215082435,
				0
			],
			[
				-3.8355963553961057,
				0
			]
		],
		[
			[
				1.0,
				0
			],
			[
				-0.10620526242240666,
				0
			],
			[
				-0.24869614083210104,
				0
			],
			[
				-6.650711087995904e-2,
				0
			],
			[
				0.18591879275262224,
				0
			]
		]
	],
	"numeric_frobenius_perron_dimensions":[
		1.0,
		8.486948600747535,
		1.0371590525032323e1,
		1.6337321098675762e1,
		1.9187308147551434e1
	],
	"numeric_frobenius_perron_dimension":8.156590412010006e2,
	"info":"Fusion ring. mult_tab provides structure constants. barcode and formal_code provide unique identifiers see (DOI: 10.1063\/5.0148848). sub_fusion_rings provides tuples where the first element corresponds to the elements of the ring that form the subring isomorphic to the ring identified by the second element of the tuple. software provides doi of original software used to represent fusion ring.",
	"comments":[
		""
	]
}