{
	"references":[
		""
	],
	"software":[
		"https:\/\/doi.org\/10.5281\/zenodo.15920400"
	],
	"mult_tab":[
		[
			[
				1,
				0,
				0,
				0,
				0
			],
			[
				0,
				1,
				0,
				0,
				0
			],
			[
				0,
				0,
				1,
				0,
				0
			],
			[
				0,
				0,
				0,
				1,
				0
			],
			[
				0,
				0,
				0,
				0,
				1
			]
		],
		[
			[
				0,
				1,
				0,
				0,
				0
			],
			[
				1,
				0,
				0,
				0,
				0
			],
			[
				0,
				0,
				1,
				0,
				0
			],
			[
				0,
				0,
				0,
				1,
				0
			],
			[
				0,
				0,
				0,
				0,
				1
			]
		],
		[
			[
				0,
				0,
				1,
				0,
				0
			],
			[
				0,
				0,
				1,
				0,
				0
			],
			[
				1,
				1,
				3,
				6,
				6
			],
			[
				0,
				0,
				6,
				5,
				8
			],
			[
				0,
				0,
				6,
				8,
				7
			]
		],
		[
			[
				0,
				0,
				0,
				1,
				0
			],
			[
				0,
				0,
				0,
				1,
				0
			],
			[
				0,
				0,
				6,
				5,
				8
			],
			[
				1,
				1,
				5,
				9,
				9
			],
			[
				0,
				0,
				8,
				9,
				9
			]
		],
		[
			[
				0,
				0,
				0,
				0,
				1
			],
			[
				0,
				0,
				0,
				0,
				1
			],
			[
				0,
				0,
				6,
				8,
				7
			],
			[
				0,
				0,
				8,
				9,
				9
			],
			[
				1,
				1,
				7,
				9,
				12
			]
		]
	],
	"texnames":[
		"\\text{FR}^{5,12,0}_{2155}"
	],
	"barcode":[
		1,
		3,
		4,
		5,
		7,
		8,
		5,
		2,
		8,
		7,
		0,
		6,
		3,
		2,
		5,
		1,
		9,
		2,
		9,
		5,
		4,
		0,
		9,
		2,
		4,
		6,
		7,
		7,
		1,
		2,
		3,
		4,
		6,
		1,
		3,
		9,
		6,
		0,
		1,
		0,
		1,
		3,
		3,
		2,
		6,
		1,
		6,
		5,
		6,
		2,
		3,
		4,
		8,
		4,
		6,
		0,
		6,
		4,
		3,
		8,
		1,
		2,
		4,
		9,
		6,
		8,
		1,
		0,
		3,
		8,
		7,
		2,
		2,
		6,
		2,
		1,
		1,
		0,
		0,
		4,
		3,
		5,
		4,
		0,
		7,
		0,
		9,
		4,
		6,
		9,
		9,
		9,
		7,
		2,
		5,
		5,
		3,
		7,
		4,
		9,
		2,
		0,
		7,
		8,
		0,
		1,
		9,
		9,
		0,
		8,
		7,
		0,
		4,
		2,
		5,
		4,
		1,
		3,
		6,
		0,
		4,
		5,
		0,
		7,
		1,
		6,
		0,
		6,
		2,
		5,
		8,
		0,
		4,
		9,
		0,
		9,
		7,
		1,
		2
	],
	"formal_code":[
		5,
		12,
		0,
		2155
	],
	"tensor_product_decompositions":{
		"identifiers":[
			"formal_code"
		],
		"value":[]
	},
	"sub_fusion_rings":{
		"identifiers":[
			"injection",
			"formal_code"
		],
		"value":[
			[
				[
					1,
					2
				],
				[
					2,
					1,
					0,
					1
				]
			]
		]
	},
	"numeric_characters":[
		[
			[
				1.0,
				0
			],
			[
				1.0,
				0
			],
			[
				1.867366837713919e1,
				0
			],
			[
				2.305202095647195e1,
				0
			],
			[
				2.5395459964853163e1,
				0
			]
		],
		[
			[
				1.0,
				0
			],
			[
				1.0,
				0
			],
			[
				-2.5962973700540544,
				0
			],
			[
				2.795172868642899,
				0
			],
			[
				-0.7068975113242717,
				0
			]
		],
		[
			[
				1.0,
				0
			],
			[
				1.0,
				0
			],
			[
				0.6805325170403606,
				0
			],
			[
				-0.18695726421862638,
				0
			],
			[
				-0.40945490984333915,
				0
			]
		],
		[
			[
				1.0,
				0
			],
			[
				1.0,
				0
			],
			[
				-1.757903524125498,
				0
			],
			[
				-1.6602365608962235,
				0
			],
			[
				2.7208924563144468,
				0
			]
		],
		[
			[
				1.0,
				0
			],
			[
				-1.0,
				0
			],
			[
				0.0,
				0
			],
			[
				0.0,
				0
			],
			[
				0.0,
				0
			]
		]
	],
	"numeric_frobenius_perron_dimensions":[
		1.0,
		1.0,
		1.867366837713919e1,
		2.305202095647195e1,
		2.5395459964853163e1
	],
	"numeric_frobenius_perron_dimension":1.5270309476634498e3,
	"info":"Fusion ring. mult_tab provides structure constants. barcode and formal_code provide unique identifiers see (DOI: 10.1063\/5.0148848). sub_fusion_rings provides tuples where the first element corresponds to the elements of the ring that form the subring isomorphic to the ring identified by the second element of the tuple. software provides doi of original software used to represent fusion ring.",
	"comments":[
		""
	]
}