{
	"references":[
		""
	],
	"software":[
		"https:\/\/doi.org\/10.5281\/zenodo.15920400"
	],
	"mult_tab":[
		[
			[
				1,
				0,
				0,
				0,
				0
			],
			[
				0,
				1,
				0,
				0,
				0
			],
			[
				0,
				0,
				1,
				0,
				0
			],
			[
				0,
				0,
				0,
				1,
				0
			],
			[
				0,
				0,
				0,
				0,
				1
			]
		],
		[
			[
				0,
				1,
				0,
				0,
				0
			],
			[
				1,
				3,
				3,
				6,
				5
			],
			[
				0,
				3,
				8,
				4,
				7
			],
			[
				0,
				6,
				4,
				7,
				6
			],
			[
				0,
				5,
				7,
				6,
				8
			]
		],
		[
			[
				0,
				0,
				1,
				0,
				0
			],
			[
				0,
				3,
				8,
				4,
				7
			],
			[
				1,
				8,
				4,
				11,
				7
			],
			[
				0,
				4,
				11,
				5,
				9
			],
			[
				0,
				7,
				7,
				9,
				11
			]
		],
		[
			[
				0,
				0,
				0,
				1,
				0
			],
			[
				0,
				6,
				4,
				7,
				6
			],
			[
				0,
				4,
				11,
				5,
				9
			],
			[
				1,
				7,
				5,
				10,
				8
			],
			[
				0,
				6,
				9,
				8,
				11
			]
		],
		[
			[
				0,
				0,
				0,
				0,
				1
			],
			[
				0,
				5,
				7,
				6,
				8
			],
			[
				0,
				7,
				7,
				9,
				11
			],
			[
				0,
				6,
				9,
				8,
				11
			],
			[
				1,
				8,
				11,
				11,
				10
			]
		]
	],
	"texnames":[
		"\\text{FR}^{5,11,0}_{222}"
	],
	"barcode":[
		6,
		5,
		8,
		3,
		7,
		7,
		0,
		0,
		7,
		1,
		1,
		6,
		2,
		1,
		8,
		2,
		3,
		4,
		2,
		2,
		0,
		4,
		1,
		2,
		6,
		8,
		4,
		4,
		3,
		7,
		1,
		5,
		4,
		9,
		2,
		3,
		5,
		9,
		4,
		3,
		1,
		3,
		3,
		5,
		8,
		9,
		6,
		1,
		1,
		8,
		3,
		6,
		7,
		3,
		2,
		3,
		6,
		9,
		4,
		4,
		8,
		3,
		3,
		4,
		7,
		3,
		9,
		5,
		7,
		3,
		1,
		0,
		5,
		8,
		9,
		6,
		3,
		6,
		9,
		7,
		8,
		0,
		6,
		3,
		4,
		5,
		4,
		6,
		2,
		5,
		4,
		8,
		6,
		8,
		3,
		5,
		5,
		1,
		9,
		7,
		0,
		5,
		3,
		2,
		0,
		1,
		7,
		3,
		8,
		3,
		0,
		9,
		7,
		1,
		8,
		9,
		1,
		4,
		4,
		6,
		4,
		4,
		2,
		9,
		1,
		1,
		3,
		4,
		4,
		1,
		8,
		8,
		3,
		6
	],
	"formal_code":[
		5,
		11,
		0,
		222
	],
	"tensor_product_decompositions":{
		"identifiers":[
			"formal_code"
		],
		"value":[]
	},
	"sub_fusion_rings":{
		"identifiers":[
			"injection",
			"formal_code"
		],
		"value":[]
	},
	"numeric_characters":[
		[
			[
				1.0,
				0
			],
			[
				2.2476494172711337e1,
				0
			],
			[
				2.9382090536799417e1,
				0
			],
			[
				2.957810698055284e1,
				0
			],
			[
				3.4229678856815475e1,
				0
			]
		],
		[
			[
				1.0,
				0
			],
			[
				4.609223077272302,
				0
			],
			[
				-8.11421998571048,
				0
			],
			[
				6.676831522785833,
				0
			],
			[
				-1.8602122070681824,
				0
			]
		],
		[
			[
				1.0,
				0
			],
			[
				0.3512881355936542,
				0
			],
			[
				-6.99133508800822e-2,
				0
			],
			[
				-0.4295209248819356,
				0
			],
			[
				0.17128090987195263,
				0
			]
		],
		[
			[
				1.0,
				0
			],
			[
				-1.8154021263548774,
				0
			],
			[
				-0.1534032555558872,
				0
			],
			[
				1.029777367434295,
				0
			],
			[
				0.40468736430006697,
				0
			]
		],
		[
			[
				1.0,
				0
			],
			[
				0.37839674077758423,
				0
			],
			[
				1.9554460553470316,
				0
			],
			[
				1.1448050541089674,
				0
			],
			[
				-2.945434923919311,
				0
			]
		]
	],
	"numeric_frobenius_perron_dimensions":[
		1.0,
		2.2476494172711337e1,
		2.9382090536799417e1,
		2.957810698055284e1,
		3.4229678856815475e1
	],
	"numeric_frobenius_perron_dimension":3.4160353618023537e3,
	"info":"Fusion ring. mult_tab provides structure constants. barcode and formal_code provide unique identifiers see (DOI: 10.1063\/5.0148848). sub_fusion_rings provides tuples where the first element corresponds to the elements of the ring that form the subring isomorphic to the ring identified by the second element of the tuple. software provides doi of original software used to represent fusion ring.",
	"comments":[
		""
	]
}