{
	"references":[
		""
	],
	"software":[
		"https:\/\/doi.org\/10.5281\/zenodo.15920400"
	],
	"mult_tab":[
		[
			[
				1,
				0,
				0,
				0,
				0
			],
			[
				0,
				1,
				0,
				0,
				0
			],
			[
				0,
				0,
				1,
				0,
				0
			],
			[
				0,
				0,
				0,
				1,
				0
			],
			[
				0,
				0,
				0,
				0,
				1
			]
		],
		[
			[
				0,
				1,
				0,
				0,
				0
			],
			[
				1,
				0,
				0,
				0,
				0
			],
			[
				0,
				0,
				1,
				0,
				0
			],
			[
				0,
				0,
				0,
				1,
				0
			],
			[
				0,
				0,
				0,
				0,
				1
			]
		],
		[
			[
				0,
				0,
				1,
				0,
				0
			],
			[
				0,
				0,
				1,
				0,
				0
			],
			[
				1,
				1,
				0,
				2,
				3
			],
			[
				0,
				0,
				2,
				2,
				2
			],
			[
				0,
				0,
				3,
				2,
				4
			]
		],
		[
			[
				0,
				0,
				0,
				1,
				0
			],
			[
				0,
				0,
				0,
				1,
				0
			],
			[
				0,
				0,
				2,
				2,
				2
			],
			[
				1,
				1,
				2,
				5,
				0
			],
			[
				0,
				0,
				2,
				0,
				6
			]
		],
		[
			[
				0,
				0,
				0,
				0,
				1
			],
			[
				0,
				0,
				0,
				0,
				1
			],
			[
				0,
				0,
				3,
				2,
				4
			],
			[
				0,
				0,
				2,
				0,
				6
			],
			[
				1,
				1,
				4,
				6,
				5
			]
		]
	],
	"texnames":[
		"\\text{FR}^{5,6,0}_{119}"
	],
	"barcode":[
		6,
		1,
		9,
		6,
		7,
		0,
		2,
		5,
		9,
		6,
		9,
		5,
		7,
		2,
		7,
		7,
		0,
		5,
		5,
		2,
		5,
		0,
		6,
		7,
		0,
		4,
		1,
		6,
		6,
		1,
		4,
		7,
		0,
		8,
		6,
		4,
		1,
		1,
		2,
		5,
		5,
		6,
		3,
		9,
		6,
		2,
		9,
		8,
		4,
		4,
		2,
		1,
		6,
		4,
		7,
		9,
		9,
		7,
		8,
		3,
		2,
		5,
		3,
		5,
		6,
		9,
		4,
		6,
		8,
		3,
		8,
		7,
		0,
		8,
		3,
		9,
		4,
		6,
		5,
		2,
		4,
		7,
		9,
		4,
		0,
		4,
		1,
		6,
		9,
		7,
		7,
		1,
		3,
		3,
		9,
		2,
		5,
		8,
		0,
		7,
		1,
		5,
		8,
		2,
		5
	],
	"formal_code":[
		5,
		6,
		0,
		119
	],
	"tensor_product_decompositions":{
		"identifiers":[
			"formal_code"
		],
		"value":[]
	},
	"sub_fusion_rings":{
		"identifiers":[
			"injection",
			"formal_code"
		],
		"value":[
			[
				[
					1,
					2
				],
				[
					2,
					1,
					0,
					1
				]
			]
		]
	},
	"numeric_characters":[
		[
			[
				1.0,
				0
			],
			[
				1.0,
				0
			],
			[
				7.131893979046532,
				0
			],
			[
				7.244869646059105,
				0
			],
			[
				1.1458057478747318e1,
				0
			]
		],
		[
			[
				1.0,
				0
			],
			[
				1.0,
				0
			],
			[
				0.7777037245950202,
				0
			],
			[
				5.631358722534044,
				0
			],
			[
				-4.219298120606374,
				0
			]
		],
		[
			[
				1.0,
				0
			],
			[
				1.0,
				0
			],
			[
				0.5794735316747891,
				0
			],
			[
				-0.5674007014652614,
				0
			],
			[
				-0.17646967438594144,
				0
			]
		],
		[
			[
				1.0,
				0
			],
			[
				-1.0,
				0
			],
			[
				0.0,
				0
			],
			[
				0.0,
				0
			],
			[
				0.0,
				0
			]
		],
		[
			[
				1.0,
				0
			],
			[
				1.0,
				0
			],
			[
				-2.4890712353163407,
				0
			],
			[
				0.6911723328721117,
				0
			],
			[
				0.9377103162449969,
				0
			]
		]
	],
	"numeric_frobenius_perron_dimensions":[
		1.0,
		1.0,
		7.131893979046532,
		7.244869646059104,
		1.145805747874732e1
	],
	"numeric_frobenius_perron_dimension":2.366391291030261e2,
	"info":"Fusion ring. mult_tab provides structure constants. barcode and formal_code provide unique identifiers see (DOI: 10.1063\/5.0148848). sub_fusion_rings provides tuples where the first element corresponds to the elements of the ring that form the subring isomorphic to the ring identified by the second element of the tuple. software provides doi of original software used to represent fusion ring.",
	"comments":[
		""
	]
}