{
	"references":[
		""
	],
	"software":[
		"https:\/\/doi.org\/10.5281\/zenodo.15920400"
	],
	"mult_tab":[
		[
			[
				1,
				0,
				0,
				0,
				0
			],
			[
				0,
				1,
				0,
				0,
				0
			],
			[
				0,
				0,
				1,
				0,
				0
			],
			[
				0,
				0,
				0,
				1,
				0
			],
			[
				0,
				0,
				0,
				0,
				1
			]
		],
		[
			[
				0,
				1,
				0,
				0,
				0
			],
			[
				1,
				2,
				2,
				1,
				3
			],
			[
				0,
				2,
				2,
				3,
				4
			],
			[
				0,
				1,
				3,
				6,
				3
			],
			[
				0,
				3,
				4,
				3,
				5
			]
		],
		[
			[
				0,
				0,
				1,
				0,
				0
			],
			[
				0,
				2,
				2,
				3,
				4
			],
			[
				1,
				2,
				6,
				4,
				4
			],
			[
				0,
				3,
				4,
				6,
				6
			],
			[
				0,
				4,
				4,
				6,
				7
			]
		],
		[
			[
				0,
				0,
				0,
				1,
				0
			],
			[
				0,
				1,
				3,
				6,
				3
			],
			[
				0,
				3,
				4,
				6,
				6
			],
			[
				1,
				6,
				6,
				3,
				9
			],
			[
				0,
				3,
				6,
				9,
				7
			]
		],
		[
			[
				0,
				0,
				0,
				0,
				1
			],
			[
				0,
				3,
				4,
				3,
				5
			],
			[
				0,
				4,
				4,
				6,
				7
			],
			[
				0,
				3,
				6,
				9,
				7
			],
			[
				1,
				5,
				7,
				7,
				9
			]
		]
	],
	"texnames":[
		"\\text{FR}^{5,9,0}_{426}"
	],
	"barcode":[
		1,
		0,
		0,
		0,
		0,
		0,
		1,
		0,
		0,
		0,
		0,
		0,
		1,
		0,
		0,
		0,
		0,
		0,
		1,
		0,
		0,
		0,
		0,
		0,
		1,
		0,
		1,
		0,
		0,
		0,
		1,
		9,
		7,
		7,
		5,
		0,
		7,
		4,
		6,
		4,
		0,
		7,
		6,
		9,
		3,
		0,
		5,
		4,
		3,
		3,
		0,
		0,
		1,
		0,
		0,
		0,
		7,
		4,
		6,
		4,
		1,
		4,
		6,
		4,
		2,
		0,
		6,
		4,
		6,
		3,
		0,
		4,
		2,
		3,
		2,
		0,
		0,
		0,
		1,
		0,
		0,
		7,
		6,
		9,
		3,
		0,
		6,
		4,
		6,
		3,
		1,
		9,
		6,
		3,
		6,
		0,
		3,
		3,
		6,
		1,
		0,
		0,
		0,
		0,
		1,
		0,
		5,
		4,
		3,
		3,
		0,
		4,
		2,
		3,
		2,
		0,
		3,
		3,
		6,
		1,
		1,
		3,
		2,
		1,
		2
	],
	"formal_code":[
		5,
		9,
		0,
		426
	],
	"tensor_product_decompositions":{
		"identifiers":[
			"formal_code"
		],
		"value":[]
	},
	"sub_fusion_rings":{
		"identifiers":[
			"injection",
			"formal_code"
		],
		"value":[]
	},
	"numeric_characters":[
		[
			[
				1.0,
				0
			],
			[
				1.2340623354429106e1,
				0
			],
			[
				1.7608624222692583e1,
				0
			],
			[
				2.1327750803299516e1,
				0
			],
			[
				2.3354912939446052e1,
				0
			]
		],
		[
			[
				1.0,
				0
			],
			[
				3.53894044117758,
				0
			],
			[
				0.7289679521958842,
				0
			],
			[
				-5.964251699803295,
				0
			],
			[
				2.984178119752844,
				0
			]
		],
		[
			[
				1.0,
				0
			],
			[
				-0.9019988900638236,
				0
			],
			[
				3.202926338999633,
				0
			],
			[
				-0.6639322202070851,
				0
			],
			[
				-1.3747735599960547,
				0
			]
		],
		[
			[
				1.0,
				0
			],
			[
				-0.8167504815952373,
				0
			],
			[
				-0.27866888505283954,
				0
			],
			[
				-3.527105836456376e-2,
				0
			],
			[
				0.6310637136155899,
				0
			]
		],
		[
			[
				1.0,
				0
			],
			[
				0.8391855760523759,
				0
			],
			[
				-0.26184962883526114,
				0
			],
			[
				0.33570417507542794,
				0
			],
			[
				-0.5953812128184331,
				0
			]
		]
	],
	"numeric_frobenius_perron_dimensions":[
		1.0,
		1.2340623354429106e1,
		1.7608624222692583e1,
		2.1327750803299516e1,
		2.3354912939446052e1
	],
	"numeric_frobenius_perron_dimension":1.4636795445286248e3,
	"info":"Fusion ring. mult_tab provides structure constants. barcode and formal_code provide unique identifiers see (DOI: 10.1063\/5.0148848). sub_fusion_rings provides tuples where the first element corresponds to the elements of the ring that form the subring isomorphic to the ring identified by the second element of the tuple. software provides doi of original software used to represent fusion ring.",
	"comments":[
		""
	]
}