{
	"references":[
		""
	],
	"software":[
		"https:\/\/doi.org\/10.5281\/zenodo.15920400"
	],
	"mult_tab":[
		[
			[
				1,
				0,
				0,
				0,
				0
			],
			[
				0,
				1,
				0,
				0,
				0
			],
			[
				0,
				0,
				1,
				0,
				0
			],
			[
				0,
				0,
				0,
				1,
				0
			],
			[
				0,
				0,
				0,
				0,
				1
			]
		],
		[
			[
				0,
				1,
				0,
				0,
				0
			],
			[
				1,
				0,
				3,
				3,
				3
			],
			[
				0,
				3,
				3,
				2,
				3
			],
			[
				0,
				3,
				2,
				3,
				3
			],
			[
				0,
				3,
				3,
				3,
				5
			]
		],
		[
			[
				0,
				0,
				1,
				0,
				0
			],
			[
				0,
				3,
				3,
				2,
				3
			],
			[
				1,
				3,
				4,
				4,
				2
			],
			[
				0,
				2,
				4,
				1,
				5
			],
			[
				0,
				3,
				2,
				5,
				6
			]
		],
		[
			[
				0,
				0,
				0,
				1,
				0
			],
			[
				0,
				3,
				2,
				3,
				3
			],
			[
				0,
				2,
				4,
				1,
				5
			],
			[
				1,
				3,
				1,
				7,
				2
			],
			[
				0,
				3,
				5,
				2,
				6
			]
		],
		[
			[
				0,
				0,
				0,
				0,
				1
			],
			[
				0,
				3,
				3,
				3,
				5
			],
			[
				0,
				3,
				2,
				5,
				6
			],
			[
				0,
				3,
				5,
				2,
				6
			],
			[
				1,
				5,
				6,
				6,
				5
			]
		]
	],
	"texnames":[
		"\\text{FR}^{5,7,0}_{71}"
	],
	"barcode":[
		9,
		6,
		1,
		9,
		6,
		6,
		7,
		1,
		1,
		5,
		1,
		5,
		9,
		4,
		6,
		1,
		3,
		2,
		2,
		9,
		6,
		4,
		4,
		3,
		8,
		9,
		1,
		9,
		0,
		9,
		0,
		8,
		5,
		9,
		4,
		4,
		0,
		4,
		6,
		9,
		0,
		2,
		2,
		0,
		1,
		0,
		4,
		4,
		9,
		9,
		7,
		5,
		9,
		1,
		8,
		4,
		1,
		1,
		8,
		0,
		9,
		4,
		6,
		3,
		7,
		8,
		3,
		5,
		1,
		5,
		4,
		4,
		9,
		3,
		9,
		8,
		3,
		0,
		4,
		4,
		7,
		5,
		1,
		3,
		4,
		1,
		0,
		6,
		9,
		5,
		4,
		6,
		2,
		0,
		0,
		1,
		5,
		6,
		9,
		0,
		1,
		0,
		3,
		4,
		5,
		4,
		0,
		1,
		3,
		1,
		4,
		4
	],
	"formal_code":[
		5,
		7,
		0,
		71
	],
	"tensor_product_decompositions":{
		"identifiers":[
			"formal_code"
		],
		"value":[]
	},
	"sub_fusion_rings":{
		"identifiers":[
			"injection",
			"formal_code"
		],
		"value":[]
	},
	"numeric_characters":[
		[
			[
				1.0,
				0
			],
			[
				1.1545830008157179e1,
				0
			],
			[
				1.3306706729900624e1,
				0
			],
			[
				1.3306706729900624e1,
				0
			],
			[
				1.7488650065953017e1,
				0
			]
		],
		[
			[
				1.0,
				0
			],
			[
				1.0,
				0
			],
			[
				-3.1622776601683795,
				0
			],
			[
				6.16227766016838,
				0
			],
			[
				-3.0,
				0
			]
		],
		[
			[
				1.0,
				0
			],
			[
				-2.7650919720553127,
				0
			],
			[
				0.9345361762200055,
				0
			],
			[
				0.9345361762200055,
				0
			],
			[
				0.3461721855349013,
				0
			]
		],
		[
			[
				1.0,
				0
			],
			[
				1.0,
				0
			],
			[
				3.1622776601683795,
				0
			],
			[
				-0.16227766016837952,
				0
			],
			[
				-3.0,
				0
			]
		],
		[
			[
				1.0,
				0
			],
			[
				0.2192619638981338,
				0
			],
			[
				-0.2412429061206297,
				0
			],
			[
				-0.2412429061206297,
				0
			],
			[
				0.16517774851208156,
				0
			]
		]
	],
	"numeric_frobenius_perron_dimensions":[
		1.0,
		1.1545830008157179e1,
		1.3306706729900624e1,
		1.3306706729900624e1,
		1.7488650065953017e1
	],
	"numeric_frobenius_perron_dimension":7.942959596977864e2,
	"info":"Fusion ring. mult_tab provides structure constants. barcode and formal_code provide unique identifiers see (DOI: 10.1063\/5.0148848). sub_fusion_rings provides tuples where the first element corresponds to the elements of the ring that form the subring isomorphic to the ring identified by the second element of the tuple. software provides doi of original software used to represent fusion ring.",
	"comments":[
		""
	]
}