{
	"references":[
		""
	],
	"software":[
		"https:\/\/doi.org\/10.5281\/zenodo.15920400"
	],
	"mult_tab":[
		[
			[
				1,
				0,
				0,
				0,
				0
			],
			[
				0,
				1,
				0,
				0,
				0
			],
			[
				0,
				0,
				1,
				0,
				0
			],
			[
				0,
				0,
				0,
				1,
				0
			],
			[
				0,
				0,
				0,
				0,
				1
			]
		],
		[
			[
				0,
				1,
				0,
				0,
				0
			],
			[
				1,
				5,
				1,
				0,
				1
			],
			[
				0,
				1,
				3,
				0,
				3
			],
			[
				0,
				0,
				0,
				6,
				3
			],
			[
				0,
				1,
				3,
				3,
				4
			]
		],
		[
			[
				0,
				0,
				1,
				0,
				0
			],
			[
				0,
				1,
				3,
				0,
				3
			],
			[
				1,
				3,
				0,
				3,
				3
			],
			[
				0,
				0,
				3,
				5,
				6
			],
			[
				0,
				3,
				3,
				6,
				4
			]
		],
		[
			[
				0,
				0,
				0,
				1,
				0
			],
			[
				0,
				0,
				0,
				6,
				3
			],
			[
				0,
				0,
				3,
				5,
				6
			],
			[
				1,
				6,
				5,
				8,
				9
			],
			[
				0,
				3,
				6,
				9,
				9
			]
		],
		[
			[
				0,
				0,
				0,
				0,
				1
			],
			[
				0,
				1,
				3,
				3,
				4
			],
			[
				0,
				3,
				3,
				6,
				4
			],
			[
				0,
				3,
				6,
				9,
				9
			],
			[
				1,
				4,
				4,
				9,
				10
			]
		]
	],
	"texnames":[
		"\\text{FR}^{5,10,0}_{758}"
	],
	"barcode":[
		1,
		3,
		5,
		7,
		3,
		5,
		4,
		2,
		4,
		2,
		7,
		5,
		2,
		9,
		3,
		3,
		8,
		1,
		9,
		3,
		4,
		5,
		1,
		1,
		6,
		7,
		9,
		7,
		8,
		9,
		8,
		8,
		5,
		6,
		4,
		4,
		0,
		5,
		2,
		9,
		4,
		6,
		3,
		0,
		1,
		3,
		8,
		5,
		7,
		3,
		2,
		2,
		9,
		6,
		2,
		2,
		6,
		1,
		4,
		7,
		6,
		4,
		0,
		4,
		3,
		5,
		7,
		6,
		7,
		8,
		6,
		7,
		4,
		8,
		5,
		2,
		4,
		7,
		0,
		7,
		2,
		6,
		7,
		8,
		7,
		4,
		8,
		7,
		4,
		9,
		6,
		5,
		5,
		1,
		0,
		2,
		2,
		6,
		6,
		1,
		5,
		1,
		5,
		0,
		4,
		9,
		1,
		6,
		8,
		9,
		3,
		4,
		4,
		2,
		8,
		5,
		4,
		4,
		3,
		1,
		5,
		9,
		9,
		8,
		6,
		4,
		6,
		3,
		0,
		2
	],
	"formal_code":[
		5,
		10,
		0,
		758
	],
	"tensor_product_decompositions":{
		"identifiers":[
			"formal_code"
		],
		"value":[]
	},
	"sub_fusion_rings":{
		"identifiers":[
			"injection",
			"formal_code"
		],
		"value":[]
	},
	"numeric_characters":[
		[
			[
				1.0,
				0
			],
			[
				9.042349002163888,
				0
			],
			[
				1.2795274808882166e1,
				0
			],
			[
				2.2440281152208286e1,
				0
			],
			[
				2.275705565723267e1,
				0
			]
		],
		[
			[
				1.0,
				0
			],
			[
				-0.23429392990800438,
				0
			],
			[
				-1.8984527497657377,
				0
			],
			[
				-1.0224811672917953,
				0
			],
			[
				2.1248160448974964,
				0
			]
		],
		[
			[
				1.0,
				0
			],
			[
				-0.2018020892338937,
				0
			],
			[
				0.26064398672816597,
				0
			],
			[
				0.10202330917927761,
				0
			],
			[
				-0.21090945733953315,
				0
			]
		],
		[
			[
				1.0,
				0
			],
			[
				3.6921184923872694,
				0
			],
			[
				-3.7361861588083434,
				0
			],
			[
				2.720244520003039,
				0
			],
			[
				-2.092667341299961,
				0
			]
		],
		[
			[
				1.0,
				0
			],
			[
				5.701628524590739,
				0
			],
			[
				2.578720112963749,
				0
			],
			[
				-4.240067814098809,
				0
			],
			[
				0.42170509650932647,
				0
			]
		]
	],
	"numeric_frobenius_perron_dimensions":[
		1.0,
		9.042349002163892,
		1.2795274808882166e1,
		2.2440281152208286e1,
		2.275705565723267e1
	],
	"numeric_frobenius_perron_dimension":1.2679329332882887e3,
	"info":"Fusion ring. mult_tab provides structure constants. barcode and formal_code provide unique identifiers see (DOI: 10.1063\/5.0148848). sub_fusion_rings provides tuples where the first element corresponds to the elements of the ring that form the subring isomorphic to the ring identified by the second element of the tuple. software provides doi of original software used to represent fusion ring.",
	"comments":[
		""
	]
}