{
	"references":[
		""
	],
	"software":[
		"https:\/\/doi.org\/10.5281\/zenodo.15920400"
	],
	"mult_tab":[
		[
			[
				1,
				0,
				0,
				0,
				0
			],
			[
				0,
				1,
				0,
				0,
				0
			],
			[
				0,
				0,
				1,
				0,
				0
			],
			[
				0,
				0,
				0,
				1,
				0
			],
			[
				0,
				0,
				0,
				0,
				1
			]
		],
		[
			[
				0,
				1,
				0,
				0,
				0
			],
			[
				1,
				0,
				0,
				0,
				0
			],
			[
				0,
				0,
				0,
				1,
				0
			],
			[
				0,
				0,
				1,
				0,
				0
			],
			[
				0,
				0,
				0,
				0,
				1
			]
		],
		[
			[
				0,
				0,
				1,
				0,
				0
			],
			[
				0,
				0,
				0,
				1,
				0
			],
			[
				1,
				0,
				2,
				0,
				2
			],
			[
				0,
				1,
				0,
				2,
				2
			],
			[
				0,
				0,
				2,
				2,
				5
			]
		],
		[
			[
				0,
				0,
				0,
				1,
				0
			],
			[
				0,
				0,
				1,
				0,
				0
			],
			[
				0,
				1,
				0,
				2,
				2
			],
			[
				1,
				0,
				2,
				0,
				2
			],
			[
				0,
				0,
				2,
				2,
				5
			]
		],
		[
			[
				0,
				0,
				0,
				0,
				1
			],
			[
				0,
				0,
				0,
				0,
				1
			],
			[
				0,
				0,
				2,
				2,
				5
			],
			[
				0,
				0,
				2,
				2,
				5
			],
			[
				1,
				1,
				5,
				5,
				11
			]
		]
	],
	"texnames":[
		"\\text{FR}^{5,11,0}_{1128}"
	],
	"barcode":[
		6,
		5,
		8,
		3,
		7,
		7,
		0,
		0,
		7,
		1,
		1,
		6,
		2,
		1,
		8,
		2,
		3,
		4,
		2,
		2,
		0,
		4,
		1,
		2,
		6,
		8,
		4,
		4,
		3,
		7,
		1,
		5,
		2,
		4,
		4,
		6,
		2,
		9,
		7,
		5,
		5,
		4,
		1,
		6,
		2,
		7,
		4,
		7,
		1,
		5,
		7,
		3,
		2,
		2,
		4,
		3,
		8,
		1,
		5,
		1,
		3,
		2,
		7,
		4,
		9,
		7,
		2,
		0,
		7,
		2,
		9,
		4,
		7,
		9,
		0,
		0,
		2,
		5,
		6,
		8,
		5,
		3,
		0,
		0,
		4,
		1,
		2,
		4,
		2,
		2,
		6,
		9,
		9,
		5,
		8,
		3,
		8,
		5,
		9,
		3,
		7,
		9,
		9,
		3,
		5,
		4,
		9,
		8,
		0,
		4,
		1,
		2,
		6,
		8,
		1,
		1,
		7,
		4,
		0,
		7,
		3,
		7,
		3,
		6,
		9,
		1,
		5,
		7,
		1,
		3,
		8,
		1,
		3,
		5
	],
	"formal_code":[
		5,
		11,
		0,
		1128
	],
	"tensor_product_decompositions":{
		"identifiers":[
			"formal_code"
		],
		"value":[]
	},
	"sub_fusion_rings":{
		"identifiers":[
			"injection",
			"formal_code"
		],
		"value":[
			[
				[
					1,
					2
				],
				[
					2,
					1,
					0,
					1
				]
			]
		]
	},
	"numeric_characters":[
		[
			[
				1.0,
				0
			],
			[
				1.0,
				0
			],
			[
				6.741657386773941,
				0
			],
			[
				6.741657386773941,
				0
			],
			[
				1.5483314773547882e1,
				0
			]
		],
		[
			[
				1.0,
				0
			],
			[
				-1.0,
				0
			],
			[
				2.414213562373095,
				0
			],
			[
				-2.414213562373095,
				0
			],
			[
				0.0,
				0
			]
		],
		[
			[
				1.0,
				0
			],
			[
				1.0,
				0
			],
			[
				1.0,
				0
			],
			[
				1.0,
				0
			],
			[
				-1.0,
				0
			]
		],
		[
			[
				1.0,
				0
			],
			[
				-1.0,
				0
			],
			[
				-0.41421356237309515,
				0
			],
			[
				0.41421356237309515,
				0
			],
			[
				0.0,
				0
			]
		],
		[
			[
				1.0,
				0
			],
			[
				1.0,
				0
			],
			[
				-0.7416573867739413,
				0
			],
			[
				-0.7416573867739413,
				0
			],
			[
				0.5166852264521173,
				0
			]
		]
	],
	"numeric_frobenius_perron_dimensions":[
		1.0,
		1.0,
		6.741657386773941,
		6.741657386773941,
		1.5483314773547882e1
	],
	"numeric_frobenius_perron_dimension":3.3263292501805336e2,
	"info":"Fusion ring. mult_tab provides structure constants. barcode and formal_code provide unique identifiers see (DOI: 10.1063\/5.0148848). sub_fusion_rings provides tuples where the first element corresponds to the elements of the ring that form the subring isomorphic to the ring identified by the second element of the tuple. software provides doi of original software used to represent fusion ring.",
	"comments":[
		""
	]
}