{
	"references":[
		""
	],
	"software":[
		"https:\/\/doi.org\/10.5281\/zenodo.15920400"
	],
	"mult_tab":[
		[
			[
				1,
				0,
				0,
				0,
				0
			],
			[
				0,
				1,
				0,
				0,
				0
			],
			[
				0,
				0,
				1,
				0,
				0
			],
			[
				0,
				0,
				0,
				1,
				0
			],
			[
				0,
				0,
				0,
				0,
				1
			]
		],
		[
			[
				0,
				1,
				0,
				0,
				0
			],
			[
				1,
				7,
				1,
				2,
				0
			],
			[
				0,
				1,
				6,
				0,
				6
			],
			[
				0,
				2,
				0,
				9,
				4
			],
			[
				0,
				0,
				6,
				4,
				6
			]
		],
		[
			[
				0,
				0,
				1,
				0,
				0
			],
			[
				0,
				1,
				6,
				0,
				6
			],
			[
				1,
				6,
				6,
				12,
				6
			],
			[
				0,
				0,
				12,
				7,
				12
			],
			[
				0,
				6,
				6,
				12,
				13
			]
		],
		[
			[
				0,
				0,
				0,
				1,
				0
			],
			[
				0,
				2,
				0,
				9,
				4
			],
			[
				0,
				0,
				12,
				7,
				12
			],
			[
				1,
				9,
				7,
				15,
				10
			],
			[
				0,
				4,
				12,
				10,
				16
			]
		],
		[
			[
				0,
				0,
				0,
				0,
				1
			],
			[
				0,
				0,
				6,
				4,
				6
			],
			[
				0,
				6,
				6,
				12,
				13
			],
			[
				0,
				4,
				12,
				10,
				16
			],
			[
				1,
				6,
				13,
				16,
				13
			]
		]
	],
	"texnames":[
		"\\text{FR}^{5,16,0}_{461}"
	],
	"barcode":[
		3,
		7,
		6,
		4,
		1,
		4,
		4,
		3,
		4,
		3,
		0,
		6,
		5,
		8,
		9,
		6,
		9,
		9,
		4,
		3,
		9,
		0,
		0,
		0,
		5,
		8,
		2,
		8,
		2,
		6,
		5,
		5,
		9,
		0,
		2,
		3,
		0,
		5,
		8,
		4,
		3,
		7,
		9,
		4,
		6,
		5,
		1,
		8,
		9,
		6,
		2,
		4,
		1,
		9,
		7,
		2,
		1,
		7,
		8,
		4,
		7,
		9,
		4,
		0,
		2,
		6,
		0,
		7,
		1,
		2,
		1,
		9,
		5,
		2,
		7,
		2,
		6,
		4,
		7,
		6,
		0,
		2,
		2,
		9,
		1,
		0,
		6,
		7,
		1,
		1,
		5,
		6,
		6,
		2,
		5,
		3,
		5,
		7,
		0,
		5,
		2,
		5,
		6,
		2,
		0,
		9,
		0,
		5,
		1,
		4,
		9,
		5,
		3,
		9,
		4,
		8,
		1,
		1,
		6,
		7,
		1,
		9,
		7,
		0,
		9,
		7,
		4,
		9,
		3,
		0,
		2,
		4,
		8,
		7,
		0,
		1,
		7,
		7,
		4,
		2,
		1,
		7,
		2,
		4,
		1,
		4,
		8,
		9,
		3,
		9,
		6,
		0,
		2
	],
	"formal_code":[
		5,
		16,
		0,
		461
	],
	"tensor_product_decompositions":{
		"identifiers":[
			"formal_code"
		],
		"value":[]
	},
	"sub_fusion_rings":{
		"identifiers":[
			"injection",
			"formal_code"
		],
		"value":[]
	},
	"numeric_characters":[
		[
			[
				1.0,
				0
			],
			[
				1.4236586557424314e1,
				0
			],
			[
				3.0600155330822354e1,
				0
			],
			[
				3.571206778712106e1,
				0
			],
			[
				3.9634040249253836e1,
				0
			]
		],
		[
			[
				1.0,
				0
			],
			[
				6.409604178296645,
				0
			],
			[
				2.298780033963048,
				0
			],
			[
				-3.5414917798008774,
				0
			],
			[
				-0.9113357119000796,
				0
			]
		],
		[
			[
				1.0,
				0
			],
			[
				8.547402000270635,
				0
			],
			[
				-9.622028711688252,
				0
			],
			[
				1.0924147832012126e1,
				0
			],
			[
				-5.50976286451446,
				0
			]
		],
		[
			[
				1.0,
				0
			],
			[
				-1.0795824006184966,
				0
			],
			[
				3.840429631279895,
				0
			],
			[
				1.9410726663873892,
				0
			],
			[
				-4.351509271300738,
				0
			]
		],
		[
			[
				1.0,
				0
			],
			[
				-0.11401033537309616,
				0
			],
			[
				-0.11733628437704632,
				0
			],
			[
				-3.579650571969734e-2,
				0
			],
			[
				0.138567598461439,
				0
			]
		]
	],
	"numeric_frobenius_perron_dimensions":[
		1.0,
		1.4236586557424305e1,
		3.0600155330822354e1,
		3.571206778712106e1,
		3.9634040249253836e1
	],
	"numeric_frobenius_perron_dimension":3.9862588351888926e3,
	"info":"Fusion ring. mult_tab provides structure constants. barcode and formal_code provide unique identifiers see (DOI: 10.1063\/5.0148848). sub_fusion_rings provides tuples where the first element corresponds to the elements of the ring that form the subring isomorphic to the ring identified by the second element of the tuple. software provides doi of original software used to represent fusion ring.",
	"comments":[
		""
	]
}