{
	"references":[
		""
	],
	"software":[
		"https:\/\/doi.org\/10.5281\/zenodo.15920400"
	],
	"mult_tab":[
		[
			[
				1,
				0,
				0,
				0,
				0
			],
			[
				0,
				1,
				0,
				0,
				0
			],
			[
				0,
				0,
				1,
				0,
				0
			],
			[
				0,
				0,
				0,
				1,
				0
			],
			[
				0,
				0,
				0,
				0,
				1
			]
		],
		[
			[
				0,
				1,
				0,
				0,
				0
			],
			[
				1,
				2,
				1,
				6,
				2
			],
			[
				0,
				1,
				1,
				4,
				5
			],
			[
				0,
				6,
				4,
				3,
				1
			],
			[
				0,
				2,
				5,
				1,
				7
			]
		],
		[
			[
				0,
				0,
				1,
				0,
				0
			],
			[
				0,
				1,
				1,
				4,
				5
			],
			[
				1,
				1,
				2,
				5,
				4
			],
			[
				0,
				4,
				5,
				1,
				4
			],
			[
				0,
				5,
				4,
				4,
				4
			]
		],
		[
			[
				0,
				0,
				0,
				1,
				0
			],
			[
				0,
				6,
				4,
				3,
				1
			],
			[
				0,
				4,
				5,
				1,
				4
			],
			[
				1,
				3,
				1,
				8,
				3
			],
			[
				0,
				1,
				4,
				3,
				9
			]
		],
		[
			[
				0,
				0,
				0,
				0,
				1
			],
			[
				0,
				2,
				5,
				1,
				7
			],
			[
				0,
				5,
				4,
				4,
				4
			],
			[
				0,
				1,
				4,
				3,
				9
			],
			[
				1,
				7,
				4,
				9,
				3
			]
		]
	],
	"texnames":[
		"\\text{FR}^{5,9,0}_{1219}"
	],
	"barcode":[
		1,
		0,
		0,
		0,
		0,
		0,
		1,
		0,
		0,
		0,
		0,
		0,
		1,
		0,
		0,
		0,
		0,
		0,
		1,
		0,
		0,
		0,
		0,
		0,
		1,
		0,
		1,
		0,
		0,
		0,
		1,
		8,
		3,
		3,
		1,
		0,
		3,
		6,
		1,
		4,
		0,
		3,
		1,
		9,
		4,
		0,
		1,
		4,
		4,
		5,
		0,
		0,
		1,
		0,
		0,
		0,
		3,
		6,
		1,
		4,
		1,
		6,
		2,
		2,
		1,
		0,
		1,
		2,
		7,
		5,
		0,
		4,
		1,
		5,
		1,
		0,
		0,
		0,
		1,
		0,
		0,
		3,
		1,
		9,
		4,
		0,
		1,
		2,
		7,
		5,
		1,
		9,
		7,
		3,
		4,
		0,
		4,
		5,
		4,
		4,
		0,
		0,
		0,
		0,
		1,
		0,
		1,
		4,
		4,
		5,
		0,
		4,
		1,
		5,
		1,
		0,
		4,
		5,
		4,
		4,
		1,
		5,
		1,
		4,
		2
	],
	"formal_code":[
		5,
		9,
		0,
		1219
	],
	"tensor_product_decompositions":{
		"identifiers":[
			"formal_code"
		],
		"value":[]
	},
	"sub_fusion_rings":{
		"identifiers":[
			"injection",
			"formal_code"
		],
		"value":[]
	},
	"numeric_characters":[
		[
			[
				1.0,
				0
			],
			[
				1.2989693435726805e1,
				0
			],
			[
				1.3828202596498059e1,
				0
			],
			[
				1.5182286250193147e1,
				0
			],
			[
				1.8415414292526748e1,
				0
			]
		],
		[
			[
				1.0,
				0
			],
			[
				5.892194208662621,
				0
			],
			[
				-1.8488467348750333,
				0
			],
			[
				6.7630126157355335,
				0
			],
			[
				-8.397832392133038,
				0
			]
		],
		[
			[
				1.0,
				0
			],
			[
				-5.1324055595016365,
				0
			],
			[
				-5.033357194406977,
				0
			],
			[
				5.963672240917576,
				0
			],
			[
				2.4288608475540476,
				0
			]
		],
		[
			[
				1.0,
				0
			],
			[
				-1.0557195032822082,
				0
			],
			[
				1.385031740975706,
				0
			],
			[
				0.35399041793675634,
				0
			],
			[
				-0.6414957862106976,
				0
			]
		],
		[
			[
				1.0,
				0
			],
			[
				0.306237418394418,
				0
			],
			[
				-0.33103040819175394,
				0
			],
			[
				-0.26296152478301393,
				0
			],
			[
				0.1950530382629397,
				0
			]
		]
	],
	"numeric_frobenius_perron_dimensions":[
		1.0,
		1.2989693435726805e1,
		1.3828202596498059e1,
		1.5182286250193147e1,
		1.8415414292526748e1
	],
	"numeric_frobenius_perron_dimension":9.305806219521621e2,
	"info":"Fusion ring. mult_tab provides structure constants. barcode and formal_code provide unique identifiers see (DOI: 10.1063\/5.0148848). sub_fusion_rings provides tuples where the first element corresponds to the elements of the ring that form the subring isomorphic to the ring identified by the second element of the tuple. software provides doi of original software used to represent fusion ring.",
	"comments":[
		""
	]
}