{
	"references":[
		""
	],
	"software":[
		"https:\/\/doi.org\/10.5281\/zenodo.15920400"
	],
	"mult_tab":[
		[
			[
				1,
				0,
				0,
				0,
				0
			],
			[
				0,
				1,
				0,
				0,
				0
			],
			[
				0,
				0,
				1,
				0,
				0
			],
			[
				0,
				0,
				0,
				1,
				0
			],
			[
				0,
				0,
				0,
				0,
				1
			]
		],
		[
			[
				0,
				1,
				0,
				0,
				0
			],
			[
				1,
				4,
				4,
				4,
				5
			],
			[
				0,
				4,
				5,
				4,
				5
			],
			[
				0,
				4,
				4,
				5,
				5
			],
			[
				0,
				5,
				5,
				5,
				6
			]
		],
		[
			[
				0,
				0,
				1,
				0,
				0
			],
			[
				0,
				4,
				5,
				4,
				5
			],
			[
				1,
				5,
				0,
				9,
				5
			],
			[
				0,
				4,
				9,
				1,
				5
			],
			[
				0,
				5,
				5,
				5,
				7
			]
		],
		[
			[
				0,
				0,
				0,
				1,
				0
			],
			[
				0,
				4,
				4,
				5,
				5
			],
			[
				0,
				4,
				9,
				1,
				5
			],
			[
				1,
				5,
				1,
				8,
				5
			],
			[
				0,
				5,
				5,
				5,
				7
			]
		],
		[
			[
				0,
				0,
				0,
				0,
				1
			],
			[
				0,
				5,
				5,
				5,
				6
			],
			[
				0,
				5,
				5,
				5,
				7
			],
			[
				0,
				5,
				5,
				5,
				7
			],
			[
				1,
				6,
				7,
				7,
				6
			]
		]
	],
	"texnames":[
		"\\text{FR}^{5,9,0}_{288}"
	],
	"barcode":[
		1,
		0,
		0,
		0,
		0,
		0,
		1,
		0,
		0,
		0,
		0,
		0,
		1,
		0,
		0,
		0,
		0,
		0,
		1,
		0,
		0,
		0,
		0,
		0,
		1,
		0,
		1,
		0,
		0,
		0,
		1,
		6,
		7,
		7,
		6,
		0,
		7,
		5,
		5,
		5,
		0,
		7,
		5,
		5,
		5,
		0,
		6,
		5,
		5,
		5,
		0,
		0,
		1,
		0,
		0,
		0,
		7,
		5,
		5,
		5,
		1,
		5,
		8,
		1,
		5,
		0,
		5,
		1,
		9,
		4,
		0,
		5,
		5,
		4,
		4,
		0,
		0,
		0,
		1,
		0,
		0,
		7,
		5,
		5,
		5,
		0,
		5,
		1,
		9,
		4,
		1,
		5,
		9,
		0,
		5,
		0,
		5,
		4,
		5,
		4,
		0,
		0,
		0,
		0,
		1,
		0,
		6,
		5,
		5,
		5,
		0,
		5,
		5,
		4,
		4,
		0,
		5,
		4,
		5,
		4,
		1,
		5,
		4,
		4,
		4
	],
	"formal_code":[
		5,
		9,
		0,
		288
	],
	"tensor_product_decompositions":{
		"identifiers":[
			"formal_code"
		],
		"value":[]
	},
	"sub_fusion_rings":{
		"identifiers":[
			"injection",
			"formal_code"
		],
		"value":[]
	},
	"numeric_characters":[
		[
			[
				1.0,
				0
			],
			[
				1.863251376878064e1,
				0
			],
			[
				1.963251376878064e1,
				0
			],
			[
				1.963251376878064e1,
				0
			],
			[
				2.2916080823686492e1,
				0
			]
		],
		[
			[
				1.0,
				0
			],
			[
				1.0,
				0
			],
			[
				-0.34668806854096257,
				0
			],
			[
				-0.6533119314590374,
				0
			],
			[
				0.0,
				0
			]
		],
		[
			[
				1.0,
				0
			],
			[
				1.0,
				0
			],
			[
				-8.653311931459037,
				0
			],
			[
				7.653311931459037,
				0
			],
			[
				0.0,
				0
			]
		],
		[
			[
				1.0,
				0
			],
			[
				0.24472164565842947,
				0
			],
			[
				1.2447216456584296,
				0
			],
			[
				1.2447216456584296,
				0
			],
			[
				-2.375354212809477,
				0
			]
		],
		[
			[
				1.0,
				0
			],
			[
				-0.8772354144390698,
				0
			],
			[
				0.12276458556093015,
				0
			],
			[
				0.12276458556093015,
				0
			],
			[
				0.459273389122985,
				0
			]
		]
	],
	"numeric_frobenius_perron_dimensions":[
		1.0,
		1.863251376878064e1,
		1.963251376878064e1,
		1.963251376878064e1,
		2.2916080823686492e1
	],
	"numeric_frobenius_perron_dimension":1.6441885234242548e3,
	"info":"Fusion ring. mult_tab provides structure constants. barcode and formal_code provide unique identifiers see (DOI: 10.1063\/5.0148848). sub_fusion_rings provides tuples where the first element corresponds to the elements of the ring that form the subring isomorphic to the ring identified by the second element of the tuple. software provides doi of original software used to represent fusion ring.",
	"comments":[
		""
	]
}