{
	"references":[
		""
	],
	"software":[
		"https:\/\/doi.org\/10.5281\/zenodo.15920400"
	],
	"mult_tab":[
		[
			[
				1,
				0,
				0,
				0,
				0
			],
			[
				0,
				1,
				0,
				0,
				0
			],
			[
				0,
				0,
				1,
				0,
				0
			],
			[
				0,
				0,
				0,
				1,
				0
			],
			[
				0,
				0,
				0,
				0,
				1
			]
		],
		[
			[
				0,
				1,
				0,
				0,
				0
			],
			[
				1,
				1,
				1,
				2,
				2
			],
			[
				0,
				1,
				5,
				5,
				5
			],
			[
				0,
				2,
				5,
				5,
				5
			],
			[
				0,
				2,
				5,
				5,
				5
			]
		],
		[
			[
				0,
				0,
				1,
				0,
				0
			],
			[
				0,
				1,
				5,
				5,
				5
			],
			[
				1,
				5,
				14,
				14,
				14
			],
			[
				0,
				5,
				14,
				15,
				14
			],
			[
				0,
				5,
				14,
				14,
				15
			]
		],
		[
			[
				0,
				0,
				0,
				1,
				0
			],
			[
				0,
				2,
				5,
				5,
				5
			],
			[
				0,
				5,
				14,
				15,
				14
			],
			[
				1,
				5,
				15,
				15,
				14
			],
			[
				0,
				5,
				14,
				14,
				16
			]
		],
		[
			[
				0,
				0,
				0,
				0,
				1
			],
			[
				0,
				2,
				5,
				5,
				5
			],
			[
				0,
				5,
				14,
				14,
				15
			],
			[
				0,
				5,
				14,
				14,
				16
			],
			[
				1,
				5,
				15,
				16,
				13
			]
		]
	],
	"texnames":[
		"\\text{FR}^{5,16,0}_{670}"
	],
	"barcode":[
		3,
		7,
		6,
		4,
		1,
		4,
		4,
		3,
		4,
		3,
		0,
		6,
		5,
		8,
		9,
		6,
		9,
		9,
		4,
		3,
		9,
		0,
		0,
		0,
		5,
		8,
		2,
		8,
		2,
		6,
		5,
		5,
		9,
		0,
		2,
		3,
		0,
		5,
		9,
		1,
		2,
		8,
		8,
		1,
		8,
		1,
		9,
		6,
		3,
		5,
		7,
		1,
		5,
		7,
		6,
		9,
		9,
		4,
		6,
		5,
		5,
		1,
		8,
		9,
		6,
		7,
		8,
		2,
		5,
		4,
		3,
		7,
		6,
		3,
		7,
		0,
		7,
		5,
		6,
		8,
		2,
		8,
		1,
		4,
		7,
		9,
		9,
		3,
		4,
		7,
		4,
		5,
		3,
		2,
		6,
		8,
		9,
		2,
		2,
		4,
		5,
		4,
		4,
		5,
		0,
		0,
		7,
		8,
		4,
		8,
		1,
		0,
		8,
		0,
		5,
		5,
		7,
		7,
		6,
		1,
		6,
		9,
		3,
		1,
		5,
		2,
		8,
		6,
		9,
		9,
		5,
		9,
		7,
		5,
		5,
		5,
		4,
		8,
		9,
		4,
		9,
		1,
		9,
		5,
		5,
		4,
		0,
		4,
		9,
		1,
		0,
		8,
		2
	],
	"formal_code":[
		5,
		16,
		0,
		670
	],
	"tensor_product_decompositions":{
		"identifiers":[
			"formal_code"
		],
		"value":[]
	},
	"sub_fusion_rings":{
		"identifiers":[
			"injection",
			"formal_code"
		],
		"value":[]
	},
	"numeric_characters":[
		[
			[
				1.0,
				0
			],
			[
				1.5575946216357107e1,
				0
			],
			[
				4.440683086369843e1,
				0
			],
			[
				4.540683086369843e1,
				0
			],
			[
				4.540683086369843e1,
				0
			]
		],
		[
			[
				1.0,
				0
			],
			[
				1.4965479425325279,
				0
			],
			[
				-0.851378439646837,
				0
			],
			[
				0.14862156035316293,
				0
			],
			[
				0.14862156035316293,
				0
			]
		],
		[
			[
				1.0,
				0
			],
			[
				0.0,
				0
			],
			[
				1.0,
				0
			],
			[
				-1.0,
				0
			],
			[
				0.0,
				0
			]
		],
		[
			[
				1.0,
				0
			],
			[
				-1.0724941588896348,
				0
			],
			[
				-0.555452424051596,
				0
			],
			[
				0.444547575948404,
				0
			],
			[
				0.444547575948404,
				0
			]
		],
		[
			[
				1.0,
				0
			],
			[
				0.0,
				0
			],
			[
				1.0,
				0
			],
			[
				2.0,
				0
			],
			[
				-3.0,
				0
			]
		]
	],
	"numeric_frobenius_perron_dimensions":[
		1.0,
		1.5575946216357107e1,
		4.440683086369843e1,
		4.540683086369843e1,
		4.540683086369843e1
	],
	"numeric_frobenius_perron_dimension":6.339137306061002e3,
	"info":"Fusion ring. mult_tab provides structure constants. barcode and formal_code provide unique identifiers see (DOI: 10.1063\/5.0148848). sub_fusion_rings provides tuples where the first element corresponds to the elements of the ring that form the subring isomorphic to the ring identified by the second element of the tuple. software provides doi of original software used to represent fusion ring.",
	"comments":[
		""
	]
}