{
	"references":[
		""
	],
	"software":[
		"https:\/\/doi.org\/10.5281\/zenodo.15920400"
	],
	"mult_tab":[
		[
			[
				1,
				0,
				0,
				0,
				0
			],
			[
				0,
				1,
				0,
				0,
				0
			],
			[
				0,
				0,
				1,
				0,
				0
			],
			[
				0,
				0,
				0,
				1,
				0
			],
			[
				0,
				0,
				0,
				0,
				1
			]
		],
		[
			[
				0,
				1,
				0,
				0,
				0
			],
			[
				1,
				1,
				0,
				0,
				1
			],
			[
				0,
				0,
				1,
				1,
				1
			],
			[
				0,
				0,
				1,
				1,
				3
			],
			[
				0,
				1,
				1,
				3,
				3
			]
		],
		[
			[
				0,
				0,
				1,
				0,
				0
			],
			[
				0,
				0,
				1,
				1,
				1
			],
			[
				1,
				1,
				4,
				1,
				1
			],
			[
				0,
				1,
				1,
				3,
				4
			],
			[
				0,
				1,
				1,
				4,
				6
			]
		],
		[
			[
				0,
				0,
				0,
				1,
				0
			],
			[
				0,
				0,
				1,
				1,
				3
			],
			[
				0,
				1,
				1,
				3,
				4
			],
			[
				1,
				1,
				3,
				4,
				9
			],
			[
				0,
				3,
				4,
				9,
				10
			]
		],
		[
			[
				0,
				0,
				0,
				0,
				1
			],
			[
				0,
				1,
				1,
				3,
				3
			],
			[
				0,
				1,
				1,
				4,
				6
			],
			[
				0,
				3,
				4,
				9,
				10
			],
			[
				1,
				3,
				6,
				10,
				16
			]
		]
	],
	"texnames":[
		"\\text{FR}^{5,16,0}_{1839}"
	],
	"barcode":[
		3,
		7,
		6,
		4,
		1,
		4,
		4,
		3,
		4,
		3,
		0,
		6,
		5,
		8,
		9,
		6,
		9,
		9,
		4,
		3,
		9,
		0,
		0,
		0,
		5,
		8,
		2,
		8,
		2,
		6,
		5,
		5,
		9,
		0,
		2,
		3,
		0,
		6,
		1,
		1,
		1,
		0,
		0,
		9,
		3,
		2,
		7,
		7,
		3,
		3,
		4,
		0,
		2,
		8,
		5,
		6,
		7,
		0,
		5,
		4,
		6,
		4,
		9,
		8,
		9,
		0,
		7,
		8,
		6,
		0,
		2,
		3,
		8,
		2,
		4,
		7,
		9,
		7,
		6,
		3,
		9,
		1,
		2,
		7,
		7,
		4,
		4,
		4,
		5,
		3,
		6,
		0,
		9,
		3,
		1,
		1,
		4,
		6,
		7,
		4,
		2,
		8,
		2,
		8,
		7,
		6,
		9,
		3,
		4,
		6,
		7,
		8,
		7,
		0,
		2,
		1,
		5,
		0,
		4,
		3,
		6,
		6,
		1,
		3,
		2,
		1,
		6,
		5,
		0,
		3,
		0,
		7,
		2,
		5,
		1,
		7,
		6,
		9,
		3,
		1,
		4,
		2,
		7,
		0,
		9,
		3,
		9,
		2,
		8,
		0,
		5,
		2,
		0
	],
	"formal_code":[
		5,
		16,
		0,
		1839
	],
	"tensor_product_decompositions":{
		"identifiers":[
			"formal_code"
		],
		"value":[]
	},
	"sub_fusion_rings":{
		"identifiers":[
			"injection",
			"formal_code"
		],
		"value":[]
	},
	"numeric_characters":[
		[
			[
				1.0,
				0
			],
			[
				5.720119308588777,
				0
			],
			[
				9.432558002997371,
				0
			],
			[
				1.8523153563430114e1,
				0
			],
			[
				2.5999645595901374e1,
				0
			]
		],
		[
			[
				1.0,
				0
			],
			[
				0.560544774534528,
				0
			],
			[
				3.9551090586982043,
				0
			],
			[
				-0.4917590128541869,
				0
			],
			[
				-1.2463343302765633,
				0
			]
		],
		[
			[
				1.0,
				0
			],
			[
				1.6534884041368392,
				0
			],
			[
				-0.51354222468432,
				0
			],
			[
				-0.41612938734399013,
				0
			],
			[
				8.053549847815179e-2,
				0
			]
		],
		[
			[
				1.0,
				0
			],
			[
				-0.5419128475988562,
				0
			],
			[
				-0.1740370574769922,
				0
			],
			[
				0.43276759289051764,
				0
			],
			[
				-0.16441761800844276,
				0
			]
		],
		[
			[
				1.0,
				0
			],
			[
				-1.3922396396612882,
				0
			],
			[
				0.2999122204657374,
				0
			],
			[
				-3.0480327561224536,
				0
			],
			[
				2.3305708539054812,
				0
			]
		]
	],
	"numeric_frobenius_perron_dimensions":[
		1.0,
		5.720119308588777,
		9.432558002997371,
		1.8523153563430114e1,
		2.5999645595901374e1
	],
	"numeric_frobenius_perron_dimension":1.1417817044312874e3,
	"info":"Fusion ring. mult_tab provides structure constants. barcode and formal_code provide unique identifiers see (DOI: 10.1063\/5.0148848). sub_fusion_rings provides tuples where the first element corresponds to the elements of the ring that form the subring isomorphic to the ring identified by the second element of the tuple. software provides doi of original software used to represent fusion ring.",
	"comments":[
		""
	]
}