{
	"references":[
		""
	],
	"software":[
		"https:\/\/doi.org\/10.5281\/zenodo.15920400"
	],
	"mult_tab":[
		[
			[
				1,
				0,
				0,
				0,
				0
			],
			[
				0,
				1,
				0,
				0,
				0
			],
			[
				0,
				0,
				1,
				0,
				0
			],
			[
				0,
				0,
				0,
				1,
				0
			],
			[
				0,
				0,
				0,
				0,
				1
			]
		],
		[
			[
				0,
				1,
				0,
				0,
				0
			],
			[
				1,
				0,
				0,
				0,
				0
			],
			[
				0,
				0,
				0,
				1,
				0
			],
			[
				0,
				0,
				1,
				0,
				0
			],
			[
				0,
				0,
				0,
				0,
				1
			]
		],
		[
			[
				0,
				0,
				1,
				0,
				0
			],
			[
				0,
				0,
				0,
				1,
				0
			],
			[
				1,
				0,
				6,
				4,
				1
			],
			[
				0,
				1,
				4,
				6,
				1
			],
			[
				0,
				0,
				1,
				1,
				10
			]
		],
		[
			[
				0,
				0,
				0,
				1,
				0
			],
			[
				0,
				0,
				1,
				0,
				0
			],
			[
				0,
				1,
				4,
				6,
				1
			],
			[
				1,
				0,
				6,
				4,
				1
			],
			[
				0,
				0,
				1,
				1,
				10
			]
		],
		[
			[
				0,
				0,
				0,
				0,
				1
			],
			[
				0,
				0,
				0,
				0,
				1
			],
			[
				0,
				0,
				1,
				1,
				10
			],
			[
				0,
				0,
				1,
				1,
				10
			],
			[
				1,
				1,
				10,
				10,
				1
			]
		]
	],
	"texnames":[
		"\\text{FR}^{5,10,0}_{1663}"
	],
	"barcode":[
		1,
		3,
		5,
		7,
		3,
		5,
		4,
		2,
		4,
		2,
		7,
		5,
		2,
		9,
		3,
		3,
		8,
		1,
		9,
		3,
		4,
		5,
		1,
		1,
		6,
		7,
		9,
		7,
		8,
		9,
		8,
		7,
		7,
		9,
		6,
		8,
		2,
		8,
		5,
		9,
		7,
		5,
		5,
		5,
		1,
		4,
		7,
		0,
		9,
		2,
		2,
		9,
		5,
		7,
		9,
		8,
		4,
		1,
		7,
		4,
		3,
		7,
		9,
		9,
		8,
		4,
		7,
		9,
		4,
		9,
		6,
		3,
		1,
		2,
		0,
		0,
		3,
		1,
		1,
		2,
		6,
		8,
		0,
		7,
		3,
		5,
		6,
		8,
		6,
		2,
		6,
		5,
		9,
		8,
		0,
		6,
		7,
		3,
		6,
		1,
		0,
		1,
		2,
		2,
		9,
		0,
		1,
		6,
		7,
		8,
		1,
		6,
		5,
		5,
		7,
		2,
		8,
		4,
		2,
		8,
		5,
		9,
		8,
		9,
		3,
		9,
		8,
		1,
		2,
		5
	],
	"formal_code":[
		5,
		10,
		0,
		1663
	],
	"tensor_product_decompositions":{
		"identifiers":[
			"formal_code"
		],
		"value":[]
	},
	"sub_fusion_rings":{
		"identifiers":[
			"injection",
			"formal_code"
		],
		"value":[
			[
				[
					1,
					2
				],
				[
					2,
					1,
					0,
					1
				]
			]
		]
	},
	"numeric_characters":[
		[
			[
				1.0,
				0
			],
			[
				1.0,
				0
			],
			[
				1.1458522236688287e1,
				0
			],
			[
				1.1458522236688287e1,
				0
			],
			[
				1.5712509481797069e1,
				0
			]
		],
		[
			[
				1.0,
				0
			],
			[
				1.0,
				0
			],
			[
				8.642457477399745,
				0
			],
			[
				8.642457477399745,
				0
			],
			[
				-1.2732503525334685e1,
				0
			]
		],
		[
			[
				1.0,
				0
			],
			[
				1.0,
				0
			],
			[
				-0.10097971408803165,
				0
			],
			[
				-0.10097971408803165,
				0
			],
			[
				1.9994043537617107e-2,
				0
			]
		],
		[
			[
				1.0,
				0
			],
			[
				-1.0,
				0
			],
			[
				2.414213562373095,
				0
			],
			[
				-2.414213562373095,
				0
			],
			[
				0.0,
				0
			]
		],
		[
			[
				1.0,
				0
			],
			[
				-1.0,
				0
			],
			[
				-0.41421356237309515,
				0
			],
			[
				0.41421356237309515,
				0
			],
			[
				0.0,
				0
			]
		]
	],
	"numeric_frobenius_perron_dimensions":[
		1.0,
		1.0,
		1.1458522236688287e1,
		1.1458522236688287e1,
		1.5712509481797069e1
	],
	"numeric_frobenius_perron_dimension":5.114784179129227e2,
	"info":"Fusion ring. mult_tab provides structure constants. barcode and formal_code provide unique identifiers see (DOI: 10.1063\/5.0148848). sub_fusion_rings provides tuples where the first element corresponds to the elements of the ring that form the subring isomorphic to the ring identified by the second element of the tuple. software provides doi of original software used to represent fusion ring.",
	"comments":[
		""
	]
}