{
	"references":[
		""
	],
	"software":[
		"https:\/\/doi.org\/10.5281\/zenodo.15920400"
	],
	"mult_tab":[
		[
			[
				1,
				0,
				0,
				0,
				0
			],
			[
				0,
				1,
				0,
				0,
				0
			],
			[
				0,
				0,
				1,
				0,
				0
			],
			[
				0,
				0,
				0,
				1,
				0
			],
			[
				0,
				0,
				0,
				0,
				1
			]
		],
		[
			[
				0,
				1,
				0,
				0,
				0
			],
			[
				1,
				5,
				0,
				0,
				1
			],
			[
				0,
				0,
				1,
				2,
				2
			],
			[
				0,
				0,
				2,
				5,
				2
			],
			[
				0,
				1,
				2,
				2,
				6
			]
		],
		[
			[
				0,
				0,
				1,
				0,
				0
			],
			[
				0,
				0,
				1,
				2,
				2
			],
			[
				1,
				1,
				4,
				2,
				3
			],
			[
				0,
				2,
				2,
				5,
				6
			],
			[
				0,
				2,
				3,
				6,
				8
			]
		],
		[
			[
				0,
				0,
				0,
				1,
				0
			],
			[
				0,
				0,
				2,
				5,
				2
			],
			[
				0,
				2,
				2,
				5,
				6
			],
			[
				1,
				5,
				5,
				11,
				7
			],
			[
				0,
				2,
				6,
				7,
				16
			]
		],
		[
			[
				0,
				0,
				0,
				0,
				1
			],
			[
				0,
				1,
				2,
				2,
				6
			],
			[
				0,
				2,
				3,
				6,
				8
			],
			[
				0,
				2,
				6,
				7,
				16
			],
			[
				1,
				6,
				8,
				16,
				14
			]
		]
	],
	"texnames":[
		"\\text{FR}^{5,16,0}_{761}"
	],
	"barcode":[
		3,
		7,
		6,
		4,
		1,
		4,
		4,
		3,
		4,
		3,
		0,
		6,
		5,
		8,
		9,
		6,
		9,
		9,
		4,
		3,
		9,
		0,
		0,
		0,
		5,
		8,
		2,
		8,
		2,
		6,
		5,
		5,
		9,
		0,
		2,
		3,
		0,
		4,
		7,
		1,
		1,
		2,
		9,
		4,
		1,
		6,
		7,
		9,
		6,
		9,
		6,
		0,
		7,
		9,
		4,
		7,
		4,
		6,
		0,
		2,
		4,
		6,
		8,
		1,
		3,
		1,
		4,
		9,
		2,
		8,
		9,
		8,
		6,
		4,
		3,
		5,
		4,
		8,
		8,
		4,
		5,
		8,
		0,
		6,
		1,
		0,
		4,
		8,
		8,
		4,
		8,
		3,
		2,
		6,
		7,
		1,
		4,
		9,
		2,
		8,
		0,
		9,
		2,
		5,
		1,
		7,
		4,
		3,
		9,
		9,
		5,
		6,
		0,
		2,
		8,
		1,
		7,
		1,
		3,
		9,
		7,
		8,
		0,
		2,
		0,
		2,
		5,
		6,
		6,
		6,
		5,
		6,
		4,
		8,
		1,
		1,
		2,
		7,
		9,
		1,
		2,
		3,
		1,
		8,
		7,
		2,
		3,
		9,
		0,
		3,
		8,
		3,
		3
	],
	"formal_code":[
		5,
		16,
		0,
		761
	],
	"tensor_product_decompositions":{
		"identifiers":[
			"formal_code"
		],
		"value":[]
	},
	"sub_fusion_rings":{
		"identifiers":[
			"injection",
			"formal_code"
		],
		"value":[]
	},
	"numeric_characters":[
		[
			[
				1.0,
				0
			],
			[
				8.74940011491481,
				0
			],
			[
				1.4596311300588004e1,
				0
			],
			[
				2.475132643875727e1,
				0
			],
			[
				3.180500179629724e1,
				0
			]
		],
		[
			[
				1.0,
				0
			],
			[
				3.248464675855013,
				0
			],
			[
				0.41877641549784395,
				0
			],
			[
				7.160602617661292,
				0
			],
			[
				-6.68980062899725,
				0
			]
		],
		[
			[
				1.0,
				0
			],
			[
				-6.292019596708312e-2,
				0
			],
			[
				3.021681614399259,
				0
			],
			[
				-0.924463137759648,
				0
			],
			[
				-0.6814400691040483,
				0
			]
		],
		[
			[
				1.0,
				0
			],
			[
				5.2769878315612795,
				0
			],
			[
				-0.7467677086519834,
				0
			],
			[
				-2.0586196180931355,
				0
			],
			[
				0.4616614166394195,
				0
			]
		],
		[
			[
				1.0,
				0
			],
			[
				-0.21193242636401985,
				0
			],
			[
				-0.2900016218331242,
				0
			],
			[
				7.115369943421965e-2,
				0
			],
			[
				0.10457748516463992,
				0
			]
		]
	],
	"numeric_frobenius_perron_dimensions":[
		1.0,
		8.749400114914813,
		1.4596311300588004e1,
		2.475132643875727e1,
		3.180500179629724e1
	],
	"numeric_frobenius_perron_dimension":1.91479060569494e3,
	"info":"Fusion ring. mult_tab provides structure constants. barcode and formal_code provide unique identifiers see (DOI: 10.1063\/5.0148848). sub_fusion_rings provides tuples where the first element corresponds to the elements of the ring that form the subring isomorphic to the ring identified by the second element of the tuple. software provides doi of original software used to represent fusion ring.",
	"comments":[
		""
	]
}