{
	"references":[
		""
	],
	"software":[
		"https:\/\/doi.org\/10.5281\/zenodo.15920400"
	],
	"mult_tab":[
		[
			[
				1,
				0,
				0,
				0,
				0
			],
			[
				0,
				1,
				0,
				0,
				0
			],
			[
				0,
				0,
				1,
				0,
				0
			],
			[
				0,
				0,
				0,
				1,
				0
			],
			[
				0,
				0,
				0,
				0,
				1
			]
		],
		[
			[
				0,
				1,
				0,
				0,
				0
			],
			[
				1,
				0,
				1,
				3,
				1
			],
			[
				0,
				1,
				3,
				3,
				3
			],
			[
				0,
				3,
				3,
				3,
				6
			],
			[
				0,
				1,
				3,
				6,
				5
			]
		],
		[
			[
				0,
				0,
				1,
				0,
				0
			],
			[
				0,
				1,
				3,
				3,
				3
			],
			[
				1,
				3,
				3,
				6,
				6
			],
			[
				0,
				3,
				6,
				8,
				9
			],
			[
				0,
				3,
				6,
				9,
				10
			]
		],
		[
			[
				0,
				0,
				0,
				1,
				0
			],
			[
				0,
				3,
				3,
				3,
				6
			],
			[
				0,
				3,
				6,
				8,
				9
			],
			[
				1,
				3,
				8,
				14,
				12
			],
			[
				0,
				6,
				9,
				12,
				15
			]
		],
		[
			[
				0,
				0,
				0,
				0,
				1
			],
			[
				0,
				1,
				3,
				6,
				5
			],
			[
				0,
				3,
				6,
				9,
				10
			],
			[
				0,
				6,
				9,
				12,
				15
			],
			[
				1,
				5,
				10,
				15,
				15
			]
		]
	],
	"texnames":[
		"\\text{FR}^{5,15,0}_{535}"
	],
	"barcode":[
		2,
		0,
		4,
		5,
		8,
		6,
		9,
		2,
		5,
		1,
		8,
		7,
		8,
		3,
		9,
		8,
		6,
		8,
		3,
		8,
		6,
		4,
		3,
		6,
		6,
		2,
		8,
		4,
		5,
		9,
		5,
		4,
		2,
		6,
		5,
		0,
		0,
		3,
		6,
		8,
		6,
		9,
		4,
		0,
		9,
		4,
		9,
		9,
		1,
		1,
		2,
		3,
		2,
		4,
		5,
		7,
		1,
		4,
		0,
		9,
		7,
		8,
		7,
		3,
		6,
		2,
		5,
		7,
		5,
		3,
		2,
		6,
		2,
		0,
		0,
		9,
		5,
		5,
		6,
		7,
		5,
		9,
		5,
		2,
		8,
		2,
		2,
		1,
		0,
		9,
		5,
		0,
		9,
		0,
		7,
		0,
		7,
		0,
		4,
		9,
		4,
		0,
		8,
		4,
		8,
		8,
		2,
		3,
		9,
		7,
		6,
		0,
		6,
		5,
		8,
		2,
		9,
		5,
		1,
		7,
		0,
		5,
		1,
		0,
		7,
		1,
		0,
		4,
		7,
		5,
		2,
		3,
		5,
		9,
		1,
		4,
		3,
		8,
		4,
		0,
		8,
		0,
		6,
		7,
		6,
		5,
		8,
		0,
		0,
		0
	],
	"formal_code":[
		5,
		15,
		0,
		535
	],
	"tensor_product_decompositions":{
		"identifiers":[
			"formal_code"
		],
		"value":[]
	},
	"sub_fusion_rings":{
		"identifiers":[
			"injection",
			"formal_code"
		],
		"value":[]
	},
	"numeric_characters":[
		[
			[
				1.0,
				0
			],
			[
				1.2727347682886522e1,
				0
			],
			[
				2.3050235810383285e1,
				0
			],
			[
				3.371918657914128e1,
				0
			],
			[
				3.677758349326981e1,
				0
			]
		],
		[
			[
				1.0,
				0
			],
			[
				1.0,
				0
			],
			[
				1.0,
				0
			],
			[
				0.0,
				0
			],
			[
				-1.0,
				0
			]
		],
		[
			[
				1.0,
				0
			],
			[
				1.1009843422508971,
				0
			],
			[
				-1.9024110938802115,
				0
			],
			[
				0.6386681224637222,
				0
			],
			[
				0.19857324837068557,
				0
			]
		],
		[
			[
				1.0,
				0
			],
			[
				-0.5961388145005062,
				0
			],
			[
				9.42171189393266e-2,
				0
			],
			[
				-0.41230464574135933,
				0
			],
			[
				0.49807830443882034,
				0
			]
		],
		[
			[
				1.0,
				0
			],
			[
				-3.2321932106369133,
				0
			],
			[
				-0.2420418354423994,
				0
			],
			[
				4.054449944136357,
				0
			],
			[
				-2.4742350460793125,
				0
			]
		]
	],
	"numeric_frobenius_perron_dimensions":[
		1.0,
		1.2727347682886522e1,
		2.3050235810383285e1,
		3.371918657914128e1,
		3.677758349326981e1
	],
	"numeric_frobenius_perron_dimension":3.183872941118726e3,
	"info":"Fusion ring. mult_tab provides structure constants. barcode and formal_code provide unique identifiers see (DOI: 10.1063\/5.0148848). sub_fusion_rings provides tuples where the first element corresponds to the elements of the ring that form the subring isomorphic to the ring identified by the second element of the tuple. software provides doi of original software used to represent fusion ring.",
	"comments":[
		""
	]
}