{
	"references":[
		""
	],
	"software":[
		"https:\/\/doi.org\/10.5281\/zenodo.15920400"
	],
	"mult_tab":[
		[
			[
				1,
				0,
				0,
				0,
				0
			],
			[
				0,
				1,
				0,
				0,
				0
			],
			[
				0,
				0,
				1,
				0,
				0
			],
			[
				0,
				0,
				0,
				1,
				0
			],
			[
				0,
				0,
				0,
				0,
				1
			]
		],
		[
			[
				0,
				1,
				0,
				0,
				0
			],
			[
				1,
				6,
				1,
				0,
				1
			],
			[
				0,
				1,
				8,
				1,
				1
			],
			[
				0,
				0,
				1,
				8,
				2
			],
			[
				0,
				1,
				1,
				2,
				8
			]
		],
		[
			[
				0,
				0,
				1,
				0,
				0
			],
			[
				0,
				1,
				8,
				1,
				1
			],
			[
				1,
				8,
				13,
				0,
				5
			],
			[
				0,
				1,
				0,
				10,
				12
			],
			[
				0,
				1,
				5,
				12,
				8
			]
		],
		[
			[
				0,
				0,
				0,
				1,
				0
			],
			[
				0,
				0,
				1,
				8,
				2
			],
			[
				0,
				1,
				0,
				10,
				12
			],
			[
				1,
				8,
				10,
				6,
				10
			],
			[
				0,
				2,
				12,
				10,
				9
			]
		],
		[
			[
				0,
				0,
				0,
				0,
				1
			],
			[
				0,
				1,
				1,
				2,
				8
			],
			[
				0,
				1,
				5,
				12,
				8
			],
			[
				0,
				2,
				12,
				10,
				9
			],
			[
				1,
				8,
				8,
				9,
				13
			]
		]
	],
	"texnames":[
		"\\text{FR}^{5,13,0}_{1155}"
	],
	"barcode":[
		1,
		3,
		1,
		7,
		8,
		8,
		1,
		8,
		6,
		4,
		8,
		7,
		2,
		1,
		4,
		1,
		5,
		3,
		0,
		1,
		5,
		0,
		1,
		5,
		4,
		3,
		3,
		8,
		4,
		9,
		5,
		2,
		4,
		7,
		8,
		9,
		2,
		4,
		6,
		9,
		6,
		9,
		5,
		4,
		1,
		2,
		8,
		0,
		8,
		4,
		4,
		2,
		7,
		3,
		0,
		8,
		0,
		4,
		4,
		1,
		8,
		4,
		8,
		4,
		0,
		9,
		3,
		0,
		3,
		1,
		5,
		7,
		8,
		7,
		7,
		8,
		2,
		8,
		8,
		7,
		3,
		0,
		1,
		1,
		4,
		6,
		8,
		2,
		1,
		4,
		3,
		6,
		6,
		5,
		9,
		5,
		7,
		8,
		7,
		9,
		3,
		7,
		2,
		2,
		9,
		0,
		7,
		9,
		1,
		4,
		8,
		8,
		8,
		7,
		9,
		4,
		9,
		0,
		9,
		5,
		9,
		4,
		1,
		3,
		1,
		3,
		7,
		9,
		6,
		3,
		9,
		7,
		1,
		0,
		3,
		5,
		8,
		9,
		9,
		9,
		5,
		3,
		8
	],
	"formal_code":[
		5,
		13,
		0,
		1155
	],
	"tensor_product_decompositions":{
		"identifiers":[
			"formal_code"
		],
		"value":[]
	},
	"sub_fusion_rings":{
		"identifiers":[
			"injection",
			"formal_code"
		],
		"value":[]
	},
	"numeric_characters":[
		[
			[
				1.0,
				0
			],
			[
				1.098339725275298e1,
				0
			],
			[
				2.332719163506025e1,
				0
			],
			[
				2.8203442125524482e1,
				0
			],
			[
				3.0407440060203562e1,
				0
			]
		],
		[
			[
				1.0,
				0
			],
			[
				7.495469624677597,
				0
			],
			[
				1.5314150110786732e1,
				0
			],
			[
				-1.0117020563428651e1,
				0
			],
			[
				-5.104902964387801,
				0
			]
		],
		[
			[
				1.0,
				0
			],
			[
				6.489499264994248,
				0
			],
			[
				-4.933029705644719,
				0
			],
			[
				-6.147789094852808,
				0
			],
			[
				7.109634826040116,
				0
			]
		],
		[
			[
				1.0,
				0
			],
			[
				5.200090531184006,
				0
			],
			[
				-1.727365535435963,
				0
			],
			[
				3.068612706748067,
				0
			],
			[
				-3.432236119158513,
				0
			]
		],
		[
			[
				1.0,
				0
			],
			[
				-0.1684566736088303,
				0
			],
			[
				1.905349523369927e-2,
				0
			],
			[
				-7.245173991089025e-3,
				0
			],
			[
				2.00641973026345e-2,
				0
			]
		]
	],
	"numeric_frobenius_perron_dimensions":[
		1.0,
		1.098339725275297e1,
		2.332719163506025e1,
		2.8203442125524482e1,
		3.0407440060203562e1
	],
	"numeric_frobenius_perron_dimension":2.385839443533288e3,
	"info":"Fusion ring. mult_tab provides structure constants. barcode and formal_code provide unique identifiers see (DOI: 10.1063\/5.0148848). sub_fusion_rings provides tuples where the first element corresponds to the elements of the ring that form the subring isomorphic to the ring identified by the second element of the tuple. software provides doi of original software used to represent fusion ring.",
	"comments":[
		""
	]
}