{
	"references":[
		""
	],
	"software":[
		"https:\/\/doi.org\/10.5281\/zenodo.15920400"
	],
	"mult_tab":[
		[
			[
				1,
				0,
				0,
				0,
				0
			],
			[
				0,
				1,
				0,
				0,
				0
			],
			[
				0,
				0,
				1,
				0,
				0
			],
			[
				0,
				0,
				0,
				1,
				0
			],
			[
				0,
				0,
				0,
				0,
				1
			]
		],
		[
			[
				0,
				1,
				0,
				0,
				0
			],
			[
				1,
				1,
				2,
				0,
				1
			],
			[
				0,
				2,
				4,
				2,
				2
			],
			[
				0,
				0,
				2,
				4,
				4
			],
			[
				0,
				1,
				2,
				4,
				4
			]
		],
		[
			[
				0,
				0,
				1,
				0,
				0
			],
			[
				0,
				2,
				4,
				2,
				2
			],
			[
				1,
				4,
				8,
				6,
				7
			],
			[
				0,
				2,
				6,
				10,
				10
			],
			[
				0,
				2,
				7,
				10,
				10
			]
		],
		[
			[
				0,
				0,
				0,
				1,
				0
			],
			[
				0,
				0,
				2,
				4,
				4
			],
			[
				0,
				2,
				6,
				10,
				10
			],
			[
				1,
				4,
				10,
				11,
				11
			],
			[
				0,
				4,
				10,
				11,
				12
			]
		],
		[
			[
				0,
				0,
				0,
				0,
				1
			],
			[
				0,
				1,
				2,
				4,
				4
			],
			[
				0,
				2,
				7,
				10,
				10
			],
			[
				0,
				4,
				10,
				11,
				12
			],
			[
				1,
				4,
				10,
				12,
				12
			]
		]
	],
	"texnames":[
		"\\text{FR}^{5,12,0}_{1411}"
	],
	"barcode":[
		1,
		3,
		4,
		5,
		7,
		8,
		5,
		2,
		8,
		7,
		0,
		6,
		3,
		2,
		5,
		1,
		9,
		2,
		9,
		5,
		4,
		0,
		9,
		2,
		4,
		6,
		7,
		7,
		1,
		2,
		3,
		4,
		6,
		1,
		9,
		0,
		3,
		4,
		2,
		9,
		8,
		3,
		7,
		6,
		3,
		9,
		6,
		5,
		2,
		9,
		7,
		2,
		8,
		0,
		1,
		3,
		9,
		6,
		6,
		5,
		7,
		3,
		2,
		5,
		5,
		8,
		9,
		0,
		9,
		9,
		6,
		2,
		3,
		7,
		6,
		2,
		0,
		9,
		4,
		5,
		3,
		0,
		2,
		1,
		2,
		9,
		4,
		2,
		9,
		0,
		8,
		1,
		8,
		4,
		4,
		7,
		3,
		3,
		8,
		4,
		0,
		1,
		3,
		1,
		8,
		6,
		7,
		5,
		7,
		1,
		2,
		3,
		8,
		5,
		2,
		8,
		7,
		9,
		9,
		6,
		0,
		3,
		3,
		4,
		9,
		5,
		7,
		1,
		7,
		1,
		2,
		7,
		2,
		2,
		9,
		6,
		2,
		8,
		6
	],
	"formal_code":[
		5,
		12,
		0,
		1411
	],
	"tensor_product_decompositions":{
		"identifiers":[
			"formal_code"
		],
		"value":[]
	},
	"sub_fusion_rings":{
		"identifiers":[
			"injection",
			"formal_code"
		],
		"value":[]
	},
	"numeric_characters":[
		[
			[
				1.0,
				0
			],
			[
				9.752341754201332,
				0
			],
			[
				2.5808549670904e1,
				0
			],
			[
				3.1738728594729363e1,
				0
			],
			[
				3.2738728594729366e1,
				0
			]
		],
		[
			[
				1.0,
				0
			],
			[
				0.0,
				0
			],
			[
				0.0,
				0
			],
			[
				1.0,
				0
			],
			[
				-1.0,
				0
			]
		],
		[
			[
				1.0,
				0
			],
			[
				3.4210681893538424,
				0
			],
			[
				4.57787113381658,
				0
			],
			[
				-2.873102900778224,
				0
			],
			[
				-1.8731029007782238,
				0
			]
		],
		[
			[
				1.0,
				0
			],
			[
				-1.129079004644537,
				0
			],
			[
				0.47282234739357454,
				0
			],
			[
				-0.5417462914135137,
				0
			],
			[
				0.4582537085864863,
				0
			]
		],
		[
			[
				1.0,
				0
			],
			[
				0.9556690610893632,
				0
			],
			[
				-0.8592431521141564,
				0
			],
			[
				-0.3238794025376255,
				0
			],
			[
				0.6761205974623745,
				0
			]
		]
	],
	"numeric_frobenius_perron_dimensions":[
		1.0,
		9.752341754201332,
		2.5808549670904e1,
		3.1738728594729363e1,
		3.2738728594729366e1
	],
	"numeric_frobenius_perron_dimension":2.8413606486154995e3,
	"info":"Fusion ring. mult_tab provides structure constants. barcode and formal_code provide unique identifiers see (DOI: 10.1063\/5.0148848). sub_fusion_rings provides tuples where the first element corresponds to the elements of the ring that form the subring isomorphic to the ring identified by the second element of the tuple. software provides doi of original software used to represent fusion ring.",
	"comments":[
		""
	]
}