{
	"references":[
		""
	],
	"software":[
		"https:\/\/doi.org\/10.5281\/zenodo.15920400"
	],
	"mult_tab":[
		[
			[
				1,
				0,
				0,
				0,
				0
			],
			[
				0,
				1,
				0,
				0,
				0
			],
			[
				0,
				0,
				1,
				0,
				0
			],
			[
				0,
				0,
				0,
				1,
				0
			],
			[
				0,
				0,
				0,
				0,
				1
			]
		],
		[
			[
				0,
				1,
				0,
				0,
				0
			],
			[
				1,
				4,
				2,
				2,
				3
			],
			[
				0,
				2,
				5,
				3,
				3
			],
			[
				0,
				2,
				3,
				3,
				5
			],
			[
				0,
				3,
				3,
				5,
				5
			]
		],
		[
			[
				0,
				0,
				1,
				0,
				0
			],
			[
				0,
				2,
				5,
				3,
				3
			],
			[
				1,
				5,
				4,
				3,
				4
			],
			[
				0,
				3,
				3,
				5,
				5
			],
			[
				0,
				3,
				4,
				5,
				7
			]
		],
		[
			[
				0,
				0,
				0,
				1,
				0
			],
			[
				0,
				2,
				3,
				3,
				5
			],
			[
				0,
				3,
				3,
				5,
				5
			],
			[
				1,
				3,
				5,
				0,
				8
			],
			[
				0,
				5,
				5,
				8,
				3
			]
		],
		[
			[
				0,
				0,
				0,
				0,
				1
			],
			[
				0,
				3,
				3,
				5,
				5
			],
			[
				0,
				3,
				4,
				5,
				7
			],
			[
				0,
				5,
				5,
				8,
				3
			],
			[
				1,
				5,
				7,
				3,
				9
			]
		]
	],
	"texnames":[
		"\\text{FR}^{5,9,0}_{169}"
	],
	"barcode":[
		1,
		0,
		0,
		0,
		0,
		0,
		1,
		0,
		0,
		0,
		0,
		0,
		1,
		0,
		0,
		0,
		0,
		0,
		1,
		0,
		0,
		0,
		0,
		0,
		1,
		0,
		1,
		0,
		0,
		0,
		1,
		9,
		7,
		5,
		3,
		0,
		7,
		4,
		3,
		5,
		0,
		5,
		3,
		3,
		5,
		0,
		3,
		5,
		5,
		8,
		0,
		0,
		1,
		0,
		0,
		0,
		7,
		4,
		3,
		5,
		1,
		4,
		4,
		5,
		3,
		0,
		3,
		5,
		2,
		3,
		0,
		5,
		3,
		3,
		5,
		0,
		0,
		0,
		1,
		0,
		0,
		5,
		3,
		3,
		5,
		0,
		3,
		5,
		2,
		3,
		1,
		3,
		2,
		4,
		2,
		0,
		5,
		3,
		2,
		3,
		0,
		0,
		0,
		0,
		1,
		0,
		3,
		5,
		5,
		8,
		0,
		5,
		3,
		3,
		5,
		0,
		5,
		3,
		2,
		3,
		1,
		8,
		5,
		3,
		0
	],
	"formal_code":[
		5,
		9,
		0,
		169
	],
	"tensor_product_decompositions":{
		"identifiers":[
			"formal_code"
		],
		"value":[]
	},
	"sub_fusion_rings":{
		"identifiers":[
			"injection",
			"formal_code"
		],
		"value":[]
	},
	"numeric_characters":[
		[
			[
				1.0,
				0
			],
			[
				1.3524537358146205e1,
				0
			],
			[
				1.6323322557029314e1,
				0
			],
			[
				1.6931382024925735e1,
				0
			],
			[
				2.0435184051799133e1,
				0
			]
		],
		[
			[
				1.0,
				0
			],
			[
				2.734378400482291,
				0
			],
			[
				-2.339977982519586,
				0
			],
			[
				-0.386519741506436,
				0
			],
			[
				0.33076902771565747,
				0
			]
		],
		[
			[
				1.0,
				0
			],
			[
				-1.1921057516990503,
				0
			],
			[
				0.980292933618118,
				0
			],
			[
				-6.9148192720025055,
				0
			],
			[
				5.686197268932978,
				0
			]
		],
		[
			[
				1.0,
				0
			],
			[
				-0.3218800930950138,
				0
			],
			[
				1.769450594536597e-2,
				0
			],
			[
				0.19385399242205498,
				0
			],
			[
				-1.0656610007977275e-2,
				0
			]
		],
		[
			[
				1.0,
				0
			],
			[
				2.255070086165569,
				0
			],
			[
				3.018667985926789,
				0
			],
			[
				-1.823897003838847,
				0
			],
			[
				-2.441493738439791,
				0
			]
		]
	],
	"numeric_frobenius_perron_dimensions":[
		1.0,
		1.3524537358146205e1,
		1.6323322557029314e1,
		1.6931382024925732e1,
		2.0435184051799133e1
	],
	"numeric_frobenius_perron_dimension":1.1546324145575982e3,
	"info":"Fusion ring. mult_tab provides structure constants. barcode and formal_code provide unique identifiers see (DOI: 10.1063\/5.0148848). sub_fusion_rings provides tuples where the first element corresponds to the elements of the ring that form the subring isomorphic to the ring identified by the second element of the tuple. software provides doi of original software used to represent fusion ring.",
	"comments":[
		""
	]
}