{
	"references":[
		""
	],
	"software":[
		"https:\/\/doi.org\/10.5281\/zenodo.15920400"
	],
	"mult_tab":[
		[
			[
				1,
				0,
				0,
				0,
				0
			],
			[
				0,
				1,
				0,
				0,
				0
			],
			[
				0,
				0,
				1,
				0,
				0
			],
			[
				0,
				0,
				0,
				1,
				0
			],
			[
				0,
				0,
				0,
				0,
				1
			]
		],
		[
			[
				0,
				1,
				0,
				0,
				0
			],
			[
				1,
				4,
				4,
				0,
				0
			],
			[
				0,
				4,
				1,
				0,
				2
			],
			[
				0,
				0,
				0,
				3,
				4
			],
			[
				0,
				0,
				2,
				4,
				5
			]
		],
		[
			[
				0,
				0,
				1,
				0,
				0
			],
			[
				0,
				4,
				1,
				0,
				2
			],
			[
				1,
				1,
				4,
				2,
				1
			],
			[
				0,
				0,
				2,
				3,
				4
			],
			[
				0,
				2,
				1,
				4,
				6
			]
		],
		[
			[
				0,
				0,
				0,
				1,
				0
			],
			[
				0,
				0,
				0,
				3,
				4
			],
			[
				0,
				0,
				2,
				3,
				4
			],
			[
				1,
				3,
				3,
				4,
				5
			],
			[
				0,
				4,
				4,
				5,
				8
			]
		],
		[
			[
				0,
				0,
				0,
				0,
				1
			],
			[
				0,
				0,
				2,
				4,
				5
			],
			[
				0,
				2,
				1,
				4,
				6
			],
			[
				0,
				4,
				4,
				5,
				8
			],
			[
				1,
				5,
				6,
				8,
				11
			]
		]
	],
	"texnames":[
		"\\text{FR}^{5,11,0}_{1035}"
	],
	"barcode":[
		6,
		5,
		8,
		3,
		7,
		7,
		0,
		0,
		7,
		1,
		1,
		6,
		2,
		1,
		8,
		2,
		3,
		4,
		2,
		2,
		0,
		4,
		1,
		2,
		6,
		8,
		4,
		4,
		3,
		7,
		1,
		5,
		5,
		1,
		1,
		7,
		8,
		0,
		4,
		8,
		7,
		2,
		3,
		4,
		6,
		7,
		0,
		9,
		1,
		8,
		9,
		9,
		2,
		4,
		0,
		6,
		2,
		5,
		7,
		7,
		2,
		7,
		8,
		3,
		0,
		6,
		2,
		4,
		2,
		4,
		5,
		4,
		3,
		7,
		9,
		1,
		6,
		7,
		4,
		8,
		1,
		5,
		0,
		4,
		7,
		0,
		6,
		1,
		5,
		4,
		7,
		6,
		6,
		7,
		7,
		1,
		9,
		6,
		2,
		9,
		2,
		9,
		1,
		5,
		7,
		0,
		9,
		1,
		7,
		4,
		4,
		2,
		3,
		6,
		5,
		4,
		1,
		9,
		5,
		8,
		8,
		7,
		1,
		8,
		5,
		1,
		7,
		5,
		8,
		3,
		9,
		5,
		5,
		6
	],
	"formal_code":[
		5,
		11,
		0,
		1035
	],
	"tensor_product_decompositions":{
		"identifiers":[
			"formal_code"
		],
		"value":[]
	},
	"sub_fusion_rings":{
		"identifiers":[
			"injection",
			"formal_code"
		],
		"value":[]
	},
	"numeric_characters":[
		[
			[
				1.0,
				0
			],
			[
				8.730289582532187,
				0
			],
			[
				1.0074199466185318e1,
				0
			],
			[
				1.4992373504688812e1,
				0
			],
			[
				2.1477660427837467e1,
				0
			]
		],
		[
			[
				1.0,
				0
			],
			[
				6.5035037776127504,
				0
			],
			[
				3.8203865687430794,
				0
			],
			[
				-2.847722459618162,
				0
			],
			[
				-2.494251598716226,
				0
			]
		],
		[
			[
				1.0,
				0
			],
			[
				-2.496780478608991,
				0
			],
			[
				3.8052586681997265,
				0
			],
			[
				1.2076277470052426,
				0
			],
			[
				-1.6595161562912437,
				0
			]
		],
		[
			[
				1.0,
				0
			],
			[
				0.4616363685621001,
				0
			],
			[
				-0.6583593343672993,
				0
			],
			[
				1.1756461790796708,
				0
			],
			[
				-0.7460543761036913,
				0
			]
		],
		[
			[
				1.0,
				0
			],
			[
				-0.19864925009804635,
				0
			],
			[
				-4.148536876082463e-2,
				0
			],
			[
				-0.5279249711555639,
				0
			],
			[
				0.42216170327369434,
				0
			]
		]
	],
	"numeric_frobenius_perron_dimensions":[
		1.0,
		8.730289582532187,
		1.0074199466185316e1,
		1.4992373504688812e1,
		2.147766042783747e1
	],
	"numeric_frobenius_perron_dimension":8.647686118369493e2,
	"info":"Fusion ring. mult_tab provides structure constants. barcode and formal_code provide unique identifiers see (DOI: 10.1063\/5.0148848). sub_fusion_rings provides tuples where the first element corresponds to the elements of the ring that form the subring isomorphic to the ring identified by the second element of the tuple. software provides doi of original software used to represent fusion ring.",
	"comments":[
		""
	]
}