{
	"references":[
		""
	],
	"software":[
		"https:\/\/doi.org\/10.5281\/zenodo.15920400"
	],
	"mult_tab":[
		[
			[
				1,
				0,
				0,
				0,
				0
			],
			[
				0,
				1,
				0,
				0,
				0
			],
			[
				0,
				0,
				1,
				0,
				0
			],
			[
				0,
				0,
				0,
				1,
				0
			],
			[
				0,
				0,
				0,
				0,
				1
			]
		],
		[
			[
				0,
				1,
				0,
				0,
				0
			],
			[
				1,
				0,
				0,
				0,
				0
			],
			[
				0,
				0,
				1,
				0,
				0
			],
			[
				0,
				0,
				0,
				1,
				0
			],
			[
				0,
				0,
				0,
				0,
				1
			]
		],
		[
			[
				0,
				0,
				1,
				0,
				0
			],
			[
				0,
				0,
				1,
				0,
				0
			],
			[
				1,
				1,
				7,
				3,
				4
			],
			[
				0,
				0,
				3,
				10,
				5
			],
			[
				0,
				0,
				4,
				5,
				10
			]
		],
		[
			[
				0,
				0,
				0,
				1,
				0
			],
			[
				0,
				0,
				0,
				1,
				0
			],
			[
				0,
				0,
				3,
				10,
				5
			],
			[
				1,
				1,
				10,
				6,
				11
			],
			[
				0,
				0,
				5,
				11,
				11
			]
		],
		[
			[
				0,
				0,
				0,
				0,
				1
			],
			[
				0,
				0,
				0,
				0,
				1
			],
			[
				0,
				0,
				4,
				5,
				10
			],
			[
				0,
				0,
				5,
				11,
				11
			],
			[
				1,
				1,
				10,
				11,
				9
			]
		]
	],
	"texnames":[
		"\\text{FR}^{5,11,0}_{1318}"
	],
	"barcode":[
		6,
		5,
		8,
		3,
		7,
		7,
		0,
		0,
		7,
		1,
		1,
		6,
		2,
		1,
		8,
		2,
		3,
		4,
		2,
		2,
		0,
		4,
		1,
		2,
		6,
		8,
		4,
		4,
		3,
		7,
		1,
		5,
		2,
		4,
		4,
		6,
		2,
		9,
		7,
		6,
		2,
		5,
		1,
		1,
		6,
		9,
		4,
		5,
		8,
		7,
		0,
		1,
		4,
		6,
		6,
		7,
		9,
		8,
		0,
		8,
		4,
		3,
		8,
		0,
		1,
		8,
		6,
		8,
		6,
		0,
		5,
		4,
		2,
		6,
		1,
		1,
		3,
		9,
		4,
		3,
		3,
		7,
		2,
		2,
		1,
		0,
		1,
		6,
		2,
		0,
		5,
		2,
		8,
		7,
		3,
		1,
		1,
		4,
		3,
		9,
		8,
		7,
		4,
		5,
		6,
		0,
		6,
		9,
		6,
		1,
		2,
		9,
		5,
		1,
		5,
		7,
		1,
		2,
		1,
		0,
		3,
		2,
		6,
		9,
		2,
		7,
		1,
		4,
		7,
		7,
		0,
		9,
		2,
		2
	],
	"formal_code":[
		5,
		11,
		0,
		1318
	],
	"tensor_product_decompositions":{
		"identifiers":[
			"formal_code"
		],
		"value":[]
	},
	"sub_fusion_rings":{
		"identifiers":[
			"injection",
			"formal_code"
		],
		"value":[
			[
				[
					1,
					2
				],
				[
					2,
					1,
					0,
					1
				]
			]
		]
	},
	"numeric_characters":[
		[
			[
				1.0,
				0
			],
			[
				1.0,
				0
			],
			[
				1.7393100013500103e1,
				0
			],
			[
				2.4736346679824535e1,
				0
			],
			[
				2.613979698641073e1,
				0
			]
		],
		[
			[
				1.0,
				0
			],
			[
				1.0,
				0
			],
			[
				5.594201770534343,
				0
			],
			[
				-6.788988489443076,
				0
			],
			[
				2.625661631009601,
				0
			]
		],
		[
			[
				1.0,
				0
			],
			[
				1.0,
				0
			],
			[
				4.365809320057419,
				0
			],
			[
				2.0051260504961275,
				0
			],
			[
				-4.878938093197523,
				0
			]
		],
		[
			[
				1.0,
				0
			],
			[
				1.0,
				0
			],
			[
				-0.35311110409186297,
				0
			],
			[
				4.7515759122414576e-2,
				0
			],
			[
				0.11347947577719285,
				0
			]
		],
		[
			[
				1.0,
				0
			],
			[
				-1.0,
				0
			],
			[
				0.0,
				0
			],
			[
				0.0,
				0
			],
			[
				0.0,
				0
			]
		]
	],
	"numeric_frobenius_perron_dimensions":[
		1.0,
		1.0,
		1.7393100013500103e1,
		2.4736346679824535e1,
		2.613979698641073e1
	],
	"numeric_frobenius_perron_dimension":1.5996957616348511e3,
	"info":"Fusion ring. mult_tab provides structure constants. barcode and formal_code provide unique identifiers see (DOI: 10.1063\/5.0148848). sub_fusion_rings provides tuples where the first element corresponds to the elements of the ring that form the subring isomorphic to the ring identified by the second element of the tuple. software provides doi of original software used to represent fusion ring.",
	"comments":[
		""
	]
}