{
	"references":[
		""
	],
	"software":[
		"https:\/\/doi.org\/10.5281\/zenodo.15920400"
	],
	"mult_tab":[
		[
			[
				1,
				0,
				0,
				0,
				0
			],
			[
				0,
				1,
				0,
				0,
				0
			],
			[
				0,
				0,
				1,
				0,
				0
			],
			[
				0,
				0,
				0,
				1,
				0
			],
			[
				0,
				0,
				0,
				0,
				1
			]
		],
		[
			[
				0,
				1,
				0,
				0,
				0
			],
			[
				1,
				14,
				1,
				4,
				5
			],
			[
				0,
				1,
				13,
				4,
				9
			],
			[
				0,
				4,
				4,
				15,
				7
			],
			[
				0,
				5,
				9,
				7,
				11
			]
		],
		[
			[
				0,
				0,
				1,
				0,
				0
			],
			[
				0,
				1,
				13,
				4,
				9
			],
			[
				1,
				13,
				8,
				9,
				8
			],
			[
				0,
				4,
				9,
				16,
				10
			],
			[
				0,
				9,
				8,
				10,
				15
			]
		],
		[
			[
				0,
				0,
				0,
				1,
				0
			],
			[
				0,
				4,
				4,
				15,
				7
			],
			[
				0,
				4,
				9,
				16,
				10
			],
			[
				1,
				15,
				16,
				1,
				15
			],
			[
				0,
				7,
				10,
				15,
				14
			]
		],
		[
			[
				0,
				0,
				0,
				0,
				1
			],
			[
				0,
				5,
				9,
				7,
				11
			],
			[
				0,
				9,
				8,
				10,
				15
			],
			[
				0,
				7,
				10,
				15,
				14
			],
			[
				1,
				11,
				15,
				14,
				10
			]
		]
	],
	"texnames":[
		"\\text{FR}^{5,16,0}_{646}"
	],
	"barcode":[
		3,
		7,
		6,
		4,
		1,
		4,
		4,
		3,
		4,
		3,
		0,
		6,
		5,
		8,
		9,
		6,
		9,
		9,
		4,
		3,
		9,
		0,
		0,
		0,
		5,
		8,
		2,
		8,
		2,
		6,
		5,
		5,
		9,
		0,
		2,
		3,
		0,
		5,
		4,
		2,
		6,
		5,
		7,
		9,
		2,
		5,
		7,
		9,
		9,
		7,
		3,
		6,
		3,
		7,
		3,
		8,
		0,
		9,
		0,
		0,
		8,
		7,
		2,
		2,
		1,
		8,
		5,
		8,
		5,
		8,
		9,
		7,
		3,
		2,
		2,
		9,
		1,
		2,
		5,
		6,
		1,
		4,
		1,
		1,
		5,
		3,
		3,
		6,
		2,
		3,
		0,
		6,
		8,
		6,
		9,
		8,
		8,
		3,
		7,
		6,
		7,
		5,
		4,
		4,
		1,
		6,
		4,
		6,
		4,
		6,
		3,
		1,
		7,
		2,
		0,
		5,
		4,
		6,
		3,
		8,
		9,
		4,
		2,
		9,
		0,
		2,
		3,
		0,
		5,
		8,
		0,
		9,
		6,
		2,
		1,
		6,
		3,
		9,
		4,
		5,
		0,
		7,
		0,
		4,
		7,
		7,
		8,
		7,
		2,
		4,
		1,
		7,
		2
	],
	"formal_code":[
		5,
		16,
		0,
		646
	],
	"tensor_product_decompositions":{
		"identifiers":[
			"formal_code"
		],
		"value":[]
	},
	"sub_fusion_rings":{
		"identifiers":[
			"injection",
			"formal_code"
		],
		"value":[]
	},
	"numeric_characters":[
		[
			[
				1.0,
				0
			],
			[
				2.8701113751557493e1,
				0
			],
			[
				3.734359112132272e1,
				0
			],
			[
				4.151115192190754e1,
				0
			],
			[
				4.351002784981697e1,
				0
			]
		],
		[
			[
				1.0,
				0
			],
			[
				9.551270678245178,
				0
			],
			[
				7.705289364323195,
				0
			],
			[
				-1.750894533799284e1,
				0
			],
			[
				3.7678948122643576,
				0
			]
		],
		[
			[
				1.0,
				0
			],
			[
				1.7738491460659664,
				0
			],
			[
				4.698411285360667,
				0
			],
			[
				1.6326742631992135,
				0
			],
			[
				-6.783291118016418,
				0
			]
		],
		[
			[
				1.0,
				0
			],
			[
				1.307146556192255e1,
				0
			],
			[
				-9.69572017643579,
				0
			],
			[
				2.365475404831385,
				0
			],
			[
				-2.5806974746556515,
				0
			]
		],
		[
			[
				1.0,
				0
			],
			[
				-9.76991377911861e-2,
				0
			],
			[
				-5.157159457078709e-2,
				0
			],
			[
				-3.562519452938875e-4,
				0
			],
			[
				8.60659305907418e-2,
				0
			]
		]
	],
	"numeric_frobenius_perron_dimensions":[
		1.0,
		2.870111375155749e1,
		3.734359112132272e1,
		4.151115192190754e1,
		4.351002784981697e1
	],
	"numeric_frobenius_perron_dimension":5.8355959857919115e3,
	"info":"Fusion ring. mult_tab provides structure constants. barcode and formal_code provide unique identifiers see (DOI: 10.1063\/5.0148848). sub_fusion_rings provides tuples where the first element corresponds to the elements of the ring that form the subring isomorphic to the ring identified by the second element of the tuple. software provides doi of original software used to represent fusion ring.",
	"comments":[
		""
	]
}