{
	"references":[
		""
	],
	"software":[
		"https:\/\/doi.org\/10.5281\/zenodo.15920400"
	],
	"mult_tab":[
		[
			[
				1,
				0,
				0,
				0,
				0
			],
			[
				0,
				1,
				0,
				0,
				0
			],
			[
				0,
				0,
				1,
				0,
				0
			],
			[
				0,
				0,
				0,
				1,
				0
			],
			[
				0,
				0,
				0,
				0,
				1
			]
		],
		[
			[
				0,
				1,
				0,
				0,
				0
			],
			[
				1,
				6,
				1,
				1,
				1
			],
			[
				0,
				1,
				2,
				1,
				4
			],
			[
				0,
				1,
				1,
				7,
				2
			],
			[
				0,
				1,
				4,
				2,
				8
			]
		],
		[
			[
				0,
				0,
				1,
				0,
				0
			],
			[
				0,
				1,
				2,
				1,
				4
			],
			[
				1,
				2,
				1,
				3,
				5
			],
			[
				0,
				1,
				3,
				3,
				6
			],
			[
				0,
				4,
				5,
				6,
				8
			]
		],
		[
			[
				0,
				0,
				0,
				1,
				0
			],
			[
				0,
				1,
				1,
				7,
				2
			],
			[
				0,
				1,
				3,
				3,
				6
			],
			[
				1,
				7,
				3,
				4,
				5
			],
			[
				0,
				2,
				6,
				5,
				12
			]
		],
		[
			[
				0,
				0,
				0,
				0,
				1
			],
			[
				0,
				1,
				4,
				2,
				8
			],
			[
				0,
				4,
				5,
				6,
				8
			],
			[
				0,
				2,
				6,
				5,
				12
			],
			[
				1,
				8,
				8,
				12,
				16
			]
		]
	],
	"texnames":[
		"\\text{FR}^{5,16,0}_{1731}"
	],
	"barcode":[
		3,
		7,
		6,
		4,
		1,
		4,
		4,
		3,
		4,
		3,
		0,
		6,
		5,
		8,
		9,
		6,
		9,
		9,
		4,
		3,
		9,
		0,
		0,
		0,
		5,
		8,
		2,
		8,
		2,
		6,
		5,
		5,
		9,
		0,
		2,
		3,
		0,
		6,
		0,
		8,
		1,
		5,
		8,
		1,
		1,
		7,
		6,
		2,
		4,
		7,
		9,
		2,
		3,
		6,
		3,
		0,
		6,
		3,
		3,
		3,
		5,
		7,
		8,
		2,
		0,
		0,
		5,
		6,
		0,
		2,
		0,
		3,
		0,
		6,
		0,
		0,
		7,
		1,
		1,
		0,
		8,
		0,
		5,
		0,
		8,
		8,
		8,
		9,
		7,
		2,
		8,
		5,
		1,
		8,
		7,
		8,
		9,
		6,
		4,
		6,
		4,
		4,
		2,
		3,
		1,
		0,
		4,
		4,
		2,
		5,
		0,
		1,
		4,
		6,
		1,
		0,
		6,
		9,
		5,
		1,
		5,
		3,
		6,
		0,
		4,
		8,
		3,
		4,
		2,
		7,
		9,
		9,
		7,
		8,
		5,
		5,
		5,
		4,
		7,
		9,
		9,
		9,
		4,
		4,
		4,
		6,
		0,
		4,
		3,
		8,
		1,
		4,
		2
	],
	"formal_code":[
		5,
		16,
		0,
		1731
	],
	"tensor_product_decompositions":{
		"identifiers":[
			"formal_code"
		],
		"value":[]
	},
	"sub_fusion_rings":{
		"identifiers":[
			"injection",
			"formal_code"
		],
		"value":[]
	},
	"numeric_characters":[
		[
			[
				1.0,
				0
			],
			[
				1.168392209726562e1,
				0
			],
			[
				1.5818885017728752e1,
				0
			],
			[
				1.895384793819188e1,
				0
			],
			[
				3.0637770035457503e1,
				0
			]
		],
		[
			[
				1.0,
				0
			],
			[
				6.0,
				0
			],
			[
				-2.0,
				0
			],
			[
				6.0,
				0
			],
			[
				-5.0,
				0
			]
		],
		[
			[
				1.0,
				0
			],
			[
				5.517726197471015,
				0
			],
			[
				0.7713342805805746,
				0
			],
			[
				-4.975057636309866,
				0
			],
			[
				0.5426685611611491,
				0
			]
		],
		[
			[
				1.0,
				0
			],
			[
				-0.2016482947366358,
				0
			],
			[
				0.40978070169067443,
				0
			],
			[
				2.120969811798473e-2,
				0
			],
			[
				-0.18043859661865108,
				0
			]
		],
		[
			[
				1.0,
				0
			],
			[
				0.0,
				0
			],
			[
				-2.0,
				0
			],
			[
				0.0,
				0
			],
			[
				1.0,
				0
			]
		]
	],
	"numeric_frobenius_perron_dimensions":[
		1.0,
		1.1683922097265622e1,
		1.5818885017728752e1,
		1.895384793819188e1,
		3.0637770035457503e1
	],
	"numeric_frobenius_perron_dimension":1.6856724631887732e3,
	"info":"Fusion ring. mult_tab provides structure constants. barcode and formal_code provide unique identifiers see (DOI: 10.1063\/5.0148848). sub_fusion_rings provides tuples where the first element corresponds to the elements of the ring that form the subring isomorphic to the ring identified by the second element of the tuple. software provides doi of original software used to represent fusion ring.",
	"comments":[
		""
	]
}