{
	"references":[
		""
	],
	"software":[
		"https:\/\/doi.org\/10.5281\/zenodo.15920400"
	],
	"mult_tab":[
		[
			[
				1,
				0,
				0,
				0,
				0
			],
			[
				0,
				1,
				0,
				0,
				0
			],
			[
				0,
				0,
				1,
				0,
				0
			],
			[
				0,
				0,
				0,
				1,
				0
			],
			[
				0,
				0,
				0,
				0,
				1
			]
		],
		[
			[
				0,
				1,
				0,
				0,
				0
			],
			[
				1,
				5,
				2,
				3,
				3
			],
			[
				0,
				2,
				3,
				4,
				5
			],
			[
				0,
				3,
				4,
				6,
				7
			],
			[
				0,
				3,
				5,
				7,
				7
			]
		],
		[
			[
				0,
				0,
				1,
				0,
				0
			],
			[
				0,
				2,
				3,
				4,
				5
			],
			[
				1,
				3,
				13,
				0,
				4
			],
			[
				0,
				4,
				0,
				14,
				5
			],
			[
				0,
				5,
				4,
				5,
				12
			]
		],
		[
			[
				0,
				0,
				0,
				1,
				0
			],
			[
				0,
				3,
				4,
				6,
				7
			],
			[
				0,
				4,
				0,
				14,
				5
			],
			[
				1,
				6,
				14,
				8,
				9
			],
			[
				0,
				7,
				5,
				9,
				16
			]
		],
		[
			[
				0,
				0,
				0,
				0,
				1
			],
			[
				0,
				3,
				5,
				7,
				7
			],
			[
				0,
				5,
				4,
				5,
				12
			],
			[
				0,
				7,
				5,
				9,
				16
			],
			[
				1,
				7,
				12,
				16,
				8
			]
		]
	],
	"texnames":[
		"\\text{FR}^{5,16,0}_{47}"
	],
	"barcode":[
		3,
		7,
		6,
		4,
		1,
		4,
		4,
		3,
		4,
		3,
		0,
		6,
		5,
		8,
		9,
		6,
		9,
		9,
		4,
		3,
		9,
		0,
		0,
		0,
		5,
		8,
		2,
		8,
		2,
		6,
		5,
		5,
		9,
		0,
		2,
		3,
		0,
		5,
		1,
		3,
		9,
		4,
		5,
		2,
		4,
		7,
		7,
		0,
		5,
		5,
		6,
		0,
		2,
		7,
		1,
		9,
		9,
		0,
		3,
		1,
		3,
		6,
		8,
		1,
		4,
		7,
		3,
		9,
		0,
		5,
		4,
		8,
		6,
		9,
		1,
		9,
		8,
		0,
		8,
		6,
		2,
		0,
		8,
		6,
		8,
		8,
		2,
		4,
		7,
		4,
		5,
		7,
		7,
		9,
		3,
		1,
		2,
		6,
		6,
		2,
		5,
		5,
		4,
		1,
		6,
		9,
		2,
		2,
		9,
		6,
		2,
		9,
		0,
		8,
		1,
		1,
		1,
		1,
		2,
		2,
		5,
		4,
		8,
		4,
		8,
		3,
		7,
		6,
		5,
		8,
		6,
		7,
		2,
		6,
		8,
		4,
		7,
		6,
		5,
		2,
		6,
		5,
		7,
		5,
		1,
		8,
		2,
		0,
		2,
		1,
		7,
		3,
		8
	],
	"formal_code":[
		5,
		16,
		0,
		47
	],
	"tensor_product_decompositions":{
		"identifiers":[
			"formal_code"
		],
		"value":[]
	},
	"sub_fusion_rings":{
		"identifiers":[
			"injection",
			"formal_code"
		],
		"value":[]
	},
	"numeric_characters":[
		[
			[
				1.0,
				0
			],
			[
				1.8203571661615808e1,
				0
			],
			[
				2.1802885289241033e1,
				0
			],
			[
				3.1169401653301446e1,
				0
			],
			[
				3.4079395797705544e1,
				0
			]
		],
		[
			[
				1.0,
				0
			],
			[
				-0.7792101077381112,
				0
			],
			[
				6.393190344023331,
				0
			],
			[
				7.13085309109233,
				0
			],
			[
				-1.0225240343543954e1,
				0
			]
		],
		[
			[
				1.0,
				0
			],
			[
				0.23444410891739675,
				0
			],
			[
				1.3432285409609547e1,
				0
			],
			[
				-1.0686421276249968e1,
				0
			],
			[
				1.0258121683832995,
				0
			]
		],
		[
			[
				1.0,
				0
			],
			[
				3.5923225039099664,
				0
			],
			[
				-0.5764782186947824,
				0
			],
			[
				-0.6470191536703777,
				0
			],
			[
				-0.9876058830170545,
				0
			]
		],
		[
			[
				1.0,
				0
			],
			[
				-0.251128166705059,
				0
			],
			[
				-5.1882824179127936e-2,
				0
			],
			[
				3.3185685526571e-2,
				0
			],
			[
				0.10763826047216063,
				0
			]
		]
	],
	"numeric_frobenius_perron_dimensions":[
		1.0,
		1.8203571661615808e1,
		2.180288528924103e1,
		3.1169401653301442e1,
		3.4079395797705544e1
	],
	"numeric_frobenius_perron_dimension":2.940672645536886e3,
	"info":"Fusion ring. mult_tab provides structure constants. barcode and formal_code provide unique identifiers see (DOI: 10.1063\/5.0148848). sub_fusion_rings provides tuples where the first element corresponds to the elements of the ring that form the subring isomorphic to the ring identified by the second element of the tuple. software provides doi of original software used to represent fusion ring.",
	"comments":[
		""
	]
}