{
	"references":[
		""
	],
	"software":[
		"https:\/\/doi.org\/10.5281\/zenodo.15920400"
	],
	"mult_tab":[
		[
			[
				1,
				0,
				0,
				0,
				0
			],
			[
				0,
				1,
				0,
				0,
				0
			],
			[
				0,
				0,
				1,
				0,
				0
			],
			[
				0,
				0,
				0,
				1,
				0
			],
			[
				0,
				0,
				0,
				0,
				1
			]
		],
		[
			[
				0,
				1,
				0,
				0,
				0
			],
			[
				1,
				0,
				0,
				0,
				0
			],
			[
				0,
				0,
				1,
				0,
				0
			],
			[
				0,
				0,
				0,
				1,
				0
			],
			[
				0,
				0,
				0,
				0,
				1
			]
		],
		[
			[
				0,
				0,
				1,
				0,
				0
			],
			[
				0,
				0,
				1,
				0,
				0
			],
			[
				1,
				1,
				2,
				2,
				0
			],
			[
				0,
				0,
				2,
				3,
				1
			],
			[
				0,
				0,
				0,
				1,
				5
			]
		],
		[
			[
				0,
				0,
				0,
				1,
				0
			],
			[
				0,
				0,
				0,
				1,
				0
			],
			[
				0,
				0,
				2,
				3,
				1
			],
			[
				1,
				1,
				3,
				3,
				3
			],
			[
				0,
				0,
				1,
				3,
				7
			]
		],
		[
			[
				0,
				0,
				0,
				0,
				1
			],
			[
				0,
				0,
				0,
				0,
				1
			],
			[
				0,
				0,
				0,
				1,
				5
			],
			[
				0,
				0,
				1,
				3,
				7
			],
			[
				1,
				1,
				5,
				7,
				7
			]
		]
	],
	"texnames":[
		"\\text{FR}^{5,7,0}_{352}"
	],
	"barcode":[
		9,
		6,
		1,
		9,
		6,
		6,
		7,
		1,
		1,
		5,
		1,
		5,
		9,
		4,
		6,
		1,
		3,
		2,
		2,
		9,
		6,
		4,
		4,
		3,
		8,
		9,
		1,
		3,
		4,
		0,
		4,
		9,
		5,
		4,
		0,
		2,
		5,
		5,
		0,
		8,
		0,
		7,
		5,
		8,
		7,
		3,
		6,
		3,
		0,
		7,
		6,
		4,
		2,
		5,
		5,
		3,
		0,
		8,
		7,
		1,
		2,
		9,
		0,
		3,
		3,
		9,
		3,
		2,
		3,
		4,
		5,
		7,
		8,
		6,
		4,
		9,
		0,
		3,
		3,
		4,
		9,
		7,
		4,
		0,
		1,
		3,
		5,
		5,
		0,
		2,
		4,
		1,
		2,
		9,
		4,
		4,
		6,
		2,
		8,
		2,
		4,
		9,
		4,
		1,
		4,
		2,
		0,
		5,
		9,
		1,
		3,
		8
	],
	"formal_code":[
		5,
		7,
		0,
		352
	],
	"tensor_product_decompositions":{
		"identifiers":[
			"formal_code"
		],
		"value":[]
	},
	"sub_fusion_rings":{
		"identifiers":[
			"injection",
			"formal_code"
		],
		"value":[
			[
				[
					1,
					2
				],
				[
					2,
					1,
					0,
					1
				]
			]
		]
	},
	"numeric_characters":[
		[
			[
				1.0,
				0
			],
			[
				1.0,
				0
			],
			[
				5.677903834540723,
				0
			],
			[
				9.441392142605402,
				0
			],
			[
				1.3927332553004216e1,
				0
			]
		],
		[
			[
				1.0,
				0
			],
			[
				1.0,
				0
			],
			[
				1.1675816363284168,
				0
			],
			[
				-1.4859581975827452,
				0
			],
			[
				0.3877338162421151,
				0
			]
		],
		[
			[
				1.0,
				0
			],
			[
				1.0,
				0
			],
			[
				4.167882692041155,
				0
			],
			[
				3.5177403752669556,
				0
			],
			[
				-4.227457284713676,
				0
			]
		],
		[
			[
				1.0,
				0
			],
			[
				1.0,
				0
			],
			[
				-1.0133681629102946,
				0
			],
			[
				0.5268256797103874,
				0
			],
			[
				-8.760908453265552e-2,
				0
			]
		],
		[
			[
				1.0,
				0
			],
			[
				-1.0,
				0
			],
			[
				0.0,
				0
			],
			[
				0.0,
				0
			],
			[
				0.0,
				0
			]
		]
	],
	"numeric_frobenius_perron_dimensions":[
		1.0,
		1.0,
		5.677903834540724,
		9.441392142605402,
		1.3927332553004216e1
	],
	"numeric_frobenius_perron_dimension":3.173490695867142e2,
	"info":"Fusion ring. mult_tab provides structure constants. barcode and formal_code provide unique identifiers see (DOI: 10.1063\/5.0148848). sub_fusion_rings provides tuples where the first element corresponds to the elements of the ring that form the subring isomorphic to the ring identified by the second element of the tuple. software provides doi of original software used to represent fusion ring.",
	"comments":[
		""
	]
}