{
	"references":[
		""
	],
	"software":[
		"https:\/\/doi.org\/10.5281\/zenodo.15920400"
	],
	"mult_tab":[
		[
			[
				1,
				0,
				0,
				0,
				0
			],
			[
				0,
				1,
				0,
				0,
				0
			],
			[
				0,
				0,
				1,
				0,
				0
			],
			[
				0,
				0,
				0,
				1,
				0
			],
			[
				0,
				0,
				0,
				0,
				1
			]
		],
		[
			[
				0,
				1,
				0,
				0,
				0
			],
			[
				1,
				4,
				0,
				2,
				1
			],
			[
				0,
				0,
				5,
				1,
				2
			],
			[
				0,
				2,
				1,
				5,
				1
			],
			[
				0,
				1,
				2,
				1,
				5
			]
		],
		[
			[
				0,
				0,
				1,
				0,
				0
			],
			[
				0,
				0,
				5,
				1,
				2
			],
			[
				1,
				5,
				0,
				3,
				3
			],
			[
				0,
				1,
				3,
				1,
				6
			],
			[
				0,
				2,
				3,
				6,
				1
			]
		],
		[
			[
				0,
				0,
				0,
				1,
				0
			],
			[
				0,
				2,
				1,
				5,
				1
			],
			[
				0,
				1,
				3,
				1,
				6
			],
			[
				1,
				5,
				1,
				3,
				4
			],
			[
				0,
				1,
				6,
				4,
				2
			]
		],
		[
			[
				0,
				0,
				0,
				0,
				1
			],
			[
				0,
				1,
				2,
				1,
				5
			],
			[
				0,
				2,
				3,
				6,
				1
			],
			[
				0,
				1,
				6,
				4,
				2
			],
			[
				1,
				5,
				1,
				2,
				6
			]
		]
	],
	"texnames":[
		"\\text{FR}^{5,6,0}_{265}"
	],
	"barcode":[
		6,
		1,
		9,
		6,
		7,
		0,
		2,
		5,
		9,
		6,
		9,
		5,
		7,
		2,
		7,
		7,
		0,
		5,
		5,
		2,
		5,
		0,
		6,
		7,
		0,
		5,
		8,
		0,
		9,
		3,
		2,
		7,
		9,
		5,
		9,
		1,
		0,
		4,
		5,
		3,
		8,
		3,
		2,
		4,
		2,
		1,
		9,
		1,
		8,
		2,
		9,
		9,
		0,
		6,
		5,
		8,
		3,
		2,
		2,
		5,
		4,
		9,
		8,
		7,
		8,
		6,
		1,
		1,
		2,
		5,
		2,
		4,
		4,
		2,
		4,
		3,
		9,
		5,
		0,
		7,
		1,
		0,
		9,
		4,
		1,
		5,
		2,
		4,
		1,
		0,
		8,
		4,
		5,
		5,
		6,
		4,
		2,
		4,
		5,
		4,
		3,
		3,
		1,
		4,
		8
	],
	"formal_code":[
		5,
		6,
		0,
		265
	],
	"tensor_product_decompositions":{
		"identifiers":[
			"formal_code"
		],
		"value":[]
	},
	"sub_fusion_rings":{
		"identifiers":[
			"injection",
			"formal_code"
		],
		"value":[]
	},
	"numeric_characters":[
		[
			[
				1.0,
				0
			],
			[
				8.385815826523443,
				0
			],
			[
				1.072472169044284e1,
				0
			],
			[
				1.174845170199798e1,
				0
			],
			[
				1.2281740366281316e1,
				0
			]
		],
		[
			[
				1.0,
				0
			],
			[
				2.2675612926647717,
				0
			],
			[
				1.679425213742092,
				0
			],
			[
				-1.7559651497438271,
				0
			],
			[
				-1.416480655179902,
				0
			]
		],
		[
			[
				1.0,
				0
			],
			[
				5.347169138720064,
				0
			],
			[
				-5.654752975731213,
				0
			],
			[
				4.790079402219784,
				0
			],
			[
				-3.376617561239554,
				0
			]
		],
		[
			[
				1.0,
				0
			],
			[
				-0.29550006921588984,
				0
			],
			[
				-3.9608844515453136e-2,
				0
			],
			[
				0.10963083222238879,
				0
			],
			[
				5.005890332537735e-2,
				0
			]
		],
		[
			[
				1.0,
				0
			],
			[
				3.294953811307612,
				0
			],
			[
				-4.7097850839382644,
				0
			],
			[
				-4.892196786696327,
				0
			],
			[
				6.461298946812763,
				0
			]
		]
	],
	"numeric_frobenius_perron_dimensions":[
		1.0,
		8.385815826523443,
		1.072472169044284e1,
		1.174845170199798e1,
		1.2281740366281316e1
	],
	"numeric_frobenius_perron_dimension":4.752088262327493e2,
	"info":"Fusion ring. mult_tab provides structure constants. barcode and formal_code provide unique identifiers see (DOI: 10.1063\/5.0148848). sub_fusion_rings provides tuples where the first element corresponds to the elements of the ring that form the subring isomorphic to the ring identified by the second element of the tuple. software provides doi of original software used to represent fusion ring.",
	"comments":[
		""
	]
}