{
	"references":[
		""
	],
	"software":[
		"https:\/\/doi.org\/10.5281\/zenodo.15920400"
	],
	"mult_tab":[
		[
			[
				1,
				0,
				0,
				0,
				0
			],
			[
				0,
				1,
				0,
				0,
				0
			],
			[
				0,
				0,
				1,
				0,
				0
			],
			[
				0,
				0,
				0,
				1,
				0
			],
			[
				0,
				0,
				0,
				0,
				1
			]
		],
		[
			[
				0,
				1,
				0,
				0,
				0
			],
			[
				1,
				2,
				1,
				0,
				1
			],
			[
				0,
				1,
				4,
				0,
				2
			],
			[
				0,
				0,
				0,
				5,
				3
			],
			[
				0,
				1,
				2,
				3,
				4
			]
		],
		[
			[
				0,
				0,
				1,
				0,
				0
			],
			[
				0,
				1,
				4,
				0,
				2
			],
			[
				1,
				4,
				8,
				0,
				4
			],
			[
				0,
				0,
				0,
				11,
				6
			],
			[
				0,
				2,
				4,
				6,
				9
			]
		],
		[
			[
				0,
				0,
				0,
				1,
				0
			],
			[
				0,
				0,
				0,
				5,
				3
			],
			[
				0,
				0,
				0,
				11,
				6
			],
			[
				1,
				5,
				11,
				10,
				12
			],
			[
				0,
				3,
				6,
				12,
				15
			]
		],
		[
			[
				0,
				0,
				0,
				0,
				1
			],
			[
				0,
				1,
				2,
				3,
				4
			],
			[
				0,
				2,
				4,
				6,
				9
			],
			[
				0,
				3,
				6,
				12,
				15
			],
			[
				1,
				4,
				9,
				15,
				12
			]
		]
	],
	"texnames":[
		"\\text{FR}^{5,15,0}_{475}"
	],
	"barcode":[
		2,
		0,
		4,
		5,
		8,
		6,
		9,
		2,
		5,
		1,
		8,
		7,
		8,
		3,
		9,
		8,
		6,
		8,
		3,
		8,
		6,
		4,
		3,
		6,
		6,
		2,
		8,
		4,
		5,
		9,
		5,
		4,
		2,
		6,
		4,
		9,
		9,
		7,
		4,
		0,
		4,
		3,
		4,
		6,
		9,
		9,
		1,
		8,
		5,
		8,
		7,
		6,
		8,
		1,
		6,
		4,
		7,
		4,
		1,
		7,
		8,
		7,
		8,
		9,
		9,
		6,
		3,
		4,
		9,
		0,
		9,
		1,
		6,
		0,
		0,
		6,
		6,
		8,
		8,
		8,
		3,
		5,
		2,
		4,
		1,
		9,
		7,
		7,
		8,
		8,
		7,
		5,
		7,
		3,
		5,
		4,
		3,
		4,
		3,
		8,
		5,
		2,
		0,
		4,
		1,
		0,
		0,
		1,
		3,
		8,
		7,
		4,
		9,
		0,
		5,
		4,
		6,
		5,
		3,
		9,
		2,
		5,
		0,
		4,
		8,
		9,
		2,
		4,
		7,
		9,
		6,
		0,
		9,
		8,
		3,
		7,
		2,
		4,
		6,
		3,
		0,
		2,
		7,
		9,
		7,
		8,
		6,
		7,
		5,
		4
	],
	"formal_code":[
		5,
		15,
		0,
		475
	],
	"tensor_product_decompositions":{
		"identifiers":[
			"formal_code"
		],
		"value":[]
	},
	"sub_fusion_rings":{
		"identifiers":[
			"injection",
			"formal_code"
		],
		"value":[]
	},
	"numeric_characters":[
		[
			[
				1.0,
				0
			],
			[
				8.172353441501697,
				0
			],
			[
				1.7344706883003393e1,
				0
			],
			[
				3.0354070817175693e1,
				0
			],
			[
				3.209794700681785e1,
				0
			]
		],
		[
			[
				1.0,
				0
			],
			[
				4.641699994372976,
				0
			],
			[
				1.0283399988745952e1,
				0
			],
			[
				-8.193515307578664,
				0
			],
			[
				0.978578860270181,
				0
			]
		],
		[
			[
				1.0,
				0
			],
			[
				2.0,
				0
			],
			[
				-1.0,
				0
			],
			[
				0.0,
				0
			],
			[
				0.0,
				0
			]
		],
		[
			[
				1.0,
				0
			],
			[
				-0.4771022949700094,
				0
			],
			[
				4.579541005998119e-2,
				0
			],
			[
				-7.451154228246838e-2,
				0
			],
			[
				0.13603577974568748,
				0
			]
		],
		[
			[
				1.0,
				0
			],
			[
				0.663048859095336,
				0
			],
			[
				2.326097718190672,
				0
			],
			[
				2.9139560326854412,
				0
			],
			[
				-4.212561646833717,
				0
			]
		]
	],
	"numeric_frobenius_perron_dimensions":[
		1.0,
		8.172353441501697,
		1.7344706883003393e1,
		3.0354070817175693e1,
		3.209794700681785e1
	],
	"numeric_frobenius_perron_dimension":2.320274034856734e3,
	"info":"Fusion ring. mult_tab provides structure constants. barcode and formal_code provide unique identifiers see (DOI: 10.1063\/5.0148848). sub_fusion_rings provides tuples where the first element corresponds to the elements of the ring that form the subring isomorphic to the ring identified by the second element of the tuple. software provides doi of original software used to represent fusion ring.",
	"comments":[
		""
	]
}