{
	"references":[
		""
	],
	"software":[
		"https:\/\/doi.org\/10.5281\/zenodo.15920400"
	],
	"mult_tab":[
		[
			[
				1,
				0,
				0,
				0,
				0
			],
			[
				0,
				1,
				0,
				0,
				0
			],
			[
				0,
				0,
				1,
				0,
				0
			],
			[
				0,
				0,
				0,
				1,
				0
			],
			[
				0,
				0,
				0,
				0,
				1
			]
		],
		[
			[
				0,
				1,
				0,
				0,
				0
			],
			[
				1,
				1,
				0,
				1,
				0
			],
			[
				0,
				0,
				1,
				1,
				2
			],
			[
				0,
				1,
				1,
				2,
				1
			],
			[
				0,
				0,
				2,
				1,
				2
			]
		],
		[
			[
				0,
				0,
				1,
				0,
				0
			],
			[
				0,
				0,
				1,
				1,
				2
			],
			[
				1,
				1,
				6,
				4,
				3
			],
			[
				0,
				1,
				4,
				4,
				5
			],
			[
				0,
				2,
				3,
				5,
				7
			]
		],
		[
			[
				0,
				0,
				0,
				1,
				0
			],
			[
				0,
				1,
				1,
				2,
				1
			],
			[
				0,
				1,
				4,
				4,
				5
			],
			[
				1,
				2,
				4,
				4,
				5
			],
			[
				0,
				1,
				5,
				5,
				6
			]
		],
		[
			[
				0,
				0,
				0,
				0,
				1
			],
			[
				0,
				0,
				2,
				1,
				2
			],
			[
				0,
				2,
				3,
				5,
				7
			],
			[
				0,
				1,
				5,
				5,
				6
			],
			[
				1,
				2,
				7,
				6,
				6
			]
		]
	],
	"texnames":[
		"\\text{FR}^{5,7,0}_{389}"
	],
	"barcode":[
		9,
		6,
		1,
		9,
		6,
		6,
		7,
		1,
		1,
		5,
		1,
		5,
		9,
		4,
		6,
		1,
		3,
		2,
		2,
		9,
		6,
		4,
		4,
		3,
		8,
		9,
		1,
		9,
		7,
		6,
		6,
		1,
		8,
		8,
		4,
		2,
		9,
		2,
		3,
		8,
		7,
		1,
		7,
		5,
		9,
		9,
		0,
		1,
		0,
		0,
		6,
		6,
		3,
		6,
		1,
		9,
		2,
		2,
		6,
		8,
		5,
		6,
		3,
		2,
		0,
		9,
		1,
		8,
		8,
		4,
		5,
		9,
		5,
		2,
		1,
		7,
		2,
		5,
		6,
		6,
		6,
		0,
		6,
		9,
		3,
		7,
		1,
		8,
		6,
		0,
		8,
		1,
		8,
		1,
		9,
		4,
		2,
		8,
		6,
		6,
		7,
		7,
		2,
		7,
		8,
		6,
		4,
		1,
		7,
		7,
		2,
		9
	],
	"formal_code":[
		5,
		7,
		0,
		389
	],
	"tensor_product_decompositions":{
		"identifiers":[
			"formal_code"
		],
		"value":[]
	},
	"sub_fusion_rings":{
		"identifiers":[
			"injection",
			"formal_code"
		],
		"value":[]
	},
	"numeric_characters":[
		[
			[
				1.0,
				0
			],
			[
				4.473642675313365,
				0
			],
			[
				1.416337776357028e1,
				0
			],
			[
				1.4539836111071555e1,
				0
			],
			[
				1.7329338657525266e1,
				0
			]
		],
		[
			[
				1.0,
				0
			],
			[
				-0.565789436407449,
				0
			],
			[
				3.691671111603779,
				0
			],
			[
				-0.11409287724229217,
				0
			],
			[
				-2.833143375998725,
				0
			]
		],
		[
			[
				1.0,
				0
			],
			[
				0.7246430077829072,
				0
			],
			[
				0.23822349715451663,
				0
			],
			[
				-1.1995355190542487,
				0
			],
			[
				0.566969506701172,
				0
			]
		],
		[
			[
				1.0,
				0
			],
			[
				2.133969581153104,
				0
			],
			[
				-0.7873871524220037,
				0
			],
			[
				1.419856592133649,
				0
			],
			[
				-1.1563648357854819,
				0
			]
		],
		[
			[
				1.0,
				0
			],
			[
				-0.7664658278419266,
				0
			],
			[
				-0.30588521990657197,
				0
			],
			[
				0.35393569309133666,
				0
			],
			[
				9.320004755776788e-2,
				0
			]
		]
	],
	"numeric_frobenius_perron_dimensions":[
		1.0,
		4.473642675313365,
		1.4163377763570281e1,
		1.4539836111071555e1,
		1.7329338657525266e1
	],
	"numeric_frobenius_perron_dimension":7.333275609040021e2,
	"info":"Fusion ring. mult_tab provides structure constants. barcode and formal_code provide unique identifiers see (DOI: 10.1063\/5.0148848). sub_fusion_rings provides tuples where the first element corresponds to the elements of the ring that form the subring isomorphic to the ring identified by the second element of the tuple. software provides doi of original software used to represent fusion ring.",
	"comments":[
		""
	]
}