{
	"references":[
		""
	],
	"software":[
		"https:\/\/doi.org\/10.5281\/zenodo.15920400"
	],
	"mult_tab":[
		[
			[
				1,
				0,
				0,
				0,
				0
			],
			[
				0,
				1,
				0,
				0,
				0
			],
			[
				0,
				0,
				1,
				0,
				0
			],
			[
				0,
				0,
				0,
				1,
				0
			],
			[
				0,
				0,
				0,
				0,
				1
			]
		],
		[
			[
				0,
				1,
				0,
				0,
				0
			],
			[
				1,
				9,
				9,
				2,
				6
			],
			[
				0,
				9,
				4,
				6,
				7
			],
			[
				0,
				2,
				6,
				11,
				7
			],
			[
				0,
				6,
				7,
				7,
				7
			]
		],
		[
			[
				0,
				0,
				1,
				0,
				0
			],
			[
				0,
				9,
				4,
				6,
				7
			],
			[
				1,
				4,
				11,
				5,
				6
			],
			[
				0,
				6,
				5,
				8,
				7
			],
			[
				0,
				7,
				6,
				7,
				7
			]
		],
		[
			[
				0,
				0,
				0,
				1,
				0
			],
			[
				0,
				2,
				6,
				11,
				7
			],
			[
				0,
				6,
				5,
				8,
				7
			],
			[
				1,
				11,
				8,
				1,
				6
			],
			[
				0,
				7,
				7,
				6,
				7
			]
		],
		[
			[
				0,
				0,
				0,
				0,
				1
			],
			[
				0,
				6,
				7,
				7,
				7
			],
			[
				0,
				7,
				6,
				7,
				7
			],
			[
				0,
				7,
				7,
				6,
				7
			],
			[
				1,
				7,
				7,
				7,
				7
			]
		]
	],
	"texnames":[
		"\\text{FR}^{5,11,0}_{415}"
	],
	"barcode":[
		6,
		5,
		8,
		3,
		7,
		7,
		0,
		0,
		7,
		1,
		1,
		6,
		2,
		1,
		8,
		2,
		3,
		4,
		2,
		2,
		0,
		4,
		1,
		2,
		6,
		8,
		4,
		4,
		3,
		7,
		1,
		5,
		4,
		2,
		1,
		1,
		2,
		1,
		0,
		3,
		9,
		7,
		6,
		9,
		3,
		2,
		1,
		9,
		5,
		8,
		5,
		3,
		2,
		8,
		1,
		2,
		7,
		1,
		5,
		2,
		0,
		5,
		2,
		5,
		4,
		1,
		3,
		1,
		1,
		1,
		4,
		8,
		5,
		5,
		0,
		0,
		4,
		7,
		7,
		4,
		0,
		7,
		9,
		5,
		6,
		6,
		7,
		0,
		3,
		2,
		5,
		0,
		7,
		4,
		6,
		4,
		6,
		8,
		3,
		3,
		0,
		4,
		4,
		8,
		9,
		3,
		1,
		4,
		5,
		5,
		3,
		3,
		6,
		6,
		2,
		8,
		5,
		8,
		4,
		7,
		4,
		1,
		7,
		2,
		0,
		3,
		6,
		0,
		7,
		9,
		7,
		8,
		7,
		3
	],
	"formal_code":[
		5,
		11,
		0,
		415
	],
	"tensor_product_decompositions":{
		"identifiers":[
			"formal_code"
		],
		"value":[]
	},
	"sub_fusion_rings":{
		"identifiers":[
			"injection",
			"formal_code"
		],
		"value":[]
	},
	"numeric_characters":[
		[
			[
				1.0,
				0
			],
			[
				2.62664991614216e1,
				0
			],
			[
				2.62664991614216e1,
				0
			],
			[
				2.62664991614216e1,
				0
			],
			[
				2.72664991614216e1,
				0
			]
		],
		[
			[
				1.0,
				0
			],
			[
				8.560645420355902,
				0
			],
			[
				2.3371617243670233,
				0
			],
			[
				-9.897807144722925,
				0
			],
			[
				-1.0,
				0
			]
		],
		[
			[
				1.0,
				0
			],
			[
				-0.26649916142159924,
				0
			],
			[
				-0.26649916142159924,
				0
			],
			[
				-0.26649916142159924,
				0
			],
			[
				0.7335008385784008,
				0
			]
		],
		[
			[
				1.0,
				0
			],
			[
				0.3848853724539237,
				0
			],
			[
				6.484844896450427e-2,
				0
			],
			[
				0.5502661785815721,
				0
			],
			[
				-1.0,
				0
			]
		],
		[
			[
				1.0,
				0
			],
			[
				-3.9455307928098255,
				0
			],
			[
				6.5979898266684724,
				0
			],
			[
				-1.6524590338586471,
				0
			],
			[
				-1.0,
				0
			]
		]
	],
	"numeric_frobenius_perron_dimensions":[
		1.0,
		2.62664991614216e1,
		2.62664991614216e1,
		2.62664991614216e1,
		2.72664991614216e1
	],
	"numeric_frobenius_perron_dimension":2.8142489111106897e3,
	"info":"Fusion ring. mult_tab provides structure constants. barcode and formal_code provide unique identifiers see (DOI: 10.1063\/5.0148848). sub_fusion_rings provides tuples where the first element corresponds to the elements of the ring that form the subring isomorphic to the ring identified by the second element of the tuple. software provides doi of original software used to represent fusion ring.",
	"comments":[
		""
	]
}