{
	"references":[
		""
	],
	"software":[
		"https:\/\/doi.org\/10.5281\/zenodo.15920400"
	],
	"mult_tab":[
		[
			[
				1,
				0,
				0,
				0,
				0
			],
			[
				0,
				1,
				0,
				0,
				0
			],
			[
				0,
				0,
				1,
				0,
				0
			],
			[
				0,
				0,
				0,
				1,
				0
			],
			[
				0,
				0,
				0,
				0,
				1
			]
		],
		[
			[
				0,
				1,
				0,
				0,
				0
			],
			[
				1,
				2,
				2,
				4,
				4
			],
			[
				0,
				2,
				4,
				4,
				7
			],
			[
				0,
				4,
				4,
				5,
				6
			],
			[
				0,
				4,
				7,
				6,
				6
			]
		],
		[
			[
				0,
				0,
				1,
				0,
				0
			],
			[
				0,
				2,
				4,
				4,
				7
			],
			[
				1,
				4,
				4,
				7,
				10
			],
			[
				0,
				4,
				7,
				7,
				9
			],
			[
				0,
				7,
				10,
				9,
				8
			]
		],
		[
			[
				0,
				0,
				0,
				1,
				0
			],
			[
				0,
				4,
				4,
				5,
				6
			],
			[
				0,
				4,
				7,
				7,
				9
			],
			[
				1,
				5,
				7,
				8,
				9
			],
			[
				0,
				6,
				9,
				9,
				11
			]
		],
		[
			[
				0,
				0,
				0,
				0,
				1
			],
			[
				0,
				4,
				7,
				6,
				6
			],
			[
				0,
				7,
				10,
				9,
				8
			],
			[
				0,
				6,
				9,
				9,
				11
			],
			[
				1,
				6,
				8,
				11,
				16
			]
		]
	],
	"texnames":[
		"\\text{FR}^{5,16,0}_{162}"
	],
	"barcode":[
		3,
		7,
		6,
		4,
		1,
		4,
		4,
		3,
		4,
		3,
		0,
		6,
		5,
		8,
		9,
		6,
		9,
		9,
		4,
		3,
		9,
		0,
		0,
		0,
		5,
		8,
		2,
		8,
		2,
		6,
		5,
		5,
		9,
		0,
		2,
		3,
		0,
		6,
		1,
		2,
		8,
		9,
		4,
		1,
		1,
		8,
		2,
		6,
		4,
		6,
		3,
		4,
		7,
		0,
		5,
		3,
		9,
		1,
		4,
		4,
		3,
		7,
		3,
		2,
		5,
		9,
		6,
		9,
		7,
		7,
		2,
		4,
		6,
		6,
		3,
		4,
		8,
		8,
		7,
		6,
		7,
		6,
		6,
		2,
		6,
		9,
		4,
		7,
		0,
		8,
		3,
		4,
		6,
		2,
		1,
		4,
		3,
		9,
		0,
		4,
		5,
		7,
		6,
		5,
		8,
		4,
		2,
		3,
		9,
		3,
		4,
		8,
		5,
		2,
		4,
		8,
		0,
		8,
		4,
		2,
		3,
		8,
		6,
		0,
		7,
		7,
		2,
		8,
		9,
		5,
		1,
		6,
		1,
		8,
		6,
		2,
		2,
		7,
		1,
		9,
		7,
		7,
		4,
		5,
		0,
		9,
		2,
		0,
		2,
		9,
		3,
		2,
		6
	],
	"formal_code":[
		5,
		16,
		0,
		162
	],
	"tensor_product_decompositions":{
		"identifiers":[
			"formal_code"
		],
		"value":[]
	},
	"sub_fusion_rings":{
		"identifiers":[
			"injection",
			"formal_code"
		],
		"value":[]
	},
	"numeric_characters":[
		[
			[
				1.0,
				0
			],
			[
				1.858965262002349e1,
				0
			],
			[
				2.703104472747453e1,
				0
			],
			[
				2.871329497554627e1,
				0
			],
			[
				3.462015248399126e1,
				0
			]
		],
		[
			[
				1.0,
				0
			],
			[
				-2.5169069044793257,
				0
			],
			[
				-4.797099555985266,
				0
			],
			[
				-0.45370225834339667,
				0
			],
			[
				5.4444105800296185,
				0
			]
		],
		[
			[
				1.0,
				0
			],
			[
				-1.2209220261664706,
				0
			],
			[
				0.2545873145280649,
				0
			],
			[
				1.0427154986219644,
				0
			],
			[
				-0.43688549430815166,
				0
			]
		],
		[
			[
				1.0,
				0
			],
			[
				1.8778336922506318,
				0
			],
			[
				-1.7781370302819834,
				0
			],
			[
				1.351393492983474,
				0
			],
			[
				-0.7696769800298882,
				0
			]
		],
		[
			[
				1.0,
				0
			],
			[
				0.27034261837167567,
				0
			],
			[
				0.28960454426465476,
				0
			],
			[
				-0.6537017088083117,
				0
			],
			[
				0.14199941031715987,
				0
			]
		]
	],
	"numeric_frobenius_perron_dimensions":[
		1.0,
		1.858965262002349e1,
		2.703104472747453e1,
		2.871329497554627e1,
		3.462015248399126e1
	],
	"numeric_frobenius_perron_dimension":3.1002608299594112e3,
	"info":"Fusion ring. mult_tab provides structure constants. barcode and formal_code provide unique identifiers see (DOI: 10.1063\/5.0148848). sub_fusion_rings provides tuples where the first element corresponds to the elements of the ring that form the subring isomorphic to the ring identified by the second element of the tuple. software provides doi of original software used to represent fusion ring.",
	"comments":[
		""
	]
}