{
	"references":[
		""
	],
	"software":[
		"https:\/\/doi.org\/10.5281\/zenodo.15920400"
	],
	"mult_tab":[
		[
			[
				1,
				0,
				0,
				0,
				0
			],
			[
				0,
				1,
				0,
				0,
				0
			],
			[
				0,
				0,
				1,
				0,
				0
			],
			[
				0,
				0,
				0,
				1,
				0
			],
			[
				0,
				0,
				0,
				0,
				1
			]
		],
		[
			[
				0,
				1,
				0,
				0,
				0
			],
			[
				1,
				0,
				4,
				0,
				4
			],
			[
				0,
				4,
				1,
				4,
				2
			],
			[
				0,
				0,
				4,
				3,
				4
			],
			[
				0,
				4,
				2,
				4,
				5
			]
		],
		[
			[
				0,
				0,
				1,
				0,
				0
			],
			[
				0,
				4,
				1,
				4,
				2
			],
			[
				1,
				1,
				5,
				2,
				4
			],
			[
				0,
				4,
				2,
				4,
				4
			],
			[
				0,
				2,
				4,
				4,
				7
			]
		],
		[
			[
				0,
				0,
				0,
				1,
				0
			],
			[
				0,
				0,
				4,
				3,
				4
			],
			[
				0,
				4,
				2,
				4,
				4
			],
			[
				1,
				3,
				4,
				2,
				6
			],
			[
				0,
				4,
				4,
				6,
				6
			]
		],
		[
			[
				0,
				0,
				0,
				0,
				1
			],
			[
				0,
				4,
				2,
				4,
				5
			],
			[
				0,
				2,
				4,
				4,
				7
			],
			[
				0,
				4,
				4,
				6,
				6
			],
			[
				1,
				5,
				7,
				6,
				8
			]
		]
	],
	"texnames":[
		"\\text{FR}^{5,8,0}_{199}"
	],
	"barcode":[
		2,
		1,
		1,
		8,
		7,
		1,
		2,
		2,
		9,
		9,
		1,
		3,
		9,
		8,
		3,
		2,
		0,
		3,
		2,
		5,
		8,
		3,
		1,
		9,
		3,
		6,
		7,
		6,
		2,
		2,
		1,
		9,
		8,
		4,
		4,
		7,
		5,
		7,
		3,
		9,
		8,
		5,
		7,
		7,
		7,
		4,
		8,
		6,
		8,
		9,
		6,
		2,
		3,
		7,
		6,
		0,
		2,
		8,
		6,
		9,
		2,
		4,
		3,
		3,
		1,
		3,
		2,
		8,
		0,
		4,
		9,
		0,
		0,
		2,
		4,
		8,
		8,
		5,
		7,
		7,
		8,
		8,
		3,
		7,
		8,
		8,
		8,
		8,
		2,
		5,
		8,
		9,
		0,
		2,
		3,
		6,
		7,
		1,
		8,
		5,
		6,
		0,
		1,
		7,
		4,
		5,
		4,
		1,
		9,
		4,
		6,
		2,
		3,
		5,
		6,
		2,
		0,
		2,
		6
	],
	"formal_code":[
		5,
		8,
		0,
		199
	],
	"tensor_product_decompositions":{
		"identifiers":[
			"formal_code"
		],
		"value":[]
	},
	"sub_fusion_rings":{
		"identifiers":[
			"injection",
			"formal_code"
		],
		"value":[]
	},
	"numeric_characters":[
		[
			[
				1.0,
				0
			],
			[
				1.176333134864908e1,
				0
			],
			[
				1.3981162715101501e1,
				0
			],
			[
				1.5676226192141817e1,
				0
			],
			[
				2.0362828389426042e1,
				0
			]
		],
		[
			[
				1.0,
				0
			],
			[
				1.0,
				0
			],
			[
				2.0,
				0
			],
			[
				0.0,
				0
			],
			[
				-2.0,
				0
			]
		],
		[
			[
				1.0,
				0
			],
			[
				-5.4621703218611275,
				0
			],
			[
				4.719955658592843,
				0
			],
			[
				-3.4075542713348033,
				0
			],
			[
				2.4888704976622797,
				0
			]
		],
		[
			[
				1.0,
				0
			],
			[
				1.9324024108521214,
				0
			],
			[
				-0.39132821802964396,
				0
			],
			[
				-2.561057748031656,
				0
			],
			[
				1.0748729873964167,
				0
			]
		],
		[
			[
				1.0,
				0
			],
			[
				-0.23356343764007345,
				0
			],
			[
				-0.3097901556647006,
				0
			],
			[
				0.29238582722464246,
				0
			],
			[
				7.342812551526269e-2,
				0
			]
		]
	],
	"numeric_frobenius_perron_dimensions":[
		1.0,
		1.176333134864908e1,
		1.3981162715101501e1,
		1.5676226192141817e1,
		2.0362828389426042e1
	],
	"numeric_frobenius_perron_dimension":9.952377229286628e2,
	"info":"Fusion ring. mult_tab provides structure constants. barcode and formal_code provide unique identifiers see (DOI: 10.1063\/5.0148848). sub_fusion_rings provides tuples where the first element corresponds to the elements of the ring that form the subring isomorphic to the ring identified by the second element of the tuple. software provides doi of original software used to represent fusion ring.",
	"comments":[
		""
	]
}