{
	"references":[
		""
	],
	"software":[
		"https:\/\/doi.org\/10.5281\/zenodo.15920400"
	],
	"mult_tab":[
		[
			[
				1,
				0,
				0,
				0,
				0
			],
			[
				0,
				1,
				0,
				0,
				0
			],
			[
				0,
				0,
				1,
				0,
				0
			],
			[
				0,
				0,
				0,
				1,
				0
			],
			[
				0,
				0,
				0,
				0,
				1
			]
		],
		[
			[
				0,
				1,
				0,
				0,
				0
			],
			[
				1,
				3,
				2,
				1,
				3
			],
			[
				0,
				2,
				2,
				2,
				4
			],
			[
				0,
				1,
				2,
				4,
				4
			],
			[
				0,
				3,
				4,
				4,
				6
			]
		],
		[
			[
				0,
				0,
				1,
				0,
				0
			],
			[
				0,
				2,
				2,
				2,
				4
			],
			[
				1,
				2,
				3,
				3,
				4
			],
			[
				0,
				2,
				3,
				3,
				5
			],
			[
				0,
				4,
				4,
				5,
				7
			]
		],
		[
			[
				0,
				0,
				0,
				1,
				0
			],
			[
				0,
				1,
				2,
				4,
				4
			],
			[
				0,
				2,
				3,
				3,
				5
			],
			[
				1,
				4,
				3,
				3,
				5
			],
			[
				0,
				4,
				5,
				5,
				8
			]
		],
		[
			[
				0,
				0,
				0,
				0,
				1
			],
			[
				0,
				3,
				4,
				4,
				6
			],
			[
				0,
				4,
				4,
				5,
				7
			],
			[
				0,
				4,
				5,
				5,
				8
			],
			[
				1,
				6,
				7,
				8,
				12
			]
		]
	],
	"texnames":[
		"\\text{FR}^{5,12,0}_{1177}"
	],
	"barcode":[
		1,
		3,
		4,
		5,
		7,
		8,
		5,
		2,
		8,
		7,
		0,
		6,
		3,
		2,
		5,
		1,
		9,
		2,
		9,
		5,
		4,
		0,
		9,
		2,
		4,
		6,
		7,
		7,
		1,
		2,
		3,
		4,
		6,
		1,
		8,
		9,
		6,
		2,
		1,
		7,
		7,
		6,
		5,
		4,
		2,
		4,
		6,
		8,
		6,
		4,
		7,
		4,
		5,
		1,
		1,
		6,
		8,
		2,
		7,
		8,
		7,
		5,
		1,
		9,
		9,
		3,
		4,
		6,
		7,
		5,
		4,
		0,
		8,
		1,
		1,
		6,
		2,
		1,
		4,
		8,
		5,
		3,
		6,
		2,
		3,
		6,
		3,
		0,
		8,
		3,
		2,
		8,
		5,
		1,
		2,
		3,
		7,
		0,
		7,
		4,
		0,
		6,
		4,
		7,
		7,
		5,
		5,
		9,
		3,
		6,
		4,
		1,
		5,
		3,
		5,
		5,
		1,
		3,
		1,
		4,
		4,
		9,
		3,
		4,
		5,
		8,
		9,
		4,
		9,
		1,
		8,
		6,
		1,
		3,
		3,
		0,
		8,
		3,
		2
	],
	"formal_code":[
		5,
		12,
		0,
		1177
	],
	"tensor_product_decompositions":{
		"identifiers":[
			"formal_code"
		],
		"value":[]
	},
	"sub_fusion_rings":{
		"identifiers":[
			"injection",
			"formal_code"
		],
		"value":[]
	},
	"numeric_characters":[
		[
			[
				1.0,
				0
			],
			[
				1.2591699914680417e1,
				0
			],
			[
				1.4767740558153335e1,
				0
			],
			[
				1.6367463108651734e1,
				0
			],
			[
				2.4624287590787727e1,
				0
			]
		],
		[
			[
				1.0,
				0
			],
			[
				2.685545858584899,
				0
			],
			[
				0.40532711422480777,
				0
			],
			[
				-2.329561597677598,
				0
			],
			[
				-0.10852454932140403,
				0
			]
		],
		[
			[
				1.0,
				0
			],
			[
				-0.5372560490663998,
				0
			],
			[
				1.28697568765175,
				0
			],
			[
				6.076620614723678e-2,
				0
			],
			[
				-0.5781017906643665,
				0
			]
		],
		[
			[
				1.0,
				0
			],
			[
				-0.5461937847750067,
				0
			],
			[
				-0.6130195211526948,
				0
			],
			[
				-0.34601499793237867,
				0
			],
			[
				0.8363210150298782,
				0
			]
		],
		[
			[
				1.0,
				0
			],
			[
				0.8062040605760898,
				0
			],
			[
				-0.8470238388771971,
				0
			],
			[
				1.2473472808110053,
				0
			],
			[
				-0.7739822658318349,
				0
			]
		]
	],
	"numeric_frobenius_perron_dimensions":[
		1.0,
		1.2591699914680417e1,
		1.4767740558153335e1,
		1.6367463108651734e1,
		2.4624287590787727e1
	],
	"numeric_frobenius_perron_dimension":1.2518864559011877e3,
	"info":"Fusion ring. mult_tab provides structure constants. barcode and formal_code provide unique identifiers see (DOI: 10.1063\/5.0148848). sub_fusion_rings provides tuples where the first element corresponds to the elements of the ring that form the subring isomorphic to the ring identified by the second element of the tuple. software provides doi of original software used to represent fusion ring.",
	"comments":[
		""
	]
}