{
	"references":[
		""
	],
	"software":[
		"https:\/\/doi.org\/10.5281\/zenodo.15920400"
	],
	"mult_tab":[
		[
			[
				1,
				0,
				0,
				0,
				0
			],
			[
				0,
				1,
				0,
				0,
				0
			],
			[
				0,
				0,
				1,
				0,
				0
			],
			[
				0,
				0,
				0,
				1,
				0
			],
			[
				0,
				0,
				0,
				0,
				1
			]
		],
		[
			[
				0,
				1,
				0,
				0,
				0
			],
			[
				1,
				1,
				0,
				1,
				0
			],
			[
				0,
				0,
				1,
				0,
				1
			],
			[
				0,
				1,
				0,
				2,
				2
			],
			[
				0,
				0,
				1,
				2,
				3
			]
		],
		[
			[
				0,
				0,
				1,
				0,
				0
			],
			[
				0,
				0,
				1,
				0,
				1
			],
			[
				1,
				1,
				1,
				0,
				1
			],
			[
				0,
				0,
				0,
				2,
				3
			],
			[
				0,
				1,
				1,
				3,
				3
			]
		],
		[
			[
				0,
				0,
				0,
				1,
				0
			],
			[
				0,
				1,
				0,
				2,
				2
			],
			[
				0,
				0,
				0,
				2,
				3
			],
			[
				1,
				2,
				2,
				6,
				8
			],
			[
				0,
				2,
				3,
				8,
				10
			]
		],
		[
			[
				0,
				0,
				0,
				0,
				1
			],
			[
				0,
				0,
				1,
				2,
				3
			],
			[
				0,
				1,
				1,
				3,
				3
			],
			[
				0,
				2,
				3,
				8,
				10
			],
			[
				1,
				3,
				3,
				10,
				13
			]
		]
	],
	"texnames":[
		"\\text{FR}^{5,13,0}_{1138}"
	],
	"barcode":[
		1,
		3,
		1,
		7,
		8,
		8,
		1,
		8,
		6,
		4,
		8,
		7,
		2,
		1,
		4,
		1,
		5,
		3,
		0,
		1,
		5,
		0,
		1,
		5,
		4,
		3,
		3,
		8,
		4,
		9,
		5,
		2,
		4,
		7,
		8,
		4,
		3,
		4,
		9,
		2,
		1,
		6,
		1,
		3,
		3,
		8,
		1,
		6,
		3,
		1,
		6,
		8,
		1,
		3,
		5,
		0,
		2,
		6,
		5,
		2,
		9,
		9,
		0,
		3,
		2,
		5,
		8,
		3,
		1,
		6,
		6,
		5,
		9,
		2,
		0,
		9,
		5,
		4,
		9,
		0,
		8,
		3,
		2,
		1,
		9,
		8,
		3,
		7,
		0,
		0,
		4,
		0,
		8,
		0,
		9,
		5,
		5,
		5,
		1,
		6,
		6,
		4,
		7,
		5,
		6,
		8,
		4,
		0,
		7,
		6,
		4,
		9,
		9,
		7,
		0,
		3,
		4,
		1,
		9,
		2,
		9,
		9,
		5,
		5,
		0,
		3,
		9,
		9,
		3,
		3,
		1,
		1,
		4,
		4,
		0,
		2,
		7,
		0,
		6,
		3,
		3,
		8,
		9
	],
	"formal_code":[
		5,
		13,
		0,
		1138
	],
	"tensor_product_decompositions":{
		"identifiers":[
			"formal_code"
		],
		"value":[]
	},
	"sub_fusion_rings":{
		"identifiers":[
			"injection",
			"formal_code"
		],
		"value":[]
	},
	"numeric_characters":[
		[
			[
				1.0,
				0
			],
			[
				4.82842712474619,
				0
			],
			[
				5.82842712474619,
				0
			],
			[
				1.748528137423857e1,
				0
			],
			[
				2.231370849898476e1,
				0
			]
		],
		[
			[
				1.0,
				0
			],
			[
				1.0,
				0
			],
			[
				2.0,
				0
			],
			[
				-1.0,
				0
			],
			[
				0.0,
				0
			]
		],
		[
			[
				1.0,
				0
			],
			[
				2.0,
				0
			],
			[
				-1.0,
				0
			],
			[
				1.0,
				0
			],
			[
				-1.0,
				0
			]
		],
		[
			[
				1.0,
				0
			],
			[
				0.0,
				0
			],
			[
				-1.0,
				0
			],
			[
				-1.0,
				0
			],
			[
				1.0,
				0
			]
		],
		[
			[
				1.0,
				0
			],
			[
				-0.8284271247461903,
				0
			],
			[
				0.1715728752538097,
				0
			],
			[
				0.5147186257614287,
				0
			],
			[
				-0.31370849898476116,
				0
			]
		]
	],
	"numeric_frobenius_perron_dimensions":[
		1.0,
		4.82842712474619,
		5.82842712474619,
		1.7485281374238568e1,
		2.231370849898476e1
	],
	"numeric_frobenius_perron_dimension":8.619209229614208e2,
	"info":"Fusion ring. mult_tab provides structure constants. barcode and formal_code provide unique identifiers see (DOI: 10.1063\/5.0148848). sub_fusion_rings provides tuples where the first element corresponds to the elements of the ring that form the subring isomorphic to the ring identified by the second element of the tuple. software provides doi of original software used to represent fusion ring.",
	"comments":[
		""
	]
}