{
	"references":[
		""
	],
	"software":[
		"https:\/\/doi.org\/10.5281\/zenodo.15920400"
	],
	"mult_tab":[
		[
			[
				1,
				0,
				0,
				0,
				0
			],
			[
				0,
				1,
				0,
				0,
				0
			],
			[
				0,
				0,
				1,
				0,
				0
			],
			[
				0,
				0,
				0,
				1,
				0
			],
			[
				0,
				0,
				0,
				0,
				1
			]
		],
		[
			[
				0,
				1,
				0,
				0,
				0
			],
			[
				1,
				0,
				5,
				1,
				2
			],
			[
				0,
				5,
				4,
				2,
				3
			],
			[
				0,
				1,
				2,
				5,
				5
			],
			[
				0,
				2,
				3,
				5,
				5
			]
		],
		[
			[
				0,
				0,
				1,
				0,
				0
			],
			[
				0,
				5,
				4,
				2,
				3
			],
			[
				1,
				4,
				8,
				3,
				5
			],
			[
				0,
				2,
				3,
				7,
				8
			],
			[
				0,
				3,
				5,
				8,
				7
			]
		],
		[
			[
				0,
				0,
				0,
				1,
				0
			],
			[
				0,
				1,
				2,
				5,
				5
			],
			[
				0,
				2,
				3,
				7,
				8
			],
			[
				1,
				5,
				7,
				3,
				8
			],
			[
				0,
				5,
				8,
				8,
				5
			]
		],
		[
			[
				0,
				0,
				0,
				0,
				1
			],
			[
				0,
				2,
				3,
				5,
				5
			],
			[
				0,
				3,
				5,
				8,
				7
			],
			[
				0,
				5,
				8,
				8,
				5
			],
			[
				1,
				5,
				7,
				5,
				11
			]
		]
	],
	"texnames":[
		"\\text{FR}^{5,11,0}_{570}"
	],
	"barcode":[
		6,
		5,
		8,
		3,
		7,
		7,
		0,
		0,
		7,
		1,
		1,
		6,
		2,
		1,
		8,
		2,
		3,
		4,
		2,
		2,
		0,
		4,
		1,
		2,
		6,
		8,
		4,
		4,
		3,
		7,
		1,
		5,
		4,
		3,
		9,
		8,
		4,
		6,
		6,
		5,
		0,
		5,
		5,
		8,
		9,
		2,
		2,
		0,
		0,
		8,
		9,
		2,
		6,
		3,
		4,
		6,
		6,
		6,
		4,
		4,
		5,
		1,
		2,
		6,
		6,
		7,
		4,
		0,
		2,
		3,
		3,
		3,
		4,
		0,
		4,
		8,
		5,
		3,
		6,
		2,
		5,
		6,
		8,
		1,
		3,
		1,
		2,
		3,
		2,
		3,
		5,
		5,
		4,
		9,
		3,
		8,
		5,
		2,
		7,
		6,
		1,
		6,
		5,
		2,
		0,
		3,
		6,
		5,
		3,
		1,
		7,
		4,
		0,
		4,
		2,
		5,
		7,
		0,
		3,
		4,
		4,
		9,
		8,
		3,
		0,
		8,
		1,
		3,
		1,
		2,
		6,
		9,
		1,
		1
	],
	"formal_code":[
		5,
		11,
		0,
		570
	],
	"tensor_product_decompositions":{
		"identifiers":[
			"formal_code"
		],
		"value":[]
	},
	"sub_fusion_rings":{
		"identifiers":[
			"injection",
			"formal_code"
		],
		"value":[]
	},
	"numeric_characters":[
		[
			[
				1.0,
				0
			],
			[
				1.3047951180262054e1,
				0
			],
			[
				1.9934020907553048e1,
				0
			],
			[
				2.1507807798895563e1,
				0
			],
			[
				2.403555883292056e1,
				0
			]
		],
		[
			[
				1.0,
				0
			],
			[
				4.5615154283307495,
				0
			],
			[
				6.187230862969098,
				0
			],
			[
				-5.280509171066751,
				0
			],
			[
				-2.924111070439639,
				0
			]
		],
		[
			[
				1.0,
				0
			],
			[
				-0.16237459364141082,
				0
			],
			[
				-1.3068034324512348,
				0
			],
			[
				-4.178591264098235,
				0
			],
			[
				4.869486967507311,
				0
			]
		],
		[
			[
				1.0,
				0
			],
			[
				0.14406741694697572,
				0
			],
			[
				-0.18333769474814363,
				0
			],
			[
				0.16086972919315998,
				0
			],
			[
				-0.11171291741333407,
				0
			]
		],
		[
			[
				1.0,
				0
			],
			[
				-3.591159431898369,
				0
			],
			[
				2.36888935667723,
				0
			],
			[
				-0.20957709292373597,
				0
			],
			[
				0.13077818742510083,
				0
			]
		]
	],
	"numeric_frobenius_perron_dimensions":[
		1.0,
		1.3047951180262054e1,
		1.993402090755305e1,
		2.1507807798895563e1,
		2.403555883292056e1
	],
	"numeric_frobenius_perron_dimension":1.6089081042702826e3,
	"info":"Fusion ring. mult_tab provides structure constants. barcode and formal_code provide unique identifiers see (DOI: 10.1063\/5.0148848). sub_fusion_rings provides tuples where the first element corresponds to the elements of the ring that form the subring isomorphic to the ring identified by the second element of the tuple. software provides doi of original software used to represent fusion ring.",
	"comments":[
		""
	]
}