{
	"references":[
		""
	],
	"software":[
		"https:\/\/doi.org\/10.5281\/zenodo.15920400"
	],
	"mult_tab":[
		[
			[
				1,
				0,
				0,
				0,
				0
			],
			[
				0,
				1,
				0,
				0,
				0
			],
			[
				0,
				0,
				1,
				0,
				0
			],
			[
				0,
				0,
				0,
				1,
				0
			],
			[
				0,
				0,
				0,
				0,
				1
			]
		],
		[
			[
				0,
				1,
				0,
				0,
				0
			],
			[
				1,
				8,
				1,
				2,
				2
			],
			[
				0,
				1,
				6,
				6,
				3
			],
			[
				0,
				2,
				6,
				6,
				3
			],
			[
				0,
				2,
				3,
				3,
				10
			]
		],
		[
			[
				0,
				0,
				1,
				0,
				0
			],
			[
				0,
				1,
				6,
				6,
				3
			],
			[
				1,
				6,
				7,
				7,
				6
			],
			[
				0,
				6,
				7,
				8,
				6
			],
			[
				0,
				3,
				6,
				6,
				13
			]
		],
		[
			[
				0,
				0,
				0,
				1,
				0
			],
			[
				0,
				2,
				6,
				6,
				3
			],
			[
				0,
				6,
				7,
				8,
				6
			],
			[
				1,
				6,
				8,
				8,
				6
			],
			[
				0,
				3,
				6,
				6,
				14
			]
		],
		[
			[
				0,
				0,
				0,
				0,
				1
			],
			[
				0,
				2,
				3,
				3,
				10
			],
			[
				0,
				3,
				6,
				6,
				13
			],
			[
				0,
				3,
				6,
				6,
				14
			],
			[
				1,
				10,
				13,
				14,
				0
			]
		]
	],
	"texnames":[
		"\\text{FR}^{5,14,0}_{162}"
	],
	"barcode":[
		6,
		8,
		4,
		4,
		0,
		9,
		7,
		0,
		7,
		8,
		0,
		3,
		0,
		6,
		8,
		2,
		0,
		8,
		2,
		8,
		2,
		7,
		0,
		4,
		7,
		6,
		6,
		1,
		8,
		9,
		7,
		5,
		4,
		7,
		1,
		0,
		4,
		9,
		6,
		9,
		8,
		5,
		3,
		2,
		2,
		7,
		2,
		7,
		8,
		7,
		2,
		0,
		9,
		7,
		1,
		3,
		8,
		4,
		1,
		5,
		1,
		9,
		2,
		8,
		6,
		0,
		2,
		5,
		9,
		7,
		2,
		2,
		7,
		1,
		7,
		6,
		8,
		9,
		6,
		8,
		8,
		2,
		4,
		9,
		5,
		5,
		5,
		5,
		1,
		5,
		6,
		5,
		4,
		7,
		0,
		6,
		8,
		9,
		4,
		1,
		7,
		1,
		2,
		9,
		6,
		7,
		2,
		6,
		7,
		1,
		4,
		1,
		0,
		0,
		1,
		3,
		4,
		3,
		2,
		1,
		7,
		3,
		0,
		1,
		5,
		0,
		8,
		7,
		4,
		0,
		4,
		5,
		5,
		3,
		6,
		6,
		8,
		2,
		6,
		3,
		1,
		5,
		9,
		6,
		9,
		5
	],
	"formal_code":[
		5,
		14,
		0,
		162
	],
	"tensor_product_decompositions":{
		"identifiers":[
			"formal_code"
		],
		"value":[]
	},
	"sub_fusion_rings":{
		"identifiers":[
			"injection",
			"formal_code"
		],
		"value":[]
	},
	"numeric_characters":[
		[
			[
				1.0,
				0
			],
			[
				1.637786620776462e1,
				0
			],
			[
				2.5196958228329883e1,
				0
			],
			[
				2.6196958228329883e1,
				0
			],
			[
				2.9310348586165826e1,
				0
			]
		],
		[
			[
				1.0,
				0
			],
			[
				6.553094413152912,
				0
			],
			[
				6.515400319561588,
				0
			],
			[
				7.515400319561588,
				0
			],
			[
				-1.6013954938106078e1,
				0
			]
		],
		[
			[
				1.0,
				0
			],
			[
				-0.1962170487824785,
				0
			],
			[
				-0.48285270651826345,
				0
			],
			[
				0.5171472934817366,
				0
			],
			[
				2.8397820023761913e-2,
				0
			]
		],
		[
			[
				1.0,
				0
			],
			[
				7.265256427864946,
				0
			],
			[
				-3.229505841373209,
				0
			],
			[
				-2.229505841373209,
				0
			],
			[
				0.6752085319164879,
				0
			]
		],
		[
			[
				1.0,
				0
			],
			[
				0.0,
				0
			],
			[
				1.0,
				0
			],
			[
				-1.0,
				0
			],
			[
				0.0,
				0
			]
		]
	],
	"numeric_frobenius_perron_dimensions":[
		1.0,
		1.637786620776462e1,
		2.5196958228329883e1,
		2.6196958228329883e1,
		2.9310348586165826e1
	],
	"numeric_frobenius_perron_dimension":2.449498360139053e3,
	"info":"Fusion ring. mult_tab provides structure constants. barcode and formal_code provide unique identifiers see (DOI: 10.1063\/5.0148848). sub_fusion_rings provides tuples where the first element corresponds to the elements of the ring that form the subring isomorphic to the ring identified by the second element of the tuple. software provides doi of original software used to represent fusion ring.",
	"comments":[
		""
	]
}