{
	"references":[
		""
	],
	"software":[
		"https:\/\/doi.org\/10.5281\/zenodo.15920400"
	],
	"mult_tab":[
		[
			[
				1,
				0,
				0,
				0,
				0
			],
			[
				0,
				1,
				0,
				0,
				0
			],
			[
				0,
				0,
				1,
				0,
				0
			],
			[
				0,
				0,
				0,
				1,
				0
			],
			[
				0,
				0,
				0,
				0,
				1
			]
		],
		[
			[
				0,
				1,
				0,
				0,
				0
			],
			[
				1,
				4,
				0,
				5,
				2
			],
			[
				0,
				0,
				4,
				4,
				5
			],
			[
				0,
				5,
				4,
				1,
				5
			],
			[
				0,
				2,
				5,
				5,
				7
			]
		],
		[
			[
				0,
				0,
				1,
				0,
				0
			],
			[
				0,
				0,
				4,
				4,
				5
			],
			[
				1,
				4,
				5,
				6,
				5
			],
			[
				0,
				4,
				6,
				3,
				7
			],
			[
				0,
				5,
				5,
				7,
				10
			]
		],
		[
			[
				0,
				0,
				0,
				1,
				0
			],
			[
				0,
				5,
				4,
				1,
				5
			],
			[
				0,
				4,
				6,
				3,
				7
			],
			[
				1,
				1,
				3,
				10,
				6
			],
			[
				0,
				5,
				7,
				6,
				10
			]
		],
		[
			[
				0,
				0,
				0,
				0,
				1
			],
			[
				0,
				2,
				5,
				5,
				7
			],
			[
				0,
				5,
				5,
				7,
				10
			],
			[
				0,
				5,
				7,
				6,
				10
			],
			[
				1,
				7,
				10,
				10,
				12
			]
		]
	],
	"texnames":[
		"\\text{FR}^{5,12,0}_{946}"
	],
	"barcode":[
		1,
		3,
		4,
		5,
		7,
		8,
		5,
		2,
		8,
		7,
		0,
		6,
		3,
		2,
		5,
		1,
		9,
		2,
		9,
		5,
		4,
		0,
		9,
		2,
		4,
		6,
		7,
		7,
		1,
		2,
		3,
		4,
		6,
		1,
		8,
		1,
		0,
		0,
		8,
		9,
		1,
		6,
		2,
		0,
		5,
		9,
		6,
		0,
		9,
		9,
		4,
		2,
		5,
		3,
		9,
		7,
		5,
		5,
		3,
		4,
		5,
		9,
		7,
		0,
		8,
		7,
		7,
		6,
		7,
		4,
		7,
		9,
		1,
		4,
		8,
		4,
		5,
		6,
		1,
		1,
		3,
		5,
		3,
		6,
		1,
		0,
		2,
		0,
		1,
		4,
		9,
		0,
		6,
		6,
		2,
		5,
		3,
		2,
		6,
		7,
		1,
		7,
		1,
		7,
		3,
		0,
		5,
		0,
		1,
		8,
		5,
		9,
		1,
		8,
		8,
		4,
		8,
		2,
		4,
		1,
		8,
		7,
		9,
		3,
		1,
		9,
		5,
		3,
		5,
		7,
		0,
		5,
		7,
		1,
		0,
		6,
		7,
		7,
		5
	],
	"formal_code":[
		5,
		12,
		0,
		946
	],
	"tensor_product_decompositions":{
		"identifiers":[
			"formal_code"
		],
		"value":[]
	},
	"sub_fusion_rings":{
		"identifiers":[
			"injection",
			"formal_code"
		],
		"value":[]
	},
	"numeric_characters":[
		[
			[
				1.0,
				0
			],
			[
				1.520019897911436e1,
				0
			],
			[
				2.1182365499601946e1,
				0
			],
			[
				2.186663815019535e1,
				0
			],
			[
				2.9956031168617507e1,
				0
			]
		],
		[
			[
				1.0,
				0
			],
			[
				-4.2742692881866855,
				0
			],
			[
				-2.7988658231447783,
				0
			],
			[
				7.383243321118172,
				0
			],
			[
				-1.2748807524541006,
				0
			]
		],
		[
			[
				1.0,
				0
			],
			[
				0.2326330481119653,
				0
			],
			[
				2.455736761152831,
				0
			],
			[
				0.5365442791845579,
				0
			],
			[
				-2.2795677266483936,
				0
			]
		],
		[
			[
				1.0,
				0
			],
			[
				4.961456469810847,
				0
			],
			[
				-2.7258469757426464,
				0
			],
			[
				1.4172169725886377,
				0
			],
			[
				-1.6579302201793302,
				0
			]
		],
		[
			[
				1.0,
				0
			],
			[
				-0.12001920885048621,
				0
			],
			[
				-0.11338946186735233,
				0
			],
			[
				-0.20364272308671855,
				0
			],
			[
				0.2563475306643171,
				0
			]
		]
	],
	"numeric_frobenius_perron_dimensions":[
		1.0,
		1.520019897911436e1,
		2.1182365499601946e1,
		2.186663815019535e1,
		2.9956031168617507e1
	],
	"numeric_frobenius_perron_dimension":2.056252324530158e3,
	"info":"Fusion ring. mult_tab provides structure constants. barcode and formal_code provide unique identifiers see (DOI: 10.1063\/5.0148848). sub_fusion_rings provides tuples where the first element corresponds to the elements of the ring that form the subring isomorphic to the ring identified by the second element of the tuple. software provides doi of original software used to represent fusion ring.",
	"comments":[
		""
	]
}