{
	"references":[
		""
	],
	"software":[
		"https:\/\/doi.org\/10.5281\/zenodo.15920400"
	],
	"mult_tab":[
		[
			[
				1,
				0,
				0,
				0,
				0
			],
			[
				0,
				1,
				0,
				0,
				0
			],
			[
				0,
				0,
				1,
				0,
				0
			],
			[
				0,
				0,
				0,
				1,
				0
			],
			[
				0,
				0,
				0,
				0,
				1
			]
		],
		[
			[
				0,
				1,
				0,
				0,
				0
			],
			[
				1,
				5,
				1,
				3,
				0
			],
			[
				0,
				1,
				0,
				2,
				4
			],
			[
				0,
				3,
				2,
				6,
				5
			],
			[
				0,
				0,
				4,
				5,
				7
			]
		],
		[
			[
				0,
				0,
				1,
				0,
				0
			],
			[
				0,
				1,
				0,
				2,
				4
			],
			[
				1,
				0,
				8,
				4,
				0
			],
			[
				0,
				2,
				4,
				7,
				6
			],
			[
				0,
				4,
				0,
				6,
				9
			]
		],
		[
			[
				0,
				0,
				0,
				1,
				0
			],
			[
				0,
				3,
				2,
				6,
				5
			],
			[
				0,
				2,
				4,
				7,
				6
			],
			[
				1,
				6,
				7,
				12,
				14
			],
			[
				0,
				5,
				6,
				14,
				15
			]
		],
		[
			[
				0,
				0,
				0,
				0,
				1
			],
			[
				0,
				0,
				4,
				5,
				7
			],
			[
				0,
				4,
				0,
				6,
				9
			],
			[
				0,
				5,
				6,
				14,
				15
			],
			[
				1,
				7,
				9,
				15,
				14
			]
		]
	],
	"texnames":[
		"\\text{FR}^{5,15,0}_{245}"
	],
	"barcode":[
		2,
		0,
		4,
		5,
		8,
		6,
		9,
		2,
		5,
		1,
		8,
		7,
		8,
		3,
		9,
		8,
		6,
		8,
		3,
		8,
		6,
		4,
		3,
		6,
		6,
		2,
		8,
		4,
		5,
		9,
		5,
		4,
		2,
		6,
		5,
		0,
		0,
		1,
		8,
		8,
		0,
		2,
		0,
		8,
		9,
		6,
		4,
		8,
		0,
		6,
		4,
		2,
		0,
		1,
		1,
		9,
		9,
		0,
		7,
		7,
		8,
		1,
		9,
		2,
		9,
		5,
		7,
		0,
		4,
		2,
		2,
		9,
		8,
		2,
		8,
		7,
		4,
		8,
		3,
		1,
		9,
		3,
		9,
		2,
		1,
		5,
		2,
		1,
		4,
		4,
		1,
		6,
		7,
		9,
		3,
		7,
		9,
		7,
		3,
		1,
		8,
		9,
		0,
		1,
		6,
		2,
		7,
		3,
		4,
		7,
		6,
		9,
		4,
		8,
		0,
		9,
		8,
		4,
		2,
		7,
		5,
		5,
		3,
		2,
		4,
		3,
		0,
		5,
		2,
		5,
		1,
		3,
		8,
		8,
		7,
		6,
		6,
		1,
		9,
		9,
		1,
		6,
		5,
		4,
		4,
		0,
		4,
		1,
		1,
		7
	],
	"formal_code":[
		5,
		15,
		0,
		245
	],
	"tensor_product_decompositions":{
		"identifiers":[
			"formal_code"
		],
		"value":[]
	},
	"sub_fusion_rings":{
		"identifiers":[
			"injection",
			"formal_code"
		],
		"value":[]
	},
	"numeric_characters":[
		[
			[
				1.0,
				0
			],
			[
				1.3545809865675219e1,
				0
			],
			[
				1.6183404613134666e1,
				0
			],
			[
				3.285883699183778e1,
				0
			],
			[
				3.4988459504865666e1,
				0
			]
		],
		[
			[
				1.0,
				0
			],
			[
				5.768842926637047,
				0
			],
			[
				-0.7521968097216881,
				0
			],
			[
				1.3958436295822476,
				0
			],
			[
				-3.2249588577508637,
				0
			]
		],
		[
			[
				1.0,
				0
			],
			[
				1.0,
				0
			],
			[
				1.0,
				0
			],
			[
				-2.0,
				0
			],
			[
				1.0,
				0
			]
		],
		[
			[
				1.0,
				0
			],
			[
				-2.038427297383154,
				0
			],
			[
				8.802112071706999,
				0
			],
			[
				1.51507008730852,
				0
			],
			[
				-4.733544599706804,
				0
			]
		],
		[
			[
				1.0,
				0
			],
			[
				-0.27622549492911186,
				0
			],
			[
				-0.23331987511997807,
				0
			],
			[
				0.23024929127145669,
				0
			],
			[
				-2.995604740799675e-2,
				0
			]
		]
	],
	"numeric_frobenius_perron_dimensions":[
		1.0,
		1.3545809865675219e1,
		1.618340461313467e1,
		3.285883699183778e1,
		3.4988459504865666e1
	],
	"numeric_frobenius_perron_dimension":2.750287016769244e3,
	"info":"Fusion ring. mult_tab provides structure constants. barcode and formal_code provide unique identifiers see (DOI: 10.1063\/5.0148848). sub_fusion_rings provides tuples where the first element corresponds to the elements of the ring that form the subring isomorphic to the ring identified by the second element of the tuple. software provides doi of original software used to represent fusion ring.",
	"comments":[
		""
	]
}