{
	"references":[
		""
	],
	"software":[
		"https:\/\/doi.org\/10.5281\/zenodo.15920400"
	],
	"mult_tab":[
		[
			[
				1,
				0,
				0,
				0,
				0
			],
			[
				0,
				1,
				0,
				0,
				0
			],
			[
				0,
				0,
				1,
				0,
				0
			],
			[
				0,
				0,
				0,
				1,
				0
			],
			[
				0,
				0,
				0,
				0,
				1
			]
		],
		[
			[
				0,
				1,
				0,
				0,
				0
			],
			[
				1,
				7,
				6,
				8,
				7
			],
			[
				0,
				6,
				9,
				7,
				7
			],
			[
				0,
				8,
				7,
				8,
				7
			],
			[
				0,
				7,
				7,
				7,
				10
			]
		],
		[
			[
				0,
				0,
				1,
				0,
				0
			],
			[
				0,
				6,
				9,
				7,
				7
			],
			[
				1,
				9,
				5,
				9,
				7
			],
			[
				0,
				7,
				9,
				8,
				7
			],
			[
				0,
				7,
				7,
				7,
				11
			]
		],
		[
			[
				0,
				0,
				0,
				1,
				0
			],
			[
				0,
				8,
				7,
				8,
				7
			],
			[
				0,
				7,
				9,
				8,
				7
			],
			[
				1,
				8,
				8,
				9,
				7
			],
			[
				0,
				7,
				7,
				7,
				12
			]
		],
		[
			[
				0,
				0,
				0,
				0,
				1
			],
			[
				0,
				7,
				7,
				7,
				10
			],
			[
				0,
				7,
				7,
				7,
				11
			],
			[
				0,
				7,
				7,
				7,
				12
			],
			[
				1,
				10,
				11,
				12,
				2
			]
		]
	],
	"texnames":[
		"\\text{FR}^{5,12,0}_{198}"
	],
	"barcode":[
		1,
		3,
		4,
		5,
		7,
		8,
		5,
		2,
		8,
		7,
		0,
		6,
		3,
		2,
		5,
		1,
		9,
		2,
		9,
		5,
		4,
		0,
		9,
		2,
		4,
		6,
		7,
		7,
		1,
		2,
		3,
		4,
		6,
		1,
		7,
		7,
		7,
		9,
		3,
		2,
		8,
		3,
		3,
		5,
		4,
		7,
		2,
		1,
		7,
		6,
		4,
		7,
		6,
		9,
		0,
		9,
		0,
		4,
		3,
		0,
		7,
		2,
		2,
		7,
		2,
		4,
		9,
		2,
		0,
		4,
		6,
		3,
		4,
		2,
		6,
		3,
		8,
		8,
		5,
		3,
		4,
		3,
		9,
		5,
		9,
		4,
		7,
		6,
		7,
		2,
		5,
		7,
		6,
		0,
		5,
		2,
		5,
		3,
		5,
		0,
		6,
		6,
		4,
		3,
		9,
		5,
		4,
		9,
		0,
		1,
		8,
		5,
		9,
		3,
		7,
		9,
		4,
		5,
		9,
		6,
		4,
		4,
		1,
		2,
		3,
		0,
		5,
		7,
		0,
		2,
		1,
		3,
		2,
		9,
		9,
		9,
		3,
		7,
		4
	],
	"formal_code":[
		5,
		12,
		0,
		198
	],
	"tensor_product_decompositions":{
		"identifiers":[
			"formal_code"
		],
		"value":[]
	},
	"sub_fusion_rings":{
		"identifiers":[
			"injection",
			"formal_code"
		],
		"value":[]
	},
	"numeric_characters":[
		[
			[
				1.0,
				0
			],
			[
				2.955138187860483e1,
				0
			],
			[
				3.055138187860483e1,
				0
			],
			[
				3.155138187860483e1,
				0
			],
			[
				3.2815021640633205e1,
				0
			]
		],
		[
			[
				1.0,
				0
			],
			[
				2.5500393028265944,
				0
			],
			[
				3.5500393028265944,
				0
			],
			[
				4.550039302826595,
				0
			],
			[
				-1.0006874987628306e1,
				0
			]
		],
		[
			[
				1.0,
				0
			],
			[
				-1.1014211814314234,
				0
			],
			[
				-0.10142118143142347,
				0
			],
			[
				0.8985788185685766,
				0
			],
			[
				0.19185334699509793,
				0
			]
		],
		[
			[
				1.0,
				0
			],
			[
				0.3819660112501051,
				0
			],
			[
				0.2360679774997898,
				0
			],
			[
				-0.6180339887498949,
				0
			],
			[
				0.0,
				0
			]
		],
		[
			[
				1.0,
				0
			],
			[
				2.618033988749895,
				0
			],
			[
				-4.23606797749979,
				0
			],
			[
				1.618033988749895,
				0
			],
			[
				0.0,
				0
			]
		]
	],
	"numeric_frobenius_perron_dimensions":[
		1.0,
		2.955138187860483e1,
		3.055138187860483e1,
		3.1551381878604825e1,
		3.281502164063321e1
	],
	"numeric_frobenius_perron_dimension":3.8799864493522564e3,
	"info":"Fusion ring. mult_tab provides structure constants. barcode and formal_code provide unique identifiers see (DOI: 10.1063\/5.0148848). sub_fusion_rings provides tuples where the first element corresponds to the elements of the ring that form the subring isomorphic to the ring identified by the second element of the tuple. software provides doi of original software used to represent fusion ring.",
	"comments":[
		""
	]
}