{
	"references":[
		""
	],
	"software":[
		"https:\/\/doi.org\/10.5281\/zenodo.15920400"
	],
	"mult_tab":[
		[
			[
				1,
				0,
				0,
				0,
				0
			],
			[
				0,
				1,
				0,
				0,
				0
			],
			[
				0,
				0,
				1,
				0,
				0
			],
			[
				0,
				0,
				0,
				1,
				0
			],
			[
				0,
				0,
				0,
				0,
				1
			]
		],
		[
			[
				0,
				1,
				0,
				0,
				0
			],
			[
				1,
				4,
				1,
				3,
				1
			],
			[
				0,
				1,
				3,
				4,
				5
			],
			[
				0,
				3,
				4,
				4,
				4
			],
			[
				0,
				1,
				5,
				4,
				7
			]
		],
		[
			[
				0,
				0,
				1,
				0,
				0
			],
			[
				0,
				1,
				3,
				4,
				5
			],
			[
				1,
				3,
				5,
				8,
				9
			],
			[
				0,
				4,
				8,
				6,
				9
			],
			[
				0,
				5,
				9,
				9,
				11
			]
		],
		[
			[
				0,
				0,
				0,
				1,
				0
			],
			[
				0,
				3,
				4,
				4,
				4
			],
			[
				0,
				4,
				8,
				6,
				9
			],
			[
				1,
				4,
				6,
				8,
				10
			],
			[
				0,
				4,
				9,
				10,
				12
			]
		],
		[
			[
				0,
				0,
				0,
				0,
				1
			],
			[
				0,
				1,
				5,
				4,
				7
			],
			[
				0,
				5,
				9,
				9,
				11
			],
			[
				0,
				4,
				9,
				10,
				12
			],
			[
				1,
				7,
				11,
				12,
				15
			]
		]
	],
	"texnames":[
		"\\text{FR}^{5,15,0}_{586}"
	],
	"barcode":[
		2,
		0,
		4,
		5,
		8,
		6,
		9,
		2,
		5,
		1,
		8,
		7,
		8,
		3,
		9,
		8,
		6,
		8,
		3,
		8,
		6,
		4,
		3,
		6,
		6,
		2,
		8,
		4,
		5,
		9,
		5,
		4,
		2,
		6,
		5,
		0,
		0,
		4,
		6,
		6,
		1,
		1,
		1,
		6,
		1,
		2,
		6,
		1,
		1,
		3,
		1,
		7,
		7,
		9,
		1,
		6,
		9,
		1,
		9,
		2,
		4,
		9,
		3,
		2,
		2,
		7,
		6,
		8,
		1,
		7,
		0,
		4,
		8,
		5,
		6,
		6,
		1,
		5,
		4,
		8,
		5,
		4,
		9,
		9,
		2,
		1,
		9,
		6,
		5,
		0,
		3,
		2,
		1,
		0,
		7,
		8,
		6,
		7,
		8,
		9,
		0,
		8,
		2,
		6,
		4,
		0,
		2,
		1,
		7,
		3,
		2,
		2,
		8,
		3,
		6,
		1,
		7,
		3,
		4,
		4,
		8,
		9,
		8,
		9,
		9,
		1,
		0,
		3,
		5,
		0,
		7,
		8,
		4,
		1,
		3,
		1,
		2,
		4,
		0,
		5,
		1,
		2,
		6,
		3,
		3,
		6,
		1,
		8,
		1,
		2
	],
	"formal_code":[
		5,
		15,
		0,
		586
	],
	"tensor_product_decompositions":{
		"identifiers":[
			"formal_code"
		],
		"value":[]
	},
	"sub_fusion_rings":{
		"identifiers":[
			"injection",
			"formal_code"
		],
		"value":[]
	},
	"numeric_characters":[
		[
			[
				1.0,
				0
			],
			[
				1.4357522560436186e1,
				0
			],
			[
				2.696097606689388e1,
				0
			],
			[
				2.8353142495753275e1,
				0
			],
			[
				3.568796027753561e1,
				0
			]
		],
		[
			[
				1.0,
				0
			],
			[
				4.475070641950872,
				0
			],
			[
				-0.8809482687439019,
				0
			],
			[
				1.4371951206552227,
				0
			],
			[
				-2.3046624105746676,
				0
			]
		],
		[
			[
				1.0,
				0
			],
			[
				0.6464971497113595,
				0
			],
			[
				-0.5817857215841116,
				0
			],
			[
				-1.2412689788796503,
				0
			],
			[
				1.1375626239625363,
				0
			]
		],
		[
			[
				1.0,
				0
			],
			[
				-1.1417117936936443,
				0
			],
			[
				-2.962395433377202,
				0
			],
			[
				2.341149294759863,
				0
			],
			[
				0.809300543731349,
				0
			]
		],
		[
			[
				1.0,
				0
			],
			[
				-0.3373785584047729,
				0
			],
			[
				0.4641533568113345,
				0
			],
			[
				0.10978206771128846,
				0
			],
			[
				-0.3301610346548257,
				0
			]
		]
	],
	"numeric_frobenius_perron_dimensions":[
		1.0,
		1.4357522560436186e1,
		2.696097606689388e1,
		2.8353142495753275e1,
		3.568796027753561e1
	],
	"numeric_frobenius_perron_dimension":3.0115638827085086e3,
	"info":"Fusion ring. mult_tab provides structure constants. barcode and formal_code provide unique identifiers see (DOI: 10.1063\/5.0148848). sub_fusion_rings provides tuples where the first element corresponds to the elements of the ring that form the subring isomorphic to the ring identified by the second element of the tuple. software provides doi of original software used to represent fusion ring.",
	"comments":[
		""
	]
}