{
	"references":[
		""
	],
	"software":[
		"https:\/\/doi.org\/10.5281\/zenodo.15920400"
	],
	"mult_tab":[
		[
			[
				1,
				0,
				0,
				0,
				0
			],
			[
				0,
				1,
				0,
				0,
				0
			],
			[
				0,
				0,
				1,
				0,
				0
			],
			[
				0,
				0,
				0,
				1,
				0
			],
			[
				0,
				0,
				0,
				0,
				1
			]
		],
		[
			[
				0,
				1,
				0,
				0,
				0
			],
			[
				1,
				1,
				1,
				5,
				5
			],
			[
				0,
				1,
				1,
				6,
				5
			],
			[
				0,
				5,
				6,
				6,
				6
			],
			[
				0,
				5,
				5,
				6,
				7
			]
		],
		[
			[
				0,
				0,
				1,
				0,
				0
			],
			[
				0,
				1,
				1,
				6,
				5
			],
			[
				1,
				1,
				1,
				6,
				6
			],
			[
				0,
				6,
				6,
				6,
				7
			],
			[
				0,
				5,
				6,
				7,
				7
			]
		],
		[
			[
				0,
				0,
				0,
				1,
				0
			],
			[
				0,
				5,
				6,
				6,
				6
			],
			[
				0,
				6,
				6,
				6,
				7
			],
			[
				1,
				6,
				6,
				12,
				12
			],
			[
				0,
				6,
				7,
				12,
				12
			]
		],
		[
			[
				0,
				0,
				0,
				0,
				1
			],
			[
				0,
				5,
				5,
				6,
				7
			],
			[
				0,
				5,
				6,
				7,
				7
			],
			[
				0,
				6,
				7,
				12,
				12
			],
			[
				1,
				7,
				7,
				12,
				12
			]
		]
	],
	"texnames":[
		"\\text{FR}^{5,12,0}_{1749}"
	],
	"barcode":[
		1,
		3,
		4,
		5,
		7,
		8,
		5,
		2,
		8,
		7,
		0,
		6,
		3,
		2,
		5,
		1,
		9,
		2,
		9,
		5,
		4,
		0,
		9,
		2,
		4,
		6,
		7,
		7,
		1,
		2,
		3,
		4,
		6,
		1,
		9,
		0,
		8,
		1,
		4,
		2,
		0,
		6,
		4,
		9,
		4,
		0,
		1,
		8,
		9,
		3,
		0,
		6,
		8,
		6,
		6,
		1,
		0,
		2,
		1,
		1,
		3,
		3,
		6,
		7,
		8,
		7,
		8,
		5,
		4,
		7,
		0,
		6,
		6,
		6,
		0,
		6,
		3,
		5,
		7,
		0,
		5,
		5,
		6,
		6,
		7,
		8,
		4,
		6,
		8,
		7,
		7,
		3,
		4,
		6,
		2,
		6,
		3,
		5,
		3,
		5,
		3,
		9,
		5,
		7,
		5,
		5,
		4,
		0,
		6,
		7,
		1,
		6,
		7,
		4,
		8,
		6,
		6,
		1,
		4,
		6,
		6,
		6,
		6,
		8,
		1,
		4,
		4,
		9,
		8,
		4,
		3,
		6,
		8,
		9,
		7,
		7,
		2,
		9,
		3
	],
	"formal_code":[
		5,
		12,
		0,
		1749
	],
	"tensor_product_decompositions":{
		"identifiers":[
			"formal_code"
		],
		"value":[]
	},
	"sub_fusion_rings":{
		"identifiers":[
			"injection",
			"formal_code"
		],
		"value":[]
	},
	"numeric_characters":[
		[
			[
				1.0,
				0
			],
			[
				1.900679202683531e1,
				0
			],
			[
				2.0624826015585207e1,
				0
			],
			[
				3.175363551652004e1,
				0
			],
			[
				3.2371669505269935e1,
				0
			]
		],
		[
			[
				1.0,
				0
			],
			[
				-4.67098502066884,
				0
			],
			[
				-5.289019009418735,
				0
			],
			[
				3.886827503714973,
				0
			],
			[
				2.268793514965078,
				0
			]
		],
		[
			[
				1.0,
				0
			],
			[
				-0.826452139336363,
				0
			],
			[
				0.7915818494135319,
				0
			],
			[
				-0.3372276515212992,
				0
			],
			[
				0.28080633722859566,
				0
			]
		],
		[
			[
				1.0,
				0
			],
			[
				1.0,
				0
			],
			[
				-1.0,
				0
			],
			[
				-1.0,
				0
			],
			[
				1.0,
				0
			]
		],
		[
			[
				1.0,
				0
			],
			[
				0.4906451331698914,
				0
			],
			[
				-0.12738885558000343,
				0
			],
			[
				0.6967646312862886,
				0
			],
			[
				-0.9212693574636062,
				0
			]
		]
	],
	"numeric_frobenius_perron_dimensions":[
		1.0,
		1.900679202683531e1,
		2.0624826015585207e1,
		3.175363551652004e1,
		3.2371669505269935e1
	],
	"numeric_frobenius_perron_dimension":2.8438599463989567e3,
	"info":"Fusion ring. mult_tab provides structure constants. barcode and formal_code provide unique identifiers see (DOI: 10.1063\/5.0148848). sub_fusion_rings provides tuples where the first element corresponds to the elements of the ring that form the subring isomorphic to the ring identified by the second element of the tuple. software provides doi of original software used to represent fusion ring.",
	"comments":[
		""
	]
}