{
	"references":[
		""
	],
	"software":[
		"https:\/\/doi.org\/10.5281\/zenodo.15920400"
	],
	"mult_tab":[
		[
			[
				1,
				0,
				0,
				0,
				0
			],
			[
				0,
				1,
				0,
				0,
				0
			],
			[
				0,
				0,
				1,
				0,
				0
			],
			[
				0,
				0,
				0,
				1,
				0
			],
			[
				0,
				0,
				0,
				0,
				1
			]
		],
		[
			[
				0,
				1,
				0,
				0,
				0
			],
			[
				1,
				0,
				1,
				2,
				2
			],
			[
				0,
				1,
				2,
				2,
				2
			],
			[
				0,
				2,
				2,
				4,
				4
			],
			[
				0,
				2,
				2,
				4,
				6
			]
		],
		[
			[
				0,
				0,
				1,
				0,
				0
			],
			[
				0,
				1,
				2,
				2,
				2
			],
			[
				1,
				2,
				4,
				4,
				0
			],
			[
				0,
				2,
				4,
				5,
				4
			],
			[
				0,
				2,
				0,
				4,
				9
			]
		],
		[
			[
				0,
				0,
				0,
				1,
				0
			],
			[
				0,
				2,
				2,
				4,
				4
			],
			[
				0,
				2,
				4,
				5,
				4
			],
			[
				1,
				4,
				5,
				8,
				9
			],
			[
				0,
				4,
				4,
				9,
				13
			]
		],
		[
			[
				0,
				0,
				0,
				0,
				1
			],
			[
				0,
				2,
				2,
				4,
				6
			],
			[
				0,
				2,
				0,
				4,
				9
			],
			[
				0,
				4,
				4,
				9,
				13
			],
			[
				1,
				6,
				9,
				13,
				12
			]
		]
	],
	"texnames":[
		"\\text{FR}^{5,13,0}_{189}"
	],
	"barcode":[
		1,
		3,
		1,
		7,
		8,
		8,
		1,
		8,
		6,
		4,
		8,
		7,
		2,
		1,
		4,
		1,
		5,
		3,
		0,
		1,
		5,
		0,
		1,
		5,
		4,
		3,
		3,
		8,
		4,
		9,
		5,
		2,
		4,
		7,
		8,
		7,
		3,
		3,
		0,
		5,
		1,
		0,
		2,
		6,
		3,
		1,
		1,
		9,
		2,
		2,
		3,
		5,
		4,
		4,
		0,
		7,
		0,
		3,
		7,
		8,
		6,
		7,
		8,
		2,
		6,
		6,
		9,
		4,
		2,
		6,
		3,
		9,
		9,
		9,
		8,
		3,
		2,
		9,
		9,
		6,
		0,
		9,
		2,
		0,
		9,
		5,
		5,
		7,
		2,
		0,
		6,
		0,
		4,
		4,
		8,
		9,
		7,
		7,
		0,
		0,
		0,
		9,
		9,
		9,
		2,
		3,
		6,
		3,
		1,
		3,
		8,
		5,
		0,
		2,
		0,
		5,
		3,
		5,
		1,
		0,
		2,
		6,
		9,
		6,
		9,
		1,
		9,
		4,
		9,
		1,
		7,
		1,
		7,
		7,
		5,
		1,
		4,
		1,
		9,
		5,
		8,
		3,
		0
	],
	"formal_code":[
		5,
		13,
		0,
		189
	],
	"tensor_product_decompositions":{
		"identifiers":[
			"formal_code"
		],
		"value":[]
	},
	"sub_fusion_rings":{
		"identifiers":[
			"injection",
			"formal_code"
		],
		"value":[]
	},
	"numeric_characters":[
		[
			[
				1.0,
				0
			],
			[
				1.0920784968399273e1,
				0
			],
			[
				1.3021583443841015e1,
				0
			],
			[
				2.3658432918187955e1,
				0
			],
			[
				2.8962547522899285e1,
				0
			]
		],
		[
			[
				1.0,
				0
			],
			[
				1.315941501303243,
				0
			],
			[
				6.481084402362617,
				0
			],
			[
				3.112058604622761,
				0
			],
			[
				-5.986749788377953,
				0
			]
		],
		[
			[
				1.0,
				0
			],
			[
				0.5077520005061421,
				0
			],
			[
				0.476255679488635,
				0
			],
			[
				-0.9234268116804107,
				0
			],
			[
				0.31420501894508784,
				0
			]
		],
		[
			[
				1.0,
				0
			],
			[
				-1.4835037060589642,
				0
			],
			[
				0.11383935505251479,
				0
			],
			[
				0.3811523476666604,
				0
			],
			[
				0.16231959775242288,
				0
			]
		],
		[
			[
				1.0,
				0
			],
			[
				0.7390252358503069,
				0
			],
			[
				-1.0927628807447811,
				0
			],
			[
				0.7717829412030358,
				0
			],
			[
				-0.4523223512188444,
				0
			]
		]
	],
	"numeric_frobenius_perron_dimensions":[
		1.0,
		1.0920784968399273e1,
		1.3021583443841015e1,
		2.3658432918187955e1,
		2.8962547522899285e1
	],
	"numeric_frobenius_perron_dimension":1.688375786871529e3,
	"info":"Fusion ring. mult_tab provides structure constants. barcode and formal_code provide unique identifiers see (DOI: 10.1063\/5.0148848). sub_fusion_rings provides tuples where the first element corresponds to the elements of the ring that form the subring isomorphic to the ring identified by the second element of the tuple. software provides doi of original software used to represent fusion ring.",
	"comments":[
		""
	]
}