{
	"references":[
		""
	],
	"software":[
		"https:\/\/doi.org\/10.5281\/zenodo.15920400"
	],
	"mult_tab":[
		[
			[
				1,
				0,
				0,
				0,
				0
			],
			[
				0,
				1,
				0,
				0,
				0
			],
			[
				0,
				0,
				1,
				0,
				0
			],
			[
				0,
				0,
				0,
				1,
				0
			],
			[
				0,
				0,
				0,
				0,
				1
			]
		],
		[
			[
				0,
				1,
				0,
				0,
				0
			],
			[
				1,
				0,
				0,
				0,
				0
			],
			[
				0,
				0,
				1,
				0,
				0
			],
			[
				0,
				0,
				0,
				1,
				0
			],
			[
				0,
				0,
				0,
				0,
				1
			]
		],
		[
			[
				0,
				0,
				1,
				0,
				0
			],
			[
				0,
				0,
				1,
				0,
				0
			],
			[
				1,
				1,
				5,
				4,
				4
			],
			[
				0,
				0,
				4,
				6,
				4
			],
			[
				0,
				0,
				4,
				4,
				6
			]
		],
		[
			[
				0,
				0,
				0,
				1,
				0
			],
			[
				0,
				0,
				0,
				1,
				0
			],
			[
				0,
				0,
				4,
				6,
				4
			],
			[
				1,
				1,
				6,
				3,
				6
			],
			[
				0,
				0,
				4,
				6,
				5
			]
		],
		[
			[
				0,
				0,
				0,
				0,
				1
			],
			[
				0,
				0,
				0,
				0,
				1
			],
			[
				0,
				0,
				4,
				4,
				6
			],
			[
				0,
				0,
				4,
				6,
				5
			],
			[
				1,
				1,
				6,
				5,
				4
			]
		]
	],
	"texnames":[
		"\\text{FR}^{5,6,0}_{124}"
	],
	"barcode":[
		6,
		1,
		9,
		6,
		7,
		0,
		2,
		5,
		9,
		6,
		9,
		5,
		7,
		2,
		7,
		7,
		0,
		5,
		5,
		2,
		5,
		0,
		6,
		7,
		0,
		4,
		1,
		6,
		6,
		1,
		4,
		7,
		0,
		8,
		6,
		4,
		1,
		1,
		2,
		5,
		5,
		6,
		3,
		9,
		6,
		2,
		9,
		8,
		4,
		4,
		2,
		1,
		8,
		0,
		0,
		4,
		6,
		4,
		2,
		4,
		1,
		9,
		1,
		1,
		7,
		0,
		5,
		2,
		5,
		7,
		5,
		5,
		0,
		0,
		2,
		1,
		6,
		0,
		3,
		4,
		4,
		5,
		2,
		3,
		8,
		7,
		4,
		4,
		6,
		1,
		6,
		3,
		8,
		4,
		7,
		0,
		7,
		9,
		6,
		8,
		3,
		4,
		0,
		8,
		9
	],
	"formal_code":[
		5,
		6,
		0,
		124
	],
	"tensor_product_decompositions":{
		"identifiers":[
			"formal_code"
		],
		"value":[]
	},
	"sub_fusion_rings":{
		"identifiers":[
			"injection",
			"formal_code"
		],
		"value":[
			[
				[
					1,
					2
				],
				[
					2,
					1,
					0,
					1
				]
			]
		]
	},
	"numeric_characters":[
		[
			[
				1.0,
				0
			],
			[
				1.0,
				0
			],
			[
				1.372841614740048e1,
				0
			],
			[
				1.472841614740048e1,
				0
			],
			[
				1.472841614740048e1,
				0
			]
		],
		[
			[
				1.0,
				0
			],
			[
				1.0,
				0
			],
			[
				2.0,
				0
			],
			[
				-3.5615528128088303,
				0
			],
			[
				1.5615528128088303,
				0
			]
		],
		[
			[
				1.0,
				0
			],
			[
				1.0,
				0
			],
			[
				2.0,
				0
			],
			[
				0.5615528128088303,
				0
			],
			[
				-2.5615528128088303,
				0
			]
		],
		[
			[
				1.0,
				0
			],
			[
				1.0,
				0
			],
			[
				-0.7284161474004804,
				0
			],
			[
				0.27158385259951956,
				0
			],
			[
				0.27158385259951956,
				0
			]
		],
		[
			[
				1.0,
				0
			],
			[
				-1.0,
				0
			],
			[
				0.0,
				0
			],
			[
				0.0,
				0
			],
			[
				0.0,
				0
			]
		]
	],
	"numeric_frobenius_perron_dimensions":[
		1.0,
		1.0,
		1.372841614740048e1,
		1.472841614740048e1,
		1.472841614740048e1
	],
	"numeric_frobenius_perron_dimension":6.243218943382207e2,
	"info":"Fusion ring. mult_tab provides structure constants. barcode and formal_code provide unique identifiers see (DOI: 10.1063\/5.0148848). sub_fusion_rings provides tuples where the first element corresponds to the elements of the ring that form the subring isomorphic to the ring identified by the second element of the tuple. software provides doi of original software used to represent fusion ring.",
	"comments":[
		""
	]
}