{
	"references":[
		""
	],
	"software":[
		"https:\/\/doi.org\/10.5281\/zenodo.15920400"
	],
	"mult_tab":[
		[
			[
				1,
				0,
				0,
				0,
				0
			],
			[
				0,
				1,
				0,
				0,
				0
			],
			[
				0,
				0,
				1,
				0,
				0
			],
			[
				0,
				0,
				0,
				1,
				0
			],
			[
				0,
				0,
				0,
				0,
				1
			]
		],
		[
			[
				0,
				1,
				0,
				0,
				0
			],
			[
				1,
				0,
				0,
				0,
				0
			],
			[
				0,
				0,
				1,
				0,
				0
			],
			[
				0,
				0,
				0,
				1,
				0
			],
			[
				0,
				0,
				0,
				0,
				1
			]
		],
		[
			[
				0,
				0,
				1,
				0,
				0
			],
			[
				0,
				0,
				1,
				0,
				0
			],
			[
				1,
				1,
				7,
				2,
				4
			],
			[
				0,
				0,
				2,
				6,
				6
			],
			[
				0,
				0,
				4,
				6,
				9
			]
		],
		[
			[
				0,
				0,
				0,
				1,
				0
			],
			[
				0,
				0,
				0,
				1,
				0
			],
			[
				0,
				0,
				2,
				6,
				6
			],
			[
				1,
				1,
				6,
				8,
				4
			],
			[
				0,
				0,
				6,
				4,
				12
			]
		],
		[
			[
				0,
				0,
				0,
				0,
				1
			],
			[
				0,
				0,
				0,
				0,
				1
			],
			[
				0,
				0,
				4,
				6,
				9
			],
			[
				0,
				0,
				6,
				4,
				12
			],
			[
				1,
				1,
				9,
				12,
				11
			]
		]
	],
	"texnames":[
		"\\text{FR}^{5,12,0}_{1917}"
	],
	"barcode":[
		1,
		3,
		4,
		5,
		7,
		8,
		5,
		2,
		8,
		7,
		0,
		6,
		3,
		2,
		5,
		1,
		9,
		2,
		9,
		5,
		4,
		0,
		9,
		2,
		4,
		6,
		7,
		7,
		1,
		2,
		3,
		4,
		6,
		1,
		3,
		9,
		6,
		0,
		1,
		0,
		1,
		3,
		3,
		2,
		6,
		1,
		6,
		5,
		6,
		2,
		3,
		4,
		8,
		4,
		6,
		0,
		6,
		4,
		3,
		8,
		1,
		2,
		4,
		9,
		6,
		8,
		1,
		0,
		3,
		3,
		7,
		9,
		3,
		9,
		8,
		7,
		1,
		9,
		7,
		7,
		2,
		0,
		3,
		7,
		9,
		9,
		9,
		5,
		7,
		6,
		2,
		3,
		3,
		8,
		2,
		2,
		2,
		9,
		6,
		3,
		0,
		2,
		6,
		1,
		5,
		4,
		4,
		6,
		5,
		9,
		6,
		4,
		1,
		6,
		5,
		3,
		5,
		2,
		7,
		6,
		0,
		6,
		8,
		7,
		9,
		7,
		2,
		2,
		6,
		6,
		5,
		3,
		2,
		4,
		2,
		0,
		3,
		9,
		1
	],
	"formal_code":[
		5,
		12,
		0,
		1917
	],
	"tensor_product_decompositions":{
		"identifiers":[
			"formal_code"
		],
		"value":[]
	},
	"sub_fusion_rings":{
		"identifiers":[
			"injection",
			"formal_code"
		],
		"value":[
			[
				[
					1,
					2
				],
				[
					2,
					1,
					0,
					1
				]
			]
		]
	},
	"numeric_characters":[
		[
			[
				1.0,
				0
			],
			[
				1.0,
				0
			],
			[
				1.5890641521335342e1,
				0
			],
			[
				1.8672327409745225e1,
				0
			],
			[
				2.548333562268724e1,
				0
			]
		],
		[
			[
				1.0,
				0
			],
			[
				1.0,
				0
			],
			[
				1.1840309677092242,
				0
			],
			[
				6.036099202065904,
				0
			],
			[
				-5.239621461400484,
				0
			]
		],
		[
			[
				1.0,
				0
			],
			[
				1.0,
				0
			],
			[
				5.287213025965978,
				0
			],
			[
				-2.6273802569204734,
				0
			],
			[
				-1.4502772714941465,
				0
			]
		],
		[
			[
				1.0,
				0
			],
			[
				1.0,
				0
			],
			[
				-0.3618855150105443,
				0
			],
			[
				-8.104635489065486e-2,
				0
			],
			[
				0.2065631102073916,
				0
			]
		],
		[
			[
				1.0,
				0
			],
			[
				-1.0,
				0
			],
			[
				0.0,
				0
			],
			[
				0.0,
				0
			],
			[
				0.0,
				0
			]
		]
	],
	"numeric_frobenius_perron_dimensions":[
		1.0,
		1.0,
		1.5890641521335343e1,
		1.8672327409745225e1,
		2.548333562268724e1
	],
	"numeric_frobenius_perron_dimension":1.2525686933148302e3,
	"info":"Fusion ring. mult_tab provides structure constants. barcode and formal_code provide unique identifiers see (DOI: 10.1063\/5.0148848). sub_fusion_rings provides tuples where the first element corresponds to the elements of the ring that form the subring isomorphic to the ring identified by the second element of the tuple. software provides doi of original software used to represent fusion ring.",
	"comments":[
		""
	]
}