{
	"references":[
		""
	],
	"software":[
		"https:\/\/doi.org\/10.5281\/zenodo.15920400"
	],
	"mult_tab":[
		[
			[
				1,
				0,
				0,
				0,
				0
			],
			[
				0,
				1,
				0,
				0,
				0
			],
			[
				0,
				0,
				1,
				0,
				0
			],
			[
				0,
				0,
				0,
				1,
				0
			],
			[
				0,
				0,
				0,
				0,
				1
			]
		],
		[
			[
				0,
				1,
				0,
				0,
				0
			],
			[
				1,
				0,
				0,
				0,
				0
			],
			[
				0,
				0,
				1,
				0,
				0
			],
			[
				0,
				0,
				0,
				1,
				0
			],
			[
				0,
				0,
				0,
				0,
				1
			]
		],
		[
			[
				0,
				0,
				1,
				0,
				0
			],
			[
				0,
				0,
				1,
				0,
				0
			],
			[
				1,
				1,
				1,
				0,
				2
			],
			[
				0,
				0,
				0,
				4,
				2
			],
			[
				0,
				0,
				2,
				2,
				4
			]
		],
		[
			[
				0,
				0,
				0,
				1,
				0
			],
			[
				0,
				0,
				0,
				1,
				0
			],
			[
				0,
				0,
				0,
				4,
				2
			],
			[
				1,
				1,
				4,
				3,
				7
			],
			[
				0,
				0,
				2,
				7,
				7
			]
		],
		[
			[
				0,
				0,
				0,
				0,
				1
			],
			[
				0,
				0,
				0,
				0,
				1
			],
			[
				0,
				0,
				2,
				2,
				4
			],
			[
				0,
				0,
				2,
				7,
				7
			],
			[
				1,
				1,
				4,
				7,
				9
			]
		]
	],
	"texnames":[
		"\\text{FR}^{5,9,0}_{983}"
	],
	"barcode":[
		1,
		0,
		0,
		0,
		0,
		0,
		1,
		0,
		0,
		0,
		0,
		0,
		1,
		0,
		0,
		0,
		0,
		0,
		1,
		0,
		0,
		0,
		0,
		0,
		1,
		0,
		1,
		0,
		0,
		0,
		1,
		0,
		0,
		0,
		0,
		0,
		0,
		1,
		0,
		0,
		0,
		0,
		0,
		1,
		0,
		0,
		0,
		0,
		0,
		1,
		0,
		0,
		1,
		0,
		0,
		0,
		0,
		1,
		0,
		0,
		1,
		1,
		9,
		7,
		4,
		0,
		0,
		7,
		7,
		2,
		0,
		0,
		4,
		2,
		2,
		0,
		0,
		0,
		1,
		0,
		0,
		0,
		0,
		1,
		0,
		0,
		0,
		7,
		7,
		2,
		1,
		1,
		7,
		3,
		4,
		0,
		0,
		2,
		4,
		0,
		0,
		0,
		0,
		0,
		1,
		0,
		0,
		0,
		0,
		1,
		0,
		0,
		4,
		2,
		2,
		0,
		0,
		2,
		4,
		0,
		1,
		1,
		2,
		0,
		1
	],
	"formal_code":[
		5,
		9,
		0,
		983
	],
	"tensor_product_decompositions":{
		"identifiers":[
			"formal_code"
		],
		"value":[]
	},
	"sub_fusion_rings":{
		"identifiers":[
			"injection",
			"formal_code"
		],
		"value":[
			[
				[
					1,
					2
				],
				[
					2,
					1,
					0,
					1
				]
			]
		]
	},
	"numeric_characters":[
		[
			[
				1.0,
				0
			],
			[
				1.0,
				0
			],
			[
				6.4286394867550705,
				0
			],
			[
				1.3546171156044158e1,
				0
			],
			[
				1.6449383081955713e1,
				0
			]
		],
		[
			[
				1.0,
				0
			],
			[
				1.0,
				0
			],
			[
				3.0,
				0
			],
			[
				-4.0,
				0
			],
			[
				2.0,
				0
			]
		],
		[
			[
				1.0,
				0
			],
			[
				1.0,
				0
			],
			[
				0.9216222543782218,
				0
			],
			[
				0.6731580221304098,
				0
			],
			[
				-1.0361173373065131,
				0
			]
		],
		[
			[
				1.0,
				0
			],
			[
				-1.0,
				0
			],
			[
				0.0,
				0
			],
			[
				0.0,
				0
			],
			[
				0.0,
				0
			]
		],
		[
			[
				1.0,
				0
			],
			[
				1.0,
				0
			],
			[
				-1.3502617411332922,
				0
			],
			[
				-0.21932917817456865,
				0
			],
			[
				0.5867342553508009,
				0
			]
		]
	],
	"numeric_frobenius_perron_dimensions":[
		1.0,
		1.0,
		6.4286394867550705,
		1.3546171156044158e1,
		1.6449383081955713e1
	],
	"numeric_frobenius_perron_dimension":4.9740836241644007e2,
	"info":"Fusion ring. mult_tab provides structure constants. barcode and formal_code provide unique identifiers see (DOI: 10.1063\/5.0148848). sub_fusion_rings provides tuples where the first element corresponds to the elements of the ring that form the subring isomorphic to the ring identified by the second element of the tuple. software provides doi of original software used to represent fusion ring.",
	"comments":[
		""
	]
}