{
	"references":[
		""
	],
	"software":[
		"https:\/\/doi.org\/10.5281\/zenodo.15920400"
	],
	"mult_tab":[
		[
			[
				1,
				0,
				0,
				0,
				0
			],
			[
				0,
				1,
				0,
				0,
				0
			],
			[
				0,
				0,
				1,
				0,
				0
			],
			[
				0,
				0,
				0,
				1,
				0
			],
			[
				0,
				0,
				0,
				0,
				1
			]
		],
		[
			[
				0,
				1,
				0,
				0,
				0
			],
			[
				1,
				2,
				1,
				2,
				2
			],
			[
				0,
				1,
				4,
				4,
				4
			],
			[
				0,
				2,
				4,
				4,
				4
			],
			[
				0,
				2,
				4,
				4,
				4
			]
		],
		[
			[
				0,
				0,
				1,
				0,
				0
			],
			[
				0,
				1,
				4,
				4,
				4
			],
			[
				1,
				4,
				8,
				8,
				8
			],
			[
				0,
				4,
				8,
				9,
				8
			],
			[
				0,
				4,
				8,
				8,
				9
			]
		],
		[
			[
				0,
				0,
				0,
				1,
				0
			],
			[
				0,
				2,
				4,
				4,
				4
			],
			[
				0,
				4,
				8,
				9,
				8
			],
			[
				1,
				4,
				9,
				15,
				2
			],
			[
				0,
				4,
				8,
				2,
				16
			]
		],
		[
			[
				0,
				0,
				0,
				0,
				1
			],
			[
				0,
				2,
				4,
				4,
				4
			],
			[
				0,
				4,
				8,
				8,
				9
			],
			[
				0,
				4,
				8,
				2,
				16
			],
			[
				1,
				4,
				9,
				16,
				1
			]
		]
	],
	"texnames":[
		"\\text{FR}^{5,16,0}_{628}"
	],
	"barcode":[
		3,
		7,
		6,
		4,
		1,
		4,
		4,
		3,
		4,
		3,
		0,
		6,
		5,
		8,
		9,
		6,
		9,
		9,
		4,
		3,
		9,
		0,
		0,
		0,
		5,
		8,
		2,
		8,
		2,
		6,
		5,
		5,
		9,
		0,
		2,
		3,
		0,
		2,
		1,
		9,
		6,
		6,
		2,
		5,
		1,
		2,
		3,
		9,
		4,
		4,
		9,
		7,
		8,
		9,
		5,
		6,
		7,
		7,
		7,
		0,
		7,
		4,
		6,
		2,
		4,
		2,
		3,
		8,
		1,
		3,
		3,
		7,
		7,
		3,
		4,
		4,
		5,
		8,
		9,
		5,
		8,
		9,
		4,
		4,
		1,
		9,
		9,
		3,
		0,
		5,
		8,
		6,
		1,
		4,
		2,
		4,
		6,
		1,
		8,
		1,
		1,
		7,
		2,
		6,
		5,
		6,
		2,
		4,
		1,
		4,
		5,
		4,
		0,
		5,
		9,
		2,
		8,
		0,
		1,
		9,
		2,
		6,
		8,
		4,
		9,
		3,
		4,
		7,
		8,
		8,
		0,
		7,
		9,
		5,
		5,
		4,
		0,
		8,
		1,
		8,
		2,
		2,
		8,
		3,
		9,
		7,
		2,
		8,
		8,
		4,
		2,
		5,
		4
	],
	"formal_code":[
		5,
		16,
		0,
		628
	],
	"tensor_product_decompositions":{
		"identifiers":[
			"formal_code"
		],
		"value":[]
	},
	"sub_fusion_rings":{
		"identifiers":[
			"injection",
			"formal_code"
		],
		"value":[]
	},
	"numeric_characters":[
		[
			[
				1.0,
				0
			],
			[
				1.2782329983125269e1,
				0
			],
			[
				2.6564659966250538e1,
				0
			],
			[
				2.7564659966250538e1,
				0
			],
			[
				2.7564659966250538e1,
				0
			]
		],
		[
			[
				1.0,
				0
			],
			[
				0.0,
				0
			],
			[
				1.0,
				0
			],
			[
				1.3588723439378914e1,
				0
			],
			[
				-1.4588723439378914e1,
				0
			]
		],
		[
			[
				1.0,
				0
			],
			[
				0.0,
				0
			],
			[
				1.0,
				0
			],
			[
				-0.5887234393789127,
				0
			],
			[
				-0.4112765606210873,
				0
			]
		],
		[
			[
				1.0,
				0
			],
			[
				-0.7823299831252681,
				0
			],
			[
				-0.5646599662505363,
				0
			],
			[
				0.43534003374946373,
				0
			],
			[
				0.43534003374946373,
				0
			]
		],
		[
			[
				1.0,
				0
			],
			[
				2.0,
				0
			],
			[
				-1.0,
				0
			],
			[
				0.0,
				0
			],
			[
				0.0,
				0
			]
		]
	],
	"numeric_frobenius_perron_dimensions":[
		1.0,
		1.2782329983125269e1,
		2.6564659966250538e1,
		2.7564659966250538e1,
		2.7564659966250538e1
	],
	"numeric_frobenius_perron_dimension":2.3896900770300476e3,
	"info":"Fusion ring. mult_tab provides structure constants. barcode and formal_code provide unique identifiers see (DOI: 10.1063\/5.0148848). sub_fusion_rings provides tuples where the first element corresponds to the elements of the ring that form the subring isomorphic to the ring identified by the second element of the tuple. software provides doi of original software used to represent fusion ring.",
	"comments":[
		""
	]
}