{
	"references":[
		""
	],
	"software":[
		"https:\/\/doi.org\/10.5281\/zenodo.15920400"
	],
	"mult_tab":[
		[
			[
				1,
				0,
				0,
				0,
				0
			],
			[
				0,
				1,
				0,
				0,
				0
			],
			[
				0,
				0,
				1,
				0,
				0
			],
			[
				0,
				0,
				0,
				1,
				0
			],
			[
				0,
				0,
				0,
				0,
				1
			]
		],
		[
			[
				0,
				1,
				0,
				0,
				0
			],
			[
				1,
				4,
				4,
				4,
				5
			],
			[
				0,
				4,
				5,
				4,
				5
			],
			[
				0,
				4,
				4,
				5,
				7
			],
			[
				0,
				5,
				5,
				7,
				8
			]
		],
		[
			[
				0,
				0,
				1,
				0,
				0
			],
			[
				0,
				4,
				5,
				4,
				5
			],
			[
				1,
				5,
				5,
				4,
				5
			],
			[
				0,
				4,
				4,
				6,
				7
			],
			[
				0,
				5,
				5,
				7,
				9
			]
		],
		[
			[
				0,
				0,
				0,
				1,
				0
			],
			[
				0,
				4,
				4,
				5,
				7
			],
			[
				0,
				4,
				4,
				6,
				7
			],
			[
				1,
				5,
				6,
				9,
				5
			],
			[
				0,
				7,
				7,
				5,
				11
			]
		],
		[
			[
				0,
				0,
				0,
				0,
				1
			],
			[
				0,
				5,
				5,
				7,
				8
			],
			[
				0,
				5,
				5,
				7,
				9
			],
			[
				0,
				7,
				7,
				5,
				11
			],
			[
				1,
				8,
				9,
				11,
				10
			]
		]
	],
	"texnames":[
		"\\text{FR}^{5,11,0}_{146}"
	],
	"barcode":[
		6,
		5,
		8,
		3,
		7,
		7,
		0,
		0,
		7,
		1,
		1,
		6,
		2,
		1,
		8,
		2,
		3,
		4,
		2,
		2,
		0,
		4,
		1,
		2,
		6,
		8,
		4,
		4,
		3,
		7,
		1,
		5,
		4,
		6,
		3,
		3,
		0,
		7,
		4,
		2,
		5,
		4,
		9,
		4,
		7,
		8,
		7,
		9,
		5,
		6,
		6,
		2,
		2,
		6,
		1,
		0,
		9,
		9,
		0,
		4,
		7,
		1,
		7,
		1,
		2,
		4,
		1,
		8,
		1,
		5,
		9,
		8,
		8,
		3,
		9,
		5,
		0,
		6,
		7,
		4,
		6,
		5,
		3,
		9,
		0,
		7,
		8,
		3,
		3,
		6,
		3,
		7,
		0,
		5,
		6,
		0,
		5,
		3,
		3,
		3,
		8,
		9,
		6,
		1,
		8,
		8,
		3,
		9,
		0,
		3,
		1,
		2,
		1,
		0,
		0,
		7,
		0,
		2,
		2,
		9,
		1,
		6,
		7,
		8,
		5,
		5,
		8,
		7,
		6,
		9,
		5,
		3,
		6,
		4
	],
	"formal_code":[
		5,
		11,
		0,
		146
	],
	"tensor_product_decompositions":{
		"identifiers":[
			"formal_code"
		],
		"value":[]
	},
	"sub_fusion_rings":{
		"identifiers":[
			"injection",
			"formal_code"
		],
		"value":[]
	},
	"numeric_characters":[
		[
			[
				1.0,
				0
			],
			[
				2.0507957637768566e1,
				0
			],
			[
				2.1507957637768566e1,
				0
			],
			[
				2.4643852406160402e1,
				0
			],
			[
				3.0587451149143988e1,
				0
			]
		],
		[
			[
				1.0,
				0
			],
			[
				1.8652403309572017,
				0
			],
			[
				2.8652403309572017,
				0
			],
			[
				-1.6623121561340082,
				0
			],
			[
				-1.9587105061784498,
				0
			]
		],
		[
			[
				1.0,
				0
			],
			[
				-0.6573098686003609,
				0
			],
			[
				0.34269013139963916,
				0
			],
			[
				5.090391217086396,
				0
			],
			[
				-3.934205931236655,
				0
			]
		],
		[
			[
				1.0,
				0
			],
			[
				1.0,
				0
			],
			[
				-1.0,
				0
			],
			[
				0.0,
				0
			],
			[
				0.0,
				0
			]
		],
		[
			[
				1.0,
				0
			],
			[
				-0.7158881001254073,
				0
			],
			[
				0.28411189987459273,
				0
			],
			[
				-7.193146711278903e-2,
				0
			],
			[
				0.30546528827111585,
				0
			]
		]
	],
	"numeric_frobenius_perron_dimensions":[
		1.0,
		2.0507957637768566e1,
		2.1507957637768566e1,
		2.4643852406160402e1,
		3.0587451149143988e1
	],
	"numeric_frobenius_perron_dimension":2.427080197438445e3,
	"info":"Fusion ring. mult_tab provides structure constants. barcode and formal_code provide unique identifiers see (DOI: 10.1063\/5.0148848). sub_fusion_rings provides tuples where the first element corresponds to the elements of the ring that form the subring isomorphic to the ring identified by the second element of the tuple. software provides doi of original software used to represent fusion ring.",
	"comments":[
		""
	]
}