{
	"references":[
		""
	],
	"software":[
		"https:\/\/doi.org\/10.5281\/zenodo.15920400"
	],
	"mult_tab":[
		[
			[
				1,
				0,
				0,
				0,
				0
			],
			[
				0,
				1,
				0,
				0,
				0
			],
			[
				0,
				0,
				1,
				0,
				0
			],
			[
				0,
				0,
				0,
				1,
				0
			],
			[
				0,
				0,
				0,
				0,
				1
			]
		],
		[
			[
				0,
				1,
				0,
				0,
				0
			],
			[
				1,
				0,
				0,
				0,
				0
			],
			[
				0,
				0,
				1,
				0,
				0
			],
			[
				0,
				0,
				0,
				1,
				0
			],
			[
				0,
				0,
				0,
				0,
				1
			]
		],
		[
			[
				0,
				0,
				1,
				0,
				0
			],
			[
				0,
				0,
				1,
				0,
				0
			],
			[
				1,
				1,
				6,
				1,
				3
			],
			[
				0,
				0,
				1,
				5,
				5
			],
			[
				0,
				0,
				3,
				5,
				5
			]
		],
		[
			[
				0,
				0,
				0,
				1,
				0
			],
			[
				0,
				0,
				0,
				1,
				0
			],
			[
				0,
				0,
				1,
				5,
				5
			],
			[
				1,
				1,
				5,
				4,
				5
			],
			[
				0,
				0,
				5,
				5,
				6
			]
		],
		[
			[
				0,
				0,
				0,
				0,
				1
			],
			[
				0,
				0,
				0,
				0,
				1
			],
			[
				0,
				0,
				3,
				5,
				5
			],
			[
				0,
				0,
				5,
				5,
				6
			],
			[
				1,
				1,
				5,
				6,
				7
			]
		]
	],
	"texnames":[
		"\\text{FR}^{5,7,0}_{306}"
	],
	"barcode":[
		9,
		6,
		1,
		9,
		6,
		6,
		7,
		1,
		1,
		5,
		1,
		5,
		9,
		4,
		6,
		1,
		3,
		2,
		2,
		9,
		6,
		4,
		4,
		3,
		8,
		9,
		1,
		3,
		4,
		0,
		4,
		9,
		5,
		4,
		0,
		2,
		5,
		5,
		0,
		8,
		0,
		7,
		5,
		8,
		7,
		3,
		6,
		3,
		0,
		7,
		6,
		4,
		2,
		5,
		5,
		7,
		3,
		0,
		1,
		5,
		3,
		8,
		5,
		4,
		2,
		6,
		0,
		5,
		7,
		8,
		6,
		9,
		9,
		8,
		3,
		1,
		1,
		7,
		4,
		1,
		3,
		0,
		8,
		0,
		9,
		5,
		4,
		7,
		1,
		0,
		7,
		9,
		7,
		6,
		2,
		9,
		7,
		3,
		2,
		9,
		2,
		4,
		8,
		7,
		2,
		3,
		9,
		6,
		4,
		7,
		8,
		0
	],
	"formal_code":[
		5,
		7,
		0,
		306
	],
	"tensor_product_decompositions":{
		"identifiers":[
			"formal_code"
		],
		"value":[]
	},
	"sub_fusion_rings":{
		"identifiers":[
			"injection",
			"formal_code"
		],
		"value":[
			[
				[
					1,
					2
				],
				[
					2,
					1,
					0,
					1
				]
			]
		]
	},
	"numeric_characters":[
		[
			[
				1.0,
				0
			],
			[
				1.0,
				0
			],
			[
				1.1540323820697129e1,
				0
			],
			[
				1.3984282740591702e1,
				0
			],
			[
				1.5984282740591702e1,
				0
			]
		],
		[
			[
				1.0,
				0
			],
			[
				1.0,
				0
			],
			[
				5.134710746183017,
				0
			],
			[
				-3.110752507532687,
				0
			],
			[
				-1.110752507532687,
				0
			]
		],
		[
			[
				1.0,
				0
			],
			[
				1.0,
				0
			],
			[
				0.0,
				0
			],
			[
				1.0,
				0
			],
			[
				-1.0,
				0
			]
		],
		[
			[
				1.0,
				0
			],
			[
				-1.0,
				0
			],
			[
				0.0,
				0
			],
			[
				0.0,
				0
			],
			[
				0.0,
				0
			]
		],
		[
			[
				1.0,
				0
			],
			[
				1.0,
				0
			],
			[
				-0.6750345668801457,
				0
			],
			[
				-0.8735302330590149,
				0
			],
			[
				1.126469766940985,
				0
			]
		]
	],
	"numeric_frobenius_perron_dimensions":[
		1.0,
		1.0,
		1.1540323820697129e1,
		1.3984282740591706e1,
		1.5984282740591702e1
	],
	"numeric_frobenius_perron_dimension":5.862365323865383e2,
	"info":"Fusion ring. mult_tab provides structure constants. barcode and formal_code provide unique identifiers see (DOI: 10.1063\/5.0148848). sub_fusion_rings provides tuples where the first element corresponds to the elements of the ring that form the subring isomorphic to the ring identified by the second element of the tuple. software provides doi of original software used to represent fusion ring.",
	"comments":[
		""
	]
}