{
	"references":[
		""
	],
	"software":[
		"https:\/\/doi.org\/10.5281\/zenodo.15920400"
	],
	"mult_tab":[
		[
			[
				1,
				0,
				0,
				0,
				0
			],
			[
				0,
				1,
				0,
				0,
				0
			],
			[
				0,
				0,
				1,
				0,
				0
			],
			[
				0,
				0,
				0,
				1,
				0
			],
			[
				0,
				0,
				0,
				0,
				1
			]
		],
		[
			[
				0,
				1,
				0,
				0,
				0
			],
			[
				1,
				9,
				0,
				0,
				3
			],
			[
				0,
				0,
				7,
				3,
				3
			],
			[
				0,
				0,
				3,
				4,
				6
			],
			[
				0,
				3,
				3,
				6,
				7
			]
		],
		[
			[
				0,
				0,
				1,
				0,
				0
			],
			[
				0,
				0,
				7,
				3,
				3
			],
			[
				1,
				7,
				12,
				0,
				1
			],
			[
				0,
				3,
				0,
				6,
				8
			],
			[
				0,
				3,
				1,
				8,
				11
			]
		],
		[
			[
				0,
				0,
				0,
				1,
				0
			],
			[
				0,
				0,
				3,
				4,
				6
			],
			[
				0,
				3,
				0,
				6,
				8
			],
			[
				1,
				4,
				6,
				2,
				8
			],
			[
				0,
				6,
				8,
				8,
				7
			]
		],
		[
			[
				0,
				0,
				0,
				0,
				1
			],
			[
				0,
				3,
				3,
				6,
				7
			],
			[
				0,
				3,
				1,
				8,
				11
			],
			[
				0,
				6,
				8,
				8,
				7
			],
			[
				1,
				7,
				11,
				7,
				13
			]
		]
	],
	"texnames":[
		"\\text{FR}^{5,13,0}_{238}"
	],
	"barcode":[
		1,
		3,
		1,
		7,
		8,
		8,
		1,
		8,
		6,
		4,
		8,
		7,
		2,
		1,
		4,
		1,
		5,
		3,
		0,
		1,
		5,
		0,
		1,
		5,
		4,
		3,
		3,
		8,
		4,
		9,
		5,
		2,
		4,
		7,
		8,
		8,
		8,
		2,
		2,
		2,
		8,
		5,
		6,
		3,
		4,
		0,
		0,
		8,
		6,
		4,
		8,
		7,
		3,
		9,
		6,
		0,
		3,
		2,
		5,
		8,
		0,
		0,
		9,
		4,
		7,
		9,
		4,
		3,
		3,
		3,
		3,
		3,
		0,
		3,
		3,
		4,
		4,
		1,
		9,
		6,
		1,
		3,
		0,
		8,
		1,
		3,
		0,
		2,
		1,
		6,
		2,
		7,
		3,
		5,
		5,
		9,
		0,
		1,
		7,
		8,
		5,
		6,
		3,
		5,
		9,
		7,
		4,
		4,
		1,
		5,
		6,
		3,
		6,
		1,
		8,
		7,
		9,
		0,
		7,
		3,
		2,
		1,
		7,
		7,
		9,
		7,
		2,
		0,
		0,
		8,
		5,
		3,
		4,
		8,
		4,
		4,
		7,
		4,
		6,
		4,
		3,
		5,
		4
	],
	"formal_code":[
		5,
		13,
		0,
		238
	],
	"tensor_product_decompositions":{
		"identifiers":[
			"formal_code"
		],
		"value":[]
	},
	"sub_fusion_rings":{
		"identifiers":[
			"injection",
			"formal_code"
		],
		"value":[]
	},
	"numeric_characters":[
		[
			[
				1.0,
				0
			],
			[
				1.4901799724486436e1,
				0
			],
			[
				1.904971559999861e1,
				0
			],
			[
				2.1193199990429296e1,
				0
			],
			[
				2.898247916944203e1,
				0
			]
		],
		[
			[
				1.0,
				0
			],
			[
				4.212418411462097,
				0
			],
			[
				1.3709160996519444e1,
				0
			],
			[
				-5.682702652755172,
				0
			],
			[
				-7.055765609978005,
				0
			]
		],
		[
			[
				1.0,
				0
			],
			[
				9.054861958717854,
				0
			],
			[
				-4.010808635271013,
				0
			],
			[
				-2.579475183763512,
				0
			],
			[
				-0.1677441790083147,
				0
			]
		],
		[
			[
				1.0,
				0
			],
			[
				-1.0934589371195675,
				0
			],
			[
				0.28236222431757974,
				0
			],
			[
				-4.107356649716946,
				0
			],
			[
				3.3455942937475878,
				0
			]
		],
		[
			[
				1.0,
				0
			],
			[
				-7.562115754682053e-2,
				0
			],
			[
				-3.0430185564621744e-2,
				0
			],
			[
				0.17633449580633587,
				0
			],
			[
				-0.10456367420329807,
				0
			]
		]
	],
	"numeric_frobenius_perron_dimensions":[
		1.0,
		1.4901799724486436e1,
		1.9049715599998613e1,
		2.1193199990429292e1,
		2.898247916944203e1
	],
	"numeric_frobenius_perron_dimension":1.875091124111008e3,
	"info":"Fusion ring. mult_tab provides structure constants. barcode and formal_code provide unique identifiers see (DOI: 10.1063\/5.0148848). sub_fusion_rings provides tuples where the first element corresponds to the elements of the ring that form the subring isomorphic to the ring identified by the second element of the tuple. software provides doi of original software used to represent fusion ring.",
	"comments":[
		""
	]
}