{
	"references":[
		""
	],
	"software":[
		"https:\/\/doi.org\/10.5281\/zenodo.15920400"
	],
	"mult_tab":[
		[
			[
				1,
				0,
				0,
				0,
				0
			],
			[
				0,
				1,
				0,
				0,
				0
			],
			[
				0,
				0,
				1,
				0,
				0
			],
			[
				0,
				0,
				0,
				1,
				0
			],
			[
				0,
				0,
				0,
				0,
				1
			]
		],
		[
			[
				0,
				1,
				0,
				0,
				0
			],
			[
				1,
				16,
				0,
				8,
				0
			],
			[
				0,
				0,
				11,
				2,
				10
			],
			[
				0,
				8,
				2,
				15,
				6
			],
			[
				0,
				0,
				10,
				6,
				15
			]
		],
		[
			[
				0,
				0,
				1,
				0,
				0
			],
			[
				0,
				0,
				11,
				2,
				10
			],
			[
				1,
				11,
				0,
				6,
				8
			],
			[
				0,
				2,
				6,
				10,
				14
			],
			[
				0,
				10,
				8,
				14,
				4
			]
		],
		[
			[
				0,
				0,
				0,
				1,
				0
			],
			[
				0,
				8,
				2,
				15,
				6
			],
			[
				0,
				2,
				6,
				10,
				14
			],
			[
				1,
				15,
				10,
				11,
				13
			],
			[
				0,
				6,
				14,
				13,
				15
			]
		],
		[
			[
				0,
				0,
				0,
				0,
				1
			],
			[
				0,
				0,
				10,
				6,
				15
			],
			[
				0,
				10,
				8,
				14,
				4
			],
			[
				0,
				6,
				14,
				13,
				15
			],
			[
				1,
				15,
				4,
				15,
				15
			]
		]
	],
	"texnames":[
		"\\text{FR}^{5,16,0}_{111}"
	],
	"barcode":[
		3,
		7,
		6,
		4,
		1,
		4,
		4,
		3,
		4,
		3,
		0,
		6,
		5,
		8,
		9,
		6,
		9,
		9,
		4,
		3,
		9,
		0,
		0,
		0,
		5,
		8,
		2,
		8,
		2,
		6,
		5,
		5,
		9,
		0,
		2,
		3,
		0,
		6,
		0,
		7,
		3,
		4,
		4,
		0,
		5,
		3,
		5,
		2,
		1,
		4,
		5,
		0,
		7,
		5,
		7,
		3,
		4,
		1,
		3,
		0,
		2,
		0,
		5,
		5,
		9,
		3,
		2,
		3,
		5,
		9,
		9,
		5,
		1,
		6,
		1,
		1,
		3,
		5,
		0,
		4,
		8,
		5,
		9,
		0,
		6,
		5,
		5,
		6,
		2,
		9,
		0,
		4,
		2,
		4,
		5,
		9,
		5,
		1,
		9,
		4,
		8,
		1,
		6,
		1,
		2,
		1,
		2,
		5,
		9,
		6,
		9,
		7,
		5,
		9,
		1,
		3,
		6,
		7,
		0,
		7,
		9,
		5,
		9,
		7,
		4,
		1,
		9,
		2,
		9,
		7,
		5,
		4,
		4,
		7,
		6,
		8,
		9,
		3,
		6,
		7,
		7,
		2,
		4,
		0,
		7,
		0,
		9,
		8,
		7,
		5,
		5,
		8,
		6
	],
	"formal_code":[
		5,
		16,
		0,
		111
	],
	"tensor_product_decompositions":{
		"identifiers":[
			"formal_code"
		],
		"value":[]
	},
	"sub_fusion_rings":{
		"identifiers":[
			"injection",
			"formal_code"
		],
		"value":[]
	},
	"numeric_characters":[
		[
			[
				1.0,
				0
			],
			[
				2.793992685530509e1,
				0
			],
			[
				2.995318693720582e1,
				0
			],
			[
				4.157508537436463e1,
				0
			],
			[
				4.242546250508172e1,
				0
			]
		],
		[
			[
				1.0,
				0
			],
			[
				7.026688681106713,
				0
			],
			[
				5.162753830547419,
				0
			],
			[
				-8.006583134564277,
				0
			],
			[
				-0.45000619624451793,
				0
			]
		],
		[
			[
				1.0,
				0
			],
			[
				2.0068372508775063e1,
				0
			],
			[
				-1.3083870181384823e1,
				0
			],
			[
				1.0080701876319715e1,
				0
			],
			[
				-1.3881081241389136e1,
				0
			]
		],
		[
			[
				1.0,
				0
			],
			[
				2.058592023401574,
				0
			],
			[
				-8.060032530722657,
				0
			],
			[
				-3.712458906951575,
				0
			],
			[
				7.949295697574951,
				0
			]
		],
		[
			[
				1.0,
				0
			],
			[
				-9.358006858843892e-2,
				0
			],
			[
				2.7961944354238134e-2,
				0
			],
			[
				6.325479083150498e-2,
				0
			],
			[
				-4.367076502301651e-2,
				0
			]
		]
	],
	"numeric_frobenius_perron_dimensions":[
		1.0,
		2.793992685530509e1,
		2.995318693720582e1,
		4.157508537436463e1,
		4.242546250508172e1
	],
	"numeric_frobenius_perron_dimension":5.207240513030798e3,
	"info":"Fusion ring. mult_tab provides structure constants. barcode and formal_code provide unique identifiers see (DOI: 10.1063\/5.0148848). sub_fusion_rings provides tuples where the first element corresponds to the elements of the ring that form the subring isomorphic to the ring identified by the second element of the tuple. software provides doi of original software used to represent fusion ring.",
	"comments":[
		""
	]
}