{
	"references":[
		""
	],
	"software":[
		"https:\/\/doi.org\/10.5281\/zenodo.15920400"
	],
	"mult_tab":[
		[
			[
				1,
				0,
				0,
				0,
				0
			],
			[
				0,
				1,
				0,
				0,
				0
			],
			[
				0,
				0,
				1,
				0,
				0
			],
			[
				0,
				0,
				0,
				1,
				0
			],
			[
				0,
				0,
				0,
				0,
				1
			]
		],
		[
			[
				0,
				1,
				0,
				0,
				0
			],
			[
				1,
				6,
				2,
				0,
				0
			],
			[
				0,
				2,
				5,
				0,
				2
			],
			[
				0,
				0,
				0,
				7,
				2
			],
			[
				0,
				0,
				2,
				2,
				7
			]
		],
		[
			[
				0,
				0,
				1,
				0,
				0
			],
			[
				0,
				2,
				5,
				0,
				2
			],
			[
				1,
				5,
				1,
				2,
				6
			],
			[
				0,
				0,
				2,
				5,
				8
			],
			[
				0,
				2,
				6,
				8,
				7
			]
		],
		[
			[
				0,
				0,
				0,
				1,
				0
			],
			[
				0,
				0,
				0,
				7,
				2
			],
			[
				0,
				0,
				2,
				5,
				8
			],
			[
				1,
				7,
				5,
				8,
				6
			],
			[
				0,
				2,
				8,
				6,
				13
			]
		],
		[
			[
				0,
				0,
				0,
				0,
				1
			],
			[
				0,
				0,
				2,
				2,
				7
			],
			[
				0,
				2,
				6,
				8,
				7
			],
			[
				0,
				2,
				8,
				6,
				13
			],
			[
				1,
				7,
				7,
				13,
				14
			]
		]
	],
	"texnames":[
		"\\text{FR}^{5,14,0}_{129}"
	],
	"barcode":[
		6,
		8,
		4,
		4,
		0,
		9,
		7,
		0,
		7,
		8,
		0,
		3,
		0,
		6,
		8,
		2,
		0,
		8,
		2,
		8,
		2,
		7,
		0,
		4,
		7,
		6,
		6,
		1,
		8,
		9,
		7,
		5,
		4,
		7,
		1,
		1,
		9,
		4,
		5,
		9,
		1,
		1,
		8,
		1,
		7,
		6,
		5,
		9,
		4,
		6,
		3,
		9,
		5,
		2,
		3,
		7,
		3,
		7,
		5,
		8,
		5,
		6,
		0,
		0,
		3,
		6,
		2,
		3,
		0,
		2,
		7,
		7,
		0,
		7,
		1,
		2,
		8,
		8,
		6,
		6,
		0,
		4,
		8,
		6,
		1,
		0,
		0,
		4,
		6,
		4,
		6,
		7,
		3,
		0,
		8,
		1,
		3,
		7,
		1,
		6,
		1,
		1,
		6,
		9,
		4,
		7,
		7,
		1,
		9,
		8,
		8,
		2,
		0,
		1,
		1,
		6,
		2,
		9,
		1,
		2,
		0,
		7,
		1,
		1,
		4,
		8,
		1,
		3,
		0,
		9,
		8,
		6,
		2,
		3,
		6,
		8,
		9,
		2,
		1,
		4,
		0,
		1,
		2,
		6,
		5,
		6
	],
	"formal_code":[
		5,
		14,
		0,
		129
	],
	"tensor_product_decompositions":{
		"identifiers":[
			"formal_code"
		],
		"value":[]
	},
	"sub_fusion_rings":{
		"identifiers":[
			"injection",
			"formal_code"
		],
		"value":[]
	},
	"numeric_characters":[
		[
			[
				1.0,
				0
			],
			[
				9.647558070665225,
				0
			],
			[
				1.7095014151433183e1,
				0
			],
			[
				2.272091989702215e1,
				0
			],
			[
				3.0077477423149542e1,
				0
			]
		],
		[
			[
				1.0,
				0
			],
			[
				7.475890837482728,
				0
			],
			[
				5.016799394530918,
				0
			],
			[
				-5.317887677653198,
				0
			],
			[
				-1.2653670102787298,
				0
			]
		],
		[
			[
				1.0,
				0
			],
			[
				5.351581458031158,
				0
			],
			[
				-2.235032323122026,
				0
			],
			[
				6.969685517641725,
				0
			],
			[
				-5.744479419486162,
				0
			]
		],
		[
			[
				1.0,
				0
			],
			[
				2.7130915057448752,
				0
			],
			[
				-4.958841757962128,
				0
			],
			[
				-1.3796035848179422,
				0
			],
			[
				2.9571171632304285,
				0
			]
		],
		[
			[
				1.0,
				0
			],
			[
				-0.1881218719239865,
				0
			],
			[
				8.206053512005188e-2,
				0
			],
			[
				6.885847807266841e-3,
				0
			],
			[
				-2.4748156615077302e-2,
				0
			]
		]
	],
	"numeric_frobenius_perron_dimensions":[
		1.0,
		9.647558070665227,
		1.7095014151433183e1,
		2.272091989702215e1,
		3.0077477423149542e1
	],
	"numeric_frobenius_perron_dimension":1.807209734671526e3,
	"info":"Fusion ring. mult_tab provides structure constants. barcode and formal_code provide unique identifiers see (DOI: 10.1063\/5.0148848). sub_fusion_rings provides tuples where the first element corresponds to the elements of the ring that form the subring isomorphic to the ring identified by the second element of the tuple. software provides doi of original software used to represent fusion ring.",
	"comments":[
		""
	]
}