{
	"references":[
		""
	],
	"software":[
		"https:\/\/doi.org\/10.5281\/zenodo.15920400"
	],
	"mult_tab":[
		[
			[
				1,
				0,
				0,
				0,
				0
			],
			[
				0,
				1,
				0,
				0,
				0
			],
			[
				0,
				0,
				1,
				0,
				0
			],
			[
				0,
				0,
				0,
				1,
				0
			],
			[
				0,
				0,
				0,
				0,
				1
			]
		],
		[
			[
				0,
				1,
				0,
				0,
				0
			],
			[
				1,
				4,
				0,
				1,
				1
			],
			[
				0,
				0,
				5,
				2,
				1
			],
			[
				0,
				1,
				2,
				2,
				4
			],
			[
				0,
				1,
				1,
				4,
				5
			]
		],
		[
			[
				0,
				0,
				1,
				0,
				0
			],
			[
				0,
				0,
				5,
				2,
				1
			],
			[
				1,
				5,
				0,
				4,
				5
			],
			[
				0,
				2,
				4,
				3,
				7
			],
			[
				0,
				1,
				5,
				7,
				7
			]
		],
		[
			[
				0,
				0,
				0,
				1,
				0
			],
			[
				0,
				1,
				2,
				2,
				4
			],
			[
				0,
				2,
				4,
				3,
				7
			],
			[
				1,
				2,
				3,
				13,
				3
			],
			[
				0,
				4,
				7,
				3,
				12
			]
		],
		[
			[
				0,
				0,
				0,
				0,
				1
			],
			[
				0,
				1,
				1,
				4,
				5
			],
			[
				0,
				1,
				5,
				7,
				7
			],
			[
				0,
				4,
				7,
				3,
				12
			],
			[
				1,
				5,
				7,
				12,
				10
			]
		]
	],
	"texnames":[
		"\\text{FR}^{5,13,0}_{1023}"
	],
	"barcode":[
		1,
		3,
		1,
		7,
		8,
		8,
		1,
		8,
		6,
		4,
		8,
		7,
		2,
		1,
		4,
		1,
		5,
		3,
		0,
		1,
		5,
		0,
		1,
		5,
		4,
		3,
		3,
		8,
		4,
		9,
		5,
		2,
		4,
		7,
		8,
		9,
		1,
		0,
		2,
		5,
		2,
		3,
		2,
		0,
		8,
		3,
		7,
		6,
		1,
		2,
		6,
		6,
		4,
		1,
		8,
		8,
		3,
		7,
		9,
		6,
		2,
		5,
		9,
		5,
		6,
		7,
		5,
		9,
		7,
		4,
		4,
		5,
		4,
		0,
		9,
		8,
		6,
		2,
		6,
		2,
		1,
		1,
		4,
		5,
		3,
		1,
		6,
		9,
		1,
		0,
		8,
		5,
		6,
		5,
		2,
		5,
		3,
		8,
		4,
		1,
		4,
		7,
		8,
		6,
		0,
		3,
		4,
		7,
		9,
		5,
		0,
		5,
		7,
		1,
		3,
		9,
		7,
		4,
		5,
		7,
		4,
		8,
		2,
		0,
		7,
		7,
		7,
		4,
		8,
		2,
		2,
		0,
		5,
		4,
		8,
		9,
		3,
		0,
		5,
		3,
		6,
		7,
		4
	],
	"formal_code":[
		5,
		13,
		0,
		1023
	],
	"tensor_product_decompositions":{
		"identifiers":[
			"formal_code"
		],
		"value":[]
	},
	"sub_fusion_rings":{
		"identifiers":[
			"injection",
			"formal_code"
		],
		"value":[]
	},
	"numeric_characters":[
		[
			[
				1.0,
				0
			],
			[
				9.12541425304096,
				0
			],
			[
				1.5979216319155668e1,
				0
			],
			[
				2.014935847803024e1,
				0
			],
			[
				2.562216979940902e1,
				0
			]
		],
		[
			[
				1.0,
				0
			],
			[
				4.639674079094082,
				0
			],
			[
				-5.823011578975051,
				0
			],
			[
				0.1303027657988253,
				0
			],
			[
				1.8375764780423616,
				0
			]
		],
		[
			[
				1.0,
				0
			],
			[
				-1.0051594281825034,
				0
			],
			[
				-2.3988633274787445,
				0
			],
			[
				1.0374573539136042e1,
				0
			],
			[
				-6.343590350341852,
				0
			]
		],
		[
			[
				1.0,
				0
			],
			[
				3.4829450091079397,
				0
			],
			[
				2.2366494143404796,
				0
			],
			[
				-0.5922460569391759,
				0
			],
			[
				-2.2086280430226766,
				0
			]
		],
		[
			[
				1.0,
				0
			],
			[
				-0.2428739130604774,
				0
			],
			[
				6.0091729576466565e-3,
				0
			],
			[
				-6.19887260259321e-2,
				0
			],
			[
				9.247211591315006e-2,
				0
			]
		]
	],
	"numeric_frobenius_perron_dimensions":[
		1.0,
		9.125414253040958,
		1.597921631915567e1,
		2.014935847803024e1,
		2.562216979940902e1
	],
	"numeric_frobenius_perron_dimension":1.4021007717698908e3,
	"info":"Fusion ring. mult_tab provides structure constants. barcode and formal_code provide unique identifiers see (DOI: 10.1063\/5.0148848). sub_fusion_rings provides tuples where the first element corresponds to the elements of the ring that form the subring isomorphic to the ring identified by the second element of the tuple. software provides doi of original software used to represent fusion ring.",
	"comments":[
		""
	]
}