{
	"references":[
		""
	],
	"software":[
		"https:\/\/doi.org\/10.5281\/zenodo.15920400"
	],
	"mult_tab":[
		[
			[
				1,
				0,
				0,
				0,
				0
			],
			[
				0,
				1,
				0,
				0,
				0
			],
			[
				0,
				0,
				1,
				0,
				0
			],
			[
				0,
				0,
				0,
				1,
				0
			],
			[
				0,
				0,
				0,
				0,
				1
			]
		],
		[
			[
				0,
				1,
				0,
				0,
				0
			],
			[
				1,
				1,
				1,
				1,
				0
			],
			[
				0,
				1,
				2,
				1,
				3
			],
			[
				0,
				1,
				1,
				3,
				4
			],
			[
				0,
				0,
				3,
				4,
				2
			]
		],
		[
			[
				0,
				0,
				1,
				0,
				0
			],
			[
				0,
				1,
				2,
				1,
				3
			],
			[
				1,
				2,
				4,
				8,
				5
			],
			[
				0,
				1,
				8,
				9,
				8
			],
			[
				0,
				3,
				5,
				8,
				11
			]
		],
		[
			[
				0,
				0,
				0,
				1,
				0
			],
			[
				0,
				1,
				1,
				3,
				4
			],
			[
				0,
				1,
				8,
				9,
				8
			],
			[
				1,
				3,
				9,
				14,
				11
			],
			[
				0,
				4,
				8,
				11,
				15
			]
		],
		[
			[
				0,
				0,
				0,
				0,
				1
			],
			[
				0,
				0,
				3,
				4,
				2
			],
			[
				0,
				3,
				5,
				8,
				11
			],
			[
				0,
				4,
				8,
				11,
				15
			],
			[
				1,
				2,
				11,
				15,
				10
			]
		]
	],
	"texnames":[
		"\\text{FR}^{5,15,0}_{1321}"
	],
	"barcode":[
		2,
		0,
		4,
		5,
		8,
		6,
		9,
		2,
		5,
		1,
		8,
		7,
		8,
		3,
		9,
		8,
		6,
		8,
		3,
		8,
		6,
		4,
		3,
		6,
		6,
		2,
		8,
		4,
		5,
		9,
		5,
		4,
		2,
		6,
		5,
		0,
		0,
		3,
		6,
		3,
		0,
		5,
		7,
		5,
		0,
		0,
		6,
		4,
		9,
		4,
		5,
		0,
		0,
		1,
		5,
		4,
		5,
		9,
		4,
		6,
		5,
		8,
		2,
		0,
		6,
		4,
		9,
		6,
		0,
		9,
		6,
		0,
		4,
		8,
		5,
		9,
		8,
		5,
		4,
		9,
		7,
		9,
		3,
		9,
		7,
		6,
		3,
		2,
		0,
		8,
		4,
		7,
		0,
		1,
		0,
		2,
		1,
		4,
		7,
		5,
		5,
		5,
		5,
		1,
		2,
		4,
		0,
		9,
		4,
		0,
		7,
		6,
		7,
		9,
		1,
		1,
		8,
		9,
		9,
		1,
		6,
		6,
		0,
		1,
		1,
		5,
		0,
		4,
		6,
		4,
		1,
		7,
		2,
		9,
		4,
		4,
		3,
		8,
		9,
		7,
		6,
		1,
		3,
		2,
		8,
		1,
		2,
		8,
		1,
		7
	],
	"formal_code":[
		5,
		15,
		0,
		1321
	],
	"tensor_product_decompositions":{
		"identifiers":[
			"formal_code"
		],
		"value":[]
	},
	"sub_fusion_rings":{
		"identifiers":[
			"injection",
			"formal_code"
		],
		"value":[]
	},
	"numeric_characters":[
		[
			[
				1.0,
				0
			],
			[
				8.03208651006793,
				0
			],
			[
				2.3094561712174777e1,
				0
			],
			[
				3.2387765482972526e1,
				0
			],
			[
				3.296284738896678e1,
				0
			]
		],
		[
			[
				1.0,
				0
			],
			[
				-2.5444191628710238,
				0
			],
			[
				3.733928630697814,
				0
			],
			[
				4.284559408558493,
				0
			],
			[
				-6.236225689274459,
				0
			]
		],
		[
			[
				1.0,
				0
			],
			[
				1.3252814243280133,
				0
			],
			[
				-2.6388038740379915,
				0
			],
			[
				2.0698933033788656,
				0
			],
			[
				-0.5382415787794148,
				0
			]
		],
		[
			[
				1.0,
				0
			],
			[
				1.7228177055979852,
				0
			],
			[
				0.8564916791298713,
				0
			],
			[
				-0.6112085380059507,
				0
			],
			[
				-0.4496711654498289,
				0
			]
		],
		[
			[
				1.0,
				0
			],
			[
				-0.5357664771229054,
				0
			],
			[
				-4.61781479644695e-2,
				0
			],
			[
				-0.13100965690393634,
				0
			],
			[
				0.26129104453692165,
				0
			]
		]
	],
	"numeric_frobenius_perron_dimensions":[
		1.0,
		8.03208651006793,
		2.3094561712174777e1,
		3.238776548297253e1,
		3.296284738896678e1
	],
	"numeric_frobenius_perron_dimension":2.7343898553510053e3,
	"info":"Fusion ring. mult_tab provides structure constants. barcode and formal_code provide unique identifiers see (DOI: 10.1063\/5.0148848). sub_fusion_rings provides tuples where the first element corresponds to the elements of the ring that form the subring isomorphic to the ring identified by the second element of the tuple. software provides doi of original software used to represent fusion ring.",
	"comments":[
		""
	]
}