{
	"references":[
		""
	],
	"software":[
		"https:\/\/doi.org\/10.5281\/zenodo.15920400"
	],
	"mult_tab":[
		[
			[
				1,
				0,
				0,
				0,
				0
			],
			[
				0,
				1,
				0,
				0,
				0
			],
			[
				0,
				0,
				1,
				0,
				0
			],
			[
				0,
				0,
				0,
				1,
				0
			],
			[
				0,
				0,
				0,
				0,
				1
			]
		],
		[
			[
				0,
				1,
				0,
				0,
				0
			],
			[
				1,
				0,
				0,
				8,
				0
			],
			[
				0,
				0,
				1,
				4,
				4
			],
			[
				0,
				8,
				4,
				1,
				4
			],
			[
				0,
				0,
				4,
				4,
				9
			]
		],
		[
			[
				0,
				0,
				1,
				0,
				0
			],
			[
				0,
				0,
				1,
				4,
				4
			],
			[
				1,
				1,
				4,
				4,
				4
			],
			[
				0,
				4,
				4,
				3,
				7
			],
			[
				0,
				4,
				4,
				7,
				9
			]
		],
		[
			[
				0,
				0,
				0,
				1,
				0
			],
			[
				0,
				8,
				4,
				1,
				4
			],
			[
				0,
				4,
				4,
				3,
				7
			],
			[
				1,
				1,
				3,
				12,
				7
			],
			[
				0,
				4,
				7,
				7,
				14
			]
		],
		[
			[
				0,
				0,
				0,
				0,
				1
			],
			[
				0,
				0,
				4,
				4,
				9
			],
			[
				0,
				4,
				4,
				7,
				9
			],
			[
				0,
				4,
				7,
				7,
				14
			],
			[
				1,
				9,
				9,
				14,
				15
			]
		]
	],
	"texnames":[
		"\\text{FR}^{5,15,0}_{501}"
	],
	"barcode":[
		2,
		0,
		4,
		5,
		8,
		6,
		9,
		2,
		5,
		1,
		8,
		7,
		8,
		3,
		9,
		8,
		6,
		8,
		3,
		8,
		6,
		4,
		3,
		6,
		6,
		2,
		8,
		4,
		5,
		9,
		5,
		4,
		2,
		6,
		5,
		0,
		0,
		1,
		4,
		4,
		3,
		1,
		3,
		8,
		7,
		1,
		4,
		3,
		7,
		4,
		7,
		9,
		2,
		2,
		0,
		0,
		6,
		0,
		1,
		6,
		4,
		8,
		7,
		7,
		8,
		7,
		5,
		6,
		0,
		8,
		1,
		9,
		5,
		7,
		2,
		0,
		6,
		9,
		4,
		6,
		4,
		9,
		4,
		0,
		1,
		4,
		0,
		1,
		2,
		5,
		3,
		8,
		4,
		4,
		3,
		9,
		9,
		3,
		8,
		3,
		8,
		5,
		1,
		2,
		9,
		8,
		4,
		3,
		9,
		1,
		5,
		2,
		5,
		1,
		7,
		2,
		4,
		4,
		9,
		5,
		3,
		7,
		4,
		8,
		9,
		4,
		7,
		2,
		2,
		6,
		6,
		9,
		4,
		0,
		7,
		7,
		6,
		1,
		8,
		4,
		5,
		7,
		9,
		2,
		6,
		3,
		6,
		9,
		2,
		8
	],
	"formal_code":[
		5,
		15,
		0,
		501
	],
	"tensor_product_decompositions":{
		"identifiers":[
			"formal_code"
		],
		"value":[]
	},
	"sub_fusion_rings":{
		"identifiers":[
			"injection",
			"formal_code"
		],
		"value":[]
	},
	"numeric_characters":[
		[
			[
				1.0,
				0
			],
			[
				1.4022396633450969e1,
				0
			],
			[
				1.7863358143208437e1,
				0
			],
			[
				2.445345091822713e1,
				0
			],
			[
				3.3702482818334495e1,
				0
			]
		],
		[
			[
				1.0,
				0
			],
			[
				-8.576719500631688,
				0
			],
			[
				-3.2335906977462154,
				0
			],
			[
				9.070014674064483,
				0
			],
			[
				-1.328216901022631,
				0
			]
		],
		[
			[
				1.0,
				0
			],
			[
				6.1890694459032245,
				0
			],
			[
				-0.7251286842867887,
				0
			],
			[
				4.6630725757766065,
				0
			],
			[
				-5.603758350771751,
				0
			]
		],
		[
			[
				1.0,
				0
			],
			[
				7.393416383525656e-2,
				0
			],
			[
				-0.3167324554221333,
				0
			],
			[
				-0.12431671742724767,
				0
			],
			[
				0.19764549397000022,
				0
			]
		],
		[
			[
				1.0,
				0
			],
			[
				-0.7086807425577626,
				0
			],
			[
				2.412093694246699,
				0
			],
			[
				-6.222145064097229e-2,
				0
			],
			[
				-0.9681530605101142,
				0
			]
		]
	],
	"numeric_frobenius_perron_dimensions":[
		1.0,
		1.4022396633450969e1,
		1.7863358143208437e1,
		2.4453450918227137e1,
		3.3702482818334495e1
	],
	"numeric_frobenius_perron_dimension":2.250555781428624e3,
	"info":"Fusion ring. mult_tab provides structure constants. barcode and formal_code provide unique identifiers see (DOI: 10.1063\/5.0148848). sub_fusion_rings provides tuples where the first element corresponds to the elements of the ring that form the subring isomorphic to the ring identified by the second element of the tuple. software provides doi of original software used to represent fusion ring.",
	"comments":[
		""
	]
}