{
	"references":[
		""
	],
	"software":[
		"https:\/\/doi.org\/10.5281\/zenodo.15920400"
	],
	"mult_tab":[
		[
			[
				1,
				0,
				0,
				0,
				0
			],
			[
				0,
				1,
				0,
				0,
				0
			],
			[
				0,
				0,
				1,
				0,
				0
			],
			[
				0,
				0,
				0,
				1,
				0
			],
			[
				0,
				0,
				0,
				0,
				1
			]
		],
		[
			[
				0,
				1,
				0,
				0,
				0
			],
			[
				1,
				7,
				1,
				1,
				5
			],
			[
				0,
				1,
				4,
				6,
				4
			],
			[
				0,
				1,
				6,
				9,
				7
			],
			[
				0,
				5,
				4,
				7,
				9
			]
		],
		[
			[
				0,
				0,
				1,
				0,
				0
			],
			[
				0,
				1,
				4,
				6,
				4
			],
			[
				1,
				4,
				4,
				6,
				6
			],
			[
				0,
				6,
				6,
				9,
				10
			],
			[
				0,
				4,
				6,
				10,
				11
			]
		],
		[
			[
				0,
				0,
				0,
				1,
				0
			],
			[
				0,
				1,
				6,
				9,
				7
			],
			[
				0,
				6,
				6,
				9,
				10
			],
			[
				1,
				9,
				9,
				14,
				16
			],
			[
				0,
				7,
				10,
				16,
				16
			]
		],
		[
			[
				0,
				0,
				0,
				0,
				1
			],
			[
				0,
				5,
				4,
				7,
				9
			],
			[
				0,
				4,
				6,
				10,
				11
			],
			[
				0,
				7,
				10,
				16,
				16
			],
			[
				1,
				9,
				11,
				16,
				16
			]
		]
	],
	"texnames":[
		"\\text{FR}^{5,16,0}_{872}"
	],
	"barcode":[
		3,
		7,
		6,
		4,
		1,
		4,
		4,
		3,
		4,
		3,
		0,
		6,
		5,
		8,
		9,
		6,
		9,
		9,
		4,
		3,
		9,
		0,
		0,
		0,
		5,
		8,
		2,
		8,
		2,
		6,
		5,
		5,
		9,
		0,
		2,
		3,
		0,
		6,
		2,
		0,
		9,
		6,
		3,
		4,
		6,
		8,
		6,
		7,
		8,
		5,
		4,
		2,
		8,
		6,
		7,
		0,
		3,
		0,
		8,
		6,
		2,
		4,
		0,
		4,
		8,
		6,
		7,
		4,
		4,
		5,
		4,
		6,
		4,
		1,
		2,
		6,
		7,
		6,
		5,
		6,
		4,
		6,
		4,
		8,
		4,
		1,
		7,
		8,
		5,
		4,
		6,
		8,
		9,
		3,
		2,
		2,
		1,
		0,
		1,
		5,
		6,
		4,
		8,
		1,
		3,
		2,
		9,
		9,
		9,
		1,
		8,
		4,
		4,
		6,
		8,
		9,
		8,
		6,
		4,
		9,
		4,
		2,
		2,
		8,
		2,
		5,
		8,
		0,
		8,
		1,
		9,
		3,
		8,
		7,
		1,
		9,
		9,
		8,
		1,
		0,
		6,
		1,
		9,
		4,
		8,
		8,
		9,
		1,
		6,
		7,
		0,
		5,
		5
	],
	"formal_code":[
		5,
		16,
		0,
		872
	],
	"tensor_product_decompositions":{
		"identifiers":[
			"formal_code"
		],
		"value":[]
	},
	"sub_fusion_rings":{
		"identifiers":[
			"injection",
			"formal_code"
		],
		"value":[]
	},
	"numeric_characters":[
		[
			[
				1.0,
				0
			],
			[
				2.0625985212850207e1,
				0
			],
			[
				2.6261914789430108e1,
				0
			],
			[
				4.0956588069284585e1,
				0
			],
			[
				4.256617333040984e1,
				0
			]
		],
		[
			[
				1.0,
				0
			],
			[
				7.594401892502401,
				0
			],
			[
				-2.7152460349669063,
				0
			],
			[
				-4.295689556352387,
				0
			],
			[
				2.105012489729307,
				0
			]
		],
		[
			[
				1.0,
				0
			],
			[
				-0.4708404568156041,
				0
			],
			[
				0.6000762992259007,
				0
			],
			[
				-0.7203852012203582,
				0
			],
			[
				0.5275765670956026,
				0
			]
		],
		[
			[
				1.0,
				0
			],
			[
				1.2924171907172037,
				0
			],
			[
				1.6945306626210417,
				0
			],
			[
				0.4185361076137641,
				0
			],
			[
				-2.0979289820787765,
				0
			]
		],
		[
			[
				1.0,
				0
			],
			[
				-4.196383925420581e-2,
				0
			],
			[
				-0.8412757163101434,
				0
			],
			[
				0.6409505806743954,
				0
			],
			[
				-0.10083340515597168,
				0
			]
		]
	],
	"numeric_frobenius_perron_dimensions":[
		1.0,
		2.0625985212850207e1,
		2.6261914789430108e1,
		4.0956588069284585e1,
		4.256617333040984e1
	],
	"numeric_frobenius_perron_dimension":4.605440652679561e3,
	"info":"Fusion ring. mult_tab provides structure constants. barcode and formal_code provide unique identifiers see (DOI: 10.1063\/5.0148848). sub_fusion_rings provides tuples where the first element corresponds to the elements of the ring that form the subring isomorphic to the ring identified by the second element of the tuple. software provides doi of original software used to represent fusion ring.",
	"comments":[
		""
	]
}