{
	"references":[
		""
	],
	"software":[
		"https:\/\/doi.org\/10.5281\/zenodo.15920400"
	],
	"mult_tab":[
		[
			[
				1,
				0,
				0,
				0,
				0
			],
			[
				0,
				1,
				0,
				0,
				0
			],
			[
				0,
				0,
				1,
				0,
				0
			],
			[
				0,
				0,
				0,
				1,
				0
			],
			[
				0,
				0,
				0,
				0,
				1
			]
		],
		[
			[
				0,
				1,
				0,
				0,
				0
			],
			[
				1,
				0,
				2,
				2,
				4
			],
			[
				0,
				2,
				2,
				2,
				3
			],
			[
				0,
				2,
				2,
				7,
				4
			],
			[
				0,
				4,
				3,
				4,
				6
			]
		],
		[
			[
				0,
				0,
				1,
				0,
				0
			],
			[
				0,
				2,
				2,
				2,
				3
			],
			[
				1,
				2,
				0,
				2,
				4
			],
			[
				0,
				2,
				2,
				7,
				4
			],
			[
				0,
				3,
				4,
				4,
				6
			]
		],
		[
			[
				0,
				0,
				0,
				1,
				0
			],
			[
				0,
				2,
				2,
				7,
				4
			],
			[
				0,
				2,
				2,
				7,
				4
			],
			[
				1,
				7,
				7,
				3,
				13
			],
			[
				0,
				4,
				4,
				13,
				8
			]
		],
		[
			[
				0,
				0,
				0,
				0,
				1
			],
			[
				0,
				4,
				3,
				4,
				6
			],
			[
				0,
				3,
				4,
				4,
				6
			],
			[
				0,
				4,
				4,
				13,
				8
			],
			[
				1,
				6,
				6,
				8,
				12
			]
		]
	],
	"texnames":[
		"\\text{FR}^{5,13,0}_{50}"
	],
	"barcode":[
		1,
		3,
		1,
		7,
		8,
		8,
		1,
		8,
		6,
		4,
		8,
		7,
		2,
		1,
		4,
		1,
		5,
		3,
		0,
		1,
		5,
		0,
		1,
		5,
		4,
		3,
		3,
		8,
		4,
		9,
		5,
		2,
		4,
		7,
		8,
		8,
		8,
		0,
		5,
		5,
		5,
		8,
		6,
		1,
		2,
		1,
		7,
		1,
		1,
		9,
		9,
		9,
		3,
		9,
		3,
		6,
		3,
		7,
		0,
		7,
		4,
		9,
		3,
		1,
		3,
		0,
		4,
		2,
		6,
		8,
		4,
		9,
		7,
		5,
		9,
		2,
		1,
		9,
		4,
		2,
		8,
		7,
		0,
		0,
		4,
		0,
		7,
		0,
		5,
		3,
		6,
		7,
		1,
		7,
		2,
		7,
		2,
		9,
		2,
		3,
		9,
		5,
		2,
		6,
		4,
		1,
		0,
		8,
		6,
		4,
		8,
		0,
		2,
		2,
		6,
		0,
		2,
		0,
		5,
		0,
		5,
		6,
		1,
		8,
		0,
		7,
		7,
		5,
		2,
		8,
		0,
		6,
		6,
		6,
		5,
		8,
		0,
		4,
		3,
		7,
		1,
		9,
		3
	],
	"formal_code":[
		5,
		13,
		0,
		50
	],
	"tensor_product_decompositions":{
		"identifiers":[
			"formal_code"
		],
		"value":[]
	},
	"sub_fusion_rings":{
		"identifiers":[
			"injection",
			"formal_code"
		],
		"value":[]
	},
	"numeric_characters":[
		[
			[
				1.0,
				0
			],
			[
				1.3421241088366088e1,
				0
			],
			[
				1.3421241088366088e1,
				0
			],
			[
				2.4458650734192624e1,
				0
			],
			[
				2.5842482176732176e1,
				0
			]
		],
		[
			[
				1.0,
				0
			],
			[
				3.2837907068041643,
				0
			],
			[
				3.2837907068041643,
				0
			],
			[
				-9.527312830974125,
				0
			],
			[
				5.567581413608329,
				0
			]
		],
		[
			[
				1.0,
				0
			],
			[
				0.41421356237309515,
				0
			],
			[
				-2.414213562373095,
				0
			],
			[
				0.0,
				0
			],
			[
				1.0,
				0
			]
		],
		[
			[
				1.0,
				0
			],
			[
				-2.414213562373095,
				0
			],
			[
				0.41421356237309515,
				0
			],
			[
				0.0,
				0
			],
			[
				1.0,
				0
			]
		],
		[
			[
				1.0,
				0
			],
			[
				0.2949682048297482,
				0
			],
			[
				0.2949682048297482,
				0
			],
			[
				6.866209678150101e-2,
				0
			],
			[
				-0.41006359034050355,
				0
			]
		]
	],
	"numeric_frobenius_perron_dimensions":[
		1.0,
		1.3421241088366088e1,
		1.3421241088366088e1,
		2.4458650734192624e1,
		2.5842482176732172e1
	],
	"numeric_frobenius_perron_dimension":1.6273189054960337e3,
	"info":"Fusion ring. mult_tab provides structure constants. barcode and formal_code provide unique identifiers see (DOI: 10.1063\/5.0148848). sub_fusion_rings provides tuples where the first element corresponds to the elements of the ring that form the subring isomorphic to the ring identified by the second element of the tuple. software provides doi of original software used to represent fusion ring.",
	"comments":[
		""
	]
}