{
	"references":[
		""
	],
	"software":[
		"https:\/\/doi.org\/10.5281\/zenodo.15920400"
	],
	"mult_tab":[
		[
			[
				1,
				0,
				0,
				0,
				0
			],
			[
				0,
				1,
				0,
				0,
				0
			],
			[
				0,
				0,
				1,
				0,
				0
			],
			[
				0,
				0,
				0,
				1,
				0
			],
			[
				0,
				0,
				0,
				0,
				1
			]
		],
		[
			[
				0,
				1,
				0,
				0,
				0
			],
			[
				1,
				0,
				1,
				0,
				0
			],
			[
				0,
				1,
				0,
				1,
				0
			],
			[
				0,
				0,
				1,
				1,
				1
			],
			[
				0,
				0,
				0,
				1,
				2
			]
		],
		[
			[
				0,
				0,
				1,
				0,
				0
			],
			[
				0,
				1,
				0,
				1,
				0
			],
			[
				1,
				0,
				1,
				1,
				1
			],
			[
				0,
				1,
				1,
				2,
				3
			],
			[
				0,
				0,
				1,
				3,
				4
			]
		],
		[
			[
				0,
				0,
				0,
				1,
				0
			],
			[
				0,
				0,
				1,
				1,
				1
			],
			[
				0,
				1,
				1,
				2,
				3
			],
			[
				1,
				1,
				2,
				5,
				7
			],
			[
				0,
				1,
				3,
				7,
				9
			]
		],
		[
			[
				0,
				0,
				0,
				0,
				1
			],
			[
				0,
				0,
				0,
				1,
				2
			],
			[
				0,
				0,
				1,
				3,
				4
			],
			[
				0,
				1,
				3,
				7,
				9
			],
			[
				1,
				2,
				4,
				9,
				12
			]
		]
	],
	"texnames":[
		"\\text{FR}^{5,12,0}_{2952}"
	],
	"barcode":[
		1,
		3,
		4,
		5,
		7,
		8,
		5,
		2,
		8,
		7,
		0,
		6,
		3,
		2,
		5,
		1,
		9,
		2,
		9,
		5,
		4,
		0,
		9,
		2,
		4,
		6,
		7,
		7,
		1,
		2,
		3,
		4,
		6,
		1,
		8,
		9,
		8,
		4,
		8,
		3,
		9,
		5,
		1,
		2,
		3,
		3,
		4,
		6,
		2,
		7,
		6,
		3,
		9,
		6,
		0,
		9,
		4,
		4,
		5,
		5,
		8,
		0,
		4,
		6,
		9,
		3,
		5,
		1,
		6,
		7,
		5,
		0,
		1,
		8,
		6,
		4,
		2,
		1,
		5,
		0,
		4,
		7,
		4,
		2,
		7,
		5,
		3,
		1,
		8,
		2,
		4,
		1,
		8,
		9,
		1,
		7,
		1,
		5,
		7,
		1,
		4,
		8,
		8,
		6,
		8,
		0,
		0,
		2,
		4,
		2,
		4,
		7,
		8,
		3,
		9,
		0,
		4,
		0,
		4,
		5,
		8,
		9,
		2,
		8,
		3,
		4,
		0,
		0,
		3,
		3,
		9,
		6,
		6,
		8,
		6,
		0,
		4,
		6,
		5
	],
	"formal_code":[
		5,
		12,
		0,
		2952
	],
	"tensor_product_decompositions":{
		"identifiers":[
			"formal_code"
		],
		"value":[]
	},
	"sub_fusion_rings":{
		"identifiers":[
			"injection",
			"formal_code"
		],
		"value":[]
	},
	"numeric_characters":[
		[
			[
				1.0,
				0
			],
			[
				2.7541305090618056,
				0
			],
			[
				6.585234860945041,
				0
			],
			[
				1.538246573080431e1,
				0
			],
			[
				2.0397617582056505e1,
				0
			]
		],
		[
			[
				1.0,
				0
			],
			[
				1.5265225788591874,
				0
			],
			[
				1.3302711837669037,
				0
			],
			[
				0.5041664191667304,
				0
			],
			[
				-1.0648161805730347,
				0
			]
		],
		[
			[
				1.0,
				0
			],
			[
				0.7042026680514625,
				0
			],
			[
				-0.5040986023092018,
				0
			],
			[
				-1.0591902487586156,
				0
			],
			[
				0.817404251917908,
				0
			]
		],
		[
			[
				1.0,
				0
			],
			[
				-0.43620563302079884,
				0
			],
			[
				-0.8097246457209242,
				0
			],
			[
				0.7894120846800367,
				0
			],
			[
				-0.3240334370712364,
				0
			]
		],
		[
			[
				1.0,
				0
			],
			[
				-1.5486501229516567,
				0
			],
			[
				1.3983172033181812,
				0
			],
			[
				-0.6168539858924612,
				0
			],
			[
				0.1738277836698596,
				0
			]
		]
	],
	"numeric_frobenius_perron_dimensions":[
		1.0,
		2.7541305090618056,
		6.585234860945041,
		1.538246573080431e1,
		2.0397617582056505e1
	],
	"numeric_frobenius_perron_dimension":7.046336080179404e2,
	"info":"Fusion ring. mult_tab provides structure constants. barcode and formal_code provide unique identifiers see (DOI: 10.1063\/5.0148848). sub_fusion_rings provides tuples where the first element corresponds to the elements of the ring that form the subring isomorphic to the ring identified by the second element of the tuple. software provides doi of original software used to represent fusion ring.",
	"comments":[
		""
	]
}