{
	"references":[
		""
	],
	"software":[
		"https:\/\/doi.org\/10.5281\/zenodo.15920400"
	],
	"mult_tab":[
		[
			[
				1,
				0,
				0,
				0,
				0
			],
			[
				0,
				1,
				0,
				0,
				0
			],
			[
				0,
				0,
				1,
				0,
				0
			],
			[
				0,
				0,
				0,
				1,
				0
			],
			[
				0,
				0,
				0,
				0,
				1
			]
		],
		[
			[
				0,
				1,
				0,
				0,
				0
			],
			[
				1,
				0,
				4,
				4,
				4
			],
			[
				0,
				4,
				3,
				6,
				6
			],
			[
				0,
				4,
				6,
				4,
				7
			],
			[
				0,
				4,
				6,
				7,
				4
			]
		],
		[
			[
				0,
				0,
				1,
				0,
				0
			],
			[
				0,
				4,
				3,
				6,
				6
			],
			[
				1,
				3,
				6,
				9,
				9
			],
			[
				0,
				6,
				9,
				9,
				7
			],
			[
				0,
				6,
				9,
				7,
				9
			]
		],
		[
			[
				0,
				0,
				0,
				1,
				0
			],
			[
				0,
				4,
				6,
				4,
				7
			],
			[
				0,
				6,
				9,
				9,
				7
			],
			[
				1,
				4,
				9,
				10,
				10
			],
			[
				0,
				7,
				7,
				10,
				10
			]
		],
		[
			[
				0,
				0,
				0,
				0,
				1
			],
			[
				0,
				4,
				6,
				7,
				4
			],
			[
				0,
				6,
				9,
				7,
				9
			],
			[
				0,
				7,
				7,
				10,
				10
			],
			[
				1,
				4,
				9,
				10,
				10
			]
		]
	],
	"texnames":[
		"\\text{FR}^{5,10,0}_{241}"
	],
	"barcode":[
		1,
		3,
		5,
		7,
		3,
		5,
		4,
		2,
		4,
		2,
		7,
		5,
		2,
		9,
		3,
		3,
		8,
		1,
		9,
		3,
		4,
		5,
		1,
		1,
		6,
		7,
		9,
		7,
		8,
		9,
		8,
		8,
		5,
		7,
		3,
		7,
		5,
		6,
		7,
		0,
		8,
		2,
		9,
		7,
		4,
		6,
		5,
		2,
		0,
		1,
		3,
		0,
		8,
		4,
		4,
		4,
		5,
		1,
		0,
		8,
		3,
		4,
		4,
		5,
		5,
		1,
		7,
		3,
		2,
		4,
		7,
		8,
		3,
		1,
		9,
		9,
		6,
		8,
		0,
		8,
		8,
		8,
		2,
		5,
		3,
		0,
		1,
		1,
		0,
		8,
		6,
		9,
		0,
		7,
		0,
		8,
		3,
		3,
		6,
		3,
		6,
		0,
		9,
		7,
		5,
		6,
		0,
		9,
		2,
		8,
		3,
		4,
		6,
		2,
		1,
		3,
		9,
		9,
		4,
		5,
		4,
		6,
		3,
		2,
		7,
		9,
		1,
		6,
		8,
		2
	],
	"formal_code":[
		5,
		10,
		0,
		241
	],
	"tensor_product_decompositions":{
		"identifiers":[
			"formal_code"
		],
		"value":[]
	},
	"sub_fusion_rings":{
		"identifiers":[
			"injection",
			"formal_code"
		],
		"value":[]
	},
	"numeric_characters":[
		[
			[
				1.0,
				0
			],
			[
				1.8919350883410424e1,
				0
			],
			[
				2.7879026325115635e1,
				0
			],
			[
				3.067821656864253e1,
				0
			],
			[
				3.067821656864253e1,
				0
			]
		],
		[
			[
				1.0,
				0
			],
			[
				-2.227785895012225,
				0
			],
			[
				-3.841678842518338,
				0
			],
			[
				2.4162181705110966,
				0
			],
			[
				2.4162181705110966,
				0
			]
		],
		[
			[
				1.0,
				0
			],
			[
				-3.0,
				0
			],
			[
				2.0,
				0
			],
			[
				2.6457513110645907,
				0
			],
			[
				-2.6457513110645907,
				0
			]
		],
		[
			[
				1.0,
				0
			],
			[
				0.30843501160180176,
				0
			],
			[
				-3.7347482597297366e-2,
				0
			],
			[
				-9.443473915362587e-2,
				0
			],
			[
				-9.443473915362587e-2,
				0
			]
		],
		[
			[
				1.0,
				0
			],
			[
				-3.0,
				0
			],
			[
				2.0,
				0
			],
			[
				-2.6457513110645907,
				0
			],
			[
				2.6457513110645907,
				0
			]
		]
	],
	"numeric_frobenius_perron_dimensions":[
		1.0,
		1.8919350883410424e1,
		2.7879026325115635e1,
		3.067821656864253e1,
		3.067821656864253e1
	],
	"numeric_frobenius_perron_dimension":3.0184878903511594e3,
	"info":"Fusion ring. mult_tab provides structure constants. barcode and formal_code provide unique identifiers see (DOI: 10.1063\/5.0148848). sub_fusion_rings provides tuples where the first element corresponds to the elements of the ring that form the subring isomorphic to the ring identified by the second element of the tuple. software provides doi of original software used to represent fusion ring.",
	"comments":[
		""
	]
}