{
	"references":[
		""
	],
	"software":[
		"https:\/\/doi.org\/10.5281\/zenodo.15920400"
	],
	"mult_tab":[
		[
			[
				1,
				0,
				0,
				0,
				0
			],
			[
				0,
				1,
				0,
				0,
				0
			],
			[
				0,
				0,
				1,
				0,
				0
			],
			[
				0,
				0,
				0,
				1,
				0
			],
			[
				0,
				0,
				0,
				0,
				1
			]
		],
		[
			[
				0,
				1,
				0,
				0,
				0
			],
			[
				1,
				0,
				0,
				0,
				0
			],
			[
				0,
				0,
				1,
				0,
				0
			],
			[
				0,
				0,
				0,
				1,
				0
			],
			[
				0,
				0,
				0,
				0,
				1
			]
		],
		[
			[
				0,
				0,
				1,
				0,
				0
			],
			[
				0,
				0,
				1,
				0,
				0
			],
			[
				1,
				1,
				5,
				2,
				1
			],
			[
				0,
				0,
				2,
				3,
				3
			],
			[
				0,
				0,
				1,
				3,
				6
			]
		],
		[
			[
				0,
				0,
				0,
				1,
				0
			],
			[
				0,
				0,
				0,
				1,
				0
			],
			[
				0,
				0,
				2,
				3,
				3
			],
			[
				1,
				1,
				3,
				0,
				5
			],
			[
				0,
				0,
				3,
				5,
				4
			]
		],
		[
			[
				0,
				0,
				0,
				0,
				1
			],
			[
				0,
				0,
				0,
				0,
				1
			],
			[
				0,
				0,
				1,
				3,
				6
			],
			[
				0,
				0,
				3,
				5,
				4
			],
			[
				1,
				1,
				6,
				4,
				6
			]
		]
	],
	"texnames":[
		"\\text{FR}^{5,6,0}_{186}"
	],
	"barcode":[
		6,
		1,
		9,
		6,
		7,
		0,
		2,
		5,
		9,
		6,
		9,
		5,
		7,
		2,
		7,
		7,
		0,
		5,
		5,
		2,
		5,
		0,
		6,
		7,
		0,
		4,
		1,
		6,
		6,
		1,
		4,
		7,
		0,
		8,
		6,
		4,
		1,
		1,
		2,
		5,
		5,
		6,
		3,
		9,
		6,
		2,
		9,
		8,
		4,
		4,
		2,
		1,
		6,
		8,
		3,
		5,
		7,
		4,
		4,
		7,
		6,
		3,
		3,
		2,
		3,
		3,
		1,
		4,
		1,
		0,
		3,
		8,
		3,
		3,
		4,
		9,
		1,
		4,
		5,
		2,
		6,
		3,
		6,
		3,
		0,
		5,
		7,
		4,
		1,
		3,
		0,
		4,
		1,
		0,
		7,
		9,
		3,
		0,
		2,
		6,
		1,
		5,
		2,
		3,
		6
	],
	"formal_code":[
		5,
		6,
		0,
		186
	],
	"tensor_product_decompositions":{
		"identifiers":[
			"formal_code"
		],
		"value":[]
	},
	"sub_fusion_rings":{
		"identifiers":[
			"injection",
			"formal_code"
		],
		"value":[
			[
				[
					1,
					2
				],
				[
					2,
					1,
					0,
					1
				]
			]
		]
	},
	"numeric_characters":[
		[
			[
				1.0,
				0
			],
			[
				1.0,
				0
			],
			[
				8.891377071789462,
				0
			],
			[
				9.719804196535653,
				0
			],
			[
				1.3160092480724739e1,
				0
			]
		],
		[
			[
				1.0,
				0
			],
			[
				1.0,
				0
			],
			[
				0.9067299584950669,
				0
			],
			[
				-3.921697166251123,
				0
			],
			[
				2.131903757659378,
				0
			]
		],
		[
			[
				1.0,
				0
			],
			[
				1.0,
				0
			],
			[
				-0.4771635094163675,
				0
			],
			[
				0.3512636153298226,
				0
			],
			[
				-8.9024668859264e-2,
				0
			]
		],
		[
			[
				1.0,
				0
			],
			[
				1.0,
				0
			],
			[
				4.679056479131838,
				0
			],
			[
				-0.14937064561435198,
				0
			],
			[
				-3.2029715695248533,
				0
			]
		],
		[
			[
				1.0,
				0
			],
			[
				-1.0,
				0
			],
			[
				0.0,
				0
			],
			[
				0.0,
				0
			],
			[
				0.0,
				0
			]
		]
	],
	"numeric_frobenius_perron_dimensions":[
		1.0,
		1.0,
		8.891377071789464,
		9.719804196535652,
		1.3160092480724739e1
	],
	"numeric_frobenius_perron_dimension":3.4871921395296323e2,
	"info":"Fusion ring. mult_tab provides structure constants. barcode and formal_code provide unique identifiers see (DOI: 10.1063\/5.0148848). sub_fusion_rings provides tuples where the first element corresponds to the elements of the ring that form the subring isomorphic to the ring identified by the second element of the tuple. software provides doi of original software used to represent fusion ring.",
	"comments":[
		""
	]
}