{
	"references":[
		""
	],
	"software":[
		"https:\/\/doi.org\/10.5281\/zenodo.15920400"
	],
	"mult_tab":[
		[
			[
				1,
				0,
				0,
				0,
				0
			],
			[
				0,
				1,
				0,
				0,
				0
			],
			[
				0,
				0,
				1,
				0,
				0
			],
			[
				0,
				0,
				0,
				1,
				0
			],
			[
				0,
				0,
				0,
				0,
				1
			]
		],
		[
			[
				0,
				1,
				0,
				0,
				0
			],
			[
				1,
				2,
				2,
				2,
				3
			],
			[
				0,
				2,
				3,
				2,
				3
			],
			[
				0,
				2,
				2,
				3,
				5
			],
			[
				0,
				3,
				3,
				5,
				5
			]
		],
		[
			[
				0,
				0,
				1,
				0,
				0
			],
			[
				0,
				2,
				3,
				2,
				3
			],
			[
				1,
				3,
				3,
				2,
				3
			],
			[
				0,
				2,
				2,
				4,
				5
			],
			[
				0,
				3,
				3,
				5,
				6
			]
		],
		[
			[
				0,
				0,
				0,
				1,
				0
			],
			[
				0,
				2,
				2,
				3,
				5
			],
			[
				0,
				2,
				2,
				4,
				5
			],
			[
				1,
				3,
				4,
				3,
				7
			],
			[
				0,
				5,
				5,
				7,
				6
			]
		],
		[
			[
				0,
				0,
				0,
				0,
				1
			],
			[
				0,
				3,
				3,
				5,
				5
			],
			[
				0,
				3,
				3,
				5,
				6
			],
			[
				0,
				5,
				5,
				7,
				6
			],
			[
				1,
				5,
				6,
				6,
				11
			]
		]
	],
	"texnames":[
		"\\text{FR}^{5,11,0}_{280}"
	],
	"barcode":[
		6,
		5,
		8,
		3,
		7,
		7,
		0,
		0,
		7,
		1,
		1,
		6,
		2,
		1,
		8,
		2,
		3,
		4,
		2,
		2,
		0,
		4,
		1,
		2,
		6,
		8,
		4,
		4,
		3,
		7,
		1,
		5,
		5,
		1,
		1,
		4,
		5,
		9,
		4,
		8,
		9,
		8,
		4,
		7,
		7,
		5,
		8,
		8,
		8,
		4,
		2,
		2,
		0,
		5,
		8,
		4,
		5,
		5,
		5,
		6,
		6,
		6,
		4,
		6,
		7,
		3,
		7,
		5,
		0,
		9,
		9,
		6,
		3,
		7,
		3,
		3,
		7,
		2,
		1,
		6,
		3,
		0,
		3,
		0,
		3,
		5,
		0,
		6,
		5,
		5,
		4,
		1,
		4,
		7,
		2,
		6,
		4,
		5,
		5,
		9,
		4,
		0,
		2,
		6,
		5,
		6,
		7,
		9,
		8,
		9,
		6,
		9,
		3,
		1,
		2,
		0,
		2,
		8,
		5,
		1,
		3,
		9,
		2,
		9,
		1,
		8,
		7,
		3,
		1,
		6,
		0,
		8,
		2,
		6
	],
	"formal_code":[
		5,
		11,
		0,
		280
	],
	"tensor_product_decompositions":{
		"identifiers":[
			"formal_code"
		],
		"value":[]
	},
	"sub_fusion_rings":{
		"identifiers":[
			"injection",
			"formal_code"
		],
		"value":[]
	},
	"numeric_characters":[
		[
			[
				1.0,
				0
			],
			[
				1.2393126638391513e1,
				0
			],
			[
				1.3393126638391513e1,
				0
			],
			[
				1.7281656426449015e1,
				0
			],
			[
				2.2151256156248415e1,
				0
			]
		],
		[
			[
				1.0,
				0
			],
			[
				-1.2153260444123128,
				0
			],
			[
				-0.21532604441231284,
				0
			],
			[
				-3.0641580988858763,
				0
			],
			[
				3.155545923215961,
				0
			]
		],
		[
			[
				1.0,
				0
			],
			[
				1.5502636066988278,
				0
			],
			[
				2.550263606698828,
				0
			],
			[
				-1.6609219666984738,
				0
			],
			[
				-1.158631081047835,
				0
			]
		],
		[
			[
				1.0,
				0
			],
			[
				1.0,
				0
			],
			[
				-1.0,
				0
			],
			[
				0.0,
				0
			],
			[
				0.0,
				0
			]
		],
		[
			[
				1.0,
				0
			],
			[
				-0.7280642006780281,
				0
			],
			[
				0.2719357993219719,
				0
			],
			[
				0.4434236391353353,
				0
			],
			[
				-0.14817099841654072,
				0
			]
		]
	],
	"numeric_frobenius_perron_dimensions":[
		1.0,
		1.2393126638391513e1,
		1.3393126638391513e1,
		1.7281656426449015e1,
		2.2151256156248415e1
	],
	"numeric_frobenius_perron_dimension":1.1232992271687615e3,
	"info":"Fusion ring. mult_tab provides structure constants. barcode and formal_code provide unique identifiers see (DOI: 10.1063\/5.0148848). sub_fusion_rings provides tuples where the first element corresponds to the elements of the ring that form the subring isomorphic to the ring identified by the second element of the tuple. software provides doi of original software used to represent fusion ring.",
	"comments":[
		""
	]
}