{
	"references":[
		""
	],
	"software":[
		"https:\/\/doi.org\/10.5281\/zenodo.15920400"
	],
	"mult_tab":[
		[
			[
				1,
				0,
				0,
				0,
				0
			],
			[
				0,
				1,
				0,
				0,
				0
			],
			[
				0,
				0,
				1,
				0,
				0
			],
			[
				0,
				0,
				0,
				1,
				0
			],
			[
				0,
				0,
				0,
				0,
				1
			]
		],
		[
			[
				0,
				1,
				0,
				0,
				0
			],
			[
				1,
				2,
				1,
				0,
				1
			],
			[
				0,
				1,
				1,
				1,
				1
			],
			[
				0,
				0,
				1,
				3,
				2
			],
			[
				0,
				1,
				1,
				2,
				3
			]
		],
		[
			[
				0,
				0,
				1,
				0,
				0
			],
			[
				0,
				1,
				1,
				1,
				1
			],
			[
				1,
				1,
				0,
				2,
				1
			],
			[
				0,
				1,
				2,
				3,
				2
			],
			[
				0,
				1,
				1,
				2,
				4
			]
		],
		[
			[
				0,
				0,
				0,
				1,
				0
			],
			[
				0,
				0,
				1,
				3,
				2
			],
			[
				0,
				1,
				2,
				3,
				2
			],
			[
				1,
				3,
				3,
				5,
				4
			],
			[
				0,
				2,
				2,
				4,
				7
			]
		],
		[
			[
				0,
				0,
				0,
				0,
				1
			],
			[
				0,
				1,
				1,
				2,
				3
			],
			[
				0,
				1,
				1,
				2,
				4
			],
			[
				0,
				2,
				2,
				4,
				7
			],
			[
				1,
				3,
				4,
				7,
				4
			]
		]
	],
	"texnames":[
		"\\text{FR}^{5,7,0}_{427}"
	],
	"barcode":[
		9,
		6,
		1,
		9,
		6,
		6,
		7,
		1,
		1,
		5,
		1,
		5,
		9,
		4,
		6,
		1,
		3,
		2,
		2,
		9,
		6,
		4,
		4,
		3,
		8,
		9,
		1,
		8,
		7,
		9,
		8,
		6,
		5,
		8,
		0,
		4,
		2,
		3,
		2,
		5,
		9,
		0,
		4,
		8,
		6,
		1,
		2,
		5,
		1,
		9,
		3,
		4,
		2,
		5,
		9,
		8,
		6,
		9,
		6,
		2,
		7,
		4,
		8,
		7,
		3,
		3,
		5,
		4,
		2,
		2,
		9,
		9,
		1,
		3,
		9,
		7,
		7,
		8,
		7,
		8,
		5,
		5,
		3,
		9,
		7,
		8,
		8,
		9,
		8,
		7,
		5,
		7,
		9,
		4,
		9,
		3,
		1,
		0,
		2,
		5,
		3,
		3,
		2,
		9,
		4,
		5,
		5,
		8,
		8,
		2,
		9,
		8
	],
	"formal_code":[
		5,
		7,
		0,
		427
	],
	"tensor_product_decompositions":{
		"identifiers":[
			"formal_code"
		],
		"value":[]
	},
	"sub_fusion_rings":{
		"identifiers":[
			"injection",
			"formal_code"
		],
		"value":[]
	},
	"numeric_characters":[
		[
			[
				1.0,
				0
			],
			[
				5.7343810616063555,
				0
			],
			[
				6.7343810616063555,
				0
			],
			[
				1.2468762123212711e1,
				0
			],
			[
				1.3679982974890565e1,
				0
			]
		],
		[
			[
				1.0,
				0
			],
			[
				2.618033988749895,
				0
			],
			[
				0.6180339887498949,
				0
			],
			[
				-1.618033988749895,
				0
			],
			[
				0.0,
				0
			]
		],
		[
			[
				1.0,
				0
			],
			[
				0.8681995459838582,
				0
			],
			[
				1.868199545983858,
				0
			],
			[
				2.736399091967716,
				0
			],
			[
				-3.850828186304997,
				0
			]
		],
		[
			[
				1.0,
				0
			],
			[
				-0.6025806075902136,
				0
			],
			[
				0.39741939240978646,
				0
			],
			[
				-0.20516121518042707,
				0
			],
			[
				0.17084521141443154,
				0
			]
		],
		[
			[
				1.0,
				0
			],
			[
				0.3819660112501051,
				0
			],
			[
				-1.618033988749895,
				0
			],
			[
				0.6180339887498949,
				0
			],
			[
				0.0,
				0
			]
		]
	],
	"numeric_frobenius_perron_dimensions":[
		1.0,
		5.7343810616063555,
		6.7343810616063555,
		1.2468762123212711e1,
		1.3679982974890565e1
	],
	"numeric_frobenius_perron_dimension":4.2184697752119166e2,
	"info":"Fusion ring. mult_tab provides structure constants. barcode and formal_code provide unique identifiers see (DOI: 10.1063\/5.0148848). sub_fusion_rings provides tuples where the first element corresponds to the elements of the ring that form the subring isomorphic to the ring identified by the second element of the tuple. software provides doi of original software used to represent fusion ring.",
	"comments":[
		""
	]
}