{
	"references":[
		""
	],
	"software":[
		"https:\/\/doi.org\/10.5281\/zenodo.15920400"
	],
	"mult_tab":[
		[
			[
				1,
				0,
				0,
				0,
				0
			],
			[
				0,
				1,
				0,
				0,
				0
			],
			[
				0,
				0,
				1,
				0,
				0
			],
			[
				0,
				0,
				0,
				1,
				0
			],
			[
				0,
				0,
				0,
				0,
				1
			]
		],
		[
			[
				0,
				1,
				0,
				0,
				0
			],
			[
				1,
				1,
				1,
				2,
				3
			],
			[
				0,
				1,
				2,
				2,
				3
			],
			[
				0,
				2,
				2,
				2,
				3
			],
			[
				0,
				3,
				3,
				3,
				7
			]
		],
		[
			[
				0,
				0,
				1,
				0,
				0
			],
			[
				0,
				1,
				2,
				2,
				3
			],
			[
				1,
				2,
				5,
				5,
				0
			],
			[
				0,
				2,
				5,
				6,
				0
			],
			[
				0,
				3,
				0,
				0,
				11
			]
		],
		[
			[
				0,
				0,
				0,
				1,
				0
			],
			[
				0,
				2,
				2,
				2,
				3
			],
			[
				0,
				2,
				5,
				6,
				0
			],
			[
				1,
				2,
				6,
				6,
				0
			],
			[
				0,
				3,
				0,
				0,
				12
			]
		],
		[
			[
				0,
				0,
				0,
				0,
				1
			],
			[
				0,
				3,
				3,
				3,
				7
			],
			[
				0,
				3,
				0,
				0,
				11
			],
			[
				0,
				3,
				0,
				0,
				12
			],
			[
				1,
				7,
				11,
				12,
				11
			]
		]
	],
	"texnames":[
		"\\text{FR}^{5,12,0}_{1289}"
	],
	"barcode":[
		1,
		3,
		4,
		5,
		7,
		8,
		5,
		2,
		8,
		7,
		0,
		6,
		3,
		2,
		5,
		1,
		9,
		2,
		9,
		5,
		4,
		0,
		9,
		2,
		4,
		6,
		7,
		7,
		1,
		2,
		3,
		4,
		6,
		1,
		6,
		0,
		0,
		8,
		1,
		9,
		4,
		0,
		8,
		3,
		3,
		8,
		4,
		8,
		6,
		1,
		8,
		0,
		2,
		4,
		8,
		6,
		9,
		4,
		1,
		1,
		5,
		6,
		9,
		2,
		5,
		9,
		6,
		9,
		4,
		0,
		2,
		5,
		6,
		9,
		2,
		8,
		7,
		8,
		1,
		9,
		6,
		0,
		2,
		6,
		8,
		5,
		1,
		5,
		9,
		7,
		2,
		1,
		4,
		1,
		5,
		2,
		8,
		6,
		3,
		1,
		9,
		5,
		7,
		1,
		8,
		5,
		5,
		5,
		7,
		9,
		5,
		2,
		1,
		1,
		8,
		0,
		4,
		4,
		2,
		6,
		5,
		3,
		2,
		9,
		7,
		1,
		6,
		1,
		1,
		7,
		4,
		3,
		7,
		6,
		7,
		5,
		2,
		9,
		3
	],
	"formal_code":[
		5,
		12,
		0,
		1289
	],
	"tensor_product_decompositions":{
		"identifiers":[
			"formal_code"
		],
		"value":[]
	},
	"sub_fusion_rings":{
		"identifiers":[
			"injection",
			"formal_code"
		],
		"value":[]
	},
	"numeric_characters":[
		[
			[
				1.0,
				0
			],
			[
				1.132455532033676e1,
				0
			],
			[
				1.232455532033676e1,
				0
			],
			[
				1.332455532033676e1,
				0
			],
			[
				2.564911064067352e1,
				0
			]
		],
		[
			[
				1.0,
				0
			],
			[
				1.0,
				0
			],
			[
				1.0744562646538029e1,
				0
			],
			[
				1.1744562646538029e1,
				0
			],
			[
				-1.1744562646538029e1,
				0
			]
		],
		[
			[
				1.0,
				0
			],
			[
				1.0,
				0
			],
			[
				-0.7445626465380286,
				0
			],
			[
				0.2554373534619714,
				0
			],
			[
				-0.2554373534619714,
				0
			]
		],
		[
			[
				1.0,
				0
			],
			[
				0.0,
				0
			],
			[
				1.0,
				0
			],
			[
				-1.0,
				0
			],
			[
				0.0,
				0
			]
		],
		[
			[
				1.0,
				0
			],
			[
				-1.324555320336759,
				0
			],
			[
				-0.32455532033675905,
				0
			],
			[
				0.675444679663241,
				0
			],
			[
				0.3508893593264819,
				0
			]
		]
	],
	"numeric_frobenius_perron_dimensions":[
		1.0,
		1.132455532033676e1,
		1.232455532033676e1,
		1.332455532033676e1,
		2.564911064067352e1
	],
	"numeric_frobenius_perron_dimension":1.1165608681896351e3,
	"info":"Fusion ring. mult_tab provides structure constants. barcode and formal_code provide unique identifiers see (DOI: 10.1063\/5.0148848). sub_fusion_rings provides tuples where the first element corresponds to the elements of the ring that form the subring isomorphic to the ring identified by the second element of the tuple. software provides doi of original software used to represent fusion ring.",
	"comments":[
		""
	]
}