{
	"references":[
		""
	],
	"software":[
		"https:\/\/doi.org\/10.5281\/zenodo.15920400"
	],
	"mult_tab":[
		[
			[
				1,
				0,
				0,
				0,
				0
			],
			[
				0,
				1,
				0,
				0,
				0
			],
			[
				0,
				0,
				1,
				0,
				0
			],
			[
				0,
				0,
				0,
				1,
				0
			],
			[
				0,
				0,
				0,
				0,
				1
			]
		],
		[
			[
				0,
				1,
				0,
				0,
				0
			],
			[
				1,
				13,
				0,
				0,
				1
			],
			[
				0,
				0,
				5,
				5,
				5
			],
			[
				0,
				0,
				5,
				5,
				5
			],
			[
				0,
				1,
				5,
				5,
				5
			]
		],
		[
			[
				0,
				0,
				1,
				0,
				0
			],
			[
				0,
				0,
				5,
				5,
				5
			],
			[
				1,
				5,
				10,
				9,
				9
			],
			[
				0,
				5,
				9,
				9,
				10
			],
			[
				0,
				5,
				9,
				10,
				10
			]
		],
		[
			[
				0,
				0,
				0,
				1,
				0
			],
			[
				0,
				0,
				5,
				5,
				5
			],
			[
				0,
				5,
				9,
				9,
				10
			],
			[
				1,
				5,
				9,
				10,
				9
			],
			[
				0,
				5,
				10,
				9,
				10
			]
		],
		[
			[
				0,
				0,
				0,
				0,
				1
			],
			[
				0,
				1,
				5,
				5,
				5
			],
			[
				0,
				5,
				9,
				10,
				10
			],
			[
				0,
				5,
				10,
				9,
				10
			],
			[
				1,
				5,
				10,
				10,
				10
			]
		]
	],
	"texnames":[
		"\\text{FR}^{5,13,0}_{211}"
	],
	"barcode":[
		1,
		3,
		1,
		7,
		8,
		8,
		1,
		8,
		6,
		4,
		8,
		7,
		2,
		1,
		4,
		1,
		5,
		3,
		0,
		1,
		5,
		0,
		1,
		5,
		4,
		3,
		3,
		8,
		4,
		9,
		5,
		2,
		4,
		7,
		8,
		8,
		1,
		4,
		6,
		2,
		8,
		2,
		3,
		2,
		1,
		6,
		1,
		4,
		9,
		2,
		6,
		4,
		7,
		1,
		8,
		1,
		1,
		0,
		9,
		7,
		2,
		1,
		2,
		0,
		6,
		2,
		7,
		4,
		1,
		0,
		8,
		0,
		4,
		7,
		6,
		4,
		0,
		3,
		6,
		2,
		4,
		1,
		5,
		0,
		3,
		0,
		0,
		0,
		6,
		1,
		9,
		0,
		2,
		2,
		0,
		5,
		6,
		7,
		5,
		2,
		6,
		2,
		5,
		3,
		9,
		9,
		1,
		4,
		8,
		4,
		2,
		6,
		7,
		9,
		9,
		9,
		4,
		8,
		9,
		6,
		8,
		0,
		2,
		9,
		6,
		1,
		8,
		8,
		6,
		7,
		2,
		7,
		6,
		8,
		3,
		6,
		5,
		5,
		6,
		3,
		0,
		2,
		9
	],
	"formal_code":[
		5,
		13,
		0,
		211
	],
	"tensor_product_decompositions":{
		"identifiers":[
			"formal_code"
		],
		"value":[]
	},
	"sub_fusion_rings":{
		"identifiers":[
			"injection",
			"formal_code"
		],
		"value":[]
	},
	"numeric_characters":[
		[
			[
				1.0,
				0
			],
			[
				1.516240485051982e1,
				0
			],
			[
				3.0787257794309323e1,
				0
			],
			[
				3.0787257794309323e1,
				0
			],
			[
				3.1787257794309323e1,
				0
			]
		],
		[
			[
				1.0,
				0
			],
			[
				1.2964771701558591e1,
				0
			],
			[
				-2.456726846727236,
				0
			],
			[
				-2.456726846727236,
				0
			],
			[
				-1.456726846727236,
				0
			]
		],
		[
			[
				1.0,
				0
			],
			[
				-0.12717655207841233,
				0
			],
			[
				-0.3305309475820867,
				0
			],
			[
				-0.3305309475820867,
				0
			],
			[
				0.6694690524179133,
				0
			]
		],
		[
			[
				1.0,
				0
			],
			[
				0.0,
				0
			],
			[
				1.618033988749895,
				0
			],
			[
				-0.6180339887498949,
				0
			],
			[
				-1.0,
				0
			]
		],
		[
			[
				1.0,
				0
			],
			[
				0.0,
				0
			],
			[
				-0.6180339887498949,
				0
			],
			[
				1.618033988749895,
				0
			],
			[
				-1.0,
				0
			]
		]
	],
	"numeric_frobenius_perron_dimensions":[
		1.0,
		1.5162404850519813e1,
		3.0787257794309323e1,
		3.0787257794309323e1,
		3.1787257794309323e1
	],
	"numeric_frobenius_perron_dimension":3.137038763919466e3,
	"info":"Fusion ring. mult_tab provides structure constants. barcode and formal_code provide unique identifiers see (DOI: 10.1063\/5.0148848). sub_fusion_rings provides tuples where the first element corresponds to the elements of the ring that form the subring isomorphic to the ring identified by the second element of the tuple. software provides doi of original software used to represent fusion ring.",
	"comments":[
		""
	]
}