{
	"references":[
		""
	],
	"software":[
		"https:\/\/doi.org\/10.5281\/zenodo.15920400"
	],
	"mult_tab":[
		[
			[
				1,
				0,
				0,
				0,
				0
			],
			[
				0,
				1,
				0,
				0,
				0
			],
			[
				0,
				0,
				1,
				0,
				0
			],
			[
				0,
				0,
				0,
				1,
				0
			],
			[
				0,
				0,
				0,
				0,
				1
			]
		],
		[
			[
				0,
				1,
				0,
				0,
				0
			],
			[
				1,
				7,
				7,
				7,
				7
			],
			[
				0,
				7,
				8,
				7,
				7
			],
			[
				0,
				7,
				7,
				8,
				7
			],
			[
				0,
				7,
				7,
				7,
				8
			]
		],
		[
			[
				0,
				0,
				1,
				0,
				0
			],
			[
				0,
				7,
				8,
				7,
				7
			],
			[
				1,
				8,
				4,
				9,
				9
			],
			[
				0,
				7,
				9,
				7,
				7
			],
			[
				0,
				7,
				9,
				7,
				7
			]
		],
		[
			[
				0,
				0,
				0,
				1,
				0
			],
			[
				0,
				7,
				7,
				8,
				7
			],
			[
				0,
				7,
				9,
				7,
				7
			],
			[
				1,
				8,
				7,
				5,
				10
			],
			[
				0,
				7,
				7,
				10,
				6
			]
		],
		[
			[
				0,
				0,
				0,
				0,
				1
			],
			[
				0,
				7,
				7,
				7,
				8
			],
			[
				0,
				7,
				9,
				7,
				7
			],
			[
				0,
				7,
				7,
				10,
				6
			],
			[
				1,
				8,
				7,
				6,
				9
			]
		]
	],
	"texnames":[
		"\\text{FR}^{5,10,0}_{52}"
	],
	"barcode":[
		1,
		3,
		5,
		7,
		3,
		5,
		4,
		2,
		4,
		2,
		7,
		5,
		2,
		9,
		3,
		3,
		8,
		1,
		9,
		3,
		4,
		5,
		1,
		1,
		6,
		7,
		9,
		7,
		8,
		9,
		8,
		8,
		3,
		4,
		1,
		3,
		1,
		0,
		5,
		7,
		1,
		9,
		1,
		0,
		2,
		4,
		5,
		8,
		9,
		7,
		5,
		4,
		5,
		8,
		2,
		7,
		4,
		1,
		6,
		0,
		6,
		9,
		4,
		9,
		7,
		0,
		0,
		1,
		2,
		9,
		3,
		4,
		6,
		3,
		8,
		3,
		5,
		2,
		0,
		1,
		9,
		9,
		4,
		9,
		1,
		2,
		6,
		7,
		8,
		5,
		0,
		8,
		8,
		6,
		1,
		6,
		3,
		4,
		5,
		7,
		6,
		2,
		2,
		1,
		7,
		5,
		8,
		0,
		8,
		2,
		2,
		8,
		2,
		1,
		1,
		9,
		5,
		1,
		4,
		2,
		3,
		5,
		8,
		0,
		0,
		6,
		0,
		2,
		2,
		5
	],
	"formal_code":[
		5,
		10,
		0,
		52
	],
	"tensor_product_decompositions":{
		"identifiers":[
			"formal_code"
		],
		"value":[]
	},
	"sub_fusion_rings":{
		"identifiers":[
			"injection",
			"formal_code"
		],
		"value":[]
	},
	"numeric_characters":[
		[
			[
				1.0,
				0
			],
			[
				2.87648230602334e1,
				0
			],
			[
				2.97648230602334e1,
				0
			],
			[
				2.97648230602334e1,
				0
			],
			[
				2.97648230602334e1,
				0
			]
		],
		[
			[
				1.0,
				0
			],
			[
				1.0,
				0
			],
			[
				0.0,
				0
			],
			[
				-4.7912878474779195,
				0
			],
			[
				3.79128784747792,
				0
			]
		],
		[
			[
				1.0,
				0
			],
			[
				1.0,
				0
			],
			[
				0.0,
				0
			],
			[
				-0.20871215252208009,
				0
			],
			[
				-0.7912878474779199,
				0
			]
		],
		[
			[
				1.0,
				0
			],
			[
				1.0,
				0
			],
			[
				-5.0,
				0
			],
			[
				2.0,
				0
			],
			[
				2.0,
				0
			]
		],
		[
			[
				1.0,
				0
			],
			[
				-0.7648230602334003,
				0
			],
			[
				0.2351769397665997,
				0
			],
			[
				0.2351769397665997,
				0
			],
			[
				0.2351769397665997,
				0
			]
		]
	],
	"numeric_frobenius_perron_dimensions":[
		1.0,
		2.87648230602334e1,
		2.97648230602334e1,
		2.97648230602334e1,
		2.97648230602334e1
	],
	"numeric_frobenius_perron_dimension":3.486249121107541e3,
	"info":"Fusion ring. mult_tab provides structure constants. barcode and formal_code provide unique identifiers see (DOI: 10.1063\/5.0148848). sub_fusion_rings provides tuples where the first element corresponds to the elements of the ring that form the subring isomorphic to the ring identified by the second element of the tuple. software provides doi of original software used to represent fusion ring.",
	"comments":[
		""
	]
}