{
	"references":[
		""
	],
	"software":[
		"https:\/\/doi.org\/10.5281\/zenodo.15920400"
	],
	"mult_tab":[
		[
			[
				1,
				0,
				0,
				0,
				0
			],
			[
				0,
				1,
				0,
				0,
				0
			],
			[
				0,
				0,
				1,
				0,
				0
			],
			[
				0,
				0,
				0,
				1,
				0
			],
			[
				0,
				0,
				0,
				0,
				1
			]
		],
		[
			[
				0,
				1,
				0,
				0,
				0
			],
			[
				1,
				2,
				1,
				0,
				0
			],
			[
				0,
				1,
				4,
				1,
				1
			],
			[
				0,
				0,
				1,
				2,
				3
			],
			[
				0,
				0,
				1,
				3,
				3
			]
		],
		[
			[
				0,
				0,
				1,
				0,
				0
			],
			[
				0,
				1,
				4,
				1,
				1
			],
			[
				1,
				4,
				10,
				7,
				8
			],
			[
				0,
				1,
				7,
				9,
				10
			],
			[
				0,
				1,
				8,
				10,
				12
			]
		],
		[
			[
				0,
				0,
				0,
				1,
				0
			],
			[
				0,
				0,
				1,
				2,
				3
			],
			[
				0,
				1,
				7,
				9,
				10
			],
			[
				1,
				2,
				9,
				4,
				13
			],
			[
				0,
				3,
				10,
				13,
				8
			]
		],
		[
			[
				0,
				0,
				0,
				0,
				1
			],
			[
				0,
				0,
				1,
				3,
				3
			],
			[
				0,
				1,
				8,
				10,
				12
			],
			[
				0,
				3,
				10,
				13,
				8
			],
			[
				1,
				3,
				12,
				8,
				15
			]
		]
	],
	"texnames":[
		"\\text{FR}^{5,15,0}_{1381}"
	],
	"barcode":[
		2,
		0,
		4,
		5,
		8,
		6,
		9,
		2,
		5,
		1,
		8,
		7,
		8,
		3,
		9,
		8,
		6,
		8,
		3,
		8,
		6,
		4,
		3,
		6,
		6,
		2,
		8,
		4,
		5,
		9,
		5,
		4,
		2,
		6,
		5,
		0,
		0,
		4,
		6,
		4,
		8,
		9,
		0,
		3,
		5,
		9,
		2,
		9,
		1,
		6,
		9,
		3,
		4,
		5,
		6,
		9,
		4,
		7,
		9,
		1,
		5,
		0,
		2,
		6,
		2,
		1,
		4,
		8,
		9,
		6,
		2,
		5,
		0,
		2,
		7,
		6,
		1,
		0,
		5,
		8,
		7,
		2,
		4,
		7,
		8,
		7,
		3,
		1,
		8,
		0,
		9,
		3,
		4,
		6,
		8,
		2,
		8,
		2,
		1,
		0,
		4,
		0,
		3,
		0,
		1,
		2,
		7,
		8,
		7,
		0,
		6,
		4,
		4,
		3,
		3,
		7,
		8,
		0,
		5,
		3,
		9,
		4,
		3,
		0,
		1,
		0,
		0,
		3,
		3,
		5,
		9,
		0,
		9,
		3,
		8,
		1,
		5,
		9,
		2,
		5,
		6,
		1,
		3,
		9,
		0,
		0,
		6,
		2,
		1,
		0
	],
	"formal_code":[
		5,
		15,
		0,
		1381
	],
	"tensor_product_decompositions":{
		"identifiers":[
			"formal_code"
		],
		"value":[]
	},
	"sub_fusion_rings":{
		"identifiers":[
			"injection",
			"formal_code"
		],
		"value":[]
	},
	"numeric_characters":[
		[
			[
				1.0,
				0
			],
			[
				6.441661241724085,
				0
			],
			[
				2.7611677069682116e1,
				0
			],
			[
				2.8292308889871606e1,
				0
			],
			[
				3.26843915884488e1,
				0
			]
		],
		[
			[
				1.0,
				0
			],
			[
				3.664017905368745,
				0
			],
			[
				5.096991400125277,
				0
			],
			[
				-2.3654617286259008,
				0
			],
			[
				-3.0110540236744265,
				0
			]
		],
		[
			[
				1.0,
				0
			],
			[
				-0.5462026235419871,
				0
			],
			[
				0.3907425530481241,
				0
			],
			[
				-7.271602276488383,
				0
			],
			[
				6.0414100802334945,
				0
			]
		],
		[
			[
				1.0,
				0
			],
			[
				1.8916032740163844,
				0
			],
			[
				-1.205043601763264,
				0
			],
			[
				0.25670068115259903,
				0
			],
			[
				0.3924060294561861,
				0
			]
		],
		[
			[
				1.0,
				0
			],
			[
				-0.45107979756722805,
				0
			],
			[
				0.1056325789077475,
				0
			],
			[
				8.805443409007768e-2,
				0
			],
			[
				-0.10715367446405064,
				0
			]
		]
	],
	"numeric_frobenius_perron_dimensions":[
		1.0,
		6.441661241724086,
		2.7611677069682116e1,
		2.829230888987161e1,
		3.26843915884488e1
	],
	"numeric_frobenius_perron_dimension":2.6736239059805102e3,
	"info":"Fusion ring. mult_tab provides structure constants. barcode and formal_code provide unique identifiers see (DOI: 10.1063\/5.0148848). sub_fusion_rings provides tuples where the first element corresponds to the elements of the ring that form the subring isomorphic to the ring identified by the second element of the tuple. software provides doi of original software used to represent fusion ring.",
	"comments":[
		""
	]
}