{
	"references":[
		""
	],
	"software":[
		"https:\/\/doi.org\/10.5281\/zenodo.15920400"
	],
	"mult_tab":[
		[
			[
				1,
				0,
				0,
				0,
				0
			],
			[
				0,
				1,
				0,
				0,
				0
			],
			[
				0,
				0,
				1,
				0,
				0
			],
			[
				0,
				0,
				0,
				1,
				0
			],
			[
				0,
				0,
				0,
				0,
				1
			]
		],
		[
			[
				0,
				1,
				0,
				0,
				0
			],
			[
				1,
				3,
				1,
				4,
				1
			],
			[
				0,
				1,
				3,
				2,
				4
			],
			[
				0,
				4,
				2,
				7,
				1
			],
			[
				0,
				1,
				4,
				1,
				9
			]
		],
		[
			[
				0,
				0,
				1,
				0,
				0
			],
			[
				0,
				1,
				3,
				2,
				4
			],
			[
				1,
				3,
				4,
				3,
				4
			],
			[
				0,
				2,
				3,
				3,
				7
			],
			[
				0,
				4,
				4,
				7,
				7
			]
		],
		[
			[
				0,
				0,
				0,
				1,
				0
			],
			[
				0,
				4,
				2,
				7,
				1
			],
			[
				0,
				2,
				3,
				3,
				7
			],
			[
				1,
				7,
				3,
				11,
				1
			],
			[
				0,
				1,
				7,
				1,
				14
			]
		],
		[
			[
				0,
				0,
				0,
				0,
				1
			],
			[
				0,
				1,
				4,
				1,
				9
			],
			[
				0,
				4,
				4,
				7,
				7
			],
			[
				0,
				1,
				7,
				1,
				14
			],
			[
				1,
				9,
				7,
				14,
				8
			]
		]
	],
	"texnames":[
		"\\text{FR}^{5,14,0}_{1161}"
	],
	"barcode":[
		6,
		8,
		4,
		4,
		0,
		9,
		7,
		0,
		7,
		8,
		0,
		3,
		0,
		6,
		8,
		2,
		0,
		8,
		2,
		8,
		2,
		7,
		0,
		4,
		7,
		6,
		6,
		1,
		8,
		9,
		7,
		5,
		4,
		7,
		1,
		1,
		2,
		2,
		1,
		0,
		6,
		1,
		0,
		1,
		5,
		0,
		0,
		6,
		2,
		0,
		2,
		4,
		8,
		7,
		5,
		7,
		1,
		3,
		6,
		7,
		7,
		0,
		0,
		8,
		9,
		6,
		4,
		8,
		7,
		6,
		8,
		8,
		9,
		6,
		3,
		4,
		6,
		8,
		9,
		2,
		4,
		9,
		2,
		4,
		1,
		7,
		6,
		1,
		2,
		3,
		2,
		6,
		2,
		9,
		8,
		2,
		3,
		9,
		6,
		4,
		0,
		3,
		2,
		6,
		8,
		1,
		6,
		5,
		0,
		2,
		8,
		0,
		6,
		0,
		6,
		7,
		2,
		5,
		2,
		4,
		2,
		1,
		5,
		5,
		5,
		9,
		6,
		3,
		5,
		8,
		9,
		7,
		0,
		9,
		0,
		7,
		1,
		7,
		1,
		1,
		7,
		5,
		9,
		3,
		8,
		8
	],
	"formal_code":[
		5,
		14,
		0,
		1161
	],
	"tensor_product_decompositions":{
		"identifiers":[
			"formal_code"
		],
		"value":[]
	},
	"sub_fusion_rings":{
		"identifiers":[
			"injection",
			"formal_code"
		],
		"value":[]
	},
	"numeric_characters":[
		[
			[
				1.0,
				0
			],
			[
				1.2656494083038382e1,
				0
			],
			[
				1.6442628097394884e1,
				0
			],
			[
				1.949837726148902e1,
				0
			],
			[
				2.6781223081519478e1,
				0
			]
		],
		[
			[
				1.0,
				0
			],
			[
				8.07930422838049,
				0
			],
			[
				-2.6362098490722428,
				0
			],
			[
				1.3725945141164425e1,
				0
			],
			[
				-1.223032658600007e1,
				0
			]
		],
		[
			[
				1.0,
				0
			],
			[
				0.6077955388100738,
				0
			],
			[
				2.200814006232017,
				0
			],
			[
				-0.9104677285636902,
				0
			],
			[
				-1.0129142914100495,
				0
			]
		],
		[
			[
				1.0,
				0
			],
			[
				1.316421364931177,
				0
			],
			[
				-0.9156465782637834,
				0
			],
			[
				-0.6734107769598243,
				0
			],
			[
				0.3929908013568126,
				0
			]
		],
		[
			[
				1.0,
				0
			],
			[
				-0.660015215160123,
				0
			],
			[
				-9.158567629087296e-2,
				0
			],
			[
				0.35955610287006945,
				0
			],
			[
				6.902699453382719e-2,
				0
			]
		]
	],
	"numeric_frobenius_perron_dimensions":[
		1.0,
		1.265649408303838e1,
		1.644262809739488e1,
		1.949837726148902e1,
		2.6781223081519478e1
	],
	"numeric_frobenius_perron_dimension":1.5289674867966887e3,
	"info":"Fusion ring. mult_tab provides structure constants. barcode and formal_code provide unique identifiers see (DOI: 10.1063\/5.0148848). sub_fusion_rings provides tuples where the first element corresponds to the elements of the ring that form the subring isomorphic to the ring identified by the second element of the tuple. software provides doi of original software used to represent fusion ring.",
	"comments":[
		""
	]
}