{
	"references":[
		""
	],
	"software":[
		"https:\/\/doi.org\/10.5281\/zenodo.15920400"
	],
	"mult_tab":[
		[
			[
				1,
				0,
				0,
				0,
				0
			],
			[
				0,
				1,
				0,
				0,
				0
			],
			[
				0,
				0,
				1,
				0,
				0
			],
			[
				0,
				0,
				0,
				1,
				0
			],
			[
				0,
				0,
				0,
				0,
				1
			]
		],
		[
			[
				0,
				1,
				0,
				0,
				0
			],
			[
				1,
				3,
				1,
				0,
				1
			],
			[
				0,
				1,
				4,
				3,
				2
			],
			[
				0,
				0,
				3,
				3,
				4
			],
			[
				0,
				1,
				2,
				4,
				4
			]
		],
		[
			[
				0,
				0,
				1,
				0,
				0
			],
			[
				0,
				1,
				4,
				3,
				2
			],
			[
				1,
				4,
				2,
				10,
				15
			],
			[
				0,
				3,
				10,
				11,
				10
			],
			[
				0,
				2,
				15,
				10,
				8
			]
		],
		[
			[
				0,
				0,
				0,
				1,
				0
			],
			[
				0,
				0,
				3,
				3,
				4
			],
			[
				0,
				3,
				10,
				11,
				10
			],
			[
				1,
				3,
				11,
				10,
				13
			],
			[
				0,
				4,
				10,
				13,
				12
			]
		],
		[
			[
				0,
				0,
				0,
				0,
				1
			],
			[
				0,
				1,
				2,
				4,
				4
			],
			[
				0,
				2,
				15,
				10,
				8
			],
			[
				0,
				4,
				10,
				13,
				12
			],
			[
				1,
				4,
				8,
				12,
				16
			]
		]
	],
	"texnames":[
		"\\text{FR}^{5,16,0}_{849}"
	],
	"barcode":[
		3,
		7,
		6,
		4,
		1,
		4,
		4,
		3,
		4,
		3,
		0,
		6,
		5,
		8,
		9,
		6,
		9,
		9,
		4,
		3,
		9,
		0,
		0,
		0,
		5,
		8,
		2,
		8,
		2,
		6,
		5,
		5,
		9,
		0,
		2,
		3,
		0,
		6,
		1,
		4,
		4,
		7,
		2,
		7,
		8,
		8,
		0,
		7,
		8,
		4,
		8,
		2,
		2,
		5,
		8,
		0,
		3,
		2,
		3,
		4,
		5,
		6,
		3,
		2,
		6,
		8,
		2,
		7,
		0,
		6,
		8,
		2,
		1,
		8,
		0,
		8,
		1,
		5,
		9,
		7,
		8,
		9,
		3,
		8,
		6,
		6,
		7,
		1,
		4,
		4,
		0,
		6,
		4,
		3,
		0,
		1,
		0,
		0,
		3,
		9,
		5,
		5,
		9,
		8,
		4,
		1,
		8,
		8,
		8,
		1,
		1,
		3,
		7,
		9,
		9,
		5,
		3,
		4,
		1,
		2,
		3,
		7,
		0,
		0,
		5,
		4,
		1,
		0,
		9,
		6,
		8,
		3,
		2,
		1,
		5,
		9,
		8,
		6,
		3,
		0,
		8,
		4,
		9,
		7,
		8,
		4,
		8,
		1,
		8,
		0,
		2,
		9,
		2
	],
	"formal_code":[
		5,
		16,
		0,
		849
	],
	"tensor_product_decompositions":{
		"identifiers":[
			"formal_code"
		],
		"value":[]
	},
	"sub_fusion_rings":{
		"identifiers":[
			"injection",
			"formal_code"
		],
		"value":[]
	},
	"numeric_characters":[
		[
			[
				1.0,
				0
			],
			[
				9.88586200288938,
				0
			],
			[
				3.135464738930958e1,
				0
			],
			[
				3.4409065798484654e1,
				0
			],
			[
				3.571803414219432e1,
				0
			]
		],
		[
			[
				1.0,
				0
			],
			[
				2.057511217303236,
				0
			],
			[
				-1.0750595757559841e1,
				0
			],
			[
				1.0675238063688723,
				0
			],
			[
				7.811414514978777,
				0
			]
		],
		[
			[
				1.0,
				0
			],
			[
				3.308341745082021,
				0
			],
			[
				0.3742397009915024,
				0
			],
			[
				-0.9529693518734675,
				0
			],
			[
				-0.35413983398521365,
				0
			]
		],
		[
			[
				1.0,
				0
			],
			[
				-1.018196475792931,
				0
			],
			[
				1.0804060413014467,
				0
			],
			[
				-2.8084360706267875,
				0
			],
			[
				2.0109074493944914,
				0
			]
		],
		[
			[
				1.0,
				0
			],
			[
				-0.23351848948170698,
				0
			],
			[
				-5.869737404268725e-2,
				0
			],
			[
				0.2848158176467315,
				0
			],
			[
				-0.1862162725823737,
				0
			]
		]
	],
	"numeric_frobenius_perron_dimensions":[
		1.0,
		9.88586200288938,
		3.135464738930958e1,
		3.4409065798484654e1,
		3.571803414219432e1
	],
	"numeric_frobenius_perron_dimension":3.5416059525555156e3,
	"info":"Fusion ring. mult_tab provides structure constants. barcode and formal_code provide unique identifiers see (DOI: 10.1063\/5.0148848). sub_fusion_rings provides tuples where the first element corresponds to the elements of the ring that form the subring isomorphic to the ring identified by the second element of the tuple. software provides doi of original software used to represent fusion ring.",
	"comments":[
		""
	]
}