{
	"references":[
		""
	],
	"software":[
		"https:\/\/doi.org\/10.5281\/zenodo.15920400"
	],
	"mult_tab":[
		[
			[
				1,
				0,
				0,
				0,
				0
			],
			[
				0,
				1,
				0,
				0,
				0
			],
			[
				0,
				0,
				1,
				0,
				0
			],
			[
				0,
				0,
				0,
				1,
				0
			],
			[
				0,
				0,
				0,
				0,
				1
			]
		],
		[
			[
				0,
				1,
				0,
				0,
				0
			],
			[
				0,
				1,
				3,
				2,
				3
			],
			[
				1,
				1,
				1,
				2,
				4
			],
			[
				0,
				2,
				2,
				5,
				4
			],
			[
				0,
				4,
				3,
				4,
				6
			]
		],
		[
			[
				0,
				0,
				1,
				0,
				0
			],
			[
				1,
				1,
				1,
				2,
				4
			],
			[
				0,
				3,
				1,
				2,
				3
			],
			[
				0,
				2,
				2,
				5,
				4
			],
			[
				0,
				3,
				4,
				4,
				6
			]
		],
		[
			[
				0,
				0,
				0,
				1,
				0
			],
			[
				0,
				2,
				2,
				5,
				4
			],
			[
				0,
				2,
				2,
				5,
				4
			],
			[
				1,
				5,
				5,
				1,
				9
			],
			[
				0,
				4,
				4,
				9,
				8
			]
		],
		[
			[
				0,
				0,
				0,
				0,
				1
			],
			[
				0,
				4,
				3,
				4,
				6
			],
			[
				0,
				3,
				4,
				4,
				6
			],
			[
				0,
				4,
				4,
				9,
				8
			],
			[
				1,
				6,
				6,
				8,
				12
			]
		]
	],
	"texnames":[
		"\\text{FR}^{5,12,2}_{29}"
	],
	"barcode":[
		1,
		3,
		4,
		5,
		7,
		8,
		5,
		2,
		8,
		7,
		0,
		6,
		3,
		2,
		5,
		1,
		9,
		2,
		9,
		5,
		4,
		0,
		9,
		2,
		4,
		6,
		7,
		7,
		1,
		2,
		3,
		4,
		6,
		1,
		8,
		9,
		5,
		9,
		8,
		3,
		9,
		9,
		7,
		2,
		4,
		0,
		9,
		2,
		2,
		2,
		5,
		2,
		1,
		5,
		1,
		9,
		6,
		2,
		0,
		4,
		4,
		1,
		5,
		6,
		7,
		8,
		6,
		0,
		1,
		1,
		9,
		0,
		1,
		4,
		7,
		1,
		8,
		9,
		5,
		6,
		7,
		1,
		1,
		6,
		4,
		0,
		5,
		3,
		9,
		3,
		8,
		4,
		0,
		7,
		5,
		1,
		8,
		7,
		4,
		9,
		0,
		0,
		5,
		5,
		6,
		2,
		8,
		0,
		2,
		6,
		7,
		7,
		9,
		8,
		8,
		4,
		2,
		3,
		9,
		7,
		7,
		3,
		4,
		1,
		0,
		8,
		8,
		8,
		4,
		7,
		2,
		4,
		2,
		4,
		9,
		9,
		6,
		5,
		3
	],
	"formal_code":[
		5,
		12,
		2,
		29
	],
	"tensor_product_decompositions":{
		"identifiers":[
			"formal_code"
		],
		"value":[]
	},
	"sub_fusion_rings":{
		"identifiers":[
			"injection",
			"formal_code"
		],
		"value":[]
	},
	"numeric_characters":[
		[
			[
				1.0,
				0
			],
			[
				1.2772386303664069e1,
				0
			],
			[
				1.2772386303664069e1,
				0
			],
			[
				1.9204994426692405e1,
				0
			],
			[
				2.4544772607328138e1,
				0
			]
		],
		[
			[
				1.0,
				0
			],
			[
				1.9459777200214523,
				0
			],
			[
				1.9459777200214523,
				0
			],
			[
				-6.336473956697317,
				0
			],
			[
				2.8919554400429046,
				0
			]
		],
		[
			[
				1.0,
				0
			],
			[
				-1.0,
				-1.4142135623730951
			],
			[
				-1.0,
				1.4142135623730951
			],
			[
				0.0,
				0
			],
			[
				1.0,
				0
			]
		],
		[
			[
				1.0,
				0
			],
			[
				-1.0,
				1.4142135623730951
			],
			[
				-1.0,
				-1.4142135623730951
			],
			[
				0.0,
				0
			],
			[
				1.0,
				0
			]
		],
		[
			[
				1.0,
				0
			],
			[
				0.2816359763144786,
				0
			],
			[
				0.2816359763144786,
				0
			],
			[
				0.1314795300049118,
				0
			],
			[
				-0.4367280473710428,
				0
			]
		]
	],
	"numeric_frobenius_perron_dimensions":[
		1.0,
		1.2772386303664069e1,
		1.2772386303664069e1,
		1.9204994426692405e1,
		2.4544772607328138e1
	],
	"numeric_frobenius_perron_dimension":1.298545377054783e3,
	"info":"Fusion ring. mult_tab provides structure constants. barcode and formal_code provide unique identifiers see (DOI: 10.1063\/5.0148848). sub_fusion_rings provides tuples where the first element corresponds to the elements of the ring that form the subring isomorphic to the ring identified by the second element of the tuple. software provides doi of original software used to represent fusion ring.",
	"comments":[
		""
	]
}