{
	"references":[
		""
	],
	"software":[
		"https:\/\/doi.org\/10.5281\/zenodo.15920400"
	],
	"mult_tab":[
		[
			[
				1,
				0,
				0,
				0,
				0
			],
			[
				0,
				1,
				0,
				0,
				0
			],
			[
				0,
				0,
				1,
				0,
				0
			],
			[
				0,
				0,
				0,
				1,
				0
			],
			[
				0,
				0,
				0,
				0,
				1
			]
		],
		[
			[
				0,
				1,
				0,
				0,
				0
			],
			[
				1,
				0,
				0,
				4,
				0
			],
			[
				0,
				0,
				3,
				2,
				2
			],
			[
				0,
				4,
				2,
				1,
				6
			],
			[
				0,
				0,
				2,
				6,
				3
			]
		],
		[
			[
				0,
				0,
				1,
				0,
				0
			],
			[
				0,
				0,
				3,
				2,
				2
			],
			[
				1,
				3,
				0,
				4,
				3
			],
			[
				0,
				2,
				4,
				5,
				6
			],
			[
				0,
				2,
				3,
				6,
				6
			]
		],
		[
			[
				0,
				0,
				0,
				1,
				0
			],
			[
				0,
				4,
				2,
				1,
				6
			],
			[
				0,
				2,
				4,
				5,
				6
			],
			[
				1,
				1,
				5,
				14,
				7
			],
			[
				0,
				6,
				6,
				7,
				12
			]
		],
		[
			[
				0,
				0,
				0,
				0,
				1
			],
			[
				0,
				0,
				2,
				6,
				3
			],
			[
				0,
				2,
				3,
				6,
				6
			],
			[
				0,
				6,
				6,
				7,
				12
			],
			[
				1,
				3,
				6,
				12,
				9
			]
		]
	],
	"texnames":[
		"\\text{FR}^{5,14,0}_{276}"
	],
	"barcode":[
		6,
		8,
		4,
		4,
		0,
		9,
		7,
		0,
		7,
		8,
		0,
		3,
		0,
		6,
		8,
		2,
		0,
		8,
		2,
		8,
		2,
		7,
		0,
		4,
		7,
		6,
		6,
		1,
		8,
		9,
		7,
		5,
		4,
		7,
		1,
		1,
		9,
		3,
		7,
		0,
		2,
		8,
		5,
		7,
		9,
		3,
		2,
		2,
		1,
		7,
		9,
		3,
		4,
		0,
		8,
		9,
		9,
		5,
		0,
		1,
		1,
		4,
		0,
		5,
		6,
		0,
		3,
		8,
		0,
		5,
		1,
		5,
		6,
		5,
		7,
		6,
		9,
		9,
		3,
		1,
		1,
		9,
		6,
		3,
		4,
		5,
		3,
		4,
		9,
		9,
		5,
		6,
		1,
		3,
		3,
		6,
		0,
		0,
		3,
		1,
		6,
		1,
		2,
		5,
		8,
		7,
		4,
		8,
		7,
		0,
		9,
		9,
		8,
		8,
		7,
		2,
		5,
		2,
		6,
		6,
		4,
		0,
		5,
		5,
		1,
		1,
		0,
		4,
		7,
		1,
		8,
		7,
		9,
		9,
		5,
		0,
		4,
		2,
		3,
		2,
		2,
		0,
		4,
		7,
		5,
		0
	],
	"formal_code":[
		5,
		14,
		0,
		276
	],
	"tensor_product_decompositions":{
		"identifiers":[
			"formal_code"
		],
		"value":[]
	},
	"sub_fusion_rings":{
		"identifiers":[
			"injection",
			"formal_code"
		],
		"value":[]
	},
	"numeric_characters":[
		[
			[
				1.0,
				0
			],
			[
				9.962827259368378,
				0
			],
			[
				1.4317366755937972e1,
				0
			],
			[
				2.4564481750003406e1,
				0
			],
			[
				2.528019401530635e1,
				0
			]
		],
		[
			[
				1.0,
				0
			],
			[
				1.0,
				0
			],
			[
				1.0,
				0
			],
			[
				0.0,
				0
			],
			[
				-1.0,
				0
			]
		],
		[
			[
				1.0,
				0
			],
			[
				-5.893438319461633,
				0
			],
			[
				-0.649880300977,
				0
			],
			[
				8.433153806324688,
				0
			],
			[
				-5.543318620438632,
				0
			]
		],
		[
			[
				1.0,
				0
			],
			[
				-0.47445629782811316,
				0
			],
			[
				-0.1212251514148429,
				0
			],
			[
				-0.1937228053628102,
				0
			],
			[
				0.4043185507570439,
				0
			]
		],
		[
			[
				1.0,
				0
			],
			[
				2.405067357921368,
				0
			],
			[
				-3.546261303546129,
				0
			],
			[
				1.1960872490347172,
				0
			],
			[
				-0.14119394562476104,
				0
			]
		]
	],
	"numeric_frobenius_perron_dimensions":[
		1.0,
		9.962827259368378,
		1.4317366755937972e1,
		2.456448175000341e1,
		2.528019401530635e1
	],
	"numeric_frobenius_perron_dimension":1.5477468909218328e3,
	"info":"Fusion ring. mult_tab provides structure constants. barcode and formal_code provide unique identifiers see (DOI: 10.1063\/5.0148848). sub_fusion_rings provides tuples where the first element corresponds to the elements of the ring that form the subring isomorphic to the ring identified by the second element of the tuple. software provides doi of original software used to represent fusion ring.",
	"comments":[
		""
	]
}