{
	"references":[
		""
	],
	"software":[
		"https:\/\/doi.org\/10.5281\/zenodo.15920400"
	],
	"mult_tab":[
		[
			[
				1,
				0,
				0,
				0,
				0
			],
			[
				0,
				1,
				0,
				0,
				0
			],
			[
				0,
				0,
				1,
				0,
				0
			],
			[
				0,
				0,
				0,
				1,
				0
			],
			[
				0,
				0,
				0,
				0,
				1
			]
		],
		[
			[
				0,
				1,
				0,
				0,
				0
			],
			[
				1,
				0,
				0,
				4,
				3
			],
			[
				0,
				0,
				1,
				4,
				3
			],
			[
				0,
				4,
				4,
				1,
				5
			],
			[
				0,
				3,
				3,
				5,
				4
			]
		],
		[
			[
				0,
				0,
				1,
				0,
				0
			],
			[
				0,
				0,
				1,
				4,
				3
			],
			[
				1,
				1,
				1,
				4,
				3
			],
			[
				0,
				4,
				4,
				2,
				5
			],
			[
				0,
				3,
				3,
				5,
				5
			]
		],
		[
			[
				0,
				0,
				0,
				1,
				0
			],
			[
				0,
				4,
				4,
				1,
				5
			],
			[
				0,
				4,
				4,
				2,
				5
			],
			[
				1,
				1,
				2,
				9,
				7
			],
			[
				0,
				5,
				5,
				7,
				7
			]
		],
		[
			[
				0,
				0,
				0,
				0,
				1
			],
			[
				0,
				3,
				3,
				5,
				4
			],
			[
				0,
				3,
				3,
				5,
				5
			],
			[
				0,
				5,
				5,
				7,
				7
			],
			[
				1,
				4,
				5,
				7,
				10
			]
		]
	],
	"texnames":[
		"\\text{FR}^{5,10,0}_{785}"
	],
	"barcode":[
		1,
		3,
		5,
		7,
		3,
		5,
		4,
		2,
		4,
		2,
		7,
		5,
		2,
		9,
		3,
		3,
		8,
		1,
		9,
		3,
		4,
		5,
		1,
		1,
		6,
		7,
		9,
		7,
		8,
		9,
		8,
		8,
		4,
		7,
		9,
		5,
		0,
		2,
		2,
		4,
		2,
		1,
		9,
		5,
		1,
		4,
		4,
		3,
		8,
		4,
		7,
		1,
		9,
		2,
		1,
		6,
		1,
		4,
		4,
		8,
		9,
		9,
		4,
		7,
		4,
		2,
		4,
		8,
		8,
		3,
		9,
		5,
		4,
		7,
		1,
		3,
		0,
		8,
		4,
		6,
		8,
		7,
		8,
		4,
		3,
		3,
		6,
		3,
		9,
		8,
		0,
		9,
		6,
		6,
		9,
		0,
		1,
		7,
		7,
		2,
		1,
		9,
		8,
		9,
		0,
		5,
		5,
		4,
		0,
		2,
		0,
		2,
		6,
		8,
		7,
		6,
		2,
		0,
		1,
		9,
		4,
		7,
		4,
		0,
		5,
		3,
		4,
		7,
		3,
		8
	],
	"formal_code":[
		5,
		10,
		0,
		785
	],
	"tensor_product_decompositions":{
		"identifiers":[
			"formal_code"
		],
		"value":[]
	},
	"sub_fusion_rings":{
		"identifiers":[
			"injection",
			"formal_code"
		],
		"value":[]
	},
	"numeric_characters":[
		[
			[
				1.0,
				0
			],
			[
				1.1882335663609277e1,
				0
			],
			[
				1.2882335663609277e1,
				0
			],
			[
				1.8958828185881885e1,
				0
			],
			[
				2.1451529359717796e1,
				0
			]
		],
		[
			[
				1.0,
				0
			],
			[
				-5.0220278547047075,
				0
			],
			[
				-4.0220278547047075,
				0
			],
			[
				6.502426951284745,
				0
			],
			[
				-0.5963146772363369,
				0
			]
		],
		[
			[
				1.0,
				0
			],
			[
				1.0,
				0
			],
			[
				-1.0,
				0
			],
			[
				0.0,
				0
			],
			[
				0.0,
				0
			]
		],
		[
			[
				1.0,
				0
			],
			[
				-0.27480558792379906,
				0
			],
			[
				0.725194412076201,
				0
			],
			[
				4.836032396331281e-2,
				0
			],
			[
				-0.3726410615663688,
				0
			]
		],
		[
			[
				1.0,
				0
			],
			[
				-1.5855022209807708,
				0
			],
			[
				-0.5855022209807706,
				0
			],
			[
				-1.509615461129942,
				0
			],
			[
				2.5174263790849083,
				0
			]
		]
	],
	"numeric_frobenius_perron_dimensions":[
		1.0,
		1.1882335663609277e1,
		1.2882335663609277e1,
		1.8958828185881885e1,
		2.1451529359717796e1
	],
	"numeric_frobenius_perron_dimension":1.1277497510252044e3,
	"info":"Fusion ring. mult_tab provides structure constants. barcode and formal_code provide unique identifiers see (DOI: 10.1063\/5.0148848). sub_fusion_rings provides tuples where the first element corresponds to the elements of the ring that form the subring isomorphic to the ring identified by the second element of the tuple. software provides doi of original software used to represent fusion ring.",
	"comments":[
		""
	]
}