{
	"references":[
		""
	],
	"software":[
		"https:\/\/doi.org\/10.5281\/zenodo.15920400"
	],
	"mult_tab":[
		[
			[
				1,
				0,
				0,
				0,
				0
			],
			[
				0,
				1,
				0,
				0,
				0
			],
			[
				0,
				0,
				1,
				0,
				0
			],
			[
				0,
				0,
				0,
				1,
				0
			],
			[
				0,
				0,
				0,
				0,
				1
			]
		],
		[
			[
				0,
				1,
				0,
				0,
				0
			],
			[
				1,
				0,
				0,
				4,
				4
			],
			[
				0,
				0,
				5,
				4,
				4
			],
			[
				0,
				4,
				4,
				5,
				4
			],
			[
				0,
				4,
				4,
				4,
				7
			]
		],
		[
			[
				0,
				0,
				1,
				0,
				0
			],
			[
				0,
				0,
				5,
				4,
				4
			],
			[
				1,
				5,
				1,
				6,
				8
			],
			[
				0,
				4,
				6,
				6,
				8
			],
			[
				0,
				4,
				8,
				8,
				8
			]
		],
		[
			[
				0,
				0,
				0,
				1,
				0
			],
			[
				0,
				4,
				4,
				5,
				4
			],
			[
				0,
				4,
				6,
				6,
				8
			],
			[
				1,
				5,
				6,
				12,
				6
			],
			[
				0,
				4,
				8,
				6,
				14
			]
		],
		[
			[
				0,
				0,
				0,
				0,
				1
			],
			[
				0,
				4,
				4,
				4,
				7
			],
			[
				0,
				4,
				8,
				8,
				8
			],
			[
				0,
				4,
				8,
				6,
				14
			],
			[
				1,
				7,
				8,
				14,
				10
			]
		]
	],
	"texnames":[
		"\\text{FR}^{5,14,0}_{113}"
	],
	"barcode":[
		6,
		8,
		4,
		4,
		0,
		9,
		7,
		0,
		7,
		8,
		0,
		3,
		0,
		6,
		8,
		2,
		0,
		8,
		2,
		8,
		2,
		7,
		0,
		4,
		7,
		6,
		6,
		1,
		8,
		9,
		7,
		5,
		4,
		7,
		1,
		1,
		4,
		4,
		5,
		6,
		1,
		5,
		9,
		2,
		5,
		3,
		9,
		9,
		6,
		2,
		5,
		1,
		0,
		8,
		5,
		5,
		3,
		4,
		7,
		1,
		4,
		9,
		7,
		0,
		2,
		4,
		8,
		9,
		5,
		4,
		0,
		0,
		8,
		7,
		7,
		3,
		0,
		7,
		1,
		1,
		7,
		1,
		2,
		8,
		6,
		9,
		1,
		4,
		3,
		4,
		8,
		6,
		8,
		7,
		4,
		2,
		4,
		3,
		9,
		5,
		3,
		2,
		3,
		8,
		1,
		9,
		9,
		5,
		2,
		3,
		2,
		4,
		1,
		5,
		9,
		5,
		2,
		1,
		1,
		0,
		2,
		6,
		1,
		9,
		4,
		4,
		1,
		0,
		5,
		3,
		9,
		8,
		4,
		2,
		7,
		6,
		8,
		8,
		1,
		9,
		7,
		2,
		9,
		0,
		0,
		1
	],
	"formal_code":[
		5,
		14,
		0,
		113
	],
	"tensor_product_decompositions":{
		"identifiers":[
			"formal_code"
		],
		"value":[]
	},
	"sub_fusion_rings":{
		"identifiers":[
			"injection",
			"formal_code"
		],
		"value":[]
	},
	"numeric_characters":[
		[
			[
				1.0,
				0
			],
			[
				1.5287872036236854e1,
				0
			],
			[
				2.262071598253256e1,
				0
			],
			[
				2.690067369700923e1,
				0
			],
			[
				3.1279084152078962e1,
				0
			]
		],
		[
			[
				1.0,
				0
			],
			[
				-3.5851466711749924,
				0
			],
			[
				-1.3806725857852875,
				0
			],
			[
				1.746945288437489,
				0
			],
			[
				1.2163738750217936,
				0
			]
		],
		[
			[
				1.0,
				0
			],
			[
				3.2586649240831136,
				0
			],
			[
				-5.523863396816289,
				0
			],
			[
				0.24709428590584703,
				0
			],
			[
				2.1576299859565538,
				0
			]
		],
		[
			[
				1.0,
				0
			],
			[
				8.902799186368524e-2,
				0
			],
			[
				0.20201174330073324,
				0
			],
			[
				-0.18890253757084055,
				0
			],
			[
				-5.911596659533934e-2,
				0
			]
		],
		[
			[
				1.0,
				0
			],
			[
				1.9495817189913405,
				0
			],
			[
				-0.918191743231714,
				0
			],
			[
				7.294189266218277,
				0
			],
			[
				-6.593972046461969,
				0
			]
		]
	],
	"numeric_frobenius_perron_dimensions":[
		1.0,
		1.5287872036236854e1,
		2.2620715982532555e1,
		2.690067369700923e1,
		3.1279084152078962e1
	],
	"numeric_frobenius_perron_dimension":2.448443173704558e3,
	"info":"Fusion ring. mult_tab provides structure constants. barcode and formal_code provide unique identifiers see (DOI: 10.1063\/5.0148848). sub_fusion_rings provides tuples where the first element corresponds to the elements of the ring that form the subring isomorphic to the ring identified by the second element of the tuple. software provides doi of original software used to represent fusion ring.",
	"comments":[
		""
	]
}