{
	"references":[
		""
	],
	"software":[
		"https:\/\/doi.org\/10.5281\/zenodo.15920400"
	],
	"mult_tab":[
		[
			[
				1,
				0,
				0,
				0,
				0
			],
			[
				0,
				1,
				0,
				0,
				0
			],
			[
				0,
				0,
				1,
				0,
				0
			],
			[
				0,
				0,
				0,
				1,
				0
			],
			[
				0,
				0,
				0,
				0,
				1
			]
		],
		[
			[
				0,
				1,
				0,
				0,
				0
			],
			[
				1,
				0,
				8,
				0,
				10
			],
			[
				0,
				8,
				2,
				7,
				4
			],
			[
				0,
				0,
				7,
				10,
				6
			],
			[
				0,
				10,
				4,
				6,
				5
			]
		],
		[
			[
				0,
				0,
				1,
				0,
				0
			],
			[
				0,
				8,
				2,
				7,
				4
			],
			[
				1,
				2,
				4,
				6,
				10
			],
			[
				0,
				7,
				6,
				8,
				6
			],
			[
				0,
				4,
				10,
				6,
				7
			]
		],
		[
			[
				0,
				0,
				0,
				1,
				0
			],
			[
				0,
				0,
				7,
				10,
				6
			],
			[
				0,
				7,
				6,
				8,
				6
			],
			[
				1,
				10,
				8,
				2,
				12
			],
			[
				0,
				6,
				6,
				12,
				7
			]
		],
		[
			[
				0,
				0,
				0,
				0,
				1
			],
			[
				0,
				10,
				4,
				6,
				5
			],
			[
				0,
				4,
				10,
				6,
				7
			],
			[
				0,
				6,
				6,
				12,
				7
			],
			[
				1,
				5,
				7,
				7,
				12
			]
		]
	],
	"texnames":[
		"\\text{FR}^{5,12,0}_{459}"
	],
	"barcode":[
		1,
		3,
		4,
		5,
		7,
		8,
		5,
		2,
		8,
		7,
		0,
		6,
		3,
		2,
		5,
		1,
		9,
		2,
		9,
		5,
		4,
		0,
		9,
		2,
		4,
		6,
		7,
		7,
		1,
		2,
		3,
		4,
		6,
		1,
		8,
		9,
		2,
		7,
		2,
		8,
		6,
		7,
		9,
		5,
		7,
		5,
		2,
		4,
		0,
		2,
		1,
		5,
		5,
		1,
		6,
		9,
		4,
		6,
		3,
		7,
		2,
		6,
		9,
		9,
		6,
		3,
		2,
		9,
		3,
		7,
		1,
		1,
		6,
		5,
		0,
		0,
		5,
		8,
		4,
		0,
		8,
		6,
		6,
		4,
		7,
		3,
		2,
		7,
		2,
		8,
		7,
		4,
		8,
		4,
		1,
		6,
		0,
		4,
		5,
		3,
		7,
		6,
		0,
		9,
		9,
		3,
		0,
		3,
		4,
		1,
		3,
		4,
		8,
		7,
		5,
		3,
		0,
		4,
		0,
		0,
		6,
		4,
		0,
		2,
		7,
		1,
		5,
		2,
		1,
		2,
		1,
		2,
		5,
		1,
		2,
		3,
		8,
		9,
		2
	],
	"formal_code":[
		5,
		12,
		0,
		459
	],
	"tensor_product_decompositions":{
		"identifiers":[
			"formal_code"
		],
		"value":[]
	},
	"sub_fusion_rings":{
		"identifiers":[
			"injection",
			"formal_code"
		],
		"value":[]
	},
	"numeric_characters":[
		[
			[
				1.0,
				0
			],
			[
				2.203213681224695e1,
				0
			],
			[
				2.4558576263253855e1,
				0
			],
			[
				2.8646441165501646e1,
				0
			],
			[
				2.8794644240753644e1,
				0
			]
		],
		[
			[
				1.0,
				0
			],
			[
				7.0924749852511555,
				0
			],
			[
				0.38569564674530454,
				0
			],
			[
				-1.0466101278002698e1,
				0
			],
			[
				4.621763624245094,
				0
			]
		],
		[
			[
				1.0,
				0
			],
			[
				-1.0,
				0
			],
			[
				-5.0,
				0
			],
			[
				1.0,
				0
			],
			[
				4.0,
				0
			]
		],
		[
			[
				1.0,
				0
			],
			[
				-1.1148147475785692e1,
				0
			],
			[
				6.980103995381377,
				0
			],
			[
				-4.223771570405156,
				0
			],
			[
				6.744036017881587,
				0
			]
		],
		[
			[
				1.0,
				0
			],
			[
				2.353567828758451e-2,
				0
			],
			[
				7.56240946194641e-2,
				0
			],
			[
				4.3431682906207386e-2,
				0
			],
			[
				-0.1604438828803256,
				0
			]
		]
	],
	"numeric_frobenius_perron_dimensions":[
		1.0,
		2.2032136812246954e1,
		2.4558576263253855e1,
		2.864644116550165e1,
		2.8794644240753644e1
	],
	"numeric_frobenius_perron_dimension":2.7392888489917377e3,
	"info":"Fusion ring. mult_tab provides structure constants. barcode and formal_code provide unique identifiers see (DOI: 10.1063\/5.0148848). sub_fusion_rings provides tuples where the first element corresponds to the elements of the ring that form the subring isomorphic to the ring identified by the second element of the tuple. software provides doi of original software used to represent fusion ring.",
	"comments":[
		""
	]
}