{
	"references":[
		""
	],
	"software":[
		"https:\/\/doi.org\/10.5281\/zenodo.15920400"
	],
	"mult_tab":[
		[
			[
				1,
				0,
				0,
				0,
				0
			],
			[
				0,
				1,
				0,
				0,
				0
			],
			[
				0,
				0,
				1,
				0,
				0
			],
			[
				0,
				0,
				0,
				1,
				0
			],
			[
				0,
				0,
				0,
				0,
				1
			]
		],
		[
			[
				0,
				1,
				0,
				0,
				0
			],
			[
				1,
				0,
				0,
				0,
				0
			],
			[
				0,
				0,
				1,
				0,
				0
			],
			[
				0,
				0,
				0,
				1,
				0
			],
			[
				0,
				0,
				0,
				0,
				1
			]
		],
		[
			[
				0,
				0,
				1,
				0,
				0
			],
			[
				0,
				0,
				1,
				0,
				0
			],
			[
				1,
				1,
				4,
				3,
				3
			],
			[
				0,
				0,
				3,
				5,
				3
			],
			[
				0,
				0,
				3,
				3,
				5
			]
		],
		[
			[
				0,
				0,
				0,
				1,
				0
			],
			[
				0,
				0,
				0,
				1,
				0
			],
			[
				0,
				0,
				3,
				5,
				3
			],
			[
				1,
				1,
				5,
				0,
				7
			],
			[
				0,
				0,
				3,
				7,
				2
			]
		],
		[
			[
				0,
				0,
				0,
				0,
				1
			],
			[
				0,
				0,
				0,
				0,
				1
			],
			[
				0,
				0,
				3,
				3,
				5
			],
			[
				0,
				0,
				3,
				7,
				2
			],
			[
				1,
				1,
				5,
				2,
				5
			]
		]
	],
	"texnames":[
		"\\text{FR}^{5,7,0}_{198}"
	],
	"barcode":[
		9,
		6,
		1,
		9,
		6,
		6,
		7,
		1,
		1,
		5,
		1,
		5,
		9,
		4,
		6,
		1,
		3,
		2,
		2,
		9,
		6,
		4,
		4,
		3,
		8,
		9,
		1,
		3,
		4,
		0,
		4,
		9,
		5,
		4,
		0,
		2,
		5,
		5,
		0,
		8,
		0,
		7,
		5,
		8,
		7,
		3,
		6,
		3,
		0,
		7,
		6,
		4,
		2,
		5,
		5,
		4,
		0,
		6,
		7,
		9,
		1,
		9,
		6,
		3,
		2,
		8,
		3,
		0,
		3,
		5,
		6,
		4,
		7,
		5,
		0,
		0,
		8,
		7,
		3,
		0,
		2,
		1,
		5,
		3,
		8,
		8,
		3,
		5,
		2,
		9,
		3,
		8,
		4,
		5,
		5,
		0,
		7,
		2,
		0,
		5,
		3,
		7,
		9,
		5,
		3,
		2,
		7,
		5,
		5,
		8,
		3,
		2
	],
	"formal_code":[
		5,
		7,
		0,
		198
	],
	"tensor_product_decompositions":{
		"identifiers":[
			"formal_code"
		],
		"value":[]
	},
	"sub_fusion_rings":{
		"identifiers":[
			"injection",
			"formal_code"
		],
		"value":[
			[
				[
					1,
					2
				],
				[
					2,
					1,
					0,
					1
				]
			]
		]
	},
	"numeric_characters":[
		[
			[
				1.0,
				0
			],
			[
				1.0,
				0
			],
			[
				1.0744562646538029e1,
				0
			],
			[
				1.1744562646538029e1,
				0
			],
			[
				1.1744562646538029e1,
				0
			]
		],
		[
			[
				1.0,
				0
			],
			[
				1.0,
				0
			],
			[
				2.0,
				0
			],
			[
				-6.701562118716424,
				0
			],
			[
				4.701562118716424,
				0
			]
		],
		[
			[
				1.0,
				0
			],
			[
				1.0,
				0
			],
			[
				-0.7445626465380286,
				0
			],
			[
				0.2554373534619714,
				0
			],
			[
				0.2554373534619714,
				0
			]
		],
		[
			[
				1.0,
				0
			],
			[
				1.0,
				0
			],
			[
				2.0,
				0
			],
			[
				-0.29843788128357573,
				0
			],
			[
				-1.7015621187164243,
				0
			]
		],
		[
			[
				1.0,
				0
			],
			[
				-1.0,
				0
			],
			[
				0.0,
				0
			],
			[
				0.0,
				0
			],
			[
				0.0,
				0
			]
		]
	],
	"numeric_frobenius_perron_dimensions":[
		1.0,
		1.0,
		1.0744562646538029e1,
		1.1744562646538029e1,
		1.1744562646538029e1
	],
	"numeric_frobenius_perron_dimension":3.93315129982293e2,
	"info":"Fusion ring. mult_tab provides structure constants. barcode and formal_code provide unique identifiers see (DOI: 10.1063\/5.0148848). sub_fusion_rings provides tuples where the first element corresponds to the elements of the ring that form the subring isomorphic to the ring identified by the second element of the tuple. software provides doi of original software used to represent fusion ring.",
	"comments":[
		""
	]
}