{
	"references":[
		""
	],
	"software":[
		"https:\/\/doi.org\/10.5281\/zenodo.15920400"
	],
	"mult_tab":[
		[
			[
				1,
				0,
				0,
				0,
				0
			],
			[
				0,
				1,
				0,
				0,
				0
			],
			[
				0,
				0,
				1,
				0,
				0
			],
			[
				0,
				0,
				0,
				1,
				0
			],
			[
				0,
				0,
				0,
				0,
				1
			]
		],
		[
			[
				0,
				1,
				0,
				0,
				0
			],
			[
				1,
				12,
				1,
				2,
				3
			],
			[
				0,
				1,
				12,
				3,
				3
			],
			[
				0,
				2,
				3,
				9,
				9
			],
			[
				0,
				3,
				3,
				9,
				9
			]
		],
		[
			[
				0,
				0,
				1,
				0,
				0
			],
			[
				0,
				1,
				12,
				3,
				3
			],
			[
				1,
				12,
				10,
				1,
				2
			],
			[
				0,
				3,
				1,
				11,
				11
			],
			[
				0,
				3,
				2,
				11,
				11
			]
		],
		[
			[
				0,
				0,
				0,
				1,
				0
			],
			[
				0,
				2,
				3,
				9,
				9
			],
			[
				0,
				3,
				1,
				11,
				11
			],
			[
				1,
				9,
				11,
				11,
				11
			],
			[
				0,
				9,
				11,
				11,
				12
			]
		],
		[
			[
				0,
				0,
				0,
				0,
				1
			],
			[
				0,
				3,
				3,
				9,
				9
			],
			[
				0,
				3,
				2,
				11,
				11
			],
			[
				0,
				9,
				11,
				11,
				12
			],
			[
				1,
				9,
				11,
				12,
				12
			]
		]
	],
	"texnames":[
		"\\text{FR}^{5,12,0}_{1565}"
	],
	"barcode":[
		1,
		3,
		4,
		5,
		7,
		8,
		5,
		2,
		8,
		7,
		0,
		6,
		3,
		2,
		5,
		1,
		9,
		2,
		9,
		5,
		4,
		0,
		9,
		2,
		4,
		6,
		7,
		7,
		1,
		2,
		3,
		4,
		6,
		1,
		8,
		7,
		3,
		9,
		3,
		4,
		1,
		0,
		9,
		6,
		5,
		1,
		8,
		0,
		1,
		7,
		8,
		1,
		4,
		6,
		6,
		1,
		9,
		9,
		6,
		3,
		3,
		9,
		1,
		9,
		2,
		0,
		5,
		8,
		5,
		5,
		1,
		0,
		0,
		5,
		8,
		6,
		6,
		4,
		6,
		7,
		9,
		9,
		4,
		3,
		3,
		9,
		2,
		8,
		6,
		3,
		2,
		2,
		1,
		6,
		1,
		3,
		1,
		4,
		5,
		4,
		8,
		8,
		2,
		8,
		5,
		3,
		6,
		5,
		6,
		4,
		2,
		2,
		4,
		1,
		6,
		4,
		7,
		7,
		4,
		4,
		6,
		8,
		9,
		6,
		7,
		9,
		1,
		6,
		6,
		3,
		0,
		3,
		5,
		3,
		6,
		3,
		3,
		3,
		0
	],
	"formal_code":[
		5,
		12,
		0,
		1565
	],
	"tensor_product_decompositions":{
		"identifiers":[
			"formal_code"
		],
		"value":[]
	},
	"sub_fusion_rings":{
		"identifiers":[
			"injection",
			"formal_code"
		],
		"value":[]
	},
	"numeric_characters":[
		[
			[
				1.0,
				0
			],
			[
				2.1567027357478068e1,
				0
			],
			[
				2.483190832332641e1,
				0
			],
			[
				3.5500086485028845e1,
				0
			],
			[
				3.6500086485028845e1,
				0
			]
		],
		[
			[
				1.0,
				0
			],
			[
				9.443905370375896,
				0
			],
			[
				1.5724207679673544e1,
				0
			],
			[
				-8.77274469591392,
				0
			],
			[
				-7.77274469591392,
				0
			]
		],
		[
			[
				1.0,
				0
			],
			[
				1.112019726631711e1,
				0
			],
			[
				-7.558149094516922,
				0
			],
			[
				-1.245086171896376,
				0
			],
			[
				-0.24508617189637597,
				0
			]
		],
		[
			[
				1.0,
				0
			],
			[
				0.0,
				0
			],
			[
				0.0,
				0
			],
			[
				1.0,
				0
			],
			[
				-1.0,
				0
			]
		],
		[
			[
				1.0,
				0
			],
			[
				-0.1311299941710756,
				0
			],
			[
				2.0330915169676027e-3,
				0
			],
			[
				-0.4822556172185508,
				0
			],
			[
				0.5177443827814492,
				0
			]
		]
	],
	"numeric_frobenius_perron_dimensions":[
		1.0,
		2.1567027357478064e1,
		2.483190832332641e1,
		3.5500086485028845e1,
		3.6500086485028845e1
	],
	"numeric_frobenius_perron_dimension":3.675272793875408e3,
	"info":"Fusion ring. mult_tab provides structure constants. barcode and formal_code provide unique identifiers see (DOI: 10.1063\/5.0148848). sub_fusion_rings provides tuples where the first element corresponds to the elements of the ring that form the subring isomorphic to the ring identified by the second element of the tuple. software provides doi of original software used to represent fusion ring.",
	"comments":[
		""
	]
}