{
	"references":[
		""
	],
	"software":[
		"https:\/\/doi.org\/10.5281\/zenodo.15920400"
	],
	"mult_tab":[
		[
			[
				1,
				0,
				0,
				0,
				0
			],
			[
				0,
				1,
				0,
				0,
				0
			],
			[
				0,
				0,
				1,
				0,
				0
			],
			[
				0,
				0,
				0,
				1,
				0
			],
			[
				0,
				0,
				0,
				0,
				1
			]
		],
		[
			[
				0,
				1,
				0,
				0,
				0
			],
			[
				1,
				4,
				2,
				0,
				0
			],
			[
				0,
				2,
				2,
				2,
				1
			],
			[
				0,
				0,
				2,
				3,
				4
			],
			[
				0,
				0,
				1,
				4,
				4
			]
		],
		[
			[
				0,
				0,
				1,
				0,
				0
			],
			[
				0,
				2,
				2,
				2,
				1
			],
			[
				1,
				2,
				2,
				3,
				5
			],
			[
				0,
				2,
				3,
				8,
				7
			],
			[
				0,
				1,
				5,
				7,
				8
			]
		],
		[
			[
				0,
				0,
				0,
				1,
				0
			],
			[
				0,
				0,
				2,
				3,
				4
			],
			[
				0,
				2,
				3,
				8,
				7
			],
			[
				1,
				3,
				8,
				11,
				14
			],
			[
				0,
				4,
				7,
				14,
				13
			]
		],
		[
			[
				0,
				0,
				0,
				0,
				1
			],
			[
				0,
				0,
				1,
				4,
				4
			],
			[
				0,
				1,
				5,
				7,
				8
			],
			[
				0,
				4,
				7,
				14,
				13
			],
			[
				1,
				4,
				8,
				13,
				15
			]
		]
	],
	"texnames":[
		"\\text{FR}^{5,15,0}_{588}"
	],
	"barcode":[
		2,
		0,
		4,
		5,
		8,
		6,
		9,
		2,
		5,
		1,
		8,
		7,
		8,
		3,
		9,
		8,
		6,
		8,
		3,
		8,
		6,
		4,
		3,
		6,
		6,
		2,
		8,
		4,
		5,
		9,
		5,
		4,
		2,
		6,
		5,
		0,
		0,
		4,
		7,
		0,
		9,
		2,
		6,
		2,
		3,
		8,
		8,
		6,
		3,
		9,
		4,
		1,
		7,
		7,
		2,
		7,
		5,
		2,
		3,
		5,
		9,
		2,
		4,
		3,
		7,
		9,
		6,
		9,
		9,
		1,
		0,
		3,
		1,
		4,
		9,
		2,
		4,
		3,
		2,
		3,
		9,
		5,
		9,
		1,
		1,
		2,
		5,
		8,
		1,
		5,
		2,
		8,
		0,
		7,
		6,
		0,
		3,
		9,
		2,
		3,
		1,
		3,
		6,
		2,
		2,
		0,
		0,
		4,
		4,
		6,
		3,
		0,
		7,
		7,
		7,
		4,
		2,
		2,
		4,
		6,
		5,
		3,
		0,
		5,
		0,
		4,
		4,
		8,
		4,
		3,
		8,
		2,
		3,
		4,
		4,
		2,
		2,
		2,
		4,
		6,
		3,
		2,
		2,
		7,
		9,
		2,
		0,
		4,
		2,
		0
	],
	"formal_code":[
		5,
		15,
		0,
		588
	],
	"tensor_product_decompositions":{
		"identifiers":[
			"formal_code"
		],
		"value":[]
	},
	"sub_fusion_rings":{
		"identifiers":[
			"injection",
			"formal_code"
		],
		"value":[]
	},
	"numeric_characters":[
		[
			[
				1.0,
				0
			],
			[
				8.340143869751486,
				0
			],
			[
				1.759871214457368e1,
				0
			],
			[
				3.109334839689566e1,
				0
			],
			[
				3.271138238564556e1,
				0
			]
		],
		[
			[
				1.0,
				0
			],
			[
				0.895924107748303,
				0
			],
			[
				-1.8905082120743095,
				0
			],
			[
				-0.4408725543971323,
				0
			],
			[
				1.1771614343527625,
				0
			]
		],
		[
			[
				1.0,
				0
			],
			[
				-0.29121524593211506,
				0
			],
			[
				0.12483365159588129,
				0
			],
			[
				0.304814571624088,
				0
			],
			[
				-0.31321941712580686,
				0
			]
		],
		[
			[
				1.0,
				0
			],
			[
				5.055147268432325,
				0
			],
			[
				2.1669624159047496,
				0
			],
			[
				-0.9572904141226158,
				0
			],
			[
				-1.5753244028725106,
				0
			]
		],
		[
			[
				1.0,
				0
			],
			[
				-1.0,
				0
			],
			[
				2.0,
				0
			],
			[
				-3.0,
				0
			],
			[
				2.0,
				0
			]
		]
	],
	"numeric_frobenius_perron_dimensions":[
		1.0,
		8.34014386975149,
		1.759871214457368e1,
		3.109334839689566e1,
		3.271138238564556e1
	],
	"numeric_frobenius_perron_dimension":2.417103521026375e3,
	"info":"Fusion ring. mult_tab provides structure constants. barcode and formal_code provide unique identifiers see (DOI: 10.1063\/5.0148848). sub_fusion_rings provides tuples where the first element corresponds to the elements of the ring that form the subring isomorphic to the ring identified by the second element of the tuple. software provides doi of original software used to represent fusion ring.",
	"comments":[
		""
	]
}