{
	"references":[
		""
	],
	"software":[
		"https:\/\/doi.org\/10.5281\/zenodo.15920400"
	],
	"mult_tab":[
		[
			[
				1,
				0,
				0,
				0,
				0
			],
			[
				0,
				1,
				0,
				0,
				0
			],
			[
				0,
				0,
				1,
				0,
				0
			],
			[
				0,
				0,
				0,
				1,
				0
			],
			[
				0,
				0,
				0,
				0,
				1
			]
		],
		[
			[
				0,
				1,
				0,
				0,
				0
			],
			[
				1,
				2,
				1,
				0,
				1
			],
			[
				0,
				1,
				0,
				2,
				2
			],
			[
				0,
				0,
				2,
				1,
				3
			],
			[
				0,
				1,
				2,
				3,
				4
			]
		],
		[
			[
				0,
				0,
				1,
				0,
				0
			],
			[
				0,
				1,
				0,
				2,
				2
			],
			[
				1,
				0,
				4,
				0,
				4
			],
			[
				0,
				2,
				0,
				5,
				4
			],
			[
				0,
				2,
				4,
				4,
				7
			]
		],
		[
			[
				0,
				0,
				0,
				1,
				0
			],
			[
				0,
				0,
				2,
				1,
				3
			],
			[
				0,
				2,
				0,
				5,
				4
			],
			[
				1,
				1,
				5,
				2,
				6
			],
			[
				0,
				3,
				4,
				6,
				9
			]
		],
		[
			[
				0,
				0,
				0,
				0,
				1
			],
			[
				0,
				1,
				2,
				3,
				4
			],
			[
				0,
				2,
				4,
				4,
				7
			],
			[
				0,
				3,
				4,
				6,
				9
			],
			[
				1,
				4,
				7,
				9,
				14
			]
		]
	],
	"texnames":[
		"\\text{FR}^{5,14,0}_{911}"
	],
	"barcode":[
		6,
		8,
		4,
		4,
		0,
		9,
		7,
		0,
		7,
		8,
		0,
		3,
		0,
		6,
		8,
		2,
		0,
		8,
		2,
		8,
		2,
		7,
		0,
		4,
		7,
		6,
		6,
		1,
		8,
		9,
		7,
		5,
		4,
		7,
		1,
		1,
		9,
		4,
		1,
		4,
		7,
		0,
		1,
		5,
		6,
		5,
		2,
		5,
		0,
		2,
		8,
		2,
		6,
		0,
		8,
		5,
		3,
		5,
		5,
		7,
		3,
		5,
		4,
		6,
		0,
		3,
		2,
		1,
		9,
		3,
		5,
		3,
		5,
		7,
		4,
		0,
		0,
		2,
		1,
		5,
		8,
		3,
		2,
		9,
		4,
		4,
		2,
		9,
		0,
		2,
		5,
		8,
		8,
		7,
		6,
		0,
		1,
		1,
		8,
		6,
		8,
		7,
		1,
		1,
		4,
		6,
		8,
		1,
		8,
		5,
		9,
		8,
		3,
		3,
		2,
		5,
		3,
		1,
		5,
		0,
		4,
		4,
		7,
		6,
		2,
		6,
		2,
		8,
		0,
		0,
		0,
		1,
		4,
		1,
		2,
		6,
		1,
		8,
		8,
		9,
		4,
		9,
		1,
		7,
		2,
		7
	],
	"formal_code":[
		5,
		14,
		0,
		911
	],
	"tensor_product_decompositions":{
		"identifiers":[
			"formal_code"
		],
		"value":[]
	},
	"sub_fusion_rings":{
		"identifiers":[
			"injection",
			"formal_code"
		],
		"value":[]
	},
	"numeric_characters":[
		[
			[
				1.0,
				0
			],
			[
				7.214422427062167,
				0
			],
			[
				1.2143977289500048e1,
				0
			],
			[
				1.5723611029547119e1,
				0
			],
			[
				2.447506881247319e1,
				0
			]
		],
		[
			[
				1.0,
				0
			],
			[
				2.324298792525254,
				0
			],
			[
				0.12275653764823674,
				0
			],
			[
				-0.6504987143830472,
				0
			],
			[
				-0.368989245764391,
				0
			]
		],
		[
			[
				1.0,
				0
			],
			[
				-0.3493098563009582,
				0
			],
			[
				0.5315527755958478,
				0
			],
			[
				0.7927323036055339,
				0
			],
			[
				-0.7109156872849354,
				0
			]
		],
		[
			[
				1.0,
				0
			],
			[
				-0.3767343269168972,
				0
			],
			[
				-0.7626202381561139,
				0
			],
			[
				-0.3259978705515136,
				0
			],
			[
				0.6580176450674359,
				0
			]
		],
		[
			[
				1.0,
				0
			],
			[
				-1.8126770363695657,
				0
			],
			[
				4.964333635411981,
				0
			],
			[
				-4.539846748218091,
				0
			],
			[
				0.9468184755087027,
				0
			]
		]
	],
	"numeric_frobenius_perron_dimensions":[
		1.0,
		7.214422427062167,
		1.2143977289500048e1,
		1.5723611029547119e1,
		2.447506881247319e1
	],
	"numeric_frobenius_perron_dimension":1.046785012547784e3,
	"info":"Fusion ring. mult_tab provides structure constants. barcode and formal_code provide unique identifiers see (DOI: 10.1063\/5.0148848). sub_fusion_rings provides tuples where the first element corresponds to the elements of the ring that form the subring isomorphic to the ring identified by the second element of the tuple. software provides doi of original software used to represent fusion ring.",
	"comments":[
		""
	]
}