{
	"references":[
		""
	],
	"software":[
		"https:\/\/doi.org\/10.5281\/zenodo.15920400"
	],
	"mult_tab":[
		[
			[
				1,
				0,
				0,
				0,
				0
			],
			[
				0,
				1,
				0,
				0,
				0
			],
			[
				0,
				0,
				1,
				0,
				0
			],
			[
				0,
				0,
				0,
				1,
				0
			],
			[
				0,
				0,
				0,
				0,
				1
			]
		],
		[
			[
				0,
				1,
				0,
				0,
				0
			],
			[
				1,
				0,
				0,
				4,
				6
			],
			[
				0,
				0,
				1,
				4,
				6
			],
			[
				0,
				4,
				4,
				2,
				5
			],
			[
				0,
				6,
				6,
				5,
				2
			]
		],
		[
			[
				0,
				0,
				1,
				0,
				0
			],
			[
				0,
				0,
				1,
				4,
				6
			],
			[
				1,
				1,
				1,
				4,
				6
			],
			[
				0,
				4,
				4,
				3,
				5
			],
			[
				0,
				6,
				6,
				5,
				3
			]
		],
		[
			[
				0,
				0,
				0,
				1,
				0
			],
			[
				0,
				4,
				4,
				2,
				5
			],
			[
				0,
				4,
				4,
				3,
				5
			],
			[
				1,
				2,
				3,
				12,
				2
			],
			[
				0,
				5,
				5,
				2,
				10
			]
		],
		[
			[
				0,
				0,
				0,
				0,
				1
			],
			[
				0,
				6,
				6,
				5,
				2
			],
			[
				0,
				6,
				6,
				5,
				3
			],
			[
				0,
				5,
				5,
				2,
				10
			],
			[
				1,
				2,
				3,
				10,
				10
			]
		]
	],
	"texnames":[
		"\\text{FR}^{5,12,0}_{1347}"
	],
	"barcode":[
		1,
		3,
		4,
		5,
		7,
		8,
		5,
		2,
		8,
		7,
		0,
		6,
		3,
		2,
		5,
		1,
		9,
		2,
		9,
		5,
		4,
		0,
		9,
		2,
		4,
		6,
		7,
		7,
		1,
		2,
		3,
		4,
		6,
		1,
		8,
		7,
		6,
		9,
		7,
		3,
		6,
		0,
		4,
		9,
		2,
		4,
		9,
		1,
		2,
		6,
		8,
		3,
		5,
		4,
		8,
		0,
		6,
		9,
		8,
		0,
		6,
		7,
		4,
		5,
		0,
		6,
		8,
		2,
		8,
		1,
		5,
		1,
		3,
		5,
		5,
		7,
		4,
		1,
		4,
		8,
		3,
		0,
		6,
		7,
		0,
		0,
		3,
		6,
		3,
		1,
		2,
		2,
		8,
		7,
		7,
		0,
		2,
		8,
		8,
		0,
		6,
		2,
		8,
		7,
		0,
		7,
		0,
		6,
		2,
		6,
		6,
		3,
		2,
		4,
		1,
		9,
		4,
		2,
		6,
		5,
		7,
		1,
		9,
		5,
		2,
		7,
		0,
		6,
		5,
		8,
		4,
		1,
		1,
		8,
		2,
		8,
		7,
		9,
		3
	],
	"formal_code":[
		5,
		12,
		0,
		1347
	],
	"tensor_product_decompositions":{
		"identifiers":[
			"formal_code"
		],
		"value":[]
	},
	"sub_fusion_rings":{
		"identifiers":[
			"injection",
			"formal_code"
		],
		"value":[]
	},
	"numeric_characters":[
		[
			[
				1.0,
				0
			],
			[
				1.4362740125887521e1,
				0
			],
			[
				1.5362740125887521e1,
				0
			],
			[
				1.8474397967340042e1,
				0
			],
			[
				2.1898452009069885e1,
				0
			]
		],
		[
			[
				1.0,
				0
			],
			[
				-2.4945551503031083,
				0
			],
			[
				-1.494555150303108,
				0
			],
			[
				9.993011844299888,
				0
			],
			[
				-5.791540329882632,
				0
			]
		],
		[
			[
				1.0,
				0
			],
			[
				-7.436571843428055,
				0
			],
			[
				-6.436571843428055,
				0
			],
			[
				1.677864532373168,
				0
			],
			[
				7.931857108829044,
				0
			]
		],
		[
			[
				1.0,
				0
			],
			[
				1.0,
				0
			],
			[
				-1.0,
				0
			],
			[
				0.0,
				0
			],
			[
				0.0,
				0
			]
		],
		[
			[
				1.0,
				0
			],
			[
				-0.43161313215635777,
				0
			],
			[
				0.5683868678436422,
				0
			],
			[
				-0.14527434401309833,
				0
			],
			[
				-3.876878801629751e-2,
				0
			]
		]
	],
	"numeric_frobenius_perron_dimensions":[
		1.0,
		1.4362740125887521e1,
		1.5362740125887521e1,
		1.8474397967340042e1,
		2.1898452009069885e1
	],
	"numeric_frobenius_perron_dimension":1.2641476687485288e3,
	"info":"Fusion ring. mult_tab provides structure constants. barcode and formal_code provide unique identifiers see (DOI: 10.1063\/5.0148848). sub_fusion_rings provides tuples where the first element corresponds to the elements of the ring that form the subring isomorphic to the ring identified by the second element of the tuple. software provides doi of original software used to represent fusion ring.",
	"comments":[
		""
	]
}