{
	"references":[
		""
	],
	"software":[
		"https:\/\/doi.org\/10.5281\/zenodo.15920400"
	],
	"mult_tab":[
		[
			[
				1,
				0,
				0,
				0,
				0
			],
			[
				0,
				1,
				0,
				0,
				0
			],
			[
				0,
				0,
				1,
				0,
				0
			],
			[
				0,
				0,
				0,
				1,
				0
			],
			[
				0,
				0,
				0,
				0,
				1
			]
		],
		[
			[
				0,
				1,
				0,
				0,
				0
			],
			[
				1,
				0,
				0,
				0,
				0
			],
			[
				0,
				0,
				1,
				0,
				0
			],
			[
				0,
				0,
				0,
				1,
				0
			],
			[
				0,
				0,
				0,
				0,
				1
			]
		],
		[
			[
				0,
				0,
				1,
				0,
				0
			],
			[
				0,
				0,
				1,
				0,
				0
			],
			[
				1,
				1,
				6,
				0,
				1
			],
			[
				0,
				0,
				0,
				6,
				2
			],
			[
				0,
				0,
				1,
				2,
				6
			]
		],
		[
			[
				0,
				0,
				0,
				1,
				0
			],
			[
				0,
				0,
				0,
				1,
				0
			],
			[
				0,
				0,
				0,
				6,
				2
			],
			[
				1,
				1,
				6,
				9,
				2
			],
			[
				0,
				0,
				2,
				2,
				12
			]
		],
		[
			[
				0,
				0,
				0,
				0,
				1
			],
			[
				0,
				0,
				0,
				0,
				1
			],
			[
				0,
				0,
				1,
				2,
				6
			],
			[
				0,
				0,
				2,
				2,
				12
			],
			[
				1,
				1,
				6,
				12,
				3
			]
		]
	],
	"texnames":[
		"\\text{FR}^{5,12,0}_{2494}"
	],
	"barcode":[
		1,
		3,
		4,
		5,
		7,
		8,
		5,
		2,
		8,
		7,
		0,
		6,
		3,
		2,
		5,
		1,
		9,
		2,
		9,
		5,
		4,
		0,
		9,
		2,
		4,
		6,
		7,
		7,
		1,
		2,
		3,
		4,
		6,
		1,
		3,
		9,
		6,
		0,
		1,
		0,
		1,
		3,
		3,
		2,
		6,
		1,
		6,
		5,
		6,
		2,
		3,
		4,
		8,
		4,
		6,
		0,
		6,
		4,
		3,
		8,
		1,
		2,
		4,
		9,
		6,
		8,
		1,
		0,
		3,
		4,
		9,
		4,
		0,
		3,
		3,
		7,
		6,
		3,
		0,
		9,
		1,
		6,
		4,
		1,
		8,
		9,
		1,
		9,
		4,
		5,
		7,
		8,
		1,
		5,
		9,
		7,
		7,
		2,
		1,
		0,
		4,
		2,
		4,
		2,
		6,
		2,
		0,
		1,
		9,
		2,
		2,
		8,
		5,
		9,
		1,
		5,
		4,
		3,
		0,
		6,
		3,
		3,
		2,
		4,
		0,
		8,
		4,
		2,
		8,
		6,
		4,
		9,
		8,
		6,
		4,
		4,
		3,
		7,
		7
	],
	"formal_code":[
		5,
		12,
		0,
		2494
	],
	"tensor_product_decompositions":{
		"identifiers":[
			"formal_code"
		],
		"value":[]
	},
	"sub_fusion_rings":{
		"identifiers":[
			"injection",
			"formal_code"
		],
		"value":[
			[
				[
					1,
					2
				],
				[
					2,
					1,
					0,
					1
				]
			]
		]
	},
	"numeric_characters":[
		[
			[
				1.0,
				0
			],
			[
				1.0,
				0
			],
			[
				8.26269517488203,
				0
			],
			[
				1.4757587048460538e1,
				0
			],
			[
				1.6695960503726596e1,
				0
			]
		],
		[
			[
				1.0,
				0
			],
			[
				1.0,
				0
			],
			[
				3.807576092230887,
				0
			],
			[
				9.439616872073293,
				0
			],
			[
				-1.034782085525709e1,
				0
			]
		],
		[
			[
				1.0,
				0
			],
			[
				1.0,
				0
			],
			[
				6.254954891492941,
				0
			],
			[
				-3.1791400586436303,
				0
			],
			[
				-0.4052686543461749,
				0
			]
		],
		[
			[
				1.0,
				0
			],
			[
				1.0,
				0
			],
			[
				-0.32522615860585785,
				0
			],
			[
				-1.806386189020045e-2,
				0
			],
			[
				5.7129005876669664e-2,
				0
			]
		],
		[
			[
				1.0,
				0
			],
			[
				-1.0,
				0
			],
			[
				0.0,
				0
			],
			[
				0.0,
				0
			],
			[
				0.0,
				0
			]
		]
	],
	"numeric_frobenius_perron_dimensions":[
		1.0,
		1.0,
		8.262695174882026,
		1.4757587048460536e1,
		1.6695960503726596e1
	],
	"numeric_frobenius_perron_dimension":5.668136041879072e2,
	"info":"Fusion ring. mult_tab provides structure constants. barcode and formal_code provide unique identifiers see (DOI: 10.1063\/5.0148848). sub_fusion_rings provides tuples where the first element corresponds to the elements of the ring that form the subring isomorphic to the ring identified by the second element of the tuple. software provides doi of original software used to represent fusion ring.",
	"comments":[
		""
	]
}