{
	"references":[
		""
	],
	"software":[
		"https:\/\/doi.org\/10.5281\/zenodo.15920400"
	],
	"mult_tab":[
		[
			[
				1,
				0,
				0,
				0,
				0
			],
			[
				0,
				1,
				0,
				0,
				0
			],
			[
				0,
				0,
				1,
				0,
				0
			],
			[
				0,
				0,
				0,
				1,
				0
			],
			[
				0,
				0,
				0,
				0,
				1
			]
		],
		[
			[
				0,
				1,
				0,
				0,
				0
			],
			[
				1,
				1,
				2,
				1,
				1
			],
			[
				0,
				2,
				0,
				3,
				5
			],
			[
				0,
				1,
				3,
				4,
				3
			],
			[
				0,
				1,
				5,
				3,
				5
			]
		],
		[
			[
				0,
				0,
				1,
				0,
				0
			],
			[
				0,
				2,
				0,
				3,
				5
			],
			[
				1,
				0,
				14,
				5,
				4
			],
			[
				0,
				3,
				5,
				6,
				10
			],
			[
				0,
				5,
				4,
				10,
				13
			]
		],
		[
			[
				0,
				0,
				0,
				1,
				0
			],
			[
				0,
				1,
				3,
				4,
				3
			],
			[
				0,
				3,
				5,
				6,
				10
			],
			[
				1,
				4,
				6,
				13,
				5
			],
			[
				0,
				3,
				10,
				5,
				15
			]
		],
		[
			[
				0,
				0,
				0,
				0,
				1
			],
			[
				0,
				1,
				5,
				3,
				5
			],
			[
				0,
				5,
				4,
				10,
				13
			],
			[
				0,
				3,
				10,
				5,
				15
			],
			[
				1,
				5,
				13,
				15,
				13
			]
		]
	],
	"texnames":[
		"\\text{FR}^{5,15,0}_{600}"
	],
	"barcode":[
		2,
		0,
		4,
		5,
		8,
		6,
		9,
		2,
		5,
		1,
		8,
		7,
		8,
		3,
		9,
		8,
		6,
		8,
		3,
		8,
		6,
		4,
		3,
		6,
		6,
		2,
		8,
		4,
		5,
		9,
		5,
		4,
		2,
		6,
		5,
		0,
		0,
		3,
		2,
		5,
		0,
		3,
		3,
		9,
		9,
		4,
		8,
		8,
		4,
		8,
		5,
		1,
		1,
		0,
		8,
		2,
		6,
		4,
		8,
		5,
		8,
		4,
		0,
		3,
		9,
		7,
		1,
		8,
		5,
		0,
		9,
		5,
		8,
		8,
		1,
		5,
		4,
		9,
		3,
		2,
		8,
		4,
		5,
		5,
		2,
		2,
		0,
		2,
		4,
		7,
		4,
		3,
		9,
		3,
		5,
		4,
		3,
		0,
		1,
		9,
		4,
		1,
		9,
		6,
		8,
		1,
		8,
		9,
		2,
		3,
		2,
		0,
		5,
		0,
		6,
		2,
		5,
		5,
		9,
		2,
		5,
		4,
		6,
		7,
		1,
		5,
		6,
		1,
		4,
		4,
		8,
		8,
		3,
		4,
		4,
		8,
		1,
		7,
		9,
		9,
		9,
		1,
		5,
		3,
		2,
		7,
		5,
		1,
		5,
		3
	],
	"formal_code":[
		5,
		15,
		0,
		600
	],
	"tensor_product_decompositions":{
		"identifiers":[
			"formal_code"
		],
		"value":[]
	},
	"sub_fusion_rings":{
		"identifiers":[
			"injection",
			"formal_code"
		],
		"value":[]
	},
	"numeric_characters":[
		[
			[
				1.0,
				0
			],
			[
				1.1151026585802397e1,
				0
			],
			[
				2.5037108306806402e1,
				0
			],
			[
				2.685667320003791e1,
				0
			],
			[
				3.5263477517818735e1,
				0
			]
		],
		[
			[
				1.0,
				0
			],
			[
				1.5874767023540832,
				0
			],
			[
				-1.3665796665889758,
				0
			],
			[
				9.336595672016646,
				0
			],
			[
				-6.670830760675782,
				0
			]
		],
		[
			[
				1.0,
				0
			],
			[
				-3.564897224417787,
				0
			],
			[
				1.1323376099069268e1,
				0
			],
			[
				-1.8149680937601822,
				0
			],
			[
				-5.558394659298924,
				0
			]
		],
		[
			[
				1.0,
				0
			],
			[
				1.4341201074033394,
				0
			],
			[
				0.17157476620832504,
				0
			],
			[
				-0.4903321970714135,
				0
			],
			[
				-0.23023696029001042,
				0
			]
		],
		[
			[
				1.0,
				0
			],
			[
				-0.6077261711420318,
				0
			],
			[
				-0.16547950549501794,
				0
			],
			[
				0.11203141877704037,
				0
			],
			[
				0.1959848624459813,
				0
			]
		]
	],
	"numeric_frobenius_perron_dimensions":[
		1.0,
		1.1151026585802397e1,
		2.5037108306806402e1,
		2.685667320003791e1,
		3.5263477517818735e1
	],
	"numeric_frobenius_perron_dimension":2.7169959283073676e3,
	"info":"Fusion ring. mult_tab provides structure constants. barcode and formal_code provide unique identifiers see (DOI: 10.1063\/5.0148848). sub_fusion_rings provides tuples where the first element corresponds to the elements of the ring that form the subring isomorphic to the ring identified by the second element of the tuple. software provides doi of original software used to represent fusion ring.",
	"comments":[
		""
	]
}