{
	"references":[
		""
	],
	"software":[
		"https:\/\/doi.org\/10.5281\/zenodo.15920400"
	],
	"mult_tab":[
		[
			[
				1,
				0,
				0,
				0,
				0
			],
			[
				0,
				1,
				0,
				0,
				0
			],
			[
				0,
				0,
				1,
				0,
				0
			],
			[
				0,
				0,
				0,
				1,
				0
			],
			[
				0,
				0,
				0,
				0,
				1
			]
		],
		[
			[
				0,
				1,
				0,
				0,
				0
			],
			[
				1,
				8,
				0,
				0,
				1
			],
			[
				0,
				0,
				8,
				1,
				1
			],
			[
				0,
				0,
				1,
				5,
				5
			],
			[
				0,
				1,
				1,
				5,
				5
			]
		],
		[
			[
				0,
				0,
				1,
				0,
				0
			],
			[
				0,
				0,
				8,
				1,
				1
			],
			[
				1,
				8,
				15,
				0,
				1
			],
			[
				0,
				1,
				0,
				10,
				10
			],
			[
				0,
				1,
				1,
				10,
				10
			]
		],
		[
			[
				0,
				0,
				0,
				1,
				0
			],
			[
				0,
				0,
				1,
				5,
				5
			],
			[
				0,
				1,
				0,
				10,
				10
			],
			[
				1,
				5,
				10,
				10,
				10
			],
			[
				0,
				5,
				10,
				10,
				11
			]
		],
		[
			[
				0,
				0,
				0,
				0,
				1
			],
			[
				0,
				1,
				1,
				5,
				5
			],
			[
				0,
				1,
				1,
				10,
				10
			],
			[
				0,
				5,
				10,
				10,
				11
			],
			[
				1,
				5,
				10,
				11,
				11
			]
		]
	],
	"texnames":[
		"\\text{FR}^{5,15,0}_{1415}"
	],
	"barcode":[
		2,
		0,
		4,
		5,
		8,
		6,
		9,
		2,
		5,
		1,
		8,
		7,
		8,
		3,
		9,
		8,
		6,
		8,
		3,
		8,
		6,
		4,
		3,
		6,
		6,
		2,
		8,
		4,
		5,
		9,
		5,
		4,
		2,
		6,
		5,
		0,
		0,
		4,
		3,
		8,
		1,
		4,
		0,
		0,
		4,
		3,
		2,
		1,
		8,
		2,
		5,
		3,
		6,
		7,
		0,
		1,
		8,
		6,
		5,
		8,
		6,
		3,
		0,
		3,
		5,
		0,
		5,
		5,
		3,
		3,
		4,
		6,
		8,
		7,
		9,
		6,
		3,
		4,
		4,
		2,
		5,
		1,
		9,
		6,
		2,
		3,
		7,
		9,
		0,
		2,
		7,
		8,
		6,
		0,
		8,
		3,
		7,
		7,
		9,
		4,
		2,
		8,
		2,
		1,
		3,
		3,
		6,
		3,
		6,
		9,
		2,
		9,
		4,
		9,
		0,
		3,
		7,
		5,
		2,
		5,
		6,
		6,
		7,
		2,
		3,
		3,
		9,
		7,
		8,
		4,
		3,
		7,
		4,
		5,
		8,
		8,
		0,
		1,
		2,
		6,
		5,
		1,
		1,
		4,
		9,
		8,
		1,
		8,
		0,
		2
	],
	"formal_code":[
		5,
		15,
		0,
		1415
	],
	"tensor_product_decompositions":{
		"identifiers":[
			"formal_code"
		],
		"value":[]
	},
	"sub_fusion_rings":{
		"identifiers":[
			"injection",
			"formal_code"
		],
		"value":[]
	},
	"numeric_characters":[
		[
			[
				1.0,
				0
			],
			[
				1.0877542884140126e1,
				0
			],
			[
				2.0712529628966116e1,
				0
			],
			[
				2.93005961231865e1,
				0
			],
			[
				3.03005961231865e1,
				0
			]
		],
		[
			[
				1.0,
				0
			],
			[
				7.155947272461846,
				0
			],
			[
				1.786617486666389e1,
				0
			],
			[
				-8.03999681344063,
				0
			],
			[
				-7.039996813440632,
				0
			]
		],
		[
			[
				1.0,
				0
			],
			[
				8.150918529462931,
				0
			],
			[
				-3.5764377339441653,
				0
			],
			[
				-0.7698753617612959,
				0
			],
			[
				0.2301246382387041,
				0
			]
		],
		[
			[
				1.0,
				0
			],
			[
				-0.18440868606490518,
				0
			],
			[
				-2.266761685842956e-3,
				0
			],
			[
				-0.4907239479845739,
				0
			],
			[
				0.5092760520154261,
				0
			]
		],
		[
			[
				1.0,
				0
			],
			[
				0.0,
				0
			],
			[
				0.0,
				0
			],
			[
				1.0,
				0
			],
			[
				-1.0,
				0
			]
		]
	],
	"numeric_frobenius_perron_dimensions":[
		1.0,
		1.0877542884140114e1,
		2.0712529628966124e1,
		2.93005961231865e1,
		3.03005961231865e1
	],
	"numeric_frobenius_perron_dimension":2.3249808814216635e3,
	"info":"Fusion ring. mult_tab provides structure constants. barcode and formal_code provide unique identifiers see (DOI: 10.1063\/5.0148848). sub_fusion_rings provides tuples where the first element corresponds to the elements of the ring that form the subring isomorphic to the ring identified by the second element of the tuple. software provides doi of original software used to represent fusion ring.",
	"comments":[
		""
	]
}