{
	"references":[
		""
	],
	"software":[
		"https:\/\/doi.org\/10.5281\/zenodo.15920400"
	],
	"mult_tab":[
		[
			[
				1,
				0,
				0,
				0,
				0
			],
			[
				0,
				1,
				0,
				0,
				0
			],
			[
				0,
				0,
				1,
				0,
				0
			],
			[
				0,
				0,
				0,
				1,
				0
			],
			[
				0,
				0,
				0,
				0,
				1
			]
		],
		[
			[
				0,
				1,
				0,
				0,
				0
			],
			[
				1,
				5,
				1,
				2,
				2
			],
			[
				0,
				1,
				2,
				2,
				4
			],
			[
				0,
				2,
				2,
				2,
				4
			],
			[
				0,
				2,
				4,
				4,
				7
			]
		],
		[
			[
				0,
				0,
				1,
				0,
				0
			],
			[
				0,
				1,
				2,
				2,
				4
			],
			[
				1,
				2,
				2,
				2,
				4
			],
			[
				0,
				2,
				2,
				3,
				4
			],
			[
				0,
				4,
				4,
				4,
				7
			]
		],
		[
			[
				0,
				0,
				0,
				1,
				0
			],
			[
				0,
				2,
				2,
				2,
				4
			],
			[
				0,
				2,
				2,
				3,
				4
			],
			[
				1,
				2,
				3,
				3,
				4
			],
			[
				0,
				4,
				4,
				4,
				8
			]
		],
		[
			[
				0,
				0,
				0,
				0,
				1
			],
			[
				0,
				2,
				4,
				4,
				7
			],
			[
				0,
				4,
				4,
				4,
				7
			],
			[
				0,
				4,
				4,
				4,
				8
			],
			[
				1,
				7,
				7,
				8,
				13
			]
		]
	],
	"texnames":[
		"\\text{FR}^{5,13,0}_{163}"
	],
	"barcode":[
		1,
		3,
		1,
		7,
		8,
		8,
		1,
		8,
		6,
		4,
		8,
		7,
		2,
		1,
		4,
		1,
		5,
		3,
		0,
		1,
		5,
		0,
		1,
		5,
		4,
		3,
		3,
		8,
		4,
		9,
		5,
		2,
		4,
		7,
		8,
		5,
		9,
		6,
		0,
		9,
		1,
		5,
		9,
		3,
		8,
		1,
		9,
		6,
		4,
		3,
		2,
		0,
		4,
		1,
		5,
		1,
		1,
		7,
		3,
		5,
		2,
		2,
		6,
		0,
		3,
		5,
		9,
		4,
		5,
		6,
		9,
		8,
		7,
		7,
		6,
		4,
		4,
		8,
		4,
		1,
		0,
		1,
		6,
		7,
		4,
		6,
		4,
		7,
		0,
		7,
		5,
		7,
		0,
		8,
		3,
		5,
		9,
		8,
		9,
		8,
		8,
		1,
		4,
		1,
		9,
		8,
		8,
		8,
		7,
		9,
		9,
		8,
		9,
		5,
		5,
		4,
		8,
		0,
		4,
		6,
		5,
		8,
		5,
		8,
		6,
		4,
		5,
		3,
		7,
		0,
		3,
		3,
		0,
		6,
		1,
		5,
		3,
		6,
		5,
		3,
		7,
		2,
		5
	],
	"formal_code":[
		5,
		13,
		0,
		163
	],
	"tensor_product_decompositions":{
		"identifiers":[
			"formal_code"
		],
		"value":[]
	},
	"sub_fusion_rings":{
		"identifiers":[
			"injection",
			"formal_code"
		],
		"value":[]
	},
	"numeric_characters":[
		[
			[
				1.0,
				0
			],
			[
				1.248074069840786e1,
				0
			],
			[
				1.348074069840786e1,
				0
			],
			[
				1.448074069840786e1,
				0
			],
			[
				2.496148139681572e1,
				0
			]
		],
		[
			[
				1.0,
				0
			],
			[
				4.23606797749979,
				0
			],
			[
				-1.0,
				0
			],
			[
				0.0,
				0
			],
			[
				-1.618033988749895,
				0
			]
		],
		[
			[
				1.0,
				0
			],
			[
				0.0,
				0
			],
			[
				1.0,
				0
			],
			[
				-1.0,
				0
			],
			[
				0.0,
				0
			]
		],
		[
			[
				1.0,
				0
			],
			[
				-0.2360679774997898,
				0
			],
			[
				-1.0,
				0
			],
			[
				0.0,
				0
			],
			[
				0.6180339887498949,
				0
			]
		],
		[
			[
				1.0,
				0
			],
			[
				-0.4807406984078604,
				0
			],
			[
				0.5192593015921396,
				0
			],
			[
				1.5192593015921396,
				0
			],
			[
				-0.9614813968157208,
				0
			]
		]
	],
	"numeric_frobenius_perron_dimensions":[
		1.0,
		1.248074069840786e1,
		1.348074069840786e1,
		1.448074069840786e1,
		2.496148139681572e1
	],
	"numeric_frobenius_perron_dimension":1.1712666628567076e3,
	"info":"Fusion ring. mult_tab provides structure constants. barcode and formal_code provide unique identifiers see (DOI: 10.1063\/5.0148848). sub_fusion_rings provides tuples where the first element corresponds to the elements of the ring that form the subring isomorphic to the ring identified by the second element of the tuple. software provides doi of original software used to represent fusion ring.",
	"comments":[
		""
	]
}