{
	"references":[
		""
	],
	"software":[
		"https:\/\/doi.org\/10.5281\/zenodo.15920400"
	],
	"mult_tab":[
		[
			[
				1,
				0,
				0,
				0,
				0
			],
			[
				0,
				1,
				0,
				0,
				0
			],
			[
				0,
				0,
				1,
				0,
				0
			],
			[
				0,
				0,
				0,
				1,
				0
			],
			[
				0,
				0,
				0,
				0,
				1
			]
		],
		[
			[
				0,
				1,
				0,
				0,
				0
			],
			[
				1,
				0,
				0,
				0,
				0
			],
			[
				0,
				0,
				0,
				1,
				0
			],
			[
				0,
				0,
				1,
				0,
				0
			],
			[
				0,
				0,
				0,
				0,
				1
			]
		],
		[
			[
				0,
				0,
				1,
				0,
				0
			],
			[
				0,
				0,
				0,
				1,
				0
			],
			[
				1,
				0,
				7,
				5,
				4
			],
			[
				0,
				1,
				5,
				7,
				4
			],
			[
				0,
				0,
				4,
				4,
				9
			]
		],
		[
			[
				0,
				0,
				0,
				1,
				0
			],
			[
				0,
				0,
				1,
				0,
				0
			],
			[
				0,
				1,
				5,
				7,
				4
			],
			[
				1,
				0,
				7,
				5,
				4
			],
			[
				0,
				0,
				4,
				4,
				9
			]
		],
		[
			[
				0,
				0,
				0,
				0,
				1
			],
			[
				0,
				0,
				0,
				0,
				1
			],
			[
				0,
				0,
				4,
				4,
				9
			],
			[
				0,
				0,
				4,
				4,
				9
			],
			[
				1,
				1,
				9,
				9,
				1
			]
		]
	],
	"texnames":[
		"\\text{FR}^{5,9,0}_{910}"
	],
	"barcode":[
		1,
		0,
		0,
		0,
		0,
		0,
		1,
		0,
		0,
		0,
		0,
		0,
		1,
		0,
		0,
		0,
		0,
		0,
		1,
		0,
		0,
		0,
		0,
		0,
		1,
		0,
		1,
		0,
		0,
		0,
		1,
		0,
		0,
		0,
		0,
		0,
		0,
		0,
		1,
		0,
		0,
		0,
		1,
		0,
		0,
		0,
		0,
		0,
		0,
		1,
		0,
		0,
		1,
		0,
		0,
		0,
		0,
		0,
		1,
		0,
		1,
		0,
		7,
		5,
		4,
		0,
		1,
		5,
		7,
		4,
		0,
		0,
		4,
		4,
		9,
		0,
		0,
		0,
		1,
		0,
		0,
		0,
		1,
		0,
		0,
		0,
		1,
		5,
		7,
		4,
		1,
		0,
		7,
		5,
		4,
		0,
		0,
		4,
		4,
		9,
		0,
		0,
		0,
		0,
		1,
		0,
		0,
		0,
		0,
		1,
		0,
		0,
		4,
		4,
		9,
		0,
		0,
		4,
		4,
		9,
		1,
		1,
		9,
		9,
		1
	],
	"formal_code":[
		5,
		9,
		0,
		910
	],
	"tensor_product_decompositions":{
		"identifiers":[
			"formal_code"
		],
		"value":[]
	},
	"sub_fusion_rings":{
		"identifiers":[
			"injection",
			"formal_code"
		],
		"value":[
			[
				[
					1,
					2
				],
				[
					2,
					1,
					0,
					1
				]
			]
		]
	},
	"numeric_characters":[
		[
			[
				1.0,
				0
			],
			[
				1.0,
				0
			],
			[
				1.6390747808089188e1,
				0
			],
			[
				1.6390747808089188e1,
				0
			],
			[
				1.774191000282757e1,
				0
			]
		],
		[
			[
				1.0,
				0
			],
			[
				1.0,
				0
			],
			[
				4.725450687628887,
				0
			],
			[
				4.725450687628887,
				0
			],
			[
				-8.84388101258358,
				0
			]
		],
		[
			[
				1.0,
				0
			],
			[
				1.0,
				0
			],
			[
				-0.11619849571807503,
				0
			],
			[
				-0.11619849571807503,
				0
			],
			[
				0.10197100975601095,
				0
			]
		],
		[
			[
				1.0,
				0
			],
			[
				-1.0,
				0
			],
			[
				2.414213562373095,
				0
			],
			[
				-2.414213562373095,
				0
			],
			[
				0.0,
				0
			]
		],
		[
			[
				1.0,
				0
			],
			[
				-1.0,
				0
			],
			[
				-0.41421356237309515,
				0
			],
			[
				0.41421356237309515,
				0
			],
			[
				0.0,
				0
			]
		]
	],
	"numeric_frobenius_perron_dimensions":[
		1.0,
		1.0,
		1.6390747808089188e1,
		1.6390747808089188e1,
		1.774191000282757e1
	],
	"numeric_frobenius_perron_dimension":8.54088597965194e2,
	"info":"Fusion ring. mult_tab provides structure constants. barcode and formal_code provide unique identifiers see (DOI: 10.1063\/5.0148848). sub_fusion_rings provides tuples where the first element corresponds to the elements of the ring that form the subring isomorphic to the ring identified by the second element of the tuple. software provides doi of original software used to represent fusion ring.",
	"comments":[
		""
	]
}