{
	"references":[
		""
	],
	"software":[
		"https:\/\/doi.org\/10.5281\/zenodo.15920400"
	],
	"mult_tab":[
		[
			[
				1,
				0,
				0,
				0,
				0
			],
			[
				0,
				1,
				0,
				0,
				0
			],
			[
				0,
				0,
				1,
				0,
				0
			],
			[
				0,
				0,
				0,
				1,
				0
			],
			[
				0,
				0,
				0,
				0,
				1
			]
		],
		[
			[
				0,
				1,
				0,
				0,
				0
			],
			[
				1,
				16,
				1,
				2,
				5
			],
			[
				0,
				1,
				16,
				2,
				6
			],
			[
				0,
				2,
				2,
				11,
				9
			],
			[
				0,
				5,
				6,
				9,
				13
			]
		],
		[
			[
				0,
				0,
				1,
				0,
				0
			],
			[
				0,
				1,
				16,
				2,
				6
			],
			[
				1,
				16,
				6,
				2,
				6
			],
			[
				0,
				2,
				2,
				13,
				10
			],
			[
				0,
				6,
				6,
				10,
				15
			]
		],
		[
			[
				0,
				0,
				0,
				1,
				0
			],
			[
				0,
				2,
				2,
				11,
				9
			],
			[
				0,
				2,
				2,
				13,
				10
			],
			[
				1,
				11,
				13,
				5,
				2
			],
			[
				0,
				9,
				10,
				2,
				16
			]
		],
		[
			[
				0,
				0,
				0,
				0,
				1
			],
			[
				0,
				5,
				6,
				9,
				13
			],
			[
				0,
				6,
				6,
				10,
				15
			],
			[
				0,
				9,
				10,
				2,
				16
			],
			[
				1,
				13,
				15,
				16,
				11
			]
		]
	],
	"texnames":[
		"\\text{FR}^{5,16,0}_{462}"
	],
	"barcode":[
		3,
		7,
		6,
		4,
		1,
		4,
		4,
		3,
		4,
		3,
		0,
		6,
		5,
		8,
		9,
		6,
		9,
		9,
		4,
		3,
		9,
		0,
		0,
		0,
		5,
		8,
		2,
		8,
		2,
		6,
		5,
		5,
		9,
		0,
		2,
		3,
		0,
		5,
		9,
		6,
		4,
		3,
		0,
		9,
		1,
		0,
		1,
		9,
		0,
		3,
		4,
		6,
		8,
		3,
		3,
		9,
		4,
		5,
		6,
		0,
		2,
		8,
		9,
		1,
		3,
		3,
		0,
		6,
		6,
		0,
		0,
		1,
		8,
		8,
		2,
		2,
		8,
		6,
		4,
		8,
		7,
		1,
		8,
		9,
		7,
		3,
		7,
		8,
		8,
		6,
		2,
		3,
		1,
		4,
		8,
		3,
		2,
		1,
		1,
		1,
		5,
		8,
		8,
		1,
		7,
		8,
		8,
		8,
		8,
		7,
		2,
		3,
		3,
		0,
		0,
		5,
		3,
		4,
		7,
		0,
		4,
		0,
		7,
		5,
		7,
		7,
		8,
		4,
		7,
		9,
		1,
		9,
		7,
		0,
		1,
		1,
		6,
		5,
		0,
		2,
		4,
		7,
		8,
		5,
		2,
		7,
		1,
		0,
		5,
		7,
		8,
		7,
		9
	],
	"formal_code":[
		5,
		16,
		0,
		462
	],
	"tensor_product_decompositions":{
		"identifiers":[
			"formal_code"
		],
		"value":[]
	},
	"sub_fusion_rings":{
		"identifiers":[
			"injection",
			"formal_code"
		],
		"value":[]
	},
	"numeric_characters":[
		[
			[
				1.0,
				0
			],
			[
				2.7144114301158265e1,
				0
			],
			[
				3.0518398037163593e1,
				0
			],
			[
				3.0545138732854287e1,
				0
			],
			[
				4.1977687374588044e1,
				0
			]
		],
		[
			[
				1.0,
				0
			],
			[
				1.1748990471941923e1,
				0
			],
			[
				1.421614427186097e1,
				0
			],
			[
				-1.5028756079771055e1,
				0
			],
			[
				-7.020740510721507,
				0
			]
		],
		[
			[
				1.0,
				0
			],
			[
				2.127145434644685,
				0
			],
			[
				3.020773395143795,
				0
			],
			[
				9.493680602935811,
				0
			],
			[
				-1.050354277104013e1,
				0
			]
		],
		[
			[
				1.0,
				0
			],
			[
				1.505416871896588e1,
				0
			],
			[
				-1.274375995720209e1,
				0
			],
			[
				1.697360215166295e-2,
				0
			],
			[
				-0.5057781862929037,
				0
			]
		],
		[
			[
				1.0,
				0
			],
			[
				-7.44189267107521e-2,
				0
			],
			[
				-1.1555746966265941e-2,
				0
			],
			[
				-2.7036858170704475e-2,
				0
			],
			[
				5.2374093466497774e-2,
				0
			]
		]
	],
	"numeric_frobenius_perron_dimensions":[
		1.0,
		2.7144114301158268e1,
		3.0518398037163593e1,
		3.0545138732854287e1,
		4.1977687374588044e1
	],
	"numeric_frobenius_perron_dimension":4.364307297477059e3,
	"info":"Fusion ring. mult_tab provides structure constants. barcode and formal_code provide unique identifiers see (DOI: 10.1063\/5.0148848). sub_fusion_rings provides tuples where the first element corresponds to the elements of the ring that form the subring isomorphic to the ring identified by the second element of the tuple. software provides doi of original software used to represent fusion ring.",
	"comments":[
		""
	]
}