{
	"references":[
		""
	],
	"software":[
		"https:\/\/doi.org\/10.5281\/zenodo.15920400"
	],
	"mult_tab":[
		[
			[
				1,
				0,
				0,
				0,
				0
			],
			[
				0,
				1,
				0,
				0,
				0
			],
			[
				0,
				0,
				1,
				0,
				0
			],
			[
				0,
				0,
				0,
				1,
				0
			],
			[
				0,
				0,
				0,
				0,
				1
			]
		],
		[
			[
				0,
				1,
				0,
				0,
				0
			],
			[
				1,
				8,
				1,
				3,
				2
			],
			[
				0,
				1,
				6,
				3,
				6
			],
			[
				0,
				3,
				3,
				8,
				3
			],
			[
				0,
				2,
				6,
				3,
				6
			]
		],
		[
			[
				0,
				0,
				1,
				0,
				0
			],
			[
				0,
				1,
				6,
				3,
				6
			],
			[
				1,
				6,
				5,
				6,
				5
			],
			[
				0,
				3,
				6,
				7,
				6
			],
			[
				0,
				6,
				5,
				6,
				6
			]
		],
		[
			[
				0,
				0,
				0,
				1,
				0
			],
			[
				0,
				3,
				3,
				8,
				3
			],
			[
				0,
				3,
				6,
				7,
				6
			],
			[
				1,
				8,
				7,
				1,
				8
			],
			[
				0,
				3,
				6,
				8,
				6
			]
		],
		[
			[
				0,
				0,
				0,
				0,
				1
			],
			[
				0,
				2,
				6,
				3,
				6
			],
			[
				0,
				6,
				5,
				6,
				6
			],
			[
				0,
				3,
				6,
				8,
				6
			],
			[
				1,
				6,
				6,
				6,
				6
			]
		]
	],
	"texnames":[
		"\\text{FR}^{5,8,0}_{224}"
	],
	"barcode":[
		2,
		1,
		1,
		8,
		7,
		1,
		2,
		2,
		9,
		9,
		1,
		3,
		9,
		8,
		3,
		2,
		0,
		3,
		2,
		5,
		8,
		3,
		1,
		9,
		3,
		6,
		7,
		6,
		2,
		1,
		8,
		5,
		4,
		0,
		8,
		1,
		2,
		7,
		2,
		0,
		2,
		9,
		7,
		8,
		3,
		3,
		0,
		8,
		0,
		8,
		4,
		5,
		0,
		4,
		1,
		6,
		7,
		0,
		9,
		8,
		8,
		6,
		6,
		7,
		6,
		1,
		6,
		2,
		0,
		2,
		2,
		5,
		4,
		6,
		2,
		3,
		8,
		4,
		4,
		3,
		0,
		6,
		4,
		5,
		6,
		6,
		3,
		3,
		2,
		1,
		1,
		7,
		0,
		4,
		4,
		1,
		3,
		0,
		5,
		5,
		1,
		9,
		4,
		4,
		2,
		2,
		4,
		1,
		5,
		4,
		2,
		5,
		9,
		1,
		6,
		9,
		2,
		8,
		5
	],
	"formal_code":[
		5,
		8,
		0,
		224
	],
	"tensor_product_decompositions":{
		"identifiers":[
			"formal_code"
		],
		"value":[]
	},
	"sub_fusion_rings":{
		"identifiers":[
			"injection",
			"formal_code"
		],
		"value":[]
	},
	"numeric_characters":[
		[
			[
				1.0,
				0
			],
			[
				1.6155325537444487e1,
				0
			],
			[
				2.1090202488899042e1,
				0
			],
			[
				2.1827110484851e1,
				0
			],
			[
				2.2090202488899042e1,
				0
			]
		],
		[
			[
				1.0,
				0
			],
			[
				4.565057190794366,
				0
			],
			[
				1.829934123049233,
				0
			],
			[
				-8.056837580093093,
				0
			],
			[
				2.8299341230492328,
				0
			]
		],
		[
			[
				1.0,
				0
			],
			[
				7.491385962918745,
				0
			],
			[
				-4.428675420461402,
				0
			],
			[
				2.1586007344834193,
				0
			],
			[
				-3.4286754204614014,
				0
			]
		],
		[
			[
				1.0,
				0
			],
			[
				0.0,
				0
			],
			[
				1.0,
				0
			],
			[
				0.0,
				0
			],
			[
				-1.0,
				0
			]
		],
		[
			[
				1.0,
				0
			],
			[
				-0.21176869115759883,
				0
			],
			[
				-0.4914611914868739,
				0
			],
			[
				7.112636075867158e-2,
				0
			],
			[
				0.5085388085131262,
				0
			]
		]
	],
	"numeric_frobenius_perron_dimensions":[
		1.0,
		1.6155325537444487e1,
		2.1090202488899042e1,
		2.1827110484851e1,
		2.2090202488899042e1
	],
	"numeric_frobenius_perron_dimension":1.671190982362023e3,
	"info":"Fusion ring. mult_tab provides structure constants. barcode and formal_code provide unique identifiers see (DOI: 10.1063\/5.0148848). sub_fusion_rings provides tuples where the first element corresponds to the elements of the ring that form the subring isomorphic to the ring identified by the second element of the tuple. software provides doi of original software used to represent fusion ring.",
	"comments":[
		""
	]
}