{
	"references":[
		""
	],
	"software":[
		"https:\/\/doi.org\/10.5281\/zenodo.15920400"
	],
	"mult_tab":[
		[
			[
				1,
				0,
				0,
				0,
				0
			],
			[
				0,
				1,
				0,
				0,
				0
			],
			[
				0,
				0,
				1,
				0,
				0
			],
			[
				0,
				0,
				0,
				1,
				0
			],
			[
				0,
				0,
				0,
				0,
				1
			]
		],
		[
			[
				0,
				1,
				0,
				0,
				0
			],
			[
				1,
				10,
				2,
				1,
				8
			],
			[
				0,
				2,
				9,
				8,
				4
			],
			[
				0,
				1,
				8,
				10,
				5
			],
			[
				0,
				8,
				4,
				5,
				9
			]
		],
		[
			[
				0,
				0,
				1,
				0,
				0
			],
			[
				0,
				2,
				9,
				8,
				4
			],
			[
				1,
				9,
				7,
				4,
				7
			],
			[
				0,
				8,
				4,
				6,
				10
			],
			[
				0,
				4,
				7,
				10,
				8
			]
		],
		[
			[
				0,
				0,
				0,
				1,
				0
			],
			[
				0,
				1,
				8,
				10,
				5
			],
			[
				0,
				8,
				4,
				6,
				10
			],
			[
				1,
				10,
				6,
				5,
				9
			],
			[
				0,
				5,
				10,
				9,
				7
			]
		],
		[
			[
				0,
				0,
				0,
				0,
				1
			],
			[
				0,
				8,
				4,
				5,
				9
			],
			[
				0,
				4,
				7,
				10,
				8
			],
			[
				0,
				5,
				10,
				9,
				7
			],
			[
				1,
				9,
				8,
				7,
				9
			]
		]
	],
	"texnames":[
		"\\text{FR}^{5,10,0}_{530}"
	],
	"barcode":[
		1,
		3,
		5,
		7,
		3,
		5,
		4,
		2,
		4,
		2,
		7,
		5,
		2,
		9,
		3,
		3,
		8,
		1,
		9,
		3,
		4,
		5,
		1,
		1,
		6,
		7,
		9,
		7,
		8,
		9,
		8,
		8,
		5,
		5,
		6,
		6,
		4,
		7,
		8,
		4,
		5,
		8,
		1,
		8,
		0,
		1,
		6,
		7,
		4,
		8,
		4,
		9,
		7,
		1,
		5,
		8,
		7,
		0,
		7,
		2,
		1,
		1,
		7,
		3,
		7,
		5,
		8,
		5,
		2,
		8,
		3,
		7,
		2,
		6,
		1,
		8,
		2,
		3,
		8,
		6,
		8,
		5,
		4,
		8,
		3,
		3,
		5,
		9,
		5,
		3,
		1,
		3,
		0,
		0,
		7,
		0,
		7,
		5,
		0,
		9,
		9,
		3,
		1,
		8,
		5,
		6,
		9,
		3,
		0,
		2,
		9,
		4,
		8,
		9,
		2,
		6,
		0,
		1,
		6,
		9,
		5,
		8,
		8,
		5,
		4,
		8,
		4,
		6,
		3,
		6
	],
	"formal_code":[
		5,
		10,
		0,
		530
	],
	"tensor_product_decompositions":{
		"identifiers":[
			"formal_code"
		],
		"value":[]
	},
	"sub_fusion_rings":{
		"identifiers":[
			"injection",
			"formal_code"
		],
		"value":[]
	},
	"numeric_characters":[
		[
			[
				1.0,
				0
			],
			[
				2.3661032570062677e1,
				0
			],
			[
				2.6952370659008263e1,
				0
			],
			[
				2.848837617340462e1,
				0
			],
			[
				2.998012738618986e1,
				0
			]
		],
		[
			[
				1.0,
				0
			],
			[
				1.2130715226644803e1,
				0
			],
			[
				-7.862623999940507,
				0
			],
			[
				-9.221765460397167,
				0
			],
			[
				6.224264137972778,
				0
			]
		],
		[
			[
				1.0,
				0
			],
			[
				2.105045856815085,
				0
			],
			[
				4.294527379531662,
				0
			],
			[
				-2.7622017904257525,
				0
			],
			[
				-2.9307616846867584,
				0
			]
		],
		[
			[
				1.0,
				0
			],
			[
				0.5829890848934026,
				0
			],
			[
				-0.5327695288112587,
				0
			],
			[
				0.804078203807612,
				0
			],
			[
				-0.7785692152517842,
				0
			]
		],
		[
			[
				1.0,
				0
			],
			[
				-0.47978273841596764,
				0
			],
			[
				0.1484954902118427,
				0
			],
			[
				-0.3084871263893155,
				0
			],
			[
				0.504939375775904,
				0
			]
		]
	],
	"numeric_frobenius_perron_dimensions":[
		1.0,
		2.3661032570062677e1,
		2.6952370659008263e1,
		2.8488376173404628e1,
		2.998012738618986e1
	],
	"numeric_frobenius_perron_dimension":2.997670361511716e3,
	"info":"Fusion ring. mult_tab provides structure constants. barcode and formal_code provide unique identifiers see (DOI: 10.1063\/5.0148848). sub_fusion_rings provides tuples where the first element corresponds to the elements of the ring that form the subring isomorphic to the ring identified by the second element of the tuple. software provides doi of original software used to represent fusion ring.",
	"comments":[
		""
	]
}