{
	"references":[
		""
	],
	"software":[
		"https:\/\/doi.org\/10.5281\/zenodo.15920400"
	],
	"mult_tab":[
		[
			[
				1,
				0,
				0,
				0,
				0
			],
			[
				0,
				1,
				0,
				0,
				0
			],
			[
				0,
				0,
				1,
				0,
				0
			],
			[
				0,
				0,
				0,
				1,
				0
			],
			[
				0,
				0,
				0,
				0,
				1
			]
		],
		[
			[
				0,
				1,
				0,
				0,
				0
			],
			[
				1,
				2,
				1,
				3,
				1
			],
			[
				0,
				1,
				1,
				3,
				3
			],
			[
				0,
				3,
				3,
				5,
				2
			],
			[
				0,
				1,
				3,
				2,
				7
			]
		],
		[
			[
				0,
				0,
				1,
				0,
				0
			],
			[
				0,
				1,
				1,
				3,
				3
			],
			[
				1,
				1,
				1,
				4,
				4
			],
			[
				0,
				3,
				4,
				4,
				5
			],
			[
				0,
				3,
				4,
				5,
				6
			]
		],
		[
			[
				0,
				0,
				0,
				1,
				0
			],
			[
				0,
				3,
				3,
				5,
				2
			],
			[
				0,
				3,
				4,
				4,
				5
			],
			[
				1,
				5,
				4,
				9,
				5
			],
			[
				0,
				2,
				5,
				5,
				12
			]
		],
		[
			[
				0,
				0,
				0,
				0,
				1
			],
			[
				0,
				1,
				3,
				2,
				7
			],
			[
				0,
				3,
				4,
				5,
				6
			],
			[
				0,
				2,
				5,
				5,
				12
			],
			[
				1,
				7,
				6,
				12,
				6
			]
		]
	],
	"texnames":[
		"\\text{FR}^{5,12,0}_{2411}"
	],
	"barcode":[
		1,
		3,
		4,
		5,
		7,
		8,
		5,
		2,
		8,
		7,
		0,
		6,
		3,
		2,
		5,
		1,
		9,
		2,
		9,
		5,
		4,
		0,
		9,
		2,
		4,
		6,
		7,
		7,
		1,
		2,
		3,
		4,
		6,
		1,
		7,
		6,
		8,
		0,
		5,
		8,
		9,
		6,
		9,
		1,
		8,
		4,
		3,
		2,
		3,
		0,
		5,
		8,
		8,
		9,
		7,
		9,
		8,
		8,
		1,
		8,
		7,
		7,
		9,
		8,
		0,
		2,
		7,
		3,
		7,
		1,
		1,
		8,
		0,
		9,
		0,
		3,
		7,
		9,
		8,
		0,
		2,
		3,
		7,
		3,
		2,
		0,
		7,
		3,
		9,
		6,
		9,
		0,
		4,
		1,
		5,
		4,
		0,
		0,
		6,
		4,
		8,
		1,
		8,
		4,
		0,
		8,
		5,
		6,
		0,
		2,
		5,
		6,
		1,
		7,
		5,
		4,
		3,
		7,
		0,
		9,
		1,
		5,
		2,
		7,
		1,
		3,
		4,
		0,
		8,
		0,
		4,
		3,
		4,
		3,
		8,
		7,
		8,
		0,
		8
	],
	"formal_code":[
		5,
		12,
		0,
		2411
	],
	"tensor_product_decompositions":{
		"identifiers":[
			"formal_code"
		],
		"value":[]
	},
	"sub_fusion_rings":{
		"identifiers":[
			"injection",
			"formal_code"
		],
		"value":[]
	},
	"numeric_characters":[
		[
			[
				1.0,
				0
			],
			[
				1.10258337681079e1,
				0
			],
			[
				1.4179100813113568e1,
				0
			],
			[
				2.031387530540749e1,
				0
			],
			[
				2.3396616016396607e1,
				0
			]
		],
		[
			[
				1.0,
				0
			],
			[
				4.739056437489399,
				0
			],
			[
				9.846976450830933e-2,
				0
			],
			[
				6.669515377545725,
				0
			],
			[
				-8.126472854414573,
				0
			]
		],
		[
			[
				1.0,
				0
			],
			[
				-1.2158334164636697,
				0
			],
			[
				-2.513529924374891,
				0
			],
			[
				1.5808243242501494,
				0
			],
			[
				0.6809746811415018,
				0
			]
		],
		[
			[
				1.0,
				0
			],
			[
				1.059860008408351,
				0
			],
			[
				-0.4287070511978742,
				0
			],
			[
				-0.6029344614147765,
				0
			],
			[
				0.24109365604885152,
				0
			]
		],
		[
			[
				1.0,
				0
			],
			[
				-0.6089167975419791,
				0
			],
			[
				0.6646663979508876,
				0
			],
			[
				3.871945421141279e-2,
				0
			],
			[
				-0.19221149917238797,
				0
			]
		]
	],
	"numeric_frobenius_perron_dimensions":[
		1.0,
		1.10258337681079e1,
		1.4179100813113568e1,
		2.031387530540749e1,
		2.3396616016396607e1
	],
	"numeric_frobenius_perron_dimension":1.2836710810927366e3,
	"info":"Fusion ring. mult_tab provides structure constants. barcode and formal_code provide unique identifiers see (DOI: 10.1063\/5.0148848). sub_fusion_rings provides tuples where the first element corresponds to the elements of the ring that form the subring isomorphic to the ring identified by the second element of the tuple. software provides doi of original software used to represent fusion ring.",
	"comments":[
		""
	]
}