{
	"references":[
		""
	],
	"software":[
		"https:\/\/doi.org\/10.5281\/zenodo.15920400"
	],
	"mult_tab":[
		[
			[
				1,
				0,
				0,
				0,
				0
			],
			[
				0,
				1,
				0,
				0,
				0
			],
			[
				0,
				0,
				1,
				0,
				0
			],
			[
				0,
				0,
				0,
				1,
				0
			],
			[
				0,
				0,
				0,
				0,
				1
			]
		],
		[
			[
				0,
				1,
				0,
				0,
				0
			],
			[
				1,
				5,
				2,
				0,
				1
			],
			[
				0,
				2,
				3,
				3,
				2
			],
			[
				0,
				0,
				3,
				3,
				4
			],
			[
				0,
				1,
				2,
				4,
				6
			]
		],
		[
			[
				0,
				0,
				1,
				0,
				0
			],
			[
				0,
				2,
				3,
				3,
				2
			],
			[
				1,
				3,
				1,
				2,
				8
			],
			[
				0,
				3,
				2,
				5,
				7
			],
			[
				0,
				2,
				8,
				7,
				6
			]
		],
		[
			[
				0,
				0,
				0,
				1,
				0
			],
			[
				0,
				0,
				3,
				3,
				4
			],
			[
				0,
				3,
				2,
				5,
				7
			],
			[
				1,
				3,
				5,
				4,
				8
			],
			[
				0,
				4,
				7,
				8,
				8
			]
		],
		[
			[
				0,
				0,
				0,
				0,
				1
			],
			[
				0,
				1,
				2,
				4,
				6
			],
			[
				0,
				2,
				8,
				7,
				6
			],
			[
				0,
				4,
				7,
				8,
				8
			],
			[
				1,
				6,
				6,
				8,
				14
			]
		]
	],
	"texnames":[
		"\\text{FR}^{5,14,0}_{384}"
	],
	"barcode":[
		6,
		8,
		4,
		4,
		0,
		9,
		7,
		0,
		7,
		8,
		0,
		3,
		0,
		6,
		8,
		2,
		0,
		8,
		2,
		8,
		2,
		7,
		0,
		4,
		7,
		6,
		6,
		1,
		8,
		9,
		7,
		5,
		4,
		7,
		1,
		1,
		9,
		2,
		4,
		6,
		8,
		9,
		8,
		4,
		5,
		5,
		8,
		5,
		3,
		0,
		2,
		7,
		1,
		9,
		2,
		0,
		3,
		4,
		8,
		4,
		5,
		1,
		2,
		5,
		1,
		7,
		3,
		9,
		0,
		3,
		4,
		5,
		9,
		8,
		2,
		3,
		7,
		7,
		2,
		2,
		2,
		7,
		2,
		9,
		7,
		1,
		2,
		2,
		1,
		9,
		3,
		0,
		2,
		6,
		5,
		9,
		8,
		3,
		6,
		6,
		4,
		5,
		6,
		9,
		5,
		4,
		2,
		8,
		4,
		5,
		8,
		7,
		4,
		4,
		8,
		2,
		4,
		4,
		7,
		2,
		4,
		9,
		5,
		7,
		4,
		8,
		4,
		3,
		9,
		8,
		7,
		1,
		0,
		9,
		2,
		9,
		8,
		5,
		6,
		0,
		1,
		9,
		0,
		8,
		3,
		1
	],
	"formal_code":[
		5,
		14,
		0,
		384
	],
	"tensor_product_decompositions":{
		"identifiers":[
			"formal_code"
		],
		"value":[]
	},
	"sub_fusion_rings":{
		"identifiers":[
			"injection",
			"formal_code"
		],
		"value":[]
	},
	"numeric_characters":[
		[
			[
				1.0,
				0
			],
			[
				1.078636046565127e1,
				0
			],
			[
				1.743249989325185e1,
				0
			],
			[
				2.0355155698191453e1,
				0
			],
			[
				2.6548769980204646e1,
				0
			]
		],
		[
			[
				1.0,
				0
			],
			[
				5.279092089938515,
				0
			],
			[
				1.0883743744690466,
				0
			],
			[
				-1.5569623143247684,
				0
			],
			[
				-1.7033959045792708,
				0
			]
		],
		[
			[
				1.0,
				0
			],
			[
				1.9775806945832,
				0
			],
			[
				-6.147861923572948,
				0
			],
			[
				-2.7689200757015624,
				0
			],
			[
				5.318645777818067,
				0
			]
		],
		[
			[
				1.0,
				0
			],
			[
				-0.11480417942462079,
				0
			],
			[
				-0.1361476953099352,
				0
			],
			[
				0.3115630648356626,
				0
			],
			[
				-0.14050371264366507,
				0
			]
		],
		[
			[
				1.0,
				0
			],
			[
				-0.9282290707483647,
				0
			],
			[
				1.7631353511619867,
				0
			],
			[
				-2.340836373000786,
				0
			],
			[
				0.9764838592002228,
				0
			]
		]
	],
	"numeric_frobenius_perron_dimensions":[
		1.0,
		1.078636046565127e1,
		1.743249989325185e1,
		2.0355155698191453e1,
		2.6548769980204646e1
	],
	"numeric_frobenius_perron_dimension":1.540407175582622e3,
	"info":"Fusion ring. mult_tab provides structure constants. barcode and formal_code provide unique identifiers see (DOI: 10.1063\/5.0148848). sub_fusion_rings provides tuples where the first element corresponds to the elements of the ring that form the subring isomorphic to the ring identified by the second element of the tuple. software provides doi of original software used to represent fusion ring.",
	"comments":[
		""
	]
}