{
	"references":[
		""
	],
	"software":[
		"https:\/\/doi.org\/10.5281\/zenodo.15920400"
	],
	"mult_tab":[
		[
			[
				1,
				0,
				0,
				0,
				0
			],
			[
				0,
				1,
				0,
				0,
				0
			],
			[
				0,
				0,
				1,
				0,
				0
			],
			[
				0,
				0,
				0,
				1,
				0
			],
			[
				0,
				0,
				0,
				0,
				1
			]
		],
		[
			[
				0,
				1,
				0,
				0,
				0
			],
			[
				1,
				7,
				0,
				1,
				2
			],
			[
				0,
				0,
				3,
				3,
				3
			],
			[
				0,
				1,
				3,
				5,
				5
			],
			[
				0,
				2,
				3,
				5,
				5
			]
		],
		[
			[
				0,
				0,
				1,
				0,
				0
			],
			[
				0,
				0,
				3,
				3,
				3
			],
			[
				1,
				3,
				7,
				1,
				2
			],
			[
				0,
				3,
				1,
				6,
				6
			],
			[
				0,
				3,
				2,
				6,
				6
			]
		],
		[
			[
				0,
				0,
				0,
				1,
				0
			],
			[
				0,
				1,
				3,
				5,
				5
			],
			[
				0,
				3,
				1,
				6,
				6
			],
			[
				1,
				5,
				6,
				8,
				8
			],
			[
				0,
				5,
				6,
				8,
				9
			]
		],
		[
			[
				0,
				0,
				0,
				0,
				1
			],
			[
				0,
				2,
				3,
				5,
				5
			],
			[
				0,
				3,
				2,
				6,
				6
			],
			[
				0,
				5,
				6,
				8,
				9
			],
			[
				1,
				5,
				6,
				9,
				9
			]
		]
	],
	"texnames":[
		"\\text{FR}^{5,9,0}_{570}"
	],
	"barcode":[
		1,
		0,
		0,
		0,
		0,
		0,
		1,
		0,
		0,
		0,
		0,
		0,
		1,
		0,
		0,
		0,
		0,
		0,
		1,
		0,
		0,
		0,
		0,
		0,
		1,
		0,
		1,
		0,
		0,
		0,
		1,
		9,
		5,
		6,
		9,
		0,
		5,
		2,
		3,
		5,
		0,
		6,
		3,
		2,
		6,
		0,
		9,
		5,
		6,
		8,
		0,
		0,
		1,
		0,
		0,
		0,
		5,
		2,
		3,
		5,
		1,
		2,
		7,
		0,
		1,
		0,
		3,
		0,
		3,
		3,
		0,
		5,
		1,
		3,
		5,
		0,
		0,
		0,
		1,
		0,
		0,
		6,
		3,
		2,
		6,
		0,
		3,
		0,
		3,
		3,
		1,
		2,
		3,
		7,
		1,
		0,
		6,
		3,
		1,
		6,
		0,
		0,
		0,
		0,
		1,
		0,
		9,
		5,
		6,
		8,
		0,
		5,
		1,
		3,
		5,
		0,
		6,
		3,
		1,
		6,
		1,
		8,
		5,
		6,
		8
	],
	"formal_code":[
		5,
		9,
		0,
		570
	],
	"tensor_product_decompositions":{
		"identifiers":[
			"formal_code"
		],
		"value":[]
	},
	"sub_fusion_rings":{
		"identifiers":[
			"injection",
			"formal_code"
		],
		"value":[]
	},
	"numeric_characters":[
		[
			[
				1.0,
				0
			],
			[
				1.2671494816303017e1,
				0
			],
			[
				1.4551280541836867e1,
				0
			],
			[
				2.29554390551577e1,
				0
			],
			[
				2.39554390551577e1,
				0
			]
		],
		[
			[
				1.0,
				0
			],
			[
				0.8903671169740417,
				0
			],
			[
				6.579169552832792,
				0
			],
			[
				-2.8132720719432083,
				0
			],
			[
				-1.8132720719432083,
				0
			]
		],
		[
			[
				1.0,
				0
			],
			[
				-0.2389401217972892,
				0
			],
			[
				-0.1418199940405704,
				0
			],
			[
				-0.423442255204824,
				0
			],
			[
				0.576557744795176,
				0
			]
		],
		[
			[
				1.0,
				0
			],
			[
				6.677078188520231,
				0
			],
			[
				-1.9886301006290892,
				0
			],
			[
				-1.7187247280096694,
				0
			],
			[
				-0.7187247280096692,
				0
			]
		],
		[
			[
				1.0,
				0
			],
			[
				0.0,
				0
			],
			[
				0.0,
				0
			],
			[
				1.0,
				0
			],
			[
				-1.0,
				0
			]
		]
	],
	"numeric_frobenius_perron_dimensions":[
		1.0,
		1.2671494816303017e1,
		1.4551280541836865e1,
		2.29554390551577e1,
		2.39554390551577e1
	],
	"numeric_frobenius_perron_dimension":1.4741217888272688e3,
	"info":"Fusion ring. mult_tab provides structure constants. barcode and formal_code provide unique identifiers see (DOI: 10.1063\/5.0148848). sub_fusion_rings provides tuples where the first element corresponds to the elements of the ring that form the subring isomorphic to the ring identified by the second element of the tuple. software provides doi of original software used to represent fusion ring.",
	"comments":[
		""
	]
}