{
	"references":[
		""
	],
	"software":[
		"https:\/\/doi.org\/10.5281\/zenodo.15920400"
	],
	"mult_tab":[
		[
			[
				1,
				0,
				0,
				0,
				0
			],
			[
				0,
				1,
				0,
				0,
				0
			],
			[
				0,
				0,
				1,
				0,
				0
			],
			[
				0,
				0,
				0,
				1,
				0
			],
			[
				0,
				0,
				0,
				0,
				1
			]
		],
		[
			[
				0,
				1,
				0,
				0,
				0
			],
			[
				1,
				1,
				1,
				1,
				0
			],
			[
				0,
				1,
				0,
				0,
				2
			],
			[
				0,
				1,
				0,
				1,
				4
			],
			[
				0,
				0,
				2,
				4,
				2
			]
		],
		[
			[
				0,
				0,
				1,
				0,
				0
			],
			[
				0,
				1,
				0,
				0,
				2
			],
			[
				1,
				0,
				0,
				4,
				0
			],
			[
				0,
				0,
				4,
				5,
				2
			],
			[
				0,
				2,
				0,
				2,
				7
			]
		],
		[
			[
				0,
				0,
				0,
				1,
				0
			],
			[
				0,
				1,
				0,
				1,
				4
			],
			[
				0,
				0,
				4,
				5,
				2
			],
			[
				1,
				1,
				5,
				11,
				6
			],
			[
				0,
				4,
				2,
				6,
				14
			]
		],
		[
			[
				0,
				0,
				0,
				0,
				1
			],
			[
				0,
				0,
				2,
				4,
				2
			],
			[
				0,
				2,
				0,
				2,
				7
			],
			[
				0,
				4,
				2,
				6,
				14
			],
			[
				1,
				2,
				7,
				14,
				10
			]
		]
	],
	"texnames":[
		"\\text{FR}^{5,14,0}_{989}"
	],
	"barcode":[
		6,
		8,
		4,
		4,
		0,
		9,
		7,
		0,
		7,
		8,
		0,
		3,
		0,
		6,
		8,
		2,
		0,
		8,
		2,
		8,
		2,
		7,
		0,
		4,
		7,
		6,
		6,
		1,
		8,
		9,
		7,
		5,
		4,
		7,
		1,
		1,
		0,
		9,
		3,
		5,
		2,
		1,
		6,
		4,
		6,
		9,
		5,
		4,
		4,
		4,
		3,
		1,
		8,
		3,
		7,
		7,
		5,
		6,
		4,
		6,
		9,
		1,
		8,
		8,
		7,
		3,
		1,
		9,
		4,
		9,
		3,
		7,
		2,
		7,
		2,
		2,
		1,
		0,
		8,
		3,
		0,
		1,
		5,
		2,
		0,
		9,
		5,
		4,
		0,
		3,
		9,
		6,
		9,
		4,
		4,
		8,
		4,
		5,
		1,
		0,
		4,
		4,
		6,
		7,
		6,
		2,
		1,
		4,
		8,
		0,
		6,
		4,
		5,
		8,
		2,
		3,
		1,
		5,
		6,
		2,
		4,
		4,
		0,
		0,
		4,
		6,
		9,
		1,
		8,
		9,
		1,
		9,
		2,
		5,
		4,
		8,
		3,
		1,
		2,
		5,
		5,
		0,
		4,
		6,
		5,
		0
	],
	"formal_code":[
		5,
		14,
		0,
		989
	],
	"tensor_product_decompositions":{
		"identifiers":[
			"formal_code"
		],
		"value":[]
	},
	"sub_fusion_rings":{
		"identifiers":[
			"injection",
			"formal_code"
		],
		"value":[]
	},
	"numeric_characters":[
		[
			[
				1.0,
				0
			],
			[
				6.080604400570928,
				0
			],
			[
				9.161208801141855,
				0
			],
			[
				2.0731936674529745e1,
				0
			],
			[
				2.4812541075100672e1,
				0
			]
		],
		[
			[
				1.0,
				0
			],
			[
				-3.414213562373095,
				0
			],
			[
				5.82842712474619,
				0
			],
			[
				8.242640687119286,
				0
			],
			[
				-8.242640687119286,
				0
			]
		],
		[
			[
				1.0,
				0
			],
			[
				0.19021407987257966,
				0
			],
			[
				-2.619571840254841,
				0
			],
			[
				1.4655391565640332,
				0
			],
			[
				-0.3442467635633872,
				0
			]
		],
		[
			[
				1.0,
				0
			],
			[
				1.729181519556493,
				0
			],
			[
				0.4583630391129862,
				0
			],
			[
				-0.19747583109377675,
				0
			],
			[
				-0.4682943115372837,
				0
			]
		],
		[
			[
				1.0,
				0
			],
			[
				-0.5857864376269049,
				0
			],
			[
				0.1715728752538097,
				0
			],
			[
				-0.24264068711928566,
				0
			],
			[
				0.24264068711928566,
				0
			]
		]
	],
	"numeric_frobenius_perron_dimensions":[
		1.0,
		6.080604400570927,
		9.161208801141855,
		2.0731936674529745e1,
		2.4812541075100672e1
	],
	"numeric_frobenius_perron_dimension":1.167376889454631e3,
	"info":"Fusion ring. mult_tab provides structure constants. barcode and formal_code provide unique identifiers see (DOI: 10.1063\/5.0148848). sub_fusion_rings provides tuples where the first element corresponds to the elements of the ring that form the subring isomorphic to the ring identified by the second element of the tuple. software provides doi of original software used to represent fusion ring.",
	"comments":[
		""
	]
}