{
	"references":[
		""
	],
	"software":[
		"https:\/\/doi.org\/10.5281\/zenodo.15920400"
	],
	"mult_tab":[
		[
			[
				1,
				0,
				0,
				0,
				0
			],
			[
				0,
				1,
				0,
				0,
				0
			],
			[
				0,
				0,
				1,
				0,
				0
			],
			[
				0,
				0,
				0,
				1,
				0
			],
			[
				0,
				0,
				0,
				0,
				1
			]
		],
		[
			[
				0,
				1,
				0,
				0,
				0
			],
			[
				1,
				8,
				2,
				0,
				1
			],
			[
				0,
				2,
				0,
				3,
				3
			],
			[
				0,
				0,
				3,
				3,
				6
			],
			[
				0,
				1,
				3,
				6,
				7
			]
		],
		[
			[
				0,
				0,
				1,
				0,
				0
			],
			[
				0,
				2,
				0,
				3,
				3
			],
			[
				1,
				0,
				9,
				0,
				3
			],
			[
				0,
				3,
				0,
				10,
				3
			],
			[
				0,
				3,
				3,
				3,
				11
			]
		],
		[
			[
				0,
				0,
				0,
				1,
				0
			],
			[
				0,
				0,
				3,
				3,
				6
			],
			[
				0,
				3,
				0,
				10,
				3
			],
			[
				1,
				3,
				10,
				5,
				9
			],
			[
				0,
				6,
				3,
				9,
				15
			]
		],
		[
			[
				0,
				0,
				0,
				0,
				1
			],
			[
				0,
				1,
				3,
				6,
				7
			],
			[
				0,
				3,
				3,
				3,
				11
			],
			[
				0,
				6,
				3,
				9,
				15
			],
			[
				1,
				7,
				11,
				15,
				16
			]
		]
	],
	"texnames":[
		"\\text{FR}^{5,16,0}_{316}"
	],
	"barcode":[
		3,
		7,
		6,
		4,
		1,
		4,
		4,
		3,
		4,
		3,
		0,
		6,
		5,
		8,
		9,
		6,
		9,
		9,
		4,
		3,
		9,
		0,
		0,
		0,
		5,
		8,
		2,
		8,
		2,
		6,
		5,
		5,
		9,
		0,
		2,
		3,
		0,
		4,
		1,
		0,
		2,
		2,
		7,
		6,
		9,
		2,
		9,
		9,
		5,
		2,
		0,
		6,
		9,
		8,
		1,
		7,
		4,
		6,
		1,
		5,
		1,
		4,
		1,
		0,
		6,
		8,
		5,
		1,
		9,
		4,
		9,
		8,
		4,
		7,
		7,
		9,
		4,
		6,
		5,
		7,
		8,
		7,
		3,
		1,
		4,
		3,
		8,
		9,
		1,
		7,
		6,
		3,
		7,
		2,
		1,
		9,
		2,
		7,
		5,
		0,
		4,
		3,
		8,
		1,
		9,
		7,
		4,
		8,
		1,
		1,
		3,
		4,
		1,
		1,
		6,
		2,
		9,
		8,
		9,
		3,
		2,
		7,
		9,
		3,
		1,
		5,
		6,
		4,
		3,
		0,
		8,
		2,
		5,
		9,
		5,
		3,
		3,
		9,
		2,
		7,
		4,
		2,
		7,
		7,
		3,
		7,
		7,
		8,
		2,
		8,
		4,
		5,
		2
	],
	"formal_code":[
		5,
		16,
		0,
		316
	],
	"tensor_product_decompositions":{
		"identifiers":[
			"formal_code"
		],
		"value":[]
	},
	"sub_fusion_rings":{
		"identifiers":[
			"injection",
			"formal_code"
		],
		"value":[]
	},
	"numeric_characters":[
		[
			[
				1.0,
				0
			],
			[
				1.3107859409217399e1,
				0
			],
			[
				1.5681301387891372e1,
				0
			],
			[
				2.5187024800249823e1,
				0
			],
			[
				3.459050024228717e1,
				0
			]
		],
		[
			[
				1.0,
				0
			],
			[
				-0.760701257771648,
				0
			],
			[
				5.999203195816527,
				0
			],
			[
				5.3200636255038285,
				0
			],
			[
				-6.334129925884504,
				0
			]
		],
		[
			[
				1.0,
				0
			],
			[
				8.026318342676511,
				0
			],
			[
				0.5599371352297872,
				0
			],
			[
				-1.9441661214845665,
				0
			],
			[
				-1.908634873886248,
				0
			]
		],
		[
			[
				1.0,
				0
			],
			[
				-2.274597114873186,
				0
			],
			[
				9.88818853280759,
				0
			],
			[
				-8.575008847793033,
				0
			],
			[
				2.5941918883597337,
				0
			]
		],
		[
			[
				1.0,
				0
			],
			[
				-9.887937924907633e-2,
				0
			],
			[
				-0.1286302517452757,
				0
			],
			[
				1.2086543523947915e-2,
				0
			],
			[
				5.807266912384473e-2,
				0
			]
		]
	],
	"numeric_frobenius_perron_dimensions":[
		1.0,
		1.31078594092174e1,
		1.5681301387891363e1,
		2.5187024800249823e1,
		3.459050024228717e1
	],
	"numeric_frobenius_perron_dimension":2.249608116809761e3,
	"info":"Fusion ring. mult_tab provides structure constants. barcode and formal_code provide unique identifiers see (DOI: 10.1063\/5.0148848). sub_fusion_rings provides tuples where the first element corresponds to the elements of the ring that form the subring isomorphic to the ring identified by the second element of the tuple. software provides doi of original software used to represent fusion ring.",
	"comments":[
		""
	]
}