{
	"references":[
		""
	],
	"software":[
		"https:\/\/doi.org\/10.5281\/zenodo.15920400"
	],
	"mult_tab":[
		[
			[
				1,
				0,
				0,
				0,
				0
			],
			[
				0,
				1,
				0,
				0,
				0
			],
			[
				0,
				0,
				1,
				0,
				0
			],
			[
				0,
				0,
				0,
				1,
				0
			],
			[
				0,
				0,
				0,
				0,
				1
			]
		],
		[
			[
				0,
				1,
				0,
				0,
				0
			],
			[
				1,
				10,
				2,
				10,
				0
			],
			[
				0,
				2,
				5,
				4,
				10
			],
			[
				0,
				10,
				4,
				9,
				4
			],
			[
				0,
				0,
				10,
				4,
				13
			]
		],
		[
			[
				0,
				0,
				1,
				0,
				0
			],
			[
				0,
				2,
				5,
				4,
				10
			],
			[
				1,
				5,
				7,
				8,
				3
			],
			[
				0,
				4,
				8,
				6,
				9
			],
			[
				0,
				10,
				3,
				9,
				7
			]
		],
		[
			[
				0,
				0,
				0,
				1,
				0
			],
			[
				0,
				10,
				4,
				9,
				4
			],
			[
				0,
				4,
				8,
				6,
				9
			],
			[
				1,
				9,
				6,
				11,
				7
			],
			[
				0,
				4,
				9,
				7,
				14
			]
		],
		[
			[
				0,
				0,
				0,
				0,
				1
			],
			[
				0,
				0,
				10,
				4,
				13
			],
			[
				0,
				10,
				3,
				9,
				7
			],
			[
				0,
				4,
				9,
				7,
				14
			],
			[
				1,
				13,
				7,
				14,
				4
			]
		]
	],
	"texnames":[
		"\\text{FR}^{5,14,0}_{32}"
	],
	"barcode":[
		6,
		8,
		4,
		4,
		0,
		9,
		7,
		0,
		7,
		8,
		0,
		3,
		0,
		6,
		8,
		2,
		0,
		8,
		2,
		8,
		2,
		7,
		0,
		4,
		7,
		6,
		6,
		1,
		8,
		9,
		7,
		5,
		4,
		7,
		1,
		1,
		2,
		5,
		6,
		3,
		8,
		4,
		2,
		3,
		8,
		1,
		5,
		5,
		7,
		2,
		4,
		1,
		4,
		6,
		1,
		3,
		8,
		9,
		6,
		6,
		1,
		3,
		2,
		3,
		3,
		5,
		5,
		3,
		1,
		5,
		3,
		3,
		2,
		3,
		8,
		8,
		1,
		8,
		6,
		2,
		3,
		9,
		0,
		1,
		8,
		0,
		8,
		7,
		2,
		6,
		6,
		2,
		4,
		3,
		2,
		2,
		8,
		7,
		9,
		1,
		9,
		5,
		4,
		0,
		9,
		1,
		9,
		4,
		5,
		0,
		8,
		0,
		5,
		9,
		9,
		8,
		8,
		5,
		0,
		1,
		0,
		3,
		9,
		3,
		9,
		6,
		0,
		3,
		6,
		3,
		7,
		3,
		7,
		4,
		5,
		8,
		7,
		6,
		7,
		5,
		5,
		2,
		5,
		9,
		0,
		9
	],
	"formal_code":[
		5,
		14,
		0,
		32
	],
	"tensor_product_decompositions":{
		"identifiers":[
			"formal_code"
		],
		"value":[]
	},
	"sub_fusion_rings":{
		"identifiers":[
			"injection",
			"formal_code"
		],
		"value":[]
	},
	"numeric_characters":[
		[
			[
				1.0,
				0
			],
			[
				2.4576253831823205e1,
				0
			],
			[
				2.5382652731414364e1,
				0
			],
			[
				3.06464408625144e1,
				0
			],
			[
				3.251589816814842e1,
				0
			]
		],
		[
			[
				1.0,
				0
			],
			[
				1.5461266548409776e1,
				0
			],
			[
				-7.653752682023873,
				0
			],
			[
				9.874560316092516,
				0
			],
			[
				-1.5048872126344758e1,
				0
			]
		],
		[
			[
				1.0,
				0
			],
			[
				-2.078739813985673,
				0
			],
			[
				5.125471682668536,
				0
			],
			[
				1.3857613988768853,
				0
			],
			[
				-3.766744643309811,
				0
			]
		],
		[
			[
				1.0,
				0
			],
			[
				-1.2462654396726518,
				0
			],
			[
				-0.9299654900834111,
				0
			],
			[
				1.4875762923015807,
				0
			],
			[
				0.23510370109352313,
				0
			]
		],
		[
			[
				1.0,
				0
			],
			[
				0.2874848734253428,
				0
			],
			[
				7.559375802438503e-2,
				0
			],
			[
				-0.39433886978538124,
				0
			],
			[
				6.461490041263006e-2,
				0
			]
		]
	],
	"numeric_frobenius_perron_dimensions":[
		1.0,
		2.4576253831823205e1,
		2.5382652731414364e1,
		3.06464408625144e1,
		3.251589816814842e1
	],
	"numeric_frobenius_perron_dimension":3.245759283310772e3,
	"info":"Fusion ring. mult_tab provides structure constants. barcode and formal_code provide unique identifiers see (DOI: 10.1063\/5.0148848). sub_fusion_rings provides tuples where the first element corresponds to the elements of the ring that form the subring isomorphic to the ring identified by the second element of the tuple. software provides doi of original software used to represent fusion ring.",
	"comments":[
		""
	]
}