{
	"references":[
		""
	],
	"software":[
		"https:\/\/doi.org\/10.5281\/zenodo.15920400"
	],
	"mult_tab":[
		[
			[
				1,
				0,
				0,
				0,
				0
			],
			[
				0,
				1,
				0,
				0,
				0
			],
			[
				0,
				0,
				1,
				0,
				0
			],
			[
				0,
				0,
				0,
				1,
				0
			],
			[
				0,
				0,
				0,
				0,
				1
			]
		],
		[
			[
				0,
				1,
				0,
				0,
				0
			],
			[
				1,
				0,
				0,
				0,
				0
			],
			[
				0,
				0,
				0,
				1,
				0
			],
			[
				0,
				0,
				1,
				0,
				0
			],
			[
				0,
				0,
				0,
				0,
				1
			]
		],
		[
			[
				0,
				0,
				1,
				0,
				0
			],
			[
				0,
				0,
				0,
				1,
				0
			],
			[
				1,
				0,
				4,
				5,
				7
			],
			[
				0,
				1,
				5,
				4,
				7
			],
			[
				0,
				0,
				7,
				7,
				5
			]
		],
		[
			[
				0,
				0,
				0,
				1,
				0
			],
			[
				0,
				0,
				1,
				0,
				0
			],
			[
				0,
				1,
				5,
				4,
				7
			],
			[
				1,
				0,
				4,
				5,
				7
			],
			[
				0,
				0,
				7,
				7,
				5
			]
		],
		[
			[
				0,
				0,
				0,
				0,
				1
			],
			[
				0,
				0,
				0,
				0,
				1
			],
			[
				0,
				0,
				7,
				7,
				5
			],
			[
				0,
				0,
				7,
				7,
				5
			],
			[
				1,
				1,
				5,
				5,
				11
			]
		]
	],
	"texnames":[
		"\\text{FR}^{5,11,0}_{1263}"
	],
	"barcode":[
		6,
		5,
		8,
		3,
		7,
		7,
		0,
		0,
		7,
		1,
		1,
		6,
		2,
		1,
		8,
		2,
		3,
		4,
		2,
		2,
		0,
		4,
		1,
		2,
		6,
		8,
		4,
		4,
		3,
		7,
		1,
		5,
		2,
		4,
		4,
		6,
		2,
		9,
		7,
		6,
		2,
		5,
		1,
		1,
		6,
		9,
		2,
		2,
		1,
		0,
		7,
		7,
		2,
		9,
		0,
		9,
		3,
		9,
		0,
		5,
		6,
		8,
		6,
		4,
		7,
		8,
		1,
		2,
		2,
		0,
		9,
		9,
		4,
		1,
		6,
		6,
		3,
		3,
		9,
		3,
		9,
		1,
		9,
		5,
		0,
		2,
		0,
		5,
		0,
		7,
		6,
		4,
		9,
		3,
		0,
		1,
		6,
		1,
		8,
		4,
		5,
		4,
		5,
		5,
		9,
		8,
		2,
		1,
		5,
		5,
		0,
		1,
		6,
		4,
		5,
		9,
		8,
		6,
		8,
		8,
		6,
		7,
		6,
		4,
		7,
		1,
		6,
		7,
		6,
		4,
		8,
		0,
		4,
		8
	],
	"formal_code":[
		5,
		11,
		0,
		1263
	],
	"tensor_product_decompositions":{
		"identifiers":[
			"formal_code"
		],
		"value":[]
	},
	"sub_fusion_rings":{
		"identifiers":[
			"injection",
			"formal_code"
		],
		"value":[
			[
				[
					1,
					2
				],
				[
					2,
					1,
					0,
					1
				]
			]
		]
	},
	"numeric_characters":[
		[
			[
				1.0,
				0
			],
			[
				1.0,
				0
			],
			[
				1.7134504978600145e1,
				0
			],
			[
				1.7134504978600145e1,
				0
			],
			[
				1.976867372203883e1,
				0
			]
		],
		[
			[
				1.0,
				0
			],
			[
				1.0,
				0
			],
			[
				-3.2249886576773497,
				0
			],
			[
				-3.2249886576773497,
				0
			],
			[
				5.489349965891957,
				0
			]
		],
		[
			[
				1.0,
				0
			],
			[
				-1.0,
				0
			],
			[
				-1.618033988749895,
				0
			],
			[
				1.618033988749895,
				0
			],
			[
				0.0,
				0
			]
		],
		[
			[
				1.0,
				0
			],
			[
				1.0,
				0
			],
			[
				9.04836790772064e-2,
				0
			],
			[
				9.04836790772064e-2,
				0
			],
			[
				-0.2580236879307872,
				0
			]
		],
		[
			[
				1.0,
				0
			],
			[
				-1.0,
				0
			],
			[
				0.6180339887498949,
				0
			],
			[
				-0.6180339887498949,
				0
			],
			[
				0.0,
				0
			]
		]
	],
	"numeric_frobenius_perron_dimensions":[
		1.0,
		1.0,
		1.7134504978600145e1,
		1.7134504978600145e1,
		1.976867372203883e1
	],
	"numeric_frobenius_perron_dimension":9.799829824517749e2,
	"info":"Fusion ring. mult_tab provides structure constants. barcode and formal_code provide unique identifiers see (DOI: 10.1063\/5.0148848). sub_fusion_rings provides tuples where the first element corresponds to the elements of the ring that form the subring isomorphic to the ring identified by the second element of the tuple. software provides doi of original software used to represent fusion ring.",
	"comments":[
		""
	]
}