{
	"references":[
		""
	],
	"software":[
		"https:\/\/doi.org\/10.5281\/zenodo.15920400"
	],
	"mult_tab":[
		[
			[
				1,
				0,
				0,
				0,
				0
			],
			[
				0,
				1,
				0,
				0,
				0
			],
			[
				0,
				0,
				1,
				0,
				0
			],
			[
				0,
				0,
				0,
				1,
				0
			],
			[
				0,
				0,
				0,
				0,
				1
			]
		],
		[
			[
				0,
				1,
				0,
				0,
				0
			],
			[
				1,
				7,
				3,
				1,
				0
			],
			[
				0,
				3,
				4,
				2,
				2
			],
			[
				0,
				1,
				2,
				5,
				4
			],
			[
				0,
				0,
				2,
				4,
				8
			]
		],
		[
			[
				0,
				0,
				1,
				0,
				0
			],
			[
				0,
				3,
				4,
				2,
				2
			],
			[
				1,
				4,
				0,
				4,
				4
			],
			[
				0,
				2,
				4,
				3,
				6
			],
			[
				0,
				2,
				4,
				6,
				7
			]
		],
		[
			[
				0,
				0,
				0,
				1,
				0
			],
			[
				0,
				1,
				2,
				5,
				4
			],
			[
				0,
				2,
				4,
				3,
				6
			],
			[
				1,
				5,
				3,
				1,
				10
			],
			[
				0,
				4,
				6,
				10,
				6
			]
		],
		[
			[
				0,
				0,
				0,
				0,
				1
			],
			[
				0,
				0,
				2,
				4,
				8
			],
			[
				0,
				2,
				4,
				6,
				7
			],
			[
				0,
				4,
				6,
				10,
				6
			],
			[
				1,
				8,
				7,
				6,
				12
			]
		]
	],
	"texnames":[
		"\\text{FR}^{5,12,0}_{1385}"
	],
	"barcode":[
		1,
		3,
		4,
		5,
		7,
		8,
		5,
		2,
		8,
		7,
		0,
		6,
		3,
		2,
		5,
		1,
		9,
		2,
		9,
		5,
		4,
		0,
		9,
		2,
		4,
		6,
		7,
		7,
		1,
		2,
		3,
		4,
		6,
		1,
		8,
		9,
		6,
		2,
		1,
		7,
		7,
		2,
		2,
		6,
		0,
		5,
		5,
		5,
		2,
		5,
		0,
		6,
		0,
		3,
		7,
		6,
		7,
		6,
		7,
		2,
		4,
		6,
		7,
		4,
		6,
		2,
		8,
		4,
		3,
		6,
		5,
		7,
		4,
		8,
		1,
		6,
		0,
		4,
		3,
		9,
		5,
		6,
		1,
		8,
		3,
		5,
		9,
		9,
		5,
		8,
		1,
		7,
		4,
		4,
		9,
		1,
		9,
		5,
		7,
		5,
		1,
		3,
		1,
		4,
		7,
		9,
		4,
		6,
		5,
		1,
		7,
		3,
		6,
		1,
		3,
		7,
		1,
		1,
		2,
		5,
		1,
		6,
		8,
		9,
		2,
		4,
		1,
		6,
		9,
		9,
		4,
		9,
		2,
		3,
		9,
		8,
		7,
		0,
		2
	],
	"formal_code":[
		5,
		12,
		0,
		1385
	],
	"tensor_product_decompositions":{
		"identifiers":[
			"formal_code"
		],
		"value":[]
	},
	"sub_fusion_rings":{
		"identifiers":[
			"injection",
			"formal_code"
		],
		"value":[]
	},
	"numeric_characters":[
		[
			[
				1.0,
				0
			],
			[
				1.2326395655967174e1,
				0
			],
			[
				1.5084803257449543e1,
				0
			],
			[
				1.9400850503327568e1,
				0
			],
			[
				2.491057616969535e1,
				0
			]
		],
		[
			[
				1.0,
				0
			],
			[
				8.033595787852747,
				0
			],
			[
				2.9369174375248472,
				0
			],
			[
				-1.5072615449383826,
				0
			],
			[
				-4.619963234204985,
				0
			]
		],
		[
			[
				1.0,
				0
			],
			[
				1.738177882178747,
				0
			],
			[
				-3.886470857797967,
				0
			],
			[
				1.5134297482380656,
				0
			],
			[
				0.27455630171140344,
				0
			]
		],
		[
			[
				1.0,
				0
			],
			[
				2.1109943307693295,
				0
			],
			[
				-1.3004873969170965,
				0
			],
			[
				-7.4192010600937675,
				0
			],
			[
				5.481023596709489,
				0
			]
		],
		[
			[
				1.0,
				0
			],
			[
				-0.20916365676799634,
				0
			],
			[
				0.1652375597406727,
				0
			],
			[
				1.2182353466516393e-2,
				0
			],
			[
				-4.619283391125697e-2,
				0
			]
		]
	],
	"numeric_frobenius_perron_dimensions":[
		1.0,
		1.232639565596717e1,
		1.5084803257449543e1,
		1.9400850503327568e1,
		2.491057616969535e1
	],
	"numeric_frobenius_perron_dimension":1.377421124542066e3,
	"info":"Fusion ring. mult_tab provides structure constants. barcode and formal_code provide unique identifiers see (DOI: 10.1063\/5.0148848). sub_fusion_rings provides tuples where the first element corresponds to the elements of the ring that form the subring isomorphic to the ring identified by the second element of the tuple. software provides doi of original software used to represent fusion ring.",
	"comments":[
		""
	]
}