{
	"references":[
		""
	],
	"software":[
		"https:\/\/doi.org\/10.5281\/zenodo.15920400"
	],
	"mult_tab":[
		[
			[
				1,
				0,
				0,
				0,
				0
			],
			[
				0,
				1,
				0,
				0,
				0
			],
			[
				0,
				0,
				1,
				0,
				0
			],
			[
				0,
				0,
				0,
				1,
				0
			],
			[
				0,
				0,
				0,
				0,
				1
			]
		],
		[
			[
				0,
				1,
				0,
				0,
				0
			],
			[
				1,
				5,
				4,
				7,
				2
			],
			[
				0,
				4,
				6,
				4,
				6
			],
			[
				0,
				7,
				4,
				4,
				6
			],
			[
				0,
				2,
				6,
				6,
				7
			]
		],
		[
			[
				0,
				0,
				1,
				0,
				0
			],
			[
				0,
				4,
				6,
				4,
				6
			],
			[
				1,
				6,
				12,
				3,
				2
			],
			[
				0,
				4,
				3,
				8,
				8
			],
			[
				0,
				6,
				2,
				8,
				8
			]
		],
		[
			[
				0,
				0,
				0,
				1,
				0
			],
			[
				0,
				7,
				4,
				4,
				6
			],
			[
				0,
				4,
				3,
				8,
				8
			],
			[
				1,
				4,
				8,
				8,
				4
			],
			[
				0,
				6,
				8,
				4,
				7
			]
		],
		[
			[
				0,
				0,
				0,
				0,
				1
			],
			[
				0,
				2,
				6,
				6,
				7
			],
			[
				0,
				6,
				2,
				8,
				8
			],
			[
				0,
				6,
				8,
				4,
				7
			],
			[
				1,
				7,
				8,
				7,
				4
			]
		]
	],
	"texnames":[
		"\\text{FR}^{5,12,0}_{388}"
	],
	"barcode":[
		1,
		3,
		4,
		5,
		7,
		8,
		5,
		2,
		8,
		7,
		0,
		6,
		3,
		2,
		5,
		1,
		9,
		2,
		9,
		5,
		4,
		0,
		9,
		2,
		4,
		6,
		7,
		7,
		1,
		2,
		3,
		4,
		6,
		1,
		8,
		8,
		0,
		7,
		1,
		4,
		4,
		9,
		9,
		2,
		5,
		1,
		4,
		5,
		7,
		4,
		9,
		4,
		3,
		0,
		5,
		8,
		5,
		6,
		8,
		9,
		3,
		4,
		4,
		7,
		2,
		9,
		7,
		6,
		8,
		9,
		0,
		4,
		0,
		9,
		6,
		8,
		9,
		4,
		9,
		5,
		8,
		9,
		1,
		0,
		0,
		3,
		5,
		6,
		4,
		3,
		6,
		2,
		7,
		2,
		8,
		1,
		5,
		9,
		1,
		1,
		4,
		7,
		3,
		7,
		1,
		0,
		9,
		6,
		8,
		7,
		8,
		0,
		7,
		1,
		1,
		3,
		2,
		2,
		8,
		9,
		0,
		7,
		1,
		6,
		6,
		3,
		1,
		3,
		9,
		3,
		7,
		7,
		8,
		2,
		1,
		6,
		2,
		1,
		2
	],
	"formal_code":[
		5,
		12,
		0,
		388
	],
	"tensor_product_decompositions":{
		"identifiers":[
			"formal_code"
		],
		"value":[]
	},
	"sub_fusion_rings":{
		"identifiers":[
			"injection",
			"formal_code"
		],
		"value":[]
	},
	"numeric_characters":[
		[
			[
				1.0,
				0
			],
			[
				2.009215633121136e1,
				0
			],
			[
				2.2610424288555784e1,
				0
			],
			[
				2.335975254224526e1,
				0
			],
			[
				2.413699971592001e1,
				0
			]
		],
		[
			[
				1.0,
				0
			],
			[
				1.1231908482355546,
				0
			],
			[
				1.017784108511183e1,
				0
			],
			[
				-4.945242985775011,
				0
			],
			[
				-5.724529999819953,
				0
			]
		],
		[
			[
				1.0,
				0
			],
			[
				4.695687367363621,
				0
			],
			[
				-1.9312696043382522,
				0
			],
			[
				1.8913020250087662,
				0
			],
			[
				-3.9714963712540836,
				0
			]
		],
		[
			[
				1.0,
				0
			],
			[
				-3.8720402729296772,
				0
			],
			[
				1.2028628352846817,
				0
			],
			[
				4.8241698210070005,
				0
			],
			[
				-2.613871424175008,
				0
			]
		],
		[
			[
				1.0,
				0
			],
			[
				-3.899427388085892e-2,
				0
			],
			[
				-5.985860461404424e-2,
				0
			],
			[
				-0.12998140248601447,
				0
			],
			[
				0.1728980793290342,
				0
			]
		]
	],
	"numeric_frobenius_perron_dimensions":[
		1.0,
		2.0092156331211353e1,
		2.2610424288555784e1,
		2.335975254224526e1,
		2.4136999715920012e1
	],
	"numeric_frobenius_perron_dimension":2.0441988266676062e3,
	"info":"Fusion ring. mult_tab provides structure constants. barcode and formal_code provide unique identifiers see (DOI: 10.1063\/5.0148848). sub_fusion_rings provides tuples where the first element corresponds to the elements of the ring that form the subring isomorphic to the ring identified by the second element of the tuple. software provides doi of original software used to represent fusion ring.",
	"comments":[
		""
	]
}