{
	"references":[
		""
	],
	"software":[
		"https:\/\/doi.org\/10.5281\/zenodo.15920400"
	],
	"mult_tab":[
		[
			[
				1,
				0,
				0,
				0,
				0
			],
			[
				0,
				1,
				0,
				0,
				0
			],
			[
				0,
				0,
				1,
				0,
				0
			],
			[
				0,
				0,
				0,
				1,
				0
			],
			[
				0,
				0,
				0,
				0,
				1
			]
		],
		[
			[
				0,
				1,
				0,
				0,
				0
			],
			[
				1,
				4,
				1,
				1,
				1
			],
			[
				0,
				1,
				2,
				3,
				3
			],
			[
				0,
				1,
				3,
				5,
				2
			],
			[
				0,
				1,
				3,
				2,
				6
			]
		],
		[
			[
				0,
				0,
				1,
				0,
				0
			],
			[
				0,
				1,
				2,
				3,
				3
			],
			[
				1,
				2,
				5,
				4,
				5
			],
			[
				0,
				3,
				4,
				5,
				7
			],
			[
				0,
				3,
				5,
				7,
				7
			]
		],
		[
			[
				0,
				0,
				0,
				1,
				0
			],
			[
				0,
				1,
				3,
				5,
				2
			],
			[
				0,
				3,
				4,
				5,
				7
			],
			[
				1,
				5,
				5,
				2,
				11
			],
			[
				0,
				2,
				7,
				11,
				6
			]
		],
		[
			[
				0,
				0,
				0,
				0,
				1
			],
			[
				0,
				1,
				3,
				2,
				6
			],
			[
				0,
				3,
				5,
				7,
				7
			],
			[
				0,
				2,
				7,
				11,
				6
			],
			[
				1,
				6,
				7,
				6,
				12
			]
		]
	],
	"texnames":[
		"\\text{FR}^{5,12,0}_{2270}"
	],
	"barcode":[
		1,
		3,
		4,
		5,
		7,
		8,
		5,
		2,
		8,
		7,
		0,
		6,
		3,
		2,
		5,
		1,
		9,
		2,
		9,
		5,
		4,
		0,
		9,
		2,
		4,
		6,
		7,
		7,
		1,
		2,
		3,
		4,
		6,
		1,
		8,
		9,
		2,
		9,
		4,
		4,
		4,
		5,
		3,
		7,
		2,
		3,
		7,
		1,
		0,
		6,
		5,
		9,
		0,
		4,
		8,
		9,
		4,
		2,
		5,
		9,
		0,
		2,
		3,
		9,
		0,
		1,
		9,
		3,
		6,
		9,
		0,
		6,
		1,
		8,
		9,
		5,
		3,
		4,
		8,
		4,
		3,
		4,
		5,
		9,
		5,
		6,
		2,
		3,
		8,
		1,
		0,
		4,
		8,
		5,
		3,
		4,
		3,
		0,
		2,
		6,
		5,
		2,
		8,
		4,
		5,
		4,
		2,
		3,
		1,
		0,
		0,
		7,
		1,
		4,
		3,
		5,
		0,
		0,
		8,
		9,
		1,
		7,
		4,
		6,
		8,
		7,
		2,
		6,
		1,
		2,
		1,
		4,
		5,
		4,
		5,
		3,
		3,
		1,
		2
	],
	"formal_code":[
		5,
		12,
		0,
		2270
	],
	"tensor_product_decompositions":{
		"identifiers":[
			"formal_code"
		],
		"value":[]
	},
	"sub_fusion_rings":{
		"identifiers":[
			"injection",
			"formal_code"
		],
		"value":[]
	},
	"numeric_characters":[
		[
			[
				1.0,
				0
			],
			[
				1.031059303558633e1,
				0
			],
			[
				1.7904318739773004e1,
				0
			],
			[
				2.1386339551465934e1,
				0
			],
			[
				2.477529831189706e1,
				0
			]
		],
		[
			[
				1.0,
				0
			],
			[
				3.830598306112052,
				0
			],
			[
				-0.23105444670379477,
				0
			],
			[
				0.3632612465840732,
				0
			],
			[
				-1.781116641539965,
				0
			]
		],
		[
			[
				1.0,
				0
			],
			[
				3.441078838227207,
				0
			],
			[
				-1.1998878430046336,
				0
			],
			[
				-8.174032069404522,
				0
			],
			[
				6.45062813039543,
				0
			]
		],
		[
			[
				1.0,
				0
			],
			[
				-0.22930864085007993,
				0
			],
			[
				-0.4150268308397722,
				0
			],
			[
				0.2182205288270885,
				0
			],
			[
				0.16662331818151435,
				0
			]
		],
		[
			[
				1.0,
				0
			],
			[
				-0.3529615390755077,
				0
			],
			[
				1.941650380775198,
				0
			],
			[
				-0.7937892574725764,
				0
			],
			[
				-0.6114331189340395,
				0
			]
		]
	],
	"numeric_frobenius_perron_dimensions":[
		1.0,
		1.0310593035586331e1,
		1.7904318739773004e1,
		2.1386339551465934e1,
		2.477529831189706e1
	],
	"numeric_frobenius_perron_dimension":1.4990638841349537e3,
	"info":"Fusion ring. mult_tab provides structure constants. barcode and formal_code provide unique identifiers see (DOI: 10.1063\/5.0148848). sub_fusion_rings provides tuples where the first element corresponds to the elements of the ring that form the subring isomorphic to the ring identified by the second element of the tuple. software provides doi of original software used to represent fusion ring.",
	"comments":[
		""
	]
}