{
	"references":[
		""
	],
	"software":[
		"https:\/\/doi.org\/10.5281\/zenodo.15920400"
	],
	"mult_tab":[
		[
			[
				1,
				0,
				0,
				0,
				0
			],
			[
				0,
				1,
				0,
				0,
				0
			],
			[
				0,
				0,
				1,
				0,
				0
			],
			[
				0,
				0,
				0,
				1,
				0
			],
			[
				0,
				0,
				0,
				0,
				1
			]
		],
		[
			[
				0,
				1,
				0,
				0,
				0
			],
			[
				1,
				0,
				0,
				2,
				5
			],
			[
				0,
				0,
				1,
				2,
				5
			],
			[
				0,
				2,
				2,
				4,
				3
			],
			[
				0,
				5,
				5,
				3,
				0
			]
		],
		[
			[
				0,
				0,
				1,
				0,
				0
			],
			[
				0,
				0,
				1,
				2,
				5
			],
			[
				1,
				1,
				1,
				2,
				5
			],
			[
				0,
				2,
				2,
				5,
				3
			],
			[
				0,
				5,
				5,
				3,
				1
			]
		],
		[
			[
				0,
				0,
				0,
				1,
				0
			],
			[
				0,
				2,
				2,
				4,
				3
			],
			[
				0,
				2,
				2,
				5,
				3
			],
			[
				1,
				4,
				5,
				1,
				6
			],
			[
				0,
				3,
				3,
				6,
				4
			]
		],
		[
			[
				0,
				0,
				0,
				0,
				1
			],
			[
				0,
				5,
				5,
				3,
				0
			],
			[
				0,
				5,
				5,
				3,
				1
			],
			[
				0,
				3,
				3,
				6,
				4
			],
			[
				1,
				0,
				1,
				4,
				10
			]
		]
	],
	"texnames":[
		"\\text{FR}^{5,10,0}_{834}"
	],
	"barcode":[
		1,
		3,
		5,
		7,
		3,
		5,
		4,
		2,
		4,
		2,
		7,
		5,
		2,
		9,
		3,
		3,
		8,
		1,
		9,
		3,
		4,
		5,
		1,
		1,
		6,
		7,
		9,
		7,
		8,
		9,
		8,
		8,
		5,
		3,
		0,
		2,
		9,
		3,
		3,
		7,
		3,
		2,
		4,
		7,
		8,
		3,
		1,
		8,
		6,
		8,
		4,
		9,
		0,
		4,
		8,
		8,
		5,
		7,
		9,
		7,
		0,
		3,
		9,
		1,
		8,
		7,
		1,
		9,
		6,
		6,
		2,
		9,
		1,
		9,
		0,
		6,
		8,
		3,
		0,
		8,
		2,
		4,
		6,
		5,
		8,
		1,
		1,
		5,
		2,
		5,
		6,
		6,
		8,
		5,
		9,
		9,
		8,
		8,
		3,
		4,
		4,
		8,
		9,
		8,
		9,
		7,
		0,
		8,
		2,
		4,
		7,
		8,
		9,
		4,
		8,
		9,
		1,
		7,
		8,
		3,
		4,
		8,
		1,
		2,
		9,
		8,
		2,
		1,
		9,
		8
	],
	"formal_code":[
		5,
		10,
		0,
		834
	],
	"tensor_product_decompositions":{
		"identifiers":[
			"formal_code"
		],
		"value":[]
	},
	"sub_fusion_rings":{
		"identifiers":[
			"injection",
			"formal_code"
		],
		"value":[]
	},
	"numeric_characters":[
		[
			[
				1.0,
				0
			],
			[
				1.0129755477344137e1,
				0
			],
			[
				1.1129755477344137e1,
				0
			],
			[
				1.4118641453690602e1,
				0
			],
			[
				1.4674932624680471e1,
				0
			]
		],
		[
			[
				1.0,
				0
			],
			[
				-6.8856156876525745,
				0
			],
			[
				-5.8856156876525745,
				0
			],
			[
				-0.23793627194561773,
				0
			],
			[
				9.377515188387695,
				0
			]
		],
		[
			[
				1.0,
				0
			],
			[
				1.297356078902363,
				0
			],
			[
				2.297356078902363,
				0
			],
			[
				-5.057288613883543,
				0
			],
			[
				2.1595420046464,
				0
			]
		],
		[
			[
				1.0,
				0
			],
			[
				-0.541495868593926,
				0
			],
			[
				0.4585041314060741,
				0
			],
			[
				0.17658343213855862,
				0
			],
			[
				-0.2119898177145654,
				0
			]
		],
		[
			[
				1.0,
				0
			],
			[
				1.0,
				0
			],
			[
				-1.0,
				0
			],
			[
				0.0,
				0
			],
			[
				0.0,
				0
			]
		]
	],
	"numeric_frobenius_perron_dimensions":[
		1.0,
		1.0129755477344137e1,
		1.1129755477344137e1,
		1.4118641453690602e1,
		1.4674932624680475e1
	],
	"numeric_frobenius_perron_dimension":6.421730870530374e2,
	"info":"Fusion ring. mult_tab provides structure constants. barcode and formal_code provide unique identifiers see (DOI: 10.1063\/5.0148848). sub_fusion_rings provides tuples where the first element corresponds to the elements of the ring that form the subring isomorphic to the ring identified by the second element of the tuple. software provides doi of original software used to represent fusion ring.",
	"comments":[
		""
	]
}