{
	"references":[
		""
	],
	"software":[
		"https:\/\/doi.org\/10.5281\/zenodo.15920400"
	],
	"mult_tab":[
		[
			[
				1,
				0,
				0,
				0,
				0
			],
			[
				0,
				1,
				0,
				0,
				0
			],
			[
				0,
				0,
				1,
				0,
				0
			],
			[
				0,
				0,
				0,
				1,
				0
			],
			[
				0,
				0,
				0,
				0,
				1
			]
		],
		[
			[
				0,
				1,
				0,
				0,
				0
			],
			[
				1,
				0,
				2,
				3,
				4
			],
			[
				0,
				2,
				3,
				3,
				5
			],
			[
				0,
				3,
				3,
				4,
				6
			],
			[
				0,
				4,
				5,
				6,
				7
			]
		],
		[
			[
				0,
				0,
				1,
				0,
				0
			],
			[
				0,
				2,
				3,
				3,
				5
			],
			[
				1,
				3,
				4,
				6,
				5
			],
			[
				0,
				3,
				6,
				7,
				6
			],
			[
				0,
				5,
				5,
				6,
				12
			]
		],
		[
			[
				0,
				0,
				0,
				1,
				0
			],
			[
				0,
				3,
				3,
				4,
				6
			],
			[
				0,
				3,
				6,
				7,
				6
			],
			[
				1,
				4,
				7,
				9,
				7
			],
			[
				0,
				6,
				6,
				7,
				15
			]
		],
		[
			[
				0,
				0,
				0,
				0,
				1
			],
			[
				0,
				4,
				5,
				6,
				7
			],
			[
				0,
				5,
				5,
				6,
				12
			],
			[
				0,
				6,
				6,
				7,
				15
			],
			[
				1,
				7,
				12,
				15,
				14
			]
		]
	],
	"texnames":[
		"\\text{FR}^{5,15,0}_{21}"
	],
	"barcode":[
		2,
		0,
		4,
		5,
		8,
		6,
		9,
		2,
		5,
		1,
		8,
		7,
		8,
		3,
		9,
		8,
		6,
		8,
		3,
		8,
		6,
		4,
		3,
		6,
		6,
		2,
		8,
		4,
		5,
		9,
		5,
		4,
		2,
		6,
		4,
		9,
		9,
		8,
		5,
		7,
		2,
		9,
		8,
		4,
		8,
		7,
		8,
		1,
		7,
		2,
		1,
		6,
		4,
		9,
		1,
		7,
		5,
		5,
		5,
		2,
		4,
		9,
		3,
		0,
		9,
		6,
		6,
		9,
		9,
		6,
		3,
		0,
		8,
		6,
		4,
		0,
		8,
		4,
		7,
		1,
		4,
		0,
		6,
		3,
		1,
		9,
		8,
		9,
		5,
		8,
		7,
		5,
		8,
		8,
		3,
		4,
		7,
		4,
		1,
		6,
		8,
		2,
		6,
		8,
		1,
		4,
		2,
		3,
		9,
		7,
		7,
		4,
		8,
		8,
		9,
		0,
		3,
		8,
		5,
		6,
		2,
		4,
		9,
		1,
		8,
		4,
		1,
		0,
		7,
		3,
		3,
		9,
		7,
		8,
		2,
		0,
		4,
		7,
		2,
		4,
		4,
		2,
		1,
		2,
		0,
		5,
		7,
		1,
		2,
		0
	],
	"formal_code":[
		5,
		15,
		0,
		21
	],
	"tensor_product_decompositions":{
		"identifiers":[
			"formal_code"
		],
		"value":[]
	},
	"sub_fusion_rings":{
		"identifiers":[
			"injection",
			"formal_code"
		],
		"value":[]
	},
	"numeric_characters":[
		[
			[
				1.0,
				0
			],
			[
				1.63530776688268e1,
				0
			],
			[
				2.1810730077926667e1,
				0
			],
			[
				2.6623858602423336e1,
				0
			],
			[
				3.5732528319889596e1,
				0
			]
		],
		[
			[
				1.0,
				0
			],
			[
				0.6165613635718539,
				0
			],
			[
				-1.3692181715696885,
				0
			],
			[
				0.8238740774149478,
				0
			],
			[
				-8.825949351397065e-2,
				0
			]
		],
		[
			[
				1.0,
				0
			],
			[
				-2.2497136866638336,
				0
			],
			[
				-0.10740428243971972,
				0
			],
			[
				0.37567492159299964,
				0
			],
			[
				0.7872488680157546,
				0
			]
		],
		[
			[
				1.0,
				0
			],
			[
				0.30198329116228706,
				0
			],
			[
				0.5273322268098469,
				0
			],
			[
				-0.5701605873092924,
				0
			],
			[
				-6.324719588765246e-2,
				0
			]
		],
		[
			[
				1.0,
				0
			],
			[
				-1.0219086368971062,
				0
			],
			[
				4.138560149272893,
				0
			],
			[
				5.746752985878009,
				0
			],
			[
				-6.368270498503728,
				0
			]
		]
	],
	"numeric_frobenius_perron_dimensions":[
		1.0,
		1.63530776688268e1,
		2.1810730077926667e1,
		2.6623858602423336e1,
		3.5732528319889596e1
	],
	"numeric_frobenius_perron_dimension":2.7297745227883997e3,
	"info":"Fusion ring. mult_tab provides structure constants. barcode and formal_code provide unique identifiers see (DOI: 10.1063\/5.0148848). sub_fusion_rings provides tuples where the first element corresponds to the elements of the ring that form the subring isomorphic to the ring identified by the second element of the tuple. software provides doi of original software used to represent fusion ring.",
	"comments":[
		""
	]
}