{
	"references":[
		""
	],
	"software":[
		"https:\/\/doi.org\/10.5281\/zenodo.15920400"
	],
	"mult_tab":[
		[
			[
				1,
				0,
				0,
				0,
				0
			],
			[
				0,
				1,
				0,
				0,
				0
			],
			[
				0,
				0,
				1,
				0,
				0
			],
			[
				0,
				0,
				0,
				1,
				0
			],
			[
				0,
				0,
				0,
				0,
				1
			]
		],
		[
			[
				0,
				1,
				0,
				0,
				0
			],
			[
				1,
				7,
				2,
				2,
				3
			],
			[
				0,
				2,
				7,
				1,
				4
			],
			[
				0,
				2,
				1,
				5,
				6
			],
			[
				0,
				3,
				4,
				6,
				8
			]
		],
		[
			[
				0,
				0,
				1,
				0,
				0
			],
			[
				0,
				2,
				7,
				1,
				4
			],
			[
				1,
				7,
				6,
				1,
				2
			],
			[
				0,
				1,
				1,
				8,
				5
			],
			[
				0,
				4,
				2,
				5,
				10
			]
		],
		[
			[
				0,
				0,
				0,
				1,
				0
			],
			[
				0,
				2,
				1,
				5,
				6
			],
			[
				0,
				1,
				1,
				8,
				5
			],
			[
				1,
				5,
				8,
				7,
				0
			],
			[
				0,
				6,
				5,
				0,
				12
			]
		],
		[
			[
				0,
				0,
				0,
				0,
				1
			],
			[
				0,
				3,
				4,
				6,
				8
			],
			[
				0,
				4,
				2,
				5,
				10
			],
			[
				0,
				6,
				5,
				0,
				12
			],
			[
				1,
				8,
				10,
				12,
				8
			]
		]
	],
	"texnames":[
		"\\text{FR}^{5,12,0}_{2208}"
	],
	"barcode":[
		1,
		3,
		4,
		5,
		7,
		8,
		5,
		2,
		8,
		7,
		0,
		6,
		3,
		2,
		5,
		1,
		9,
		2,
		9,
		5,
		4,
		0,
		9,
		2,
		4,
		6,
		7,
		7,
		1,
		2,
		3,
		4,
		6,
		1,
		6,
		7,
		9,
		1,
		9,
		6,
		5,
		1,
		0,
		5,
		3,
		5,
		6,
		3,
		1,
		8,
		8,
		7,
		0,
		8,
		1,
		9,
		2,
		5,
		8,
		2,
		3,
		8,
		5,
		8,
		7,
		6,
		6,
		0,
		9,
		8,
		6,
		7,
		5,
		7,
		7,
		0,
		3,
		8,
		6,
		5,
		0,
		8,
		1,
		7,
		3,
		4,
		6,
		7,
		5,
		9,
		3,
		5,
		0,
		4,
		9,
		4,
		2,
		1,
		7,
		5,
		2,
		2,
		4,
		7,
		7,
		8,
		2,
		6,
		3,
		7,
		9,
		7,
		1,
		1,
		9,
		0,
		2,
		1,
		8,
		6,
		1,
		8,
		0,
		3,
		5,
		7,
		0,
		0,
		4,
		4,
		6,
		6,
		7,
		7,
		6,
		9,
		7,
		6,
		1
	],
	"formal_code":[
		5,
		12,
		0,
		2208
	],
	"tensor_product_decompositions":{
		"identifiers":[
			"formal_code"
		],
		"value":[]
	},
	"sub_fusion_rings":{
		"identifiers":[
			"injection",
			"formal_code"
		],
		"value":[]
	},
	"numeric_characters":[
		[
			[
				1.0,
				0
			],
			[
				1.6416733967690245e1,
				0
			],
			[
				1.7081640205922223e1,
				0
			],
			[
				1.8731112614836416e1,
				0
			],
			[
				2.732217025018858e1,
				0
			]
		],
		[
			[
				1.0,
				0
			],
			[
				5.622813025965905,
				0
			],
			[
				8.840049661652596,
				0
			],
			[
				-7.086994966611172,
				0
			],
			[
				-4.083258082290775,
				0
			]
		],
		[
			[
				1.0,
				0
			],
			[
				5.274959199785697,
				0
			],
			[
				-3.7099024885052527,
				0
			],
			[
				0.3463392555814657,
				0
			],
			[
				-1.1241311244161813,
				0
			]
		],
		[
			[
				1.0,
				0
			],
			[
				-0.14809130505684415,
				0
			],
			[
				3.78254957808426,
				0
			],
			[
				1.003987309505237e1,
				0
			],
			[
				-9.195425058747304,
				0
			]
		],
		[
			[
				1.0,
				0
			],
			[
				-0.1664148883850048,
				0
			],
			[
				5.663042846171402e-3,
				0
			],
			[
				-3.0329998859079364e-2,
				0
			],
			[
				8.0644015265681e-2,
				0
			]
		]
	],
	"numeric_frobenius_perron_dimensions":[
		1.0,
		1.641673396769025e1,
		1.7081640205922227e1,
		1.8731112614836416e1,
		2.732217025018858e1
	],
	"numeric_frobenius_perron_dimension":1.6596471532604673e3,
	"info":"Fusion ring. mult_tab provides structure constants. barcode and formal_code provide unique identifiers see (DOI: 10.1063\/5.0148848). sub_fusion_rings provides tuples where the first element corresponds to the elements of the ring that form the subring isomorphic to the ring identified by the second element of the tuple. software provides doi of original software used to represent fusion ring.",
	"comments":[
		""
	]
}