{
	"references":[
		""
	],
	"software":[
		"https:\/\/doi.org\/10.5281\/zenodo.15920400"
	],
	"mult_tab":[
		[
			[
				1,
				0,
				0,
				0,
				0
			],
			[
				0,
				1,
				0,
				0,
				0
			],
			[
				0,
				0,
				1,
				0,
				0
			],
			[
				0,
				0,
				0,
				1,
				0
			],
			[
				0,
				0,
				0,
				0,
				1
			]
		],
		[
			[
				0,
				1,
				0,
				0,
				0
			],
			[
				1,
				1,
				1,
				0,
				0
			],
			[
				0,
				1,
				1,
				1,
				1
			],
			[
				0,
				0,
				1,
				2,
				1
			],
			[
				0,
				0,
				1,
				1,
				3
			]
		],
		[
			[
				0,
				0,
				1,
				0,
				0
			],
			[
				0,
				1,
				1,
				1,
				1
			],
			[
				1,
				1,
				2,
				3,
				4
			],
			[
				0,
				1,
				3,
				3,
				5
			],
			[
				0,
				1,
				4,
				5,
				7
			]
		],
		[
			[
				0,
				0,
				0,
				1,
				0
			],
			[
				0,
				0,
				1,
				2,
				1
			],
			[
				0,
				1,
				3,
				3,
				5
			],
			[
				1,
				2,
				3,
				1,
				8
			],
			[
				0,
				1,
				5,
				8,
				7
			]
		],
		[
			[
				0,
				0,
				0,
				0,
				1
			],
			[
				0,
				0,
				1,
				1,
				3
			],
			[
				0,
				1,
				4,
				5,
				7
			],
			[
				0,
				1,
				5,
				8,
				7
			],
			[
				1,
				3,
				7,
				7,
				13
			]
		]
	],
	"texnames":[
		"\\text{FR}^{5,13,0}_{1235}"
	],
	"barcode":[
		1,
		3,
		1,
		7,
		8,
		8,
		1,
		8,
		6,
		4,
		8,
		7,
		2,
		1,
		4,
		1,
		5,
		3,
		0,
		1,
		5,
		0,
		1,
		5,
		4,
		3,
		3,
		8,
		4,
		9,
		5,
		2,
		4,
		7,
		8,
		9,
		2,
		2,
		3,
		5,
		8,
		0,
		2,
		3,
		0,
		0,
		7,
		6,
		5,
		4,
		1,
		1,
		8,
		5,
		1,
		4,
		9,
		5,
		4,
		8,
		2,
		1,
		9,
		3,
		1,
		9,
		4,
		4,
		0,
		1,
		2,
		0,
		0,
		2,
		5,
		0,
		9,
		2,
		5,
		1,
		6,
		4,
		8,
		1,
		7,
		4,
		4,
		0,
		6,
		2,
		9,
		8,
		7,
		5,
		0,
		5,
		0,
		1,
		3,
		6,
		1,
		0,
		7,
		5,
		9,
		0,
		6,
		5,
		2,
		4,
		2,
		8,
		5,
		2,
		8,
		7,
		0,
		5,
		5,
		1,
		5,
		2,
		5,
		9,
		3,
		6,
		6,
		3,
		2,
		1,
		7,
		2,
		5,
		0,
		3,
		6,
		4,
		0,
		3,
		2,
		9,
		8,
		1
	],
	"formal_code":[
		5,
		13,
		0,
		1235
	],
	"tensor_product_decompositions":{
		"identifiers":[
			"formal_code"
		],
		"value":[]
	},
	"sub_fusion_rings":{
		"identifiers":[
			"injection",
			"formal_code"
		],
		"value":[]
	},
	"numeric_characters":[
		[
			[
				1.0,
				0
			],
			[
				4.270299450280805,
				0
			],
			[
				1.2965157944787745e1,
				0
			],
			[
				1.5623892604013019e1,
				0
			],
			[
				2.2505756845349357e1,
				0
			]
		],
		[
			[
				1.0,
				0
			],
			[
				2.0,
				0
			],
			[
				1.0,
				0
			],
			[
				0.0,
				0
			],
			[
				-1.0,
				0
			]
		],
		[
			[
				1.0,
				0
			],
			[
				-0.867648219044337,
				0
			],
			[
				0.6204616510551468,
				0
			],
			[
				-0.17632109150058972,
				0
			],
			[
				-0.11483478703352719,
				0
			]
		],
		[
			[
				1.0,
				0
			],
			[
				1.4052910790026174,
				0
			],
			[
				-0.43044806227827687,
				0
			],
			[
				-4.959881934344923,
				0
			],
			[
				3.380134095726958,
				0
			]
		],
		[
			[
				1.0,
				0
			],
			[
				0.19205768976091414,
				0
			],
			[
				-1.1551715335646147,
				0
			],
			[
				0.5123104218324946,
				0
			],
			[
				0.22894384595721368,
				0
			]
		]
	],
	"numeric_frobenius_perron_dimensions":[
		1.0,
		4.270299450280805,
		1.2965157944787745e1,
		1.5623892604013019e1,
		2.2505756845349357e1
	],
	"numeric_frobenius_perron_dimension":9.379458892120836e2,
	"info":"Fusion ring. mult_tab provides structure constants. barcode and formal_code provide unique identifiers see (DOI: 10.1063\/5.0148848). sub_fusion_rings provides tuples where the first element corresponds to the elements of the ring that form the subring isomorphic to the ring identified by the second element of the tuple. software provides doi of original software used to represent fusion ring.",
	"comments":[
		""
	]
}