{
	"references":[
		""
	],
	"software":[
		"https:\/\/doi.org\/10.5281\/zenodo.15920400"
	],
	"mult_tab":[
		[
			[
				1,
				0,
				0,
				0,
				0
			],
			[
				0,
				1,
				0,
				0,
				0
			],
			[
				0,
				0,
				1,
				0,
				0
			],
			[
				0,
				0,
				0,
				1,
				0
			],
			[
				0,
				0,
				0,
				0,
				1
			]
		],
		[
			[
				0,
				1,
				0,
				0,
				0
			],
			[
				1,
				8,
				3,
				4,
				5
			],
			[
				0,
				3,
				9,
				5,
				6
			],
			[
				0,
				4,
				5,
				11,
				6
			],
			[
				0,
				5,
				6,
				6,
				12
			]
		],
		[
			[
				0,
				0,
				1,
				0,
				0
			],
			[
				0,
				3,
				9,
				5,
				6
			],
			[
				1,
				9,
				7,
				8,
				5
			],
			[
				0,
				5,
				8,
				6,
				12
			],
			[
				0,
				6,
				5,
				12,
				12
			]
		],
		[
			[
				0,
				0,
				0,
				1,
				0
			],
			[
				0,
				4,
				5,
				11,
				6
			],
			[
				0,
				5,
				8,
				6,
				12
			],
			[
				1,
				11,
				6,
				9,
				11
			],
			[
				0,
				6,
				12,
				11,
				12
			]
		],
		[
			[
				0,
				0,
				0,
				0,
				1
			],
			[
				0,
				5,
				6,
				6,
				12
			],
			[
				0,
				6,
				5,
				12,
				12
			],
			[
				0,
				6,
				12,
				11,
				12
			],
			[
				1,
				12,
				12,
				12,
				12
			]
		]
	],
	"texnames":[
		"\\text{FR}^{5,12,0}_{123}"
	],
	"barcode":[
		1,
		3,
		4,
		5,
		7,
		8,
		5,
		2,
		8,
		7,
		0,
		6,
		3,
		2,
		5,
		1,
		9,
		2,
		9,
		5,
		4,
		0,
		9,
		2,
		4,
		6,
		7,
		7,
		1,
		2,
		3,
		4,
		6,
		1,
		7,
		2,
		8,
		2,
		9,
		4,
		9,
		3,
		6,
		4,
		9,
		4,
		4,
		5,
		1,
		7,
		9,
		2,
		6,
		1,
		5,
		4,
		6,
		3,
		9,
		1,
		7,
		5,
		3,
		2,
		9,
		9,
		6,
		2,
		7,
		7,
		3,
		6,
		4,
		4,
		0,
		5,
		0,
		3,
		2,
		2,
		1,
		1,
		1,
		1,
		0,
		9,
		2,
		9,
		1,
		0,
		7,
		8,
		1,
		5,
		0,
		4,
		4,
		8,
		3,
		8,
		6,
		5,
		7,
		3,
		5,
		5,
		1,
		3,
		4,
		1,
		3,
		0,
		1,
		4,
		7,
		8,
		0,
		3,
		6,
		9,
		4,
		7,
		8,
		9,
		3,
		6,
		1,
		8,
		4,
		4,
		7,
		1,
		9,
		1,
		1,
		1,
		3,
		4,
		5
	],
	"formal_code":[
		5,
		12,
		0,
		123
	],
	"tensor_product_decompositions":{
		"identifiers":[
			"formal_code"
		],
		"value":[]
	},
	"sub_fusion_rings":{
		"identifiers":[
			"injection",
			"formal_code"
		],
		"value":[]
	},
	"numeric_characters":[
		[
			[
				1.0,
				0
			],
			[
				2.5059051057948167e1,
				0
			],
			[
				3.020982354960076e1,
				0
			],
			[
				3.469476342920209e1,
				0
			],
			[
				3.941502141913143e1,
				0
			]
		],
		[
			[
				1.0,
				0
			],
			[
				3.927656123861997,
				0
			],
			[
				6.076961712016501,
				0
			],
			[
				-1.6831304874810311,
				0
			],
			[
				-5.698625909942142,
				0
			]
		],
		[
			[
				1.0,
				0
			],
			[
				5.4568031024551695,
				0
			],
			[
				-5.886878418689976,
				0
			],
			[
				5.74233699744454,
				0
			],
			[
				-4.037287490877045,
				0
			]
		],
		[
			[
				1.0,
				0
			],
			[
				5.728116750707707,
				0
			],
			[
				-2.4045246125665933,
				0
			],
			[
				-5.784900299435256,
				0
			],
			[
				3.267912507903473,
				0
			]
		],
		[
			[
				1.0,
				0
			],
			[
				-0.1716270349730398,
				0
			],
			[
				4.617769639307269e-3,
				0
			],
			[
				3.0930360269653852e-2,
				0
			],
			[
				5.297947378428365e-2,
				0
			]
		]
	],
	"numeric_frobenius_perron_dimensions":[
		1.0,
		2.5059051057948167e1,
		3.020982354960076e1,
		3.469476342920209e1,
		3.941502141913143e1
	],
	"numeric_frobenius_perron_dimension":4.298860001701754e3,
	"info":"Fusion ring. mult_tab provides structure constants. barcode and formal_code provide unique identifiers see (DOI: 10.1063\/5.0148848). sub_fusion_rings provides tuples where the first element corresponds to the elements of the ring that form the subring isomorphic to the ring identified by the second element of the tuple. software provides doi of original software used to represent fusion ring.",
	"comments":[
		""
	]
}