{
	"references":[
		""
	],
	"software":[
		"https:\/\/doi.org\/10.5281\/zenodo.15920400"
	],
	"mult_tab":[
		[
			[
				1,
				0,
				0,
				0,
				0
			],
			[
				0,
				1,
				0,
				0,
				0
			],
			[
				0,
				0,
				1,
				0,
				0
			],
			[
				0,
				0,
				0,
				1,
				0
			],
			[
				0,
				0,
				0,
				0,
				1
			]
		],
		[
			[
				0,
				1,
				0,
				0,
				0
			],
			[
				1,
				0,
				0,
				0,
				0
			],
			[
				0,
				0,
				1,
				0,
				0
			],
			[
				0,
				0,
				0,
				1,
				0
			],
			[
				0,
				0,
				0,
				0,
				1
			]
		],
		[
			[
				0,
				0,
				1,
				0,
				0
			],
			[
				0,
				0,
				1,
				0,
				0
			],
			[
				1,
				1,
				3,
				2,
				2
			],
			[
				0,
				0,
				2,
				2,
				4
			],
			[
				0,
				0,
				2,
				4,
				5
			]
		],
		[
			[
				0,
				0,
				0,
				1,
				0
			],
			[
				0,
				0,
				0,
				1,
				0
			],
			[
				0,
				0,
				2,
				2,
				4
			],
			[
				1,
				1,
				2,
				4,
				4
			],
			[
				0,
				0,
				4,
				4,
				6
			]
		],
		[
			[
				0,
				0,
				0,
				0,
				1
			],
			[
				0,
				0,
				0,
				0,
				1
			],
			[
				0,
				0,
				2,
				4,
				5
			],
			[
				0,
				0,
				4,
				4,
				6
			],
			[
				1,
				1,
				5,
				6,
				8
			]
		]
	],
	"texnames":[
		"\\text{FR}^{5,8,0}_{386}"
	],
	"barcode":[
		2,
		1,
		1,
		8,
		7,
		1,
		2,
		2,
		9,
		9,
		1,
		3,
		9,
		8,
		3,
		2,
		0,
		3,
		2,
		5,
		8,
		3,
		1,
		9,
		3,
		6,
		7,
		6,
		1,
		7,
		2,
		7,
		8,
		8,
		4,
		4,
		9,
		7,
		8,
		7,
		7,
		3,
		6,
		0,
		4,
		5,
		0,
		7,
		5,
		3,
		1,
		9,
		3,
		8,
		5,
		9,
		6,
		4,
		5,
		5,
		5,
		1,
		3,
		8,
		4,
		3,
		7,
		7,
		1,
		9,
		9,
		3,
		6,
		0,
		1,
		0,
		7,
		8,
		4,
		6,
		2,
		2,
		3,
		6,
		3,
		1,
		9,
		1,
		7,
		0,
		7,
		1,
		2,
		0,
		2,
		8,
		2,
		5,
		1,
		3,
		6,
		9,
		9,
		2,
		0,
		6,
		9,
		0,
		8,
		6,
		0,
		8,
		1,
		2,
		6,
		7,
		3,
		8,
		0
	],
	"formal_code":[
		5,
		8,
		0,
		386
	],
	"tensor_product_decompositions":{
		"identifiers":[
			"formal_code"
		],
		"value":[]
	},
	"sub_fusion_rings":{
		"identifiers":[
			"injection",
			"formal_code"
		],
		"value":[
			[
				[
					1,
					2
				],
				[
					2,
					1,
					0,
					1
				]
			]
		]
	},
	"numeric_characters":[
		[
			[
				1.0,
				0
			],
			[
				1.0,
				0
			],
			[
				9.095932280272493,
				0
			],
			[
				1.1273341961171777e1,
				0
			],
			[
				1.5450751642071063e1,
				0
			]
		],
		[
			[
				1.0,
				0
			],
			[
				1.0,
				0
			],
			[
				-1.0,
				0
			],
			[
				2.0,
				0
			],
			[
				-1.0,
				0
			]
		],
		[
			[
				1.0,
				0
			],
			[
				1.0,
				0
			],
			[
				-0.5398238766585141,
				0
			],
			[
				-0.8614610509218099,
				0
			],
			[
				0.8169017748148942,
				0
			]
		],
		[
			[
				1.0,
				0
			],
			[
				-1.0,
				0
			],
			[
				0.0,
				0
			],
			[
				0.0,
				0
			],
			[
				0.0,
				0
			]
		],
		[
			[
				1.0,
				0
			],
			[
				1.0,
				0
			],
			[
				2.443891596386021,
				0
			],
			[
				-0.41188091024996804,
				0
			],
			[
				-1.2676534168859568,
				0
			]
		]
	],
	"numeric_frobenius_perron_dimensions":[
		1.0,
		1.0,
		9.095932280272493,
		1.1273341961171777e1,
		1.5450751642071063e1
	],
	"numeric_frobenius_perron_dimension":4.5054994932578114e2,
	"info":"Fusion ring. mult_tab provides structure constants. barcode and formal_code provide unique identifiers see (DOI: 10.1063\/5.0148848). sub_fusion_rings provides tuples where the first element corresponds to the elements of the ring that form the subring isomorphic to the ring identified by the second element of the tuple. software provides doi of original software used to represent fusion ring.",
	"comments":[
		""
	]
}