{
	"references":[
		""
	],
	"software":[
		"https:\/\/doi.org\/10.5281\/zenodo.15920400"
	],
	"mult_tab":[
		[
			[
				1,
				0,
				0,
				0,
				0
			],
			[
				0,
				1,
				0,
				0,
				0
			],
			[
				0,
				0,
				1,
				0,
				0
			],
			[
				0,
				0,
				0,
				1,
				0
			],
			[
				0,
				0,
				0,
				0,
				1
			]
		],
		[
			[
				0,
				1,
				0,
				0,
				0
			],
			[
				1,
				0,
				0,
				0,
				0
			],
			[
				0,
				0,
				1,
				0,
				0
			],
			[
				0,
				0,
				0,
				1,
				0
			],
			[
				0,
				0,
				0,
				0,
				1
			]
		],
		[
			[
				0,
				0,
				1,
				0,
				0
			],
			[
				0,
				0,
				1,
				0,
				0
			],
			[
				1,
				1,
				4,
				0,
				2
			],
			[
				0,
				0,
				0,
				4,
				4
			],
			[
				0,
				0,
				2,
				4,
				4
			]
		],
		[
			[
				0,
				0,
				0,
				1,
				0
			],
			[
				0,
				0,
				0,
				1,
				0
			],
			[
				0,
				0,
				0,
				4,
				4
			],
			[
				1,
				1,
				4,
				6,
				7
			],
			[
				0,
				0,
				4,
				7,
				8
			]
		],
		[
			[
				0,
				0,
				0,
				0,
				1
			],
			[
				0,
				0,
				0,
				0,
				1
			],
			[
				0,
				0,
				2,
				4,
				4
			],
			[
				0,
				0,
				4,
				7,
				8
			],
			[
				1,
				1,
				4,
				8,
				9
			]
		]
	],
	"texnames":[
		"\\text{FR}^{5,9,0}_{850}"
	],
	"barcode":[
		1,
		0,
		0,
		0,
		0,
		0,
		1,
		0,
		0,
		0,
		0,
		0,
		1,
		0,
		0,
		0,
		0,
		0,
		1,
		0,
		0,
		0,
		0,
		0,
		1,
		0,
		1,
		0,
		0,
		0,
		1,
		0,
		0,
		0,
		0,
		0,
		0,
		1,
		0,
		0,
		0,
		0,
		0,
		1,
		0,
		0,
		0,
		0,
		0,
		1,
		0,
		0,
		1,
		0,
		0,
		0,
		0,
		1,
		0,
		0,
		1,
		1,
		9,
		8,
		4,
		0,
		0,
		8,
		7,
		4,
		0,
		0,
		4,
		4,
		2,
		0,
		0,
		0,
		1,
		0,
		0,
		0,
		0,
		1,
		0,
		0,
		0,
		8,
		7,
		4,
		1,
		1,
		7,
		6,
		4,
		0,
		0,
		4,
		4,
		0,
		0,
		0,
		0,
		0,
		1,
		0,
		0,
		0,
		0,
		1,
		0,
		0,
		4,
		4,
		2,
		0,
		0,
		4,
		4,
		0,
		1,
		1,
		2,
		0,
		4
	],
	"formal_code":[
		5,
		9,
		0,
		850
	],
	"tensor_product_decompositions":{
		"identifiers":[
			"formal_code"
		],
		"value":[]
	},
	"sub_fusion_rings":{
		"identifiers":[
			"injection",
			"formal_code"
		],
		"value":[
			[
				[
					1,
					2
				],
				[
					2,
					1,
					0,
					1
				]
			]
		]
	},
	"numeric_characters":[
		[
			[
				1.0,
				0
			],
			[
				1.0,
				0
			],
			[
				8.496770560992273,
				0
			],
			[
				1.610401386108793e1,
				0
			],
			[
				1.810401386108793e1,
				0
			]
		],
		[
			[
				1.0,
				0
			],
			[
				1.0,
				0
			],
			[
				4.365862391654481,
				0
			],
			[
				-2.201347571877469,
				0
			],
			[
				-0.20134757187746896,
				0
			]
		],
		[
			[
				1.0,
				0
			],
			[
				1.0,
				0
			],
			[
				0.0,
				0
			],
			[
				1.0,
				0
			],
			[
				-1.0,
				0
			]
		],
		[
			[
				1.0,
				0
			],
			[
				1.0,
				0
			],
			[
				-0.8626329526467548,
				0
			],
			[
				-0.9026662892104613,
				0
			],
			[
				1.0973337107895387,
				0
			]
		],
		[
			[
				1.0,
				0
			],
			[
				-1.0,
				0
			],
			[
				0.0,
				0
			],
			[
				0.0,
				0
			],
			[
				0.0,
				0
			]
		]
	],
	"numeric_frobenius_perron_dimensions":[
		1.0,
		1.0,
		8.496770560992275,
		1.610401386108793e1,
		1.810401386108793e1
	],
	"numeric_frobenius_perron_dimension":6.612896902867212e2,
	"info":"Fusion ring. mult_tab provides structure constants. barcode and formal_code provide unique identifiers see (DOI: 10.1063\/5.0148848). sub_fusion_rings provides tuples where the first element corresponds to the elements of the ring that form the subring isomorphic to the ring identified by the second element of the tuple. software provides doi of original software used to represent fusion ring.",
	"comments":[
		""
	]
}