{
	"references":[
		""
	],
	"software":[
		"https:\/\/doi.org\/10.5281\/zenodo.15920400"
	],
	"mult_tab":[
		[
			[
				1,
				0,
				0,
				0,
				0
			],
			[
				0,
				1,
				0,
				0,
				0
			],
			[
				0,
				0,
				1,
				0,
				0
			],
			[
				0,
				0,
				0,
				1,
				0
			],
			[
				0,
				0,
				0,
				0,
				1
			]
		],
		[
			[
				0,
				1,
				0,
				0,
				0
			],
			[
				1,
				4,
				2,
				6,
				5
			],
			[
				0,
				2,
				5,
				4,
				8
			],
			[
				0,
				6,
				4,
				9,
				5
			],
			[
				0,
				5,
				8,
				5,
				8
			]
		],
		[
			[
				0,
				0,
				1,
				0,
				0
			],
			[
				0,
				2,
				5,
				4,
				8
			],
			[
				1,
				5,
				2,
				9,
				6
			],
			[
				0,
				4,
				9,
				4,
				10
			],
			[
				0,
				8,
				6,
				10,
				6
			]
		],
		[
			[
				0,
				0,
				0,
				1,
				0
			],
			[
				0,
				6,
				4,
				9,
				5
			],
			[
				0,
				4,
				9,
				4,
				10
			],
			[
				1,
				9,
				4,
				13,
				7
			],
			[
				0,
				5,
				10,
				7,
				13
			]
		],
		[
			[
				0,
				0,
				0,
				0,
				1
			],
			[
				0,
				5,
				8,
				5,
				8
			],
			[
				0,
				8,
				6,
				10,
				6
			],
			[
				0,
				5,
				10,
				7,
				13
			],
			[
				1,
				8,
				6,
				13,
				11
			]
		]
	],
	"texnames":[
		"\\text{FR}^{5,13,0}_{89}"
	],
	"barcode":[
		1,
		3,
		1,
		7,
		8,
		8,
		1,
		8,
		6,
		4,
		8,
		7,
		2,
		1,
		4,
		1,
		5,
		3,
		0,
		1,
		5,
		0,
		1,
		5,
		4,
		3,
		3,
		8,
		4,
		9,
		5,
		2,
		4,
		7,
		8,
		9,
		2,
		2,
		7,
		6,
		9,
		1,
		4,
		4,
		8,
		7,
		3,
		2,
		9,
		5,
		6,
		1,
		7,
		8,
		0,
		9,
		5,
		7,
		3,
		4,
		1,
		9,
		5,
		5,
		7,
		8,
		9,
		0,
		0,
		0,
		1,
		0,
		1,
		5,
		0,
		9,
		1,
		7,
		8,
		1,
		4,
		6,
		2,
		1,
		2,
		4,
		3,
		9,
		8,
		5,
		3,
		3,
		5,
		2,
		3,
		1,
		2,
		0,
		8,
		7,
		0,
		9,
		2,
		5,
		3,
		1,
		2,
		1,
		3,
		7,
		0,
		8,
		7,
		5,
		6,
		5,
		3,
		6,
		9,
		3,
		3,
		3,
		2,
		7,
		4,
		7,
		1,
		0,
		1,
		3,
		6,
		2,
		4,
		5,
		9,
		9,
		2,
		7,
		9,
		3,
		1,
		6,
		0
	],
	"formal_code":[
		5,
		13,
		0,
		89
	],
	"tensor_product_decompositions":{
		"identifiers":[
			"formal_code"
		],
		"value":[]
	},
	"sub_fusion_rings":{
		"identifiers":[
			"injection",
			"formal_code"
		],
		"value":[]
	},
	"numeric_characters":[
		[
			[
				1.0,
				0
			],
			[
				2.2071437337146758e1,
				0
			],
			[
				2.516993128867194e1,
				0
			],
			[
				3.044506153966162e1,
				0
			],
			[
				3.297047299273907e1,
				0
			]
		],
		[
			[
				1.0,
				0
			],
			[
				5.730113127919774,
				0
			],
			[
				-7.853485076522836,
				0
			],
			[
				1.010487524470198e1,
				0
			],
			[
				-7.201707473617352,
				0
			]
		],
		[
			[
				1.0,
				0
			],
			[
				-0.3998521698226391,
				0
			],
			[
				0.4160528388323782,
				0
			],
			[
				0.23757412496872932,
				0
			],
			[
				-0.29965199809494064,
				0
			]
		],
		[
			[
				1.0,
				0
			],
			[
				1.1532269835669509,
				0
			],
			[
				-0.5137598713940612,
				0
			],
			[
				-0.871177283649159,
				0
			],
			[
				0.3943215972084404,
				0
			]
		],
		[
			[
				1.0,
				0
			],
			[
				-2.554925278810844,
				0
			],
			[
				-3.2187391795874203,
				0
			],
			[
				1.0836663743168309,
				0
			],
			[
				3.1365648817647807,
				0
			]
		]
	],
	"numeric_frobenius_perron_dimensions":[
		1.0,
		2.2071437337146758e1,
		2.516993128867194e1,
		3.044506153966162e1,
		3.297047299273907e1
	],
	"numeric_frobenius_perron_dimension":3.135627648722782e3,
	"info":"Fusion ring. mult_tab provides structure constants. barcode and formal_code provide unique identifiers see (DOI: 10.1063\/5.0148848). sub_fusion_rings provides tuples where the first element corresponds to the elements of the ring that form the subring isomorphic to the ring identified by the second element of the tuple. software provides doi of original software used to represent fusion ring.",
	"comments":[
		""
	]
}