{
	"references":[
		""
	],
	"software":[
		"https:\/\/doi.org\/10.5281\/zenodo.15920400"
	],
	"mult_tab":[
		[
			[
				1,
				0,
				0,
				0,
				0
			],
			[
				0,
				1,
				0,
				0,
				0
			],
			[
				0,
				0,
				1,
				0,
				0
			],
			[
				0,
				0,
				0,
				1,
				0
			],
			[
				0,
				0,
				0,
				0,
				1
			]
		],
		[
			[
				0,
				1,
				0,
				0,
				0
			],
			[
				1,
				5,
				5,
				6,
				6
			],
			[
				0,
				5,
				6,
				6,
				6
			],
			[
				0,
				6,
				6,
				7,
				9
			],
			[
				0,
				6,
				6,
				9,
				9
			]
		],
		[
			[
				0,
				0,
				1,
				0,
				0
			],
			[
				0,
				5,
				6,
				6,
				6
			],
			[
				1,
				6,
				6,
				6,
				6
			],
			[
				0,
				6,
				6,
				8,
				9
			],
			[
				0,
				6,
				6,
				9,
				10
			]
		],
		[
			[
				0,
				0,
				0,
				1,
				0
			],
			[
				0,
				6,
				6,
				7,
				9
			],
			[
				0,
				6,
				6,
				8,
				9
			],
			[
				1,
				7,
				8,
				12,
				9
			],
			[
				0,
				9,
				9,
				9,
				12
			]
		],
		[
			[
				0,
				0,
				0,
				0,
				1
			],
			[
				0,
				6,
				6,
				9,
				9
			],
			[
				0,
				6,
				6,
				9,
				10
			],
			[
				0,
				9,
				9,
				9,
				12
			],
			[
				1,
				9,
				10,
				12,
				11
			]
		]
	],
	"texnames":[
		"\\text{FR}^{5,12,0}_{548}"
	],
	"barcode":[
		1,
		3,
		4,
		5,
		7,
		8,
		5,
		2,
		8,
		7,
		0,
		6,
		3,
		2,
		5,
		1,
		9,
		2,
		9,
		5,
		4,
		0,
		9,
		2,
		4,
		6,
		7,
		7,
		1,
		2,
		3,
		4,
		6,
		1,
		8,
		9,
		9,
		5,
		0,
		9,
		1,
		2,
		0,
		7,
		1,
		2,
		8,
		6,
		9,
		0,
		6,
		1,
		2,
		0,
		3,
		3,
		6,
		1,
		0,
		8,
		6,
		1,
		8,
		2,
		2,
		6,
		5,
		1,
		4,
		3,
		5,
		2,
		2,
		6,
		8,
		8,
		5,
		1,
		0,
		8,
		8,
		1,
		7,
		1,
		7,
		7,
		9,
		5,
		0,
		2,
		3,
		6,
		6,
		5,
		4,
		6,
		6,
		8,
		1,
		4,
		4,
		7,
		5,
		6,
		8,
		8,
		2,
		9,
		3,
		5,
		1,
		6,
		7,
		2,
		2,
		5,
		4,
		2,
		3,
		2,
		8,
		3,
		0,
		3,
		9,
		8,
		0,
		0,
		8,
		2,
		8,
		6,
		1,
		9,
		6,
		0,
		1,
		0,
		9
	],
	"formal_code":[
		5,
		12,
		0,
		548
	],
	"tensor_product_decompositions":{
		"identifiers":[
			"formal_code"
		],
		"value":[]
	},
	"sub_fusion_rings":{
		"identifiers":[
			"injection",
			"formal_code"
		],
		"value":[]
	},
	"numeric_characters":[
		[
			[
				1.0,
				0
			],
			[
				2.6215858956308473e1,
				0
			],
			[
				2.7215858956308473e1,
				0
			],
			[
				3.364275799034036e1,
				0
			],
			[
				3.6209353885322066e1,
				0
			]
		],
		[
			[
				1.0,
				0
			],
			[
				1.673449242751835,
				0
			],
			[
				2.673449242751835,
				0
			],
			[
				-1.039812700200555,
				0
			],
			[
				-2.282530643041388,
				0
			]
		],
		[
			[
				1.0,
				0
			],
			[
				1.0,
				0
			],
			[
				-1.0,
				0
			],
			[
				0.0,
				0
			],
			[
				0.0,
				0
			]
		],
		[
			[
				1.0,
				0
			],
			[
				-1.2125758039101648,
				0
			],
			[
				-0.21257580391016476,
				0
			],
			[
				3.61080793070866,
				0
			],
			[
				-2.344791577486988,
				0
			]
		],
		[
			[
				1.0,
				0
			],
			[
				-0.676732395150145,
				0
			],
			[
				0.32326760484985495,
				0
			],
			[
				-0.2137532208484622,
				0
			],
			[
				0.41796833520631266,
				0
			]
		]
	],
	"numeric_frobenius_perron_dimensions":[
		1.0,
		2.6215858956308473e1,
		2.7215858956308477e1,
		3.364275799034036e1,
		3.6209353885322066e1
	],
	"numeric_frobenius_perron_dimension":3.871926713535834e3,
	"info":"Fusion ring. mult_tab provides structure constants. barcode and formal_code provide unique identifiers see (DOI: 10.1063\/5.0148848). sub_fusion_rings provides tuples where the first element corresponds to the elements of the ring that form the subring isomorphic to the ring identified by the second element of the tuple. software provides doi of original software used to represent fusion ring.",
	"comments":[
		""
	]
}