{
	"references":[
		""
	],
	"software":[
		"https:\/\/doi.org\/10.5281\/zenodo.15920400"
	],
	"mult_tab":[
		[
			[
				1,
				0,
				0,
				0,
				0
			],
			[
				0,
				1,
				0,
				0,
				0
			],
			[
				0,
				0,
				1,
				0,
				0
			],
			[
				0,
				0,
				0,
				1,
				0
			],
			[
				0,
				0,
				0,
				0,
				1
			]
		],
		[
			[
				0,
				1,
				0,
				0,
				0
			],
			[
				1,
				0,
				0,
				0,
				0
			],
			[
				0,
				0,
				0,
				1,
				0
			],
			[
				0,
				0,
				1,
				0,
				0
			],
			[
				0,
				0,
				0,
				0,
				1
			]
		],
		[
			[
				0,
				0,
				1,
				0,
				0
			],
			[
				0,
				0,
				0,
				1,
				0
			],
			[
				1,
				0,
				0,
				12,
				4
			],
			[
				0,
				1,
				12,
				0,
				4
			],
			[
				0,
				0,
				4,
				4,
				11
			]
		],
		[
			[
				0,
				0,
				0,
				1,
				0
			],
			[
				0,
				0,
				1,
				0,
				0
			],
			[
				0,
				1,
				12,
				0,
				4
			],
			[
				1,
				0,
				0,
				12,
				4
			],
			[
				0,
				0,
				4,
				4,
				11
			]
		],
		[
			[
				0,
				0,
				0,
				0,
				1
			],
			[
				0,
				0,
				0,
				0,
				1
			],
			[
				0,
				0,
				4,
				4,
				11
			],
			[
				0,
				0,
				4,
				4,
				11
			],
			[
				1,
				1,
				11,
				11,
				5
			]
		]
	],
	"texnames":[
		"\\text{FR}^{5,12,0}_{1763}"
	],
	"barcode":[
		1,
		3,
		4,
		5,
		7,
		8,
		5,
		2,
		8,
		7,
		0,
		6,
		3,
		2,
		5,
		1,
		9,
		2,
		9,
		5,
		4,
		0,
		9,
		2,
		4,
		6,
		7,
		7,
		1,
		2,
		3,
		4,
		6,
		1,
		3,
		9,
		6,
		0,
		1,
		0,
		1,
		2,
		5,
		7,
		0,
		5,
		3,
		7,
		0,
		4,
		5,
		3,
		0,
		7,
		3,
		1,
		3,
		5,
		8,
		5,
		9,
		2,
		5,
		8,
		4,
		1,
		6,
		9,
		5,
		3,
		6,
		9,
		7,
		0,
		3,
		1,
		7,
		3,
		1,
		6,
		2,
		0,
		9,
		8,
		3,
		1,
		2,
		9,
		7,
		4,
		9,
		3,
		8,
		3,
		9,
		5,
		5,
		3,
		6,
		0,
		9,
		1,
		5,
		4,
		8,
		8,
		1,
		3,
		4,
		6,
		4,
		9,
		0,
		4,
		3,
		0,
		7,
		1,
		0,
		7,
		0,
		1,
		1,
		0,
		3,
		6,
		9,
		5,
		4,
		5,
		2,
		3,
		5,
		3,
		8,
		4,
		3,
		4,
		9
	],
	"formal_code":[
		5,
		12,
		0,
		1763
	],
	"tensor_product_decompositions":{
		"identifiers":[
			"formal_code"
		],
		"value":[]
	},
	"sub_fusion_rings":{
		"identifiers":[
			"injection",
			"formal_code"
		],
		"value":[
			[
				[
					1,
					2
				],
				[
					2,
					1,
					0,
					1
				]
			]
		]
	},
	"numeric_characters":[
		[
			[
				1.0,
				0
			],
			[
				1.0,
				0
			],
			[
				1.721059179953884e1,
				0
			],
			[
				1.721059179953884e1,
				0
			],
			[
				2.2169342123971877e1,
				0
			]
		],
		[
			[
				1.0,
				0
			],
			[
				1.0,
				0
			],
			[
				5.897778046528185,
				0
			],
			[
				5.897778046528185,
				0
			],
			[
				-9.247387668057101,
				0
			]
		],
		[
			[
				1.0,
				0
			],
			[
				-1.0,
				0
			],
			[
				-1.2082762530298218e1,
				0
			],
			[
				1.2082762530298218e1,
				0
			],
			[
				0.0,
				0
			]
		],
		[
			[
				1.0,
				0
			],
			[
				1.0,
				0
			],
			[
				-0.10836984606702568,
				0
			],
			[
				-0.10836984606702568,
				0
			],
			[
				7.804554408522477e-2,
				0
			]
		],
		[
			[
				1.0,
				0
			],
			[
				-1.0,
				0
			],
			[
				8.276253029821934e-2,
				0
			],
			[
				-8.276253029821934e-2,
				0
			],
			[
				0.0,
				0
			]
		]
	],
	"numeric_frobenius_perron_dimensions":[
		1.0,
		1.0,
		1.721059179953884e1,
		1.721059179953884e1,
		2.2169342123971877e1
	],
	"numeric_frobenius_perron_dimension":1.0858886703904209e3,
	"info":"Fusion ring. mult_tab provides structure constants. barcode and formal_code provide unique identifiers see (DOI: 10.1063\/5.0148848). sub_fusion_rings provides tuples where the first element corresponds to the elements of the ring that form the subring isomorphic to the ring identified by the second element of the tuple. software provides doi of original software used to represent fusion ring.",
	"comments":[
		""
	]
}