{
	"references":[
		""
	],
	"software":[
		"https:\/\/doi.org\/10.5281\/zenodo.15920400"
	],
	"mult_tab":[
		[
			[
				1,
				0,
				0,
				0,
				0
			],
			[
				0,
				1,
				0,
				0,
				0
			],
			[
				0,
				0,
				1,
				0,
				0
			],
			[
				0,
				0,
				0,
				1,
				0
			],
			[
				0,
				0,
				0,
				0,
				1
			]
		],
		[
			[
				0,
				1,
				0,
				0,
				0
			],
			[
				1,
				8,
				2,
				0,
				0
			],
			[
				0,
				2,
				9,
				2,
				0
			],
			[
				0,
				0,
				2,
				4,
				5
			],
			[
				0,
				0,
				0,
				5,
				8
			]
		],
		[
			[
				0,
				0,
				1,
				0,
				0
			],
			[
				0,
				2,
				9,
				2,
				0
			],
			[
				1,
				9,
				8,
				5,
				5
			],
			[
				0,
				2,
				5,
				6,
				10
			],
			[
				0,
				0,
				5,
				10,
				12
			]
		],
		[
			[
				0,
				0,
				0,
				1,
				0
			],
			[
				0,
				0,
				2,
				4,
				5
			],
			[
				0,
				2,
				5,
				6,
				10
			],
			[
				1,
				4,
				6,
				11,
				5
			],
			[
				0,
				5,
				10,
				5,
				11
			]
		],
		[
			[
				0,
				0,
				0,
				0,
				1
			],
			[
				0,
				0,
				0,
				5,
				8
			],
			[
				0,
				0,
				5,
				10,
				12
			],
			[
				0,
				5,
				10,
				5,
				11
			],
			[
				1,
				8,
				12,
				11,
				9
			]
		]
	],
	"texnames":[
		"\\text{FR}^{5,12,0}_{95}"
	],
	"barcode":[
		1,
		3,
		4,
		5,
		7,
		8,
		5,
		2,
		8,
		7,
		0,
		6,
		3,
		2,
		5,
		1,
		9,
		2,
		9,
		5,
		4,
		0,
		9,
		2,
		4,
		6,
		7,
		7,
		1,
		2,
		3,
		4,
		6,
		1,
		7,
		1,
		8,
		1,
		8,
		7,
		2,
		2,
		3,
		1,
		5,
		3,
		4,
		8,
		4,
		1,
		4,
		3,
		7,
		9,
		3,
		7,
		5,
		5,
		2,
		1,
		7,
		5,
		3,
		1,
		2,
		9,
		0,
		6,
		4,
		9,
		3,
		0,
		6,
		9,
		3,
		8,
		3,
		3,
		0,
		1,
		4,
		1,
		7,
		6,
		8,
		5,
		0,
		9,
		6,
		3,
		5,
		0,
		3,
		0,
		9,
		1,
		8,
		7,
		6,
		1,
		7,
		6,
		4,
		1,
		1,
		3,
		2,
		3,
		0,
		0,
		6,
		2,
		8,
		6,
		9,
		3,
		4,
		8,
		6,
		5,
		0,
		1,
		4,
		5,
		4,
		5,
		7,
		1,
		6,
		1,
		8,
		3,
		0,
		2,
		9,
		7,
		2,
		1,
		6
	],
	"formal_code":[
		5,
		12,
		0,
		95
	],
	"tensor_product_decompositions":{
		"identifiers":[
			"formal_code"
		],
		"value":[]
	},
	"sub_fusion_rings":{
		"identifiers":[
			"injection",
			"formal_code"
		],
		"value":[]
	},
	"numeric_characters":[
		[
			[
				1.0,
				0
			],
			[
				1.2072142837689855e1,
				0
			],
			[
				2.4079744996033813e1,
				0
			],
			[
				2.4916065223791854e1,
				0
			],
			[
				3.059330948951541e1,
				0
			]
		],
		[
			[
				1.0,
				0
			],
			[
				6.606132752747107,
				0
			],
			[
				-5.104036037529393,
				0
			],
			[
				-0.49694040322708266,
				0
			],
			[
				1.7825958828090662,
				0
			]
		],
		[
			[
				1.0,
				0
			],
			[
				1.0174691678197824e1,
				0
			],
			[
				1.0563408660402727e1,
				0
			],
			[
				-3.970317554808873,
				0
			],
			[
				-9.128460817257306,
				0
			]
		],
		[
			[
				1.0,
				0
			],
			[
				-0.13531047773204877,
				0
			],
			[
				5.03963736202327e-2,
				0
			],
			[
				-9.488278225425664e-2,
				0
			],
			[
				5.831540327438612e-2,
				0
			]
		],
		[
			[
				1.0,
				0
			],
			[
				0.28234320909726285,
				0
			],
			[
				-1.5895139925273811,
				0
			],
			[
				6.64607551649836,
				0
			],
			[
				-4.3057599583415564,
				0
			]
		]
	],
	"numeric_frobenius_perron_dimensions":[
		1.0,
		1.2072142837689887e1,
		2.4079744996033813e1,
		2.4916065223791854e1,
		3.0593309489515413e1
	],
	"numeric_frobenius_perron_dimension":2.2833316435251263e3,
	"info":"Fusion ring. mult_tab provides structure constants. barcode and formal_code provide unique identifiers see (DOI: 10.1063\/5.0148848). sub_fusion_rings provides tuples where the first element corresponds to the elements of the ring that form the subring isomorphic to the ring identified by the second element of the tuple. software provides doi of original software used to represent fusion ring.",
	"comments":[
		""
	]
}