{
	"references":[
		""
	],
	"software":[
		"https:\/\/doi.org\/10.5281\/zenodo.15920400"
	],
	"mult_tab":[
		[
			[
				1,
				0,
				0,
				0,
				0
			],
			[
				0,
				1,
				0,
				0,
				0
			],
			[
				0,
				0,
				1,
				0,
				0
			],
			[
				0,
				0,
				0,
				1,
				0
			],
			[
				0,
				0,
				0,
				0,
				1
			]
		],
		[
			[
				0,
				1,
				0,
				0,
				0
			],
			[
				1,
				0,
				0,
				0,
				0
			],
			[
				0,
				0,
				1,
				0,
				0
			],
			[
				0,
				0,
				0,
				1,
				0
			],
			[
				0,
				0,
				0,
				0,
				1
			]
		],
		[
			[
				0,
				0,
				1,
				0,
				0
			],
			[
				0,
				0,
				1,
				0,
				0
			],
			[
				1,
				1,
				3,
				4,
				2
			],
			[
				0,
				0,
				4,
				2,
				4
			],
			[
				0,
				0,
				2,
				4,
				6
			]
		],
		[
			[
				0,
				0,
				0,
				1,
				0
			],
			[
				0,
				0,
				0,
				1,
				0
			],
			[
				0,
				0,
				4,
				2,
				4
			],
			[
				1,
				1,
				2,
				5,
				4
			],
			[
				0,
				0,
				4,
				4,
				6
			]
		],
		[
			[
				0,
				0,
				0,
				0,
				1
			],
			[
				0,
				0,
				0,
				0,
				1
			],
			[
				0,
				0,
				2,
				4,
				6
			],
			[
				0,
				0,
				4,
				4,
				6
			],
			[
				1,
				1,
				6,
				6,
				6
			]
		]
	],
	"texnames":[
		"\\text{FR}^{5,6,0}_{123}"
	],
	"barcode":[
		6,
		1,
		9,
		6,
		7,
		0,
		2,
		5,
		9,
		6,
		9,
		5,
		7,
		2,
		7,
		7,
		0,
		5,
		5,
		2,
		5,
		0,
		6,
		7,
		0,
		4,
		1,
		6,
		6,
		1,
		4,
		7,
		0,
		8,
		6,
		4,
		1,
		1,
		2,
		5,
		5,
		6,
		3,
		9,
		6,
		2,
		9,
		8,
		4,
		4,
		2,
		1,
		7,
		9,
		0,
		3,
		0,
		3,
		8,
		0,
		2,
		8,
		9,
		8,
		4,
		4,
		7,
		7,
		4,
		7,
		5,
		9,
		6,
		1,
		6,
		5,
		6,
		9,
		6,
		2,
		5,
		2,
		8,
		5,
		5,
		3,
		4,
		9,
		6,
		7,
		3,
		7,
		1,
		5,
		0,
		1,
		7,
		8,
		7,
		2,
		1,
		3,
		7,
		3,
		8
	],
	"formal_code":[
		5,
		6,
		0,
		123
	],
	"tensor_product_decompositions":{
		"identifiers":[
			"formal_code"
		],
		"value":[]
	},
	"sub_fusion_rings":{
		"identifiers":[
			"injection",
			"formal_code"
		],
		"value":[
			[
				[
					1,
					2
				],
				[
					2,
					1,
					0,
					1
				]
			]
		]
	},
	"numeric_characters":[
		[
			[
				1.0,
				0
			],
			[
				1.0,
				0
			],
			[
				1.0574221019417168e1,
				0
			],
			[
				1.1975214887240169e1,
				0
			],
			[
				1.5095313780135843e1,
				0
			]
		],
		[
			[
				1.0,
				0
			],
			[
				1.0,
				0
			],
			[
				-0.11750621531777752,
				0
			],
			[
				-0.6353380530243476,
				0
			],
			[
				0.4538392843445155,
				0
			]
		],
		[
			[
				1.0,
				0
			],
			[
				1.0,
				0
			],
			[
				2.823549994373169,
				0
			],
			[
				0.7137455056886665,
				0
			],
			[
				-2.6765987175747252,
				0
			]
		],
		[
			[
				1.0,
				0
			],
			[
				1.0,
				0
			],
			[
				-2.28026479847256,
				0
			],
			[
				2.946377660095513,
				0
			],
			[
				-0.8725543469056336,
				0
			]
		],
		[
			[
				1.0,
				0
			],
			[
				-1.0,
				0
			],
			[
				0.0,
				0
			],
			[
				0.0,
				0
			],
			[
				0.0,
				0
			]
		]
	],
	"numeric_frobenius_perron_dimensions":[
		1.0,
		1.0,
		1.0574221019417168e1,
		1.1975214887240167e1,
		1.5095313780135843e1
	],
	"numeric_frobenius_perron_dimension":4.850884198838215e2,
	"info":"Fusion ring. mult_tab provides structure constants. barcode and formal_code provide unique identifiers see (DOI: 10.1063\/5.0148848). sub_fusion_rings provides tuples where the first element corresponds to the elements of the ring that form the subring isomorphic to the ring identified by the second element of the tuple. software provides doi of original software used to represent fusion ring.",
	"comments":[
		""
	]
}