{
	"references":[
		""
	],
	"software":[
		"https:\/\/doi.org\/10.5281\/zenodo.15920400"
	],
	"mult_tab":[
		[
			[
				1,
				0,
				0,
				0,
				0
			],
			[
				0,
				1,
				0,
				0,
				0
			],
			[
				0,
				0,
				1,
				0,
				0
			],
			[
				0,
				0,
				0,
				1,
				0
			],
			[
				0,
				0,
				0,
				0,
				1
			]
		],
		[
			[
				0,
				1,
				0,
				0,
				0
			],
			[
				1,
				1,
				2,
				1,
				2
			],
			[
				0,
				2,
				0,
				3,
				3
			],
			[
				0,
				1,
				3,
				1,
				4
			],
			[
				0,
				2,
				3,
				4,
				3
			]
		],
		[
			[
				0,
				0,
				1,
				0,
				0
			],
			[
				0,
				2,
				0,
				3,
				3
			],
			[
				1,
				0,
				9,
				3,
				0
			],
			[
				0,
				3,
				3,
				8,
				0
			],
			[
				0,
				3,
				0,
				0,
				11
			]
		],
		[
			[
				0,
				0,
				0,
				1,
				0
			],
			[
				0,
				1,
				3,
				1,
				4
			],
			[
				0,
				3,
				3,
				8,
				0
			],
			[
				1,
				1,
				8,
				3,
				3
			],
			[
				0,
				4,
				0,
				3,
				10
			]
		],
		[
			[
				0,
				0,
				0,
				0,
				1
			],
			[
				0,
				2,
				3,
				4,
				3
			],
			[
				0,
				3,
				0,
				0,
				11
			],
			[
				0,
				4,
				0,
				3,
				10
			],
			[
				1,
				3,
				11,
				10,
				1
			]
		]
	],
	"texnames":[
		"\\text{FR}^{5,11,0}_{1120}"
	],
	"barcode":[
		6,
		5,
		8,
		3,
		7,
		7,
		0,
		0,
		7,
		1,
		1,
		6,
		2,
		1,
		8,
		2,
		3,
		4,
		2,
		2,
		0,
		4,
		1,
		2,
		6,
		8,
		4,
		4,
		3,
		7,
		1,
		5,
		4,
		5,
		8,
		4,
		2,
		5,
		1,
		3,
		0,
		4,
		5,
		2,
		9,
		8,
		1,
		4,
		2,
		5,
		3,
		1,
		8,
		0,
		5,
		8,
		8,
		3,
		6,
		5,
		4,
		6,
		0,
		2,
		8,
		5,
		2,
		8,
		6,
		1,
		5,
		5,
		8,
		0,
		4,
		9,
		3,
		4,
		0,
		4,
		0,
		6,
		4,
		4,
		6,
		5,
		5,
		4,
		1,
		0,
		0,
		0,
		8,
		1,
		2,
		1,
		3,
		5,
		5,
		3,
		1,
		0,
		0,
		6,
		5,
		1,
		3,
		4,
		4,
		9,
		1,
		6,
		9,
		9,
		5,
		9,
		6,
		8,
		9,
		8,
		0,
		9,
		1,
		7,
		0,
		8,
		6,
		6,
		8,
		0,
		8,
		6,
		1,
		7
	],
	"formal_code":[
		5,
		11,
		0,
		1120
	],
	"tensor_product_decompositions":{
		"identifiers":[
			"formal_code"
		],
		"value":[]
	},
	"sub_fusion_rings":{
		"identifiers":[
			"injection",
			"formal_code"
		],
		"value":[]
	},
	"numeric_characters":[
		[
			[
				1.0,
				0
			],
			[
				9.276980408969829,
				0
			],
			[
				1.2533986806717097e1,
				0
			],
			[
				1.4431648003501463e1,
				0
			],
			[
				1.8142881741252253e1,
				0
			]
		],
		[
			[
				1.0,
				0
			],
			[
				-2.897936159118812,
				0
			],
			[
				6.299952473177209,
				0
			],
			[
				-6.00339036476775,
				0
			],
			[
				1.8497277799302183,
				0
			]
		],
		[
			[
				1.0,
				0
			],
			[
				-1.6906833297192623,
				0
			],
			[
				1.136481963051297e1,
				0
			],
			[
				8.625249519825413,
				0
			],
			[
				-1.3902897664870741e1,
				0
			]
		],
		[
			[
				1.0,
				0
			],
			[
				1.0593213190747448,
				0
			],
			[
				2.491008261830645e-2,
				0
			],
			[
				-0.4078567437829024,
				0
			],
			[
				-0.28956154174109905,
				0
			]
		],
		[
			[
				1.0,
				0
			],
			[
				-0.7476822392064986,
				0
			],
			[
				-0.22366899302558338,
				0
			],
			[
				0.3543495852237763,
				0
			],
			[
				0.19984968542936632,
				0
			]
		]
	],
	"numeric_frobenius_perron_dimensions":[
		1.0,
		9.276980408969827,
		1.2533986806717145e1,
		1.4431648003501463e1,
		1.8142881741252253e1
	],
	"numeric_frobenius_perron_dimension":7.815998127534016e2,
	"info":"Fusion ring. mult_tab provides structure constants. barcode and formal_code provide unique identifiers see (DOI: 10.1063\/5.0148848). sub_fusion_rings provides tuples where the first element corresponds to the elements of the ring that form the subring isomorphic to the ring identified by the second element of the tuple. software provides doi of original software used to represent fusion ring.",
	"comments":[
		""
	]
}