{
	"references":[
		""
	],
	"software":[
		"https:\/\/doi.org\/10.5281\/zenodo.15920400"
	],
	"mult_tab":[
		[
			[
				1,
				0,
				0,
				0,
				0
			],
			[
				0,
				1,
				0,
				0,
				0
			],
			[
				0,
				0,
				1,
				0,
				0
			],
			[
				0,
				0,
				0,
				1,
				0
			],
			[
				0,
				0,
				0,
				0,
				1
			]
		],
		[
			[
				0,
				1,
				0,
				0,
				0
			],
			[
				1,
				4,
				0,
				5,
				0
			],
			[
				0,
				0,
				3,
				2,
				5
			],
			[
				0,
				5,
				2,
				6,
				5
			],
			[
				0,
				0,
				5,
				5,
				7
			]
		],
		[
			[
				0,
				0,
				1,
				0,
				0
			],
			[
				0,
				0,
				3,
				2,
				5
			],
			[
				1,
				3,
				2,
				5,
				4
			],
			[
				0,
				2,
				5,
				7,
				8
			],
			[
				0,
				5,
				4,
				8,
				7
			]
		],
		[
			[
				0,
				0,
				0,
				1,
				0
			],
			[
				0,
				5,
				2,
				6,
				5
			],
			[
				0,
				2,
				5,
				7,
				8
			],
			[
				1,
				6,
				7,
				13,
				11
			],
			[
				0,
				5,
				8,
				11,
				14
			]
		],
		[
			[
				0,
				0,
				0,
				0,
				1
			],
			[
				0,
				0,
				5,
				5,
				7
			],
			[
				0,
				5,
				4,
				8,
				7
			],
			[
				0,
				5,
				8,
				11,
				14
			],
			[
				1,
				7,
				7,
				14,
				12
			]
		]
	],
	"texnames":[
		"\\text{FR}^{5,14,0}_{45}"
	],
	"barcode":[
		6,
		8,
		4,
		4,
		0,
		9,
		7,
		0,
		7,
		8,
		0,
		3,
		0,
		6,
		8,
		2,
		0,
		8,
		2,
		8,
		2,
		7,
		0,
		4,
		7,
		6,
		6,
		1,
		8,
		9,
		7,
		5,
		4,
		7,
		1,
		1,
		7,
		6,
		4,
		0,
		1,
		3,
		2,
		3,
		3,
		4,
		2,
		6,
		2,
		9,
		0,
		6,
		8,
		2,
		7,
		5,
		2,
		5,
		8,
		4,
		1,
		8,
		2,
		6,
		1,
		8,
		2,
		8,
		5,
		3,
		8,
		8,
		9,
		8,
		2,
		4,
		2,
		2,
		4,
		3,
		0,
		9,
		6,
		9,
		4,
		9,
		4,
		3,
		1,
		2,
		2,
		2,
		6,
		7,
		8,
		3,
		6,
		4,
		9,
		6,
		4,
		3,
		9,
		5,
		6,
		7,
		4,
		4,
		4,
		8,
		8,
		7,
		5,
		6,
		7,
		8,
		0,
		8,
		0,
		0,
		5,
		4,
		0,
		4,
		2,
		3,
		4,
		2,
		0,
		5,
		3,
		8,
		3,
		0,
		1,
		7,
		0,
		0,
		0,
		5,
		8,
		6,
		2,
		1,
		9,
		7
	],
	"formal_code":[
		5,
		14,
		0,
		45
	],
	"tensor_product_decompositions":{
		"identifiers":[
			"formal_code"
		],
		"value":[]
	},
	"sub_fusion_rings":{
		"identifiers":[
			"injection",
			"formal_code"
		],
		"value":[]
	},
	"numeric_characters":[
		[
			[
				1.0,
				0
			],
			[
				1.475742010921445e1,
				0
			],
			[
				1.9306912580774178e1,
				0
			],
			[
				3.155035356859785e1,
				0
			],
			[
				3.2779755017368814e1,
				0
			]
		],
		[
			[
				1.0,
				0
			],
			[
				6.96201556990464,
				0
			],
			[
				-3.8889837699209955,
				0
			],
			[
				3.9243197031952146,
				0
			],
			[
				-4.651370730784771,
				0
			]
		],
		[
			[
				1.0,
				0
			],
			[
				-0.31384205517256936,
				0
			],
			[
				-0.9619928655465353,
				0
			],
			[
				7.07730112570439e-2,
				0
			],
			[
				0.6092692784219984,
				0
			]
		],
		[
			[
				1.0,
				0
			],
			[
				0.45101152807369604,
				0
			],
			[
				0.7452490124454085,
				0
			],
			[
				-0.5201269427678827,
				0
			],
			[
				-0.17187545118040864,
				0
			]
		],
		[
			[
				1.0,
				0
			],
			[
				-1.8566051520202174,
				0
			],
			[
				0.7988150422479448,
				0
			],
			[
				1.9746806597177768,
				0
			],
			[
				-1.565778113825634,
				0
			]
		]
	],
	"numeric_frobenius_perron_dimensions":[
		1.0,
		1.475742010921445e1,
		1.9306912580774178e1,
		3.155035356859785e1,
		3.2779755017368814e1
	],
	"numeric_frobenius_perron_dimension":2.6614754709837543e3,
	"info":"Fusion ring. mult_tab provides structure constants. barcode and formal_code provide unique identifiers see (DOI: 10.1063\/5.0148848). sub_fusion_rings provides tuples where the first element corresponds to the elements of the ring that form the subring isomorphic to the ring identified by the second element of the tuple. software provides doi of original software used to represent fusion ring.",
	"comments":[
		""
	]
}