{
	"references":[
		""
	],
	"software":[
		"https:\/\/doi.org\/10.5281\/zenodo.15920400"
	],
	"mult_tab":[
		[
			[
				1,
				0,
				0,
				0,
				0
			],
			[
				0,
				1,
				0,
				0,
				0
			],
			[
				0,
				0,
				1,
				0,
				0
			],
			[
				0,
				0,
				0,
				1,
				0
			],
			[
				0,
				0,
				0,
				0,
				1
			]
		],
		[
			[
				0,
				1,
				0,
				0,
				0
			],
			[
				1,
				1,
				1,
				1,
				2
			],
			[
				0,
				1,
				2,
				1,
				2
			],
			[
				0,
				1,
				1,
				3,
				5
			],
			[
				0,
				2,
				2,
				5,
				4
			]
		],
		[
			[
				0,
				0,
				1,
				0,
				0
			],
			[
				0,
				1,
				2,
				1,
				2
			],
			[
				1,
				2,
				2,
				1,
				2
			],
			[
				0,
				1,
				1,
				4,
				5
			],
			[
				0,
				2,
				2,
				5,
				5
			]
		],
		[
			[
				0,
				0,
				0,
				1,
				0
			],
			[
				0,
				1,
				1,
				3,
				5
			],
			[
				0,
				1,
				1,
				4,
				5
			],
			[
				1,
				3,
				4,
				6,
				11
			],
			[
				0,
				5,
				5,
				11,
				9
			]
		],
		[
			[
				0,
				0,
				0,
				0,
				1
			],
			[
				0,
				2,
				2,
				5,
				4
			],
			[
				0,
				2,
				2,
				5,
				5
			],
			[
				0,
				5,
				5,
				11,
				9
			],
			[
				1,
				4,
				5,
				9,
				15
			]
		]
	],
	"texnames":[
		"\\text{FR}^{5,15,0}_{1397}"
	],
	"barcode":[
		2,
		0,
		4,
		5,
		8,
		6,
		9,
		2,
		5,
		1,
		8,
		7,
		8,
		3,
		9,
		8,
		6,
		8,
		3,
		8,
		6,
		4,
		3,
		6,
		6,
		2,
		8,
		4,
		5,
		9,
		5,
		4,
		2,
		6,
		5,
		0,
		0,
		4,
		4,
		5,
		7,
		4,
		9,
		4,
		7,
		7,
		5,
		2,
		0,
		9,
		9,
		2,
		8,
		2,
		1,
		8,
		8,
		8,
		3,
		6,
		3,
		2,
		3,
		0,
		9,
		7,
		0,
		6,
		5,
		5,
		1,
		2,
		6,
		8,
		0,
		5,
		0,
		1,
		3,
		5,
		9,
		1,
		7,
		8,
		5,
		0,
		7,
		4,
		2,
		6,
		9,
		9,
		7,
		2,
		5,
		4,
		5,
		1,
		0,
		4,
		0,
		6,
		7,
		8,
		6,
		6,
		1,
		4,
		3,
		7,
		3,
		7,
		2,
		1,
		7,
		1,
		2,
		9,
		7,
		6,
		1,
		3,
		3,
		2,
		4,
		0,
		1,
		9,
		5,
		3,
		6,
		0,
		9,
		0,
		9,
		6,
		3,
		3,
		4,
		1,
		9,
		8,
		4,
		3,
		0,
		1,
		9,
		0,
		2,
		5
	],
	"formal_code":[
		5,
		15,
		0,
		1397
	],
	"tensor_product_decompositions":{
		"identifiers":[
			"formal_code"
		],
		"value":[]
	},
	"sub_fusion_rings":{
		"identifiers":[
			"injection",
			"formal_code"
		],
		"value":[]
	},
	"numeric_characters":[
		[
			[
				1.0,
				0
			],
			[
				9.817087451049893,
				0
			],
			[
				1.0817087451049893e1,
				0
			],
			[
				2.226948644529176e1,
				0
			],
			[
				2.6235772337084878e1,
				0
			]
		],
		[
			[
				1.0,
				0
			],
			[
				1.703556363334126,
				0
			],
			[
				2.7035563633341257,
				0
			],
			[
				-1.541604896028294,
				0
			],
			[
				-0.4817017737918827,
				0
			]
		],
		[
			[
				1.0,
				0
			],
			[
				-1.782752321642727,
				0
			],
			[
				-0.7827523216427271,
				0
			],
			[
				-4.071300893058113,
				0
			],
			[
				4.407505688333051,
				0
			]
		],
		[
			[
				1.0,
				0
			],
			[
				1.0,
				0
			],
			[
				-1.0,
				0
			],
			[
				0.0,
				0
			],
			[
				0.0,
				0
			]
		],
		[
			[
				1.0,
				0
			],
			[
				-0.7378914927412926,
				0
			],
			[
				0.2621085072587074,
				0
			],
			[
				0.343419343794646,
				0
			],
			[
				-0.1615762516260439,
				0
			]
		]
	],
	"numeric_frobenius_perron_dimensions":[
		1.0,
		9.817087451049893,
		1.0817087451049893e1,
		2.226948644529176e1,
		2.6235772337084878e1
	],
	"numeric_frobenius_perron_dimension":1.398630363605604e3,
	"info":"Fusion ring. mult_tab provides structure constants. barcode and formal_code provide unique identifiers see (DOI: 10.1063\/5.0148848). sub_fusion_rings provides tuples where the first element corresponds to the elements of the ring that form the subring isomorphic to the ring identified by the second element of the tuple. software provides doi of original software used to represent fusion ring.",
	"comments":[
		""
	]
}