{
	"references":[
		""
	],
	"software":[
		"https:\/\/doi.org\/10.5281\/zenodo.15920400"
	],
	"mult_tab":[
		[
			[
				1,
				0,
				0,
				0,
				0
			],
			[
				0,
				1,
				0,
				0,
				0
			],
			[
				0,
				0,
				1,
				0,
				0
			],
			[
				0,
				0,
				0,
				1,
				0
			],
			[
				0,
				0,
				0,
				0,
				1
			]
		],
		[
			[
				0,
				1,
				0,
				0,
				0
			],
			[
				1,
				0,
				0,
				0,
				0
			],
			[
				0,
				0,
				0,
				1,
				0
			],
			[
				0,
				0,
				1,
				0,
				0
			],
			[
				0,
				0,
				0,
				0,
				1
			]
		],
		[
			[
				0,
				0,
				1,
				0,
				0
			],
			[
				0,
				0,
				0,
				1,
				0
			],
			[
				1,
				0,
				10,
				4,
				5
			],
			[
				0,
				1,
				4,
				10,
				5
			],
			[
				0,
				0,
				5,
				5,
				12
			]
		],
		[
			[
				0,
				0,
				0,
				1,
				0
			],
			[
				0,
				0,
				1,
				0,
				0
			],
			[
				0,
				1,
				4,
				10,
				5
			],
			[
				1,
				0,
				10,
				4,
				5
			],
			[
				0,
				0,
				5,
				5,
				12
			]
		],
		[
			[
				0,
				0,
				0,
				0,
				1
			],
			[
				0,
				0,
				0,
				0,
				1
			],
			[
				0,
				0,
				5,
				5,
				12
			],
			[
				0,
				0,
				5,
				5,
				12
			],
			[
				1,
				1,
				12,
				12,
				5
			]
		]
	],
	"texnames":[
		"\\text{FR}^{5,12,0}_{1757}"
	],
	"barcode":[
		1,
		3,
		4,
		5,
		7,
		8,
		5,
		2,
		8,
		7,
		0,
		6,
		3,
		2,
		5,
		1,
		9,
		2,
		9,
		5,
		4,
		0,
		9,
		2,
		4,
		6,
		7,
		7,
		1,
		2,
		3,
		4,
		6,
		1,
		3,
		9,
		6,
		0,
		1,
		0,
		1,
		2,
		5,
		7,
		0,
		5,
		3,
		7,
		0,
		4,
		5,
		3,
		0,
		7,
		3,
		1,
		3,
		5,
		8,
		5,
		9,
		2,
		5,
		8,
		4,
		1,
		6,
		9,
		5,
		1,
		7,
		4,
		0,
		6,
		9,
		6,
		2,
		7,
		2,
		9,
		3,
		1,
		8,
		9,
		6,
		4,
		5,
		3,
		7,
		8,
		9,
		8,
		6,
		8,
		6,
		2,
		0,
		5,
		7,
		3,
		5,
		5,
		9,
		6,
		4,
		9,
		5,
		9,
		1,
		4,
		7,
		2,
		8,
		2,
		3,
		4,
		7,
		2,
		3,
		8,
		4,
		7,
		3,
		5,
		3,
		0,
		9,
		8,
		5,
		2,
		0,
		7,
		5,
		6,
		5,
		8,
		0,
		6,
		7
	],
	"formal_code":[
		5,
		12,
		0,
		1757
	],
	"tensor_product_decompositions":{
		"identifiers":[
			"formal_code"
		],
		"value":[]
	},
	"sub_fusion_rings":{
		"identifiers":[
			"injection",
			"formal_code"
		],
		"value":[
			[
				[
					1,
					2
				],
				[
					2,
					1,
					0,
					1
				]
			]
		]
	},
	"numeric_characters":[
		[
			[
				1.0,
				0
			],
			[
				1.0,
				0
			],
			[
				2.0169731452018077e1,
				0
			],
			[
				2.0169731452018077e1,
				0
			],
			[
				2.4688365303654837e1,
				0
			]
		],
		[
			[
				1.0,
				0
			],
			[
				1.0,
				0
			],
			[
				5.930587596683845,
				0
			],
			[
				5.930587596683845,
				0
			],
			[
				-9.771271422326713,
				0
			]
		],
		[
			[
				1.0,
				0
			],
			[
				1.0,
				0
			],
			[
				-0.10031904870192238,
				0
			],
			[
				-0.10031904870192238,
				0
			],
			[
				8.290611867187439e-2,
				0
			]
		],
		[
			[
				1.0,
				0
			],
			[
				-1.0,
				0
			],
			[
				-0.16227766016837952,
				0
			],
			[
				0.16227766016837952,
				0
			],
			[
				0.0,
				0
			]
		],
		[
			[
				1.0,
				0
			],
			[
				-1.0,
				0
			],
			[
				6.16227766016838,
				0
			],
			[
				-6.16227766016838,
				0
			],
			[
				0.0,
				0
			]
		]
	],
	"numeric_frobenius_perron_dimensions":[
		1.0,
		1.0,
		2.0169731452018077e1,
		2.0169731452018077e1,
		2.4688365303654837e1
	],
	"numeric_frobenius_perron_dimension":1.4251515150597625e3,
	"info":"Fusion ring. mult_tab provides structure constants. barcode and formal_code provide unique identifiers see (DOI: 10.1063\/5.0148848). sub_fusion_rings provides tuples where the first element corresponds to the elements of the ring that form the subring isomorphic to the ring identified by the second element of the tuple. software provides doi of original software used to represent fusion ring.",
	"comments":[
		""
	]
}