{
	"references":[
		""
	],
	"software":[
		"https:\/\/doi.org\/10.5281\/zenodo.15920400"
	],
	"mult_tab":[
		[
			[
				1,
				0,
				0,
				0,
				0
			],
			[
				0,
				1,
				0,
				0,
				0
			],
			[
				0,
				0,
				1,
				0,
				0
			],
			[
				0,
				0,
				0,
				1,
				0
			],
			[
				0,
				0,
				0,
				0,
				1
			]
		],
		[
			[
				0,
				1,
				0,
				0,
				0
			],
			[
				1,
				13,
				0,
				4,
				5
			],
			[
				0,
				0,
				6,
				8,
				8
			],
			[
				0,
				4,
				8,
				6,
				8
			],
			[
				0,
				5,
				8,
				8,
				8
			]
		],
		[
			[
				0,
				0,
				1,
				0,
				0
			],
			[
				0,
				0,
				6,
				8,
				8
			],
			[
				1,
				6,
				0,
				10,
				9
			],
			[
				0,
				8,
				10,
				4,
				8
			],
			[
				0,
				8,
				9,
				8,
				8
			]
		],
		[
			[
				0,
				0,
				0,
				1,
				0
			],
			[
				0,
				4,
				8,
				6,
				8
			],
			[
				0,
				8,
				10,
				4,
				8
			],
			[
				1,
				6,
				4,
				9,
				13
			],
			[
				0,
				8,
				8,
				13,
				8
			]
		],
		[
			[
				0,
				0,
				0,
				0,
				1
			],
			[
				0,
				5,
				8,
				8,
				8
			],
			[
				0,
				8,
				9,
				8,
				8
			],
			[
				0,
				8,
				8,
				13,
				8
			],
			[
				1,
				8,
				8,
				8,
				16
			]
		]
	],
	"texnames":[
		"\\text{FR}^{5,16,0}_{127}"
	],
	"barcode":[
		3,
		7,
		6,
		4,
		1,
		4,
		4,
		3,
		4,
		3,
		0,
		6,
		5,
		8,
		9,
		6,
		9,
		9,
		4,
		3,
		9,
		0,
		0,
		0,
		5,
		8,
		2,
		8,
		2,
		6,
		5,
		5,
		9,
		0,
		2,
		3,
		0,
		6,
		0,
		8,
		1,
		3,
		6,
		1,
		1,
		5,
		8,
		5,
		7,
		7,
		2,
		4,
		3,
		9,
		3,
		0,
		1,
		8,
		4,
		5,
		1,
		8,
		5,
		6,
		9,
		0,
		4,
		9,
		9,
		0,
		7,
		1,
		6,
		3,
		4,
		2,
		9,
		4,
		6,
		1,
		1,
		1,
		7,
		8,
		3,
		1,
		2,
		4,
		9,
		3,
		9,
		0,
		0,
		1,
		2,
		3,
		0,
		7,
		2,
		0,
		5,
		6,
		1,
		5,
		2,
		7,
		4,
		6,
		4,
		2,
		3,
		4,
		9,
		6,
		5,
		2,
		1,
		9,
		1,
		1,
		9,
		4,
		2,
		8,
		1,
		4,
		2,
		6,
		4,
		9,
		1,
		0,
		0,
		6,
		8,
		9,
		4,
		0,
		3,
		1,
		4,
		4,
		1,
		6,
		5,
		7,
		7,
		7,
		8,
		1,
		6,
		7,
		0
	],
	"formal_code":[
		5,
		16,
		0,
		127
	],
	"tensor_product_decompositions":{
		"identifiers":[
			"formal_code"
		],
		"value":[]
	},
	"sub_fusion_rings":{
		"identifiers":[
			"injection",
			"formal_code"
		],
		"value":[]
	},
	"numeric_characters":[
		[
			[
				1.0,
				0
			],
			[
				2.51196276558157e1,
				0
			],
			[
				2.8050417579596377e1,
				0
			],
			[
				3.1755428278801737e1,
				0
			],
			[
				3.528376418520198e1,
				0
			]
		],
		[
			[
				1.0,
				0
			],
			[
				1.1570129226801015e1,
				0
			],
			[
				-5.695862856917049,
				0
			],
			[
				-2.285392983439352,
				0
			],
			[
				-1.6804435379561462,
				0
			]
		],
		[
			[
				1.0,
				0
			],
			[
				-2.68490209294161,
				0
			],
			[
				-8.835153129078561,
				0
			],
			[
				6.845348481948089,
				0
			],
			[
				2.746206505826162,
				0
			]
		],
		[
			[
				1.0,
				0
			],
			[
				-0.962237293303874,
				0
			],
			[
				-1.6306194238483773,
				0
			],
			[
				-5.339510819135847,
				0
			],
			[
				6.758605739623703,
				0
			]
		],
		[
			[
				1.0,
				0
			],
			[
				-4.2617496371231765e-2,
				0
			],
			[
				0.11121783024761131,
				0
			],
			[
				2.412704182537153e-2,
				0
			],
			[
				-0.10813289269570425,
				0
			]
		]
	],
	"numeric_frobenius_perron_dimensions":[
		1.0,
		2.51196276558157e1,
		2.8050417579596377e1,
		3.1755428278801737e1,
		3.528376418520198e1
	],
	"numeric_frobenius_perron_dimension":3.6721728602036137e3,
	"info":"Fusion ring. mult_tab provides structure constants. barcode and formal_code provide unique identifiers see (DOI: 10.1063\/5.0148848). sub_fusion_rings provides tuples where the first element corresponds to the elements of the ring that form the subring isomorphic to the ring identified by the second element of the tuple. software provides doi of original software used to represent fusion ring.",
	"comments":[
		""
	]
}