{
	"references":[
		""
	],
	"software":[
		"https:\/\/doi.org\/10.5281\/zenodo.15920400"
	],
	"mult_tab":[
		[
			[
				1,
				0,
				0,
				0,
				0
			],
			[
				0,
				1,
				0,
				0,
				0
			],
			[
				0,
				0,
				1,
				0,
				0
			],
			[
				0,
				0,
				0,
				1,
				0
			],
			[
				0,
				0,
				0,
				0,
				1
			]
		],
		[
			[
				0,
				1,
				0,
				0,
				0
			],
			[
				1,
				10,
				1,
				5,
				5
			],
			[
				0,
				1,
				9,
				6,
				5
			],
			[
				0,
				5,
				6,
				6,
				5
			],
			[
				0,
				5,
				5,
				5,
				13
			]
		],
		[
			[
				0,
				0,
				1,
				0,
				0
			],
			[
				0,
				1,
				9,
				6,
				5
			],
			[
				1,
				9,
				2,
				5,
				5
			],
			[
				0,
				6,
				5,
				6,
				5
			],
			[
				0,
				5,
				5,
				5,
				13
			]
		],
		[
			[
				0,
				0,
				0,
				1,
				0
			],
			[
				0,
				5,
				6,
				6,
				5
			],
			[
				0,
				6,
				5,
				6,
				5
			],
			[
				1,
				6,
				6,
				6,
				5
			],
			[
				0,
				5,
				5,
				5,
				14
			]
		],
		[
			[
				0,
				0,
				0,
				0,
				1
			],
			[
				0,
				5,
				5,
				5,
				13
			],
			[
				0,
				5,
				5,
				5,
				13
			],
			[
				0,
				5,
				5,
				5,
				14
			],
			[
				1,
				13,
				13,
				14,
				6
			]
		]
	],
	"texnames":[
		"\\text{FR}^{5,14,0}_{152}"
	],
	"barcode":[
		6,
		8,
		4,
		4,
		0,
		9,
		7,
		0,
		7,
		8,
		0,
		3,
		0,
		6,
		8,
		2,
		0,
		8,
		2,
		8,
		2,
		7,
		0,
		4,
		7,
		6,
		6,
		1,
		8,
		9,
		7,
		5,
		4,
		7,
		1,
		0,
		0,
		1,
		8,
		8,
		9,
		8,
		2,
		4,
		8,
		2,
		6,
		5,
		9,
		0,
		2,
		2,
		7,
		0,
		1,
		6,
		9,
		0,
		1,
		2,
		1,
		2,
		0,
		8,
		9,
		2,
		3,
		6,
		1,
		1,
		9,
		6,
		9,
		6,
		4,
		5,
		8,
		1,
		1,
		2,
		8,
		2,
		3,
		4,
		0,
		5,
		2,
		2,
		6,
		1,
		7,
		6,
		8,
		5,
		1,
		4,
		1,
		2,
		5,
		1,
		4,
		6,
		0,
		9,
		4,
		1,
		3,
		5,
		9,
		6,
		7,
		5,
		6,
		0,
		9,
		3,
		2,
		6,
		8,
		6,
		8,
		4,
		8,
		6,
		9,
		7,
		6,
		8,
		8,
		3,
		3,
		7,
		8,
		6,
		2,
		7,
		0,
		4,
		4,
		4,
		6,
		6,
		0,
		3,
		7,
		6
	],
	"formal_code":[
		5,
		14,
		0,
		152
	],
	"tensor_product_decompositions":{
		"identifiers":[
			"formal_code"
		],
		"value":[]
	},
	"sub_fusion_rings":{
		"identifiers":[
			"injection",
			"formal_code"
		],
		"value":[]
	},
	"numeric_characters":[
		[
			[
				1.0,
				0
			],
			[
				2.349970290276163e1,
				0
			],
			[
				2.349970290276163e1,
				0
			],
			[
				2.449970290276163e1,
				0
			],
			[
				3.404815801477545e1,
				0
			]
		],
		[
			[
				1.0,
				0
			],
			[
				8.653311931459037,
				0
			],
			[
				-7.653311931459037,
				0
			],
			[
				-1.0,
				0
			],
			[
				0.0,
				0
			]
		],
		[
			[
				1.0,
				0
			],
			[
				5.883623409136839,
				0
			],
			[
				5.883623409136839,
				0
			],
			[
				6.883623409136839,
				0
			],
			[
				-1.3104190025129284e1,
				0
			]
		],
		[
			[
				1.0,
				0
			],
			[
				-0.38332631189846755,
				0
			],
			[
				-0.38332631189846755,
				0
			],
			[
				0.6166736881015324,
				0
			],
			[
				5.603201035383248e-2,
				0
			]
		],
		[
			[
				1.0,
				0
			],
			[
				0.34668806854096257,
				0
			],
			[
				0.6533119314590374,
				0
			],
			[
				-1.0,
				0
			],
			[
				0.0,
				0
			]
		]
	],
	"numeric_frobenius_perron_dimensions":[
		1.0,
		2.349970290276163e1,
		2.349970290276163e1,
		2.449970290276163e1,
		3.404815801477545e1
	],
	"numeric_frobenius_perron_dimension":2.8649845795588312e3,
	"info":"Fusion ring. mult_tab provides structure constants. barcode and formal_code provide unique identifiers see (DOI: 10.1063\/5.0148848). sub_fusion_rings provides tuples where the first element corresponds to the elements of the ring that form the subring isomorphic to the ring identified by the second element of the tuple. software provides doi of original software used to represent fusion ring.",
	"comments":[
		""
	]
}