{
	"references":[
		""
	],
	"software":[
		"https:\/\/doi.org\/10.5281\/zenodo.15920400"
	],
	"mult_tab":[
		[
			[
				1,
				0,
				0,
				0,
				0
			],
			[
				0,
				1,
				0,
				0,
				0
			],
			[
				0,
				0,
				1,
				0,
				0
			],
			[
				0,
				0,
				0,
				1,
				0
			],
			[
				0,
				0,
				0,
				0,
				1
			]
		],
		[
			[
				0,
				1,
				0,
				0,
				0
			],
			[
				1,
				4,
				1,
				2,
				1
			],
			[
				0,
				1,
				6,
				3,
				3
			],
			[
				0,
				2,
				3,
				4,
				6
			],
			[
				0,
				1,
				3,
				6,
				6
			]
		],
		[
			[
				0,
				0,
				1,
				0,
				0
			],
			[
				0,
				1,
				6,
				3,
				3
			],
			[
				1,
				6,
				13,
				6,
				5
			],
			[
				0,
				3,
				6,
				10,
				12
			],
			[
				0,
				3,
				5,
				12,
				14
			]
		],
		[
			[
				0,
				0,
				0,
				1,
				0
			],
			[
				0,
				2,
				3,
				4,
				6
			],
			[
				0,
				3,
				6,
				10,
				12
			],
			[
				1,
				4,
				10,
				14,
				10
			],
			[
				0,
				6,
				12,
				10,
				15
			]
		],
		[
			[
				0,
				0,
				0,
				0,
				1
			],
			[
				0,
				1,
				3,
				6,
				6
			],
			[
				0,
				3,
				5,
				12,
				14
			],
			[
				0,
				6,
				12,
				10,
				15
			],
			[
				1,
				6,
				14,
				15,
				13
			]
		]
	],
	"texnames":[
		"\\text{FR}^{5,15,0}_{512}"
	],
	"barcode":[
		2,
		0,
		4,
		5,
		8,
		6,
		9,
		2,
		5,
		1,
		8,
		7,
		8,
		3,
		9,
		8,
		6,
		8,
		3,
		8,
		6,
		4,
		3,
		6,
		6,
		2,
		8,
		4,
		5,
		9,
		5,
		4,
		2,
		6,
		5,
		0,
		0,
		2,
		3,
		5,
		3,
		6,
		6,
		7,
		5,
		4,
		4,
		6,
		6,
		2,
		9,
		3,
		9,
		9,
		8,
		4,
		4,
		5,
		2,
		6,
		0,
		9,
		6,
		6,
		8,
		4,
		1,
		7,
		3,
		7,
		0,
		3,
		4,
		0,
		8,
		3,
		0,
		7,
		9,
		8,
		0,
		9,
		0,
		3,
		7,
		7,
		0,
		1,
		8,
		3,
		3,
		2,
		0,
		1,
		9,
		9,
		4,
		3,
		9,
		2,
		7,
		6,
		2,
		5,
		9,
		8,
		6,
		2,
		6,
		7,
		3,
		3,
		1,
		0,
		8,
		5,
		3,
		8,
		2,
		2,
		6,
		6,
		5,
		9,
		5,
		6,
		5,
		2,
		6,
		8,
		8,
		4,
		4,
		2,
		4,
		2,
		2,
		8,
		0,
		0,
		1,
		1,
		4,
		4,
		7,
		0,
		5,
		5,
		5,
		6
	],
	"formal_code":[
		5,
		15,
		0,
		512
	],
	"tensor_product_decompositions":{
		"identifiers":[
			"formal_code"
		],
		"value":[]
	},
	"sub_fusion_rings":{
		"identifiers":[
			"injection",
			"formal_code"
		],
		"value":[]
	},
	"numeric_characters":[
		[
			[
				1.0,
				0
			],
			[
				1.4007880030281093e1,
				0
			],
			[
				2.961761394994731e1,
				0
			],
			[
				3.518276245031728e1,
				0
			],
			[
				3.920604397104162e1,
				0
			]
		],
		[
			[
				1.0,
				0
			],
			[
				3.6024837501861553,
				0
			],
			[
				1.0296918260188127e1,
				0
			],
			[
				-3.2991265565800787,
				0
			],
			[
				-6.130710977417285,
				0
			]
		],
		[
			[
				1.0,
				0
			],
			[
				3.887104373415661,
				0
			],
			[
				-1.6361137691455026,
				0
			],
			[
				0.34066560064125323,
				0
			],
			[
				-0.4840545159724898,
				0
			]
		],
		[
			[
				1.0,
				0
			],
			[
				-1.2828792075580904,
				0
			],
			[
				-0.30472594950117265,
				0
			],
			[
				4.914634677857216,
				0
			],
			[
				-3.7472475147960234,
				0
			]
		],
		[
			[
				1.0,
				0
			],
			[
				-0.21458894632481978,
				0
			],
			[
				2.6307508511240925e-2,
				0
			],
			[
				-0.13893617223567073,
				0
			],
			[
				0.15596903714417598,
				0
			]
		]
	],
	"numeric_frobenius_perron_dimensions":[
		1.0,
		1.4007880030281093e1,
		2.961761394994731e1,
		3.518276245031728e1,
		3.920604397104162e1
	],
	"numeric_frobenius_perron_dimension":3.8493644165255655e3,
	"info":"Fusion ring. mult_tab provides structure constants. barcode and formal_code provide unique identifiers see (DOI: 10.1063\/5.0148848). sub_fusion_rings provides tuples where the first element corresponds to the elements of the ring that form the subring isomorphic to the ring identified by the second element of the tuple. software provides doi of original software used to represent fusion ring.",
	"comments":[
		""
	]
}