{
	"references":[
		""
	],
	"software":[
		"https:\/\/doi.org\/10.5281\/zenodo.15920400"
	],
	"mult_tab":[
		[
			[
				1,
				0,
				0,
				0,
				0
			],
			[
				0,
				1,
				0,
				0,
				0
			],
			[
				0,
				0,
				1,
				0,
				0
			],
			[
				0,
				0,
				0,
				1,
				0
			],
			[
				0,
				0,
				0,
				0,
				1
			]
		],
		[
			[
				0,
				1,
				0,
				0,
				0
			],
			[
				1,
				10,
				0,
				1,
				4
			],
			[
				0,
				0,
				8,
				6,
				2
			],
			[
				0,
				1,
				6,
				6,
				4
			],
			[
				0,
				4,
				2,
				4,
				8
			]
		],
		[
			[
				0,
				0,
				1,
				0,
				0
			],
			[
				0,
				0,
				8,
				6,
				2
			],
			[
				1,
				8,
				1,
				7,
				4
			],
			[
				0,
				6,
				7,
				0,
				8
			],
			[
				0,
				2,
				4,
				8,
				7
			]
		],
		[
			[
				0,
				0,
				0,
				1,
				0
			],
			[
				0,
				1,
				6,
				6,
				4
			],
			[
				0,
				6,
				7,
				0,
				8
			],
			[
				1,
				6,
				0,
				12,
				4
			],
			[
				0,
				4,
				8,
				4,
				7
			]
		],
		[
			[
				0,
				0,
				0,
				0,
				1
			],
			[
				0,
				4,
				2,
				4,
				8
			],
			[
				0,
				2,
				4,
				8,
				7
			],
			[
				0,
				4,
				8,
				4,
				7
			],
			[
				1,
				8,
				7,
				7,
				3
			]
		]
	],
	"texnames":[
		"\\text{FR}^{5,12,0}_{1310}"
	],
	"barcode":[
		1,
		3,
		4,
		5,
		7,
		8,
		5,
		2,
		8,
		7,
		0,
		6,
		3,
		2,
		5,
		1,
		9,
		2,
		9,
		5,
		4,
		0,
		9,
		2,
		4,
		6,
		7,
		7,
		1,
		2,
		3,
		4,
		6,
		1,
		7,
		9,
		5,
		1,
		0,
		7,
		3,
		9,
		1,
		6,
		9,
		0,
		6,
		0,
		6,
		7,
		3,
		3,
		1,
		9,
		4,
		1,
		1,
		7,
		0,
		1,
		8,
		6,
		1,
		1,
		3,
		7,
		8,
		5,
		7,
		6,
		0,
		5,
		8,
		9,
		0,
		3,
		1,
		9,
		0,
		8,
		6,
		9,
		8,
		9,
		7,
		1,
		3,
		8,
		8,
		1,
		3,
		6,
		3,
		7,
		0,
		1,
		1,
		4,
		5,
		4,
		7,
		0,
		2,
		9,
		2,
		8,
		4,
		6,
		4,
		3,
		2,
		2,
		3,
		9,
		6,
		6,
		8,
		6,
		4,
		1,
		8,
		4,
		4,
		0,
		8,
		1,
		2,
		3,
		2,
		3,
		9,
		7,
		7,
		6,
		6,
		1,
		7,
		4,
		7
	],
	"formal_code":[
		5,
		12,
		0,
		1310
	],
	"tensor_product_decompositions":{
		"identifiers":[
			"formal_code"
		],
		"value":[]
	},
	"sub_fusion_rings":{
		"identifiers":[
			"injection",
			"formal_code"
		],
		"value":[]
	},
	"numeric_characters":[
		[
			[
				1.0,
				0
			],
			[
				1.6622733025817446e1,
				0
			],
			[
				1.9716809792955118e1,
				0
			],
			[
				2.0994331903774757e1,
				0
			],
			[
				2.2023397771413208e1,
				0
			]
		],
		[
			[
				1.0,
				0
			],
			[
				1.0834091191095874e1,
				0
			],
			[
				-7.727121087476331,
				0
			],
			[
				-4.712304694465286,
				0
			],
			[
				3.1872311801219375,
				0
			]
		],
		[
			[
				1.0,
				0
			],
			[
				0.4127302917227136,
				0
			],
			[
				-7.5484264408538335,
				0
			],
			[
				1.086371374392917e1,
				0
			],
			[
				-3.955167591862697,
				0
			]
		],
		[
			[
				1.0,
				0
			],
			[
				4.256863517244097,
				0
			],
			[
				3.5440164841162725,
				0
			],
			[
				-9.852060239733312e-2,
				0
			],
			[
				-6.3373068913999635,
				0
			]
		],
		[
			[
				1.0,
				0
			],
			[
				-0.12641802588013148,
				0
			],
			[
				1.4721251258774716e-2,
				0
			],
			[
				-4.722035084130722e-2,
				0
			],
			[
				8.184553172751295e-2,
				0
			]
		]
	],
	"numeric_frobenius_perron_dimensions":[
		1.0,
		1.6622733025817446e1,
		1.9716809792955118e1,
		2.0994331903774757e1,
		2.202339777141321e1
	],
	"numeric_frobenius_perron_dimension":1.5918598631429159e3,
	"info":"Fusion ring. mult_tab provides structure constants. barcode and formal_code provide unique identifiers see (DOI: 10.1063\/5.0148848). sub_fusion_rings provides tuples where the first element corresponds to the elements of the ring that form the subring isomorphic to the ring identified by the second element of the tuple. software provides doi of original software used to represent fusion ring.",
	"comments":[
		""
	]
}