{
	"references":[
		""
	],
	"software":[
		"https:\/\/doi.org\/10.5281\/zenodo.15920400"
	],
	"mult_tab":[
		[
			[
				1,
				0,
				0,
				0,
				0
			],
			[
				0,
				1,
				0,
				0,
				0
			],
			[
				0,
				0,
				1,
				0,
				0
			],
			[
				0,
				0,
				0,
				1,
				0
			],
			[
				0,
				0,
				0,
				0,
				1
			]
		],
		[
			[
				0,
				1,
				0,
				0,
				0
			],
			[
				1,
				4,
				8,
				4,
				4
			],
			[
				0,
				8,
				8,
				3,
				4
			],
			[
				0,
				4,
				3,
				8,
				8
			],
			[
				0,
				4,
				4,
				8,
				11
			]
		],
		[
			[
				0,
				0,
				1,
				0,
				0
			],
			[
				0,
				8,
				8,
				3,
				4
			],
			[
				1,
				8,
				12,
				3,
				3
			],
			[
				0,
				3,
				3,
				8,
				11
			],
			[
				0,
				4,
				3,
				11,
				12
			]
		],
		[
			[
				0,
				0,
				0,
				1,
				0
			],
			[
				0,
				4,
				3,
				8,
				8
			],
			[
				0,
				3,
				3,
				8,
				11
			],
			[
				1,
				8,
				8,
				11,
				3
			],
			[
				0,
				8,
				11,
				3,
				12
			]
		],
		[
			[
				0,
				0,
				0,
				0,
				1
			],
			[
				0,
				4,
				4,
				8,
				11
			],
			[
				0,
				4,
				3,
				11,
				12
			],
			[
				0,
				8,
				11,
				3,
				12
			],
			[
				1,
				11,
				12,
				12,
				7
			]
		]
	],
	"texnames":[
		"\\text{FR}^{5,12,0}_{480}"
	],
	"barcode":[
		1,
		3,
		4,
		5,
		7,
		8,
		5,
		2,
		8,
		7,
		0,
		6,
		3,
		2,
		5,
		1,
		9,
		2,
		9,
		5,
		4,
		0,
		9,
		2,
		4,
		6,
		7,
		7,
		1,
		2,
		3,
		4,
		6,
		1,
		8,
		9,
		5,
		2,
		2,
		8,
		6,
		3,
		3,
		6,
		1,
		6,
		2,
		2,
		1,
		3,
		2,
		6,
		8,
		5,
		2,
		8,
		6,
		3,
		8,
		0,
		4,
		2,
		1,
		3,
		7,
		6,
		7,
		5,
		5,
		4,
		5,
		3,
		5,
		0,
		7,
		7,
		5,
		5,
		4,
		1,
		1,
		8,
		7,
		9,
		1,
		2,
		7,
		6,
		8,
		4,
		5,
		9,
		0,
		8,
		0,
		3,
		8,
		8,
		6,
		1,
		8,
		5,
		4,
		4,
		8,
		4,
		1,
		9,
		4,
		7,
		4,
		7,
		8,
		0,
		4,
		9,
		1,
		2,
		5,
		4,
		0,
		5,
		0,
		2,
		2,
		3,
		4,
		1,
		1,
		6,
		4,
		0,
		3,
		7,
		2,
		3,
		0,
		7,
		1
	],
	"formal_code":[
		5,
		12,
		0,
		480
	],
	"tensor_product_decompositions":{
		"identifiers":[
			"formal_code"
		],
		"value":[]
	},
	"sub_fusion_rings":{
		"identifiers":[
			"injection",
			"formal_code"
		],
		"value":[]
	},
	"numeric_characters":[
		[
			[
				1.0,
				0
			],
			[
				2.3589431111494843e1,
				0
			],
			[
				2.633544729977218e1,
				0
			],
			[
				2.858076474156142e1,
				0
			],
			[
				3.402422458838957e1,
				0
			]
		],
		[
			[
				1.0,
				0
			],
			[
				8.437242573297231,
				0
			],
			[
				1.3238481798928033e1,
				0
			],
			[
				-7.760249705887911,
				0
			],
			[
				-9.607190905100566,
				0
			]
		],
		[
			[
				1.0,
				0
			],
			[
				1.4538281462020344,
				0
			],
			[
				-1.2549210262973276,
				0
			],
			[
				8.75336837278918,
				0
			],
			[
				-7.418950396724247,
				0
			]
		],
		[
			[
				1.0,
				0
			],
			[
				-2.6827516347183846,
				0
			],
			[
				1.8890953791633593,
				0
			],
			[
				0.5341235113000753,
				0
			],
			[
				-8.027355151236779e-2,
				0
			]
		],
		[
			[
				1.0,
				0
			],
			[
				0.20224980372427678,
				0
			],
			[
				-0.20810345156624668,
				0
			],
			[
				-0.10800691976276641,
				0
			],
			[
				8.219026494761011e-2,
				0
			]
		]
	],
	"numeric_frobenius_perron_dimensions":[
		1.0,
		2.3589431111494843e1,
		2.633544729977218e1,
		2.858076474156142e1,
		3.402422458838957e1
	],
	"numeric_frobenius_perron_dimension":3.2255250166966925e3,
	"info":"Fusion ring. mult_tab provides structure constants. barcode and formal_code provide unique identifiers see (DOI: 10.1063\/5.0148848). sub_fusion_rings provides tuples where the first element corresponds to the elements of the ring that form the subring isomorphic to the ring identified by the second element of the tuple. software provides doi of original software used to represent fusion ring.",
	"comments":[
		""
	]
}