{
	"references":[
		""
	],
	"software":[
		"https:\/\/doi.org\/10.5281\/zenodo.15920400"
	],
	"mult_tab":[
		[
			[
				1,
				0,
				0,
				0,
				0
			],
			[
				0,
				1,
				0,
				0,
				0
			],
			[
				0,
				0,
				1,
				0,
				0
			],
			[
				0,
				0,
				0,
				1,
				0
			],
			[
				0,
				0,
				0,
				0,
				1
			]
		],
		[
			[
				0,
				1,
				0,
				0,
				0
			],
			[
				1,
				0,
				5,
				0,
				2
			],
			[
				0,
				5,
				3,
				1,
				1
			],
			[
				0,
				0,
				1,
				7,
				2
			],
			[
				0,
				2,
				1,
				2,
				7
			]
		],
		[
			[
				0,
				0,
				1,
				0,
				0
			],
			[
				0,
				5,
				3,
				1,
				1
			],
			[
				1,
				3,
				7,
				2,
				0
			],
			[
				0,
				1,
				2,
				9,
				1
			],
			[
				0,
				1,
				0,
				1,
				11
			]
		],
		[
			[
				0,
				0,
				0,
				1,
				0
			],
			[
				0,
				0,
				1,
				7,
				2
			],
			[
				0,
				1,
				2,
				9,
				1
			],
			[
				1,
				7,
				9,
				1,
				4
			],
			[
				0,
				2,
				1,
				4,
				12
			]
		],
		[
			[
				0,
				0,
				0,
				0,
				1
			],
			[
				0,
				2,
				1,
				2,
				7
			],
			[
				0,
				1,
				0,
				1,
				11
			],
			[
				0,
				2,
				1,
				4,
				12
			],
			[
				1,
				7,
				11,
				12,
				1
			]
		]
	],
	"texnames":[
		"\\text{FR}^{5,12,0}_{2851}"
	],
	"barcode":[
		1,
		3,
		4,
		5,
		7,
		8,
		5,
		2,
		8,
		7,
		0,
		6,
		3,
		2,
		5,
		1,
		9,
		2,
		9,
		5,
		4,
		0,
		9,
		2,
		4,
		6,
		7,
		7,
		1,
		2,
		3,
		4,
		6,
		1,
		6,
		8,
		2,
		1,
		8,
		2,
		0,
		5,
		0,
		3,
		9,
		2,
		2,
		7,
		3,
		4,
		1,
		7,
		2,
		1,
		3,
		4,
		1,
		0,
		6,
		4,
		0,
		4,
		0,
		4,
		1,
		9,
		0,
		0,
		5,
		5,
		2,
		3,
		0,
		6,
		0,
		7,
		1,
		5,
		0,
		4,
		2,
		5,
		7,
		2,
		4,
		6,
		2,
		6,
		4,
		1,
		5,
		7,
		7,
		9,
		0,
		7,
		5,
		5,
		7,
		0,
		1,
		1,
		1,
		6,
		7,
		3,
		5,
		8,
		7,
		2,
		5,
		0,
		1,
		5,
		4,
		7,
		0,
		0,
		0,
		1,
		0,
		6,
		7,
		8,
		9,
		4,
		1,
		3,
		1,
		6,
		4,
		6,
		7,
		8,
		7,
		3,
		3,
		6,
		2
	],
	"formal_code":[
		5,
		12,
		0,
		2851
	],
	"tensor_product_decompositions":{
		"identifiers":[
			"formal_code"
		],
		"value":[]
	},
	"sub_fusion_rings":{
		"identifiers":[
			"injection",
			"formal_code"
		],
		"value":[]
	},
	"numeric_characters":[
		[
			[
				1.0,
				0
			],
			[
				1.019800636436599e1,
				0
			],
			[
				1.2302465390633348e1,
				0
			],
			[
				1.6819688930099957e1,
				0
			],
			[
				2.074350342724125e1,
				0
			]
		],
		[
			[
				1.0,
				0
			],
			[
				6.118910956989169,
				0
			],
			[
				6.90959227399868,
				0
			],
			[
				-9.99070669802801,
				0
			],
			[
				0.9465549647843566,
				0
			]
		],
		[
			[
				1.0,
				0
			],
			[
				-4.035617867254564,
				0
			],
			[
				2.8419609994165653,
				0
			],
			[
				-0.3550655359737305,
				0
			],
			[
				0.5382032867107265,
				0
			]
		],
		[
			[
				1.0,
				0
			],
			[
				4.61105139669467,
				0
			],
			[
				1.0138688357040307e1,
				0
			],
			[
				8.49451445590926,
				0
			],
			[
				-1.5215823401120833e1,
				0
			]
		],
		[
			[
				1.0,
				0
			],
			[
				0.10764914920473502,
				0
			],
			[
				-0.19270702108889937,
				0
			],
			[
				3.1568847992524005e-2,
				0
			],
			[
				-1.2438277615499935e-2,
				0
			]
		]
	],
	"numeric_frobenius_perron_dimensions":[
		1.0,
		1.0198006364365991e1,
		1.2302465390633378e1,
		1.6819688930099957e1,
		2.074350342724125e1
	],
	"numeric_frobenius_perron_dimension":9.69544858636678e2,
	"info":"Fusion ring. mult_tab provides structure constants. barcode and formal_code provide unique identifiers see (DOI: 10.1063\/5.0148848). sub_fusion_rings provides tuples where the first element corresponds to the elements of the ring that form the subring isomorphic to the ring identified by the second element of the tuple. software provides doi of original software used to represent fusion ring.",
	"comments":[
		""
	]
}