{
	"references":[
		""
	],
	"software":[
		"https:\/\/doi.org\/10.5281\/zenodo.15920400"
	],
	"mult_tab":[
		[
			[
				1,
				0,
				0,
				0,
				0
			],
			[
				0,
				1,
				0,
				0,
				0
			],
			[
				0,
				0,
				1,
				0,
				0
			],
			[
				0,
				0,
				0,
				1,
				0
			],
			[
				0,
				0,
				0,
				0,
				1
			]
		],
		[
			[
				0,
				1,
				0,
				0,
				0
			],
			[
				1,
				9,
				1,
				2,
				2
			],
			[
				0,
				1,
				5,
				5,
				5
			],
			[
				0,
				2,
				5,
				5,
				5
			],
			[
				0,
				2,
				5,
				5,
				5
			]
		],
		[
			[
				0,
				0,
				1,
				0,
				0
			],
			[
				0,
				1,
				5,
				5,
				5
			],
			[
				1,
				5,
				6,
				6,
				6
			],
			[
				0,
				5,
				6,
				7,
				6
			],
			[
				0,
				5,
				6,
				6,
				7
			]
		],
		[
			[
				0,
				0,
				0,
				1,
				0
			],
			[
				0,
				2,
				5,
				5,
				5
			],
			[
				0,
				5,
				6,
				7,
				6
			],
			[
				1,
				5,
				7,
				2,
				11
			],
			[
				0,
				5,
				6,
				11,
				3
			]
		],
		[
			[
				0,
				0,
				0,
				0,
				1
			],
			[
				0,
				2,
				5,
				5,
				5
			],
			[
				0,
				5,
				6,
				6,
				7
			],
			[
				0,
				5,
				6,
				11,
				3
			],
			[
				1,
				5,
				7,
				3,
				10
			]
		]
	],
	"texnames":[
		"\\text{FR}^{5,11,0}_{597}"
	],
	"barcode":[
		6,
		5,
		8,
		3,
		7,
		7,
		0,
		0,
		7,
		1,
		1,
		6,
		2,
		1,
		8,
		2,
		3,
		4,
		2,
		2,
		0,
		4,
		1,
		2,
		6,
		8,
		4,
		4,
		3,
		7,
		1,
		5,
		4,
		5,
		6,
		8,
		3,
		3,
		3,
		2,
		5,
		4,
		1,
		4,
		6,
		1,
		8,
		6,
		0,
		4,
		3,
		5,
		9,
		0,
		3,
		2,
		0,
		2,
		3,
		6,
		9,
		3,
		1,
		0,
		5,
		6,
		8,
		9,
		5,
		4,
		2,
		2,
		9,
		2,
		4,
		1,
		5,
		0,
		3,
		5,
		1,
		4,
		9,
		2,
		7,
		9,
		7,
		0,
		5,
		7,
		5,
		4,
		6,
		0,
		7,
		8,
		9,
		6,
		7,
		5,
		5,
		3,
		5,
		9,
		3,
		4,
		3,
		8,
		8,
		5,
		5,
		5,
		4,
		3,
		9,
		4,
		7,
		6,
		9,
		1,
		3,
		3,
		1,
		3,
		2,
		4,
		0,
		5,
		5,
		1,
		7,
		9,
		3,
		4
	],
	"formal_code":[
		5,
		11,
		0,
		597
	],
	"tensor_product_decompositions":{
		"identifiers":[
			"formal_code"
		],
		"value":[]
	},
	"sub_fusion_rings":{
		"identifiers":[
			"injection",
			"formal_code"
		],
		"value":[]
	},
	"numeric_characters":[
		[
			[
				1.0,
				0
			],
			[
				1.6177879854683912e1,
				0
			],
			[
				2.2224575580086476e1,
				0
			],
			[
				2.3224575580086476e1,
				0
			],
			[
				2.3224575580086476e1,
				0
			]
		],
		[
			[
				1.0,
				0
			],
			[
				0.0,
				0
			],
			[
				1.0,
				0
			],
			[
				-8.653311931459037,
				0
			],
			[
				7.653311931459037,
				0
			]
		],
		[
			[
				1.0,
				0
			],
			[
				8.014925422759854,
				0
			],
			[
				-2.579059854487292,
				0
			],
			[
				-1.579059854487292,
				0
			],
			[
				-1.579059854487292,
				0
			]
		],
		[
			[
				1.0,
				0
			],
			[
				-0.19280527744376774,
				0
			],
			[
				-0.6455157255991845,
				0
			],
			[
				0.3544842744008156,
				0
			],
			[
				0.3544842744008156,
				0
			]
		],
		[
			[
				1.0,
				0
			],
			[
				0.0,
				0
			],
			[
				1.0,
				0
			],
			[
				-0.34668806854096257,
				0
			],
			[
				-0.6533119314590374,
				0
			]
		]
	],
	"numeric_frobenius_perron_dimensions":[
		1.0,
		1.6177879854683916e1,
		2.2224575580086476e1,
		2.3224575580086473e1,
		2.3224575580086473e1
	],
	"numeric_frobenius_perron_dimension":1.8354173780578617e3,
	"info":"Fusion ring. mult_tab provides structure constants. barcode and formal_code provide unique identifiers see (DOI: 10.1063\/5.0148848). sub_fusion_rings provides tuples where the first element corresponds to the elements of the ring that form the subring isomorphic to the ring identified by the second element of the tuple. software provides doi of original software used to represent fusion ring.",
	"comments":[
		""
	]
}