{
	"references":[
		""
	],
	"software":[
		"https:\/\/doi.org\/10.5281\/zenodo.15920400"
	],
	"mult_tab":[
		[
			[
				1,
				0,
				0,
				0,
				0
			],
			[
				0,
				1,
				0,
				0,
				0
			],
			[
				0,
				0,
				1,
				0,
				0
			],
			[
				0,
				0,
				0,
				1,
				0
			],
			[
				0,
				0,
				0,
				0,
				1
			]
		],
		[
			[
				0,
				1,
				0,
				0,
				0
			],
			[
				1,
				6,
				6,
				2,
				2
			],
			[
				0,
				6,
				7,
				2,
				2
			],
			[
				0,
				2,
				2,
				4,
				7
			],
			[
				0,
				2,
				2,
				7,
				10
			]
		],
		[
			[
				0,
				0,
				1,
				0,
				0
			],
			[
				0,
				6,
				7,
				2,
				2
			],
			[
				1,
				7,
				7,
				2,
				2
			],
			[
				0,
				2,
				2,
				5,
				7
			],
			[
				0,
				2,
				2,
				7,
				11
			]
		],
		[
			[
				0,
				0,
				0,
				1,
				0
			],
			[
				0,
				2,
				2,
				4,
				7
			],
			[
				0,
				2,
				2,
				5,
				7
			],
			[
				1,
				4,
				5,
				5,
				4
			],
			[
				0,
				7,
				7,
				4,
				7
			]
		],
		[
			[
				0,
				0,
				0,
				0,
				1
			],
			[
				0,
				2,
				2,
				7,
				10
			],
			[
				0,
				2,
				2,
				7,
				11
			],
			[
				0,
				7,
				7,
				4,
				7
			],
			[
				1,
				10,
				11,
				7,
				8
			]
		]
	],
	"texnames":[
		"\\text{FR}^{5,11,0}_{54}"
	],
	"barcode":[
		6,
		5,
		8,
		3,
		7,
		7,
		0,
		0,
		7,
		1,
		1,
		6,
		2,
		1,
		8,
		2,
		3,
		4,
		2,
		2,
		0,
		4,
		1,
		2,
		6,
		8,
		4,
		4,
		3,
		7,
		1,
		5,
		4,
		2,
		0,
		2,
		5,
		1,
		6,
		2,
		4,
		5,
		3,
		2,
		1,
		6,
		1,
		4,
		0,
		8,
		7,
		7,
		1,
		2,
		1,
		8,
		1,
		4,
		2,
		7,
		0,
		5,
		9,
		7,
		9,
		2,
		0,
		1,
		7,
		4,
		3,
		7,
		0,
		0,
		5,
		4,
		1,
		7,
		8,
		7,
		3,
		9,
		2,
		8,
		5,
		5,
		7,
		0,
		2,
		2,
		2,
		6,
		7,
		2,
		5,
		8,
		0,
		9,
		7,
		7,
		3,
		7,
		9,
		8,
		5,
		3,
		5,
		8,
		1,
		4,
		6,
		8,
		6,
		4,
		8,
		2,
		9,
		0,
		2,
		0,
		9,
		3,
		2,
		1,
		8,
		1,
		5,
		0,
		1,
		4,
		3,
		2,
		8,
		5
	],
	"formal_code":[
		5,
		11,
		0,
		54
	],
	"tensor_product_decompositions":{
		"identifiers":[
			"formal_code"
		],
		"value":[]
	},
	"sub_fusion_rings":{
		"identifiers":[
			"injection",
			"formal_code"
		],
		"value":[]
	},
	"numeric_characters":[
		[
			[
				1.0,
				0
			],
			[
				1.7645036916923146e1,
				0
			],
			[
				1.8645036916923146e1,
				0
			],
			[
				1.9215477601314753e1,
				0
			],
			[
				2.7087964796936724e1,
				0
			]
		],
		[
			[
				1.0,
				0
			],
			[
				9.585573757550165,
				0
			],
			[
				1.0585573757550165e1,
				0
			],
			[
				-5.177397481207062,
				0
			],
			[
				-9.894432933376734,
				0
			]
		],
		[
			[
				1.0,
				0
			],
			[
				1.0,
				0
			],
			[
				-1.0,
				0
			],
			[
				0.0,
				0
			],
			[
				0.0,
				0
			]
		],
		[
			[
				1.0,
				0
			],
			[
				-0.5370537464506661,
				0
			],
			[
				0.462946253549334,
				0
			],
			[
				-0.43949968063506173,
				0
			],
			[
				0.306035522627406,
				0
			]
		],
		[
			[
				1.0,
				0
			],
			[
				-0.6935569280226455,
				0
			],
			[
				0.3064430719773546,
				0
			],
			[
				2.4014195605273705,
				0
			],
			[
				-1.4995673861873937,
				0
			]
		]
	],
	"numeric_frobenius_perron_dimensions":[
		1.0,
		1.764503691692315e1,
		1.8645036916923146e1,
		1.9215477601314753e1,
		2.708796479693672e1
	],
	"numeric_frobenius_perron_dimension":1.7629771457197196e3,
	"info":"Fusion ring. mult_tab provides structure constants. barcode and formal_code provide unique identifiers see (DOI: 10.1063\/5.0148848). sub_fusion_rings provides tuples where the first element corresponds to the elements of the ring that form the subring isomorphic to the ring identified by the second element of the tuple. software provides doi of original software used to represent fusion ring.",
	"comments":[
		""
	]
}