{
	"references":[
		""
	],
	"software":[
		"https:\/\/doi.org\/10.5281\/zenodo.15920400"
	],
	"mult_tab":[
		[
			[
				1,
				0,
				0,
				0,
				0
			],
			[
				0,
				1,
				0,
				0,
				0
			],
			[
				0,
				0,
				1,
				0,
				0
			],
			[
				0,
				0,
				0,
				1,
				0
			],
			[
				0,
				0,
				0,
				0,
				1
			]
		],
		[
			[
				0,
				1,
				0,
				0,
				0
			],
			[
				1,
				2,
				1,
				1,
				1
			],
			[
				0,
				1,
				4,
				2,
				2
			],
			[
				0,
				1,
				2,
				4,
				2
			],
			[
				0,
				1,
				2,
				2,
				4
			]
		],
		[
			[
				0,
				0,
				1,
				0,
				0
			],
			[
				0,
				1,
				4,
				2,
				2
			],
			[
				1,
				4,
				11,
				4,
				1
			],
			[
				0,
				2,
				4,
				6,
				7
			],
			[
				0,
				2,
				1,
				7,
				9
			]
		],
		[
			[
				0,
				0,
				0,
				1,
				0
			],
			[
				0,
				1,
				2,
				4,
				2
			],
			[
				0,
				2,
				4,
				6,
				7
			],
			[
				1,
				4,
				6,
				4,
				6
			],
			[
				0,
				2,
				7,
				6,
				4
			]
		],
		[
			[
				0,
				0,
				0,
				0,
				1
			],
			[
				0,
				1,
				2,
				2,
				4
			],
			[
				0,
				2,
				1,
				7,
				9
			],
			[
				0,
				2,
				7,
				6,
				4
			],
			[
				1,
				4,
				9,
				4,
				3
			]
		]
	],
	"texnames":[
		"\\text{FR}^{5,11,0}_{1821}"
	],
	"barcode":[
		6,
		5,
		8,
		3,
		7,
		7,
		0,
		0,
		7,
		1,
		1,
		6,
		2,
		1,
		8,
		2,
		3,
		4,
		2,
		2,
		0,
		4,
		1,
		2,
		6,
		8,
		4,
		4,
		3,
		7,
		1,
		5,
		2,
		9,
		2,
		9,
		5,
		5,
		7,
		9,
		7,
		2,
		6,
		1,
		4,
		6,
		3,
		6,
		6,
		2,
		4,
		4,
		9,
		4,
		6,
		4,
		8,
		0,
		1,
		7,
		4,
		6,
		9,
		2,
		6,
		1,
		6,
		6,
		5,
		1,
		3,
		2,
		5,
		6,
		9,
		0,
		3,
		8,
		1,
		6,
		3,
		6,
		1,
		7,
		2,
		8,
		1,
		9,
		4,
		3,
		8,
		0,
		8,
		4,
		8,
		2,
		5,
		1,
		5,
		1,
		9,
		8,
		2,
		9,
		8,
		2,
		3,
		9,
		8,
		6,
		9,
		4,
		5,
		8,
		8,
		3,
		3,
		2,
		0,
		5,
		6,
		7,
		9,
		9,
		3,
		0,
		1,
		6,
		4,
		0,
		2,
		2,
		4,
		3
	],
	"formal_code":[
		5,
		11,
		0,
		1821
	],
	"tensor_product_decompositions":{
		"identifiers":[
			"formal_code"
		],
		"value":[]
	},
	"sub_fusion_rings":{
		"identifiers":[
			"injection",
			"formal_code"
		],
		"value":[]
	},
	"numeric_characters":[
		[
			[
				1.0,
				0
			],
			[
				8.47213595499958,
				0
			],
			[
				1.794427190999916e1,
				0
			],
			[
				1.794427190999916e1,
				0
			],
			[
				1.794427190999916e1,
				0
			]
		],
		[
			[
				1.0,
				0
			],
			[
				2.0,
				0
			],
			[
				9.898979485566356,
				0
			],
			[
				-3.0,
				0
			],
			[
				-7.898979485566356,
				0
			]
		],
		[
			[
				1.0,
				0
			],
			[
				2.0,
				0
			],
			[
				0.10102051443364424,
				0
			],
			[
				-3.0,
				0
			],
			[
				1.8989794855663558,
				0
			]
		],
		[
			[
				1.0,
				0
			],
			[
				2.0,
				0
			],
			[
				-1.0,
				0
			],
			[
				1.0,
				0
			],
			[
				-1.0,
				0
			]
		],
		[
			[
				1.0,
				0
			],
			[
				-0.4721359549995796,
				0
			],
			[
				5.572809000084078e-2,
				0
			],
			[
				5.572809000084078e-2,
				0
			],
			[
				5.572809000084078e-2,
				0
			]
		]
	],
	"numeric_frobenius_perron_dimensions":[
		1.0,
		8.47213595499958,
		1.794427190999916e1,
		1.794427190999916e1,
		1.794427190999916e1
	],
	"numeric_frobenius_perron_dimension":1.0387677707799512e3,
	"info":"Fusion ring. mult_tab provides structure constants. barcode and formal_code provide unique identifiers see (DOI: 10.1063\/5.0148848). sub_fusion_rings provides tuples where the first element corresponds to the elements of the ring that form the subring isomorphic to the ring identified by the second element of the tuple. software provides doi of original software used to represent fusion ring.",
	"comments":[
		""
	]
}