{
	"references":[
		""
	],
	"software":[
		"https:\/\/doi.org\/10.5281\/zenodo.15920400"
	],
	"mult_tab":[
		[
			[
				1,
				0,
				0,
				0,
				0
			],
			[
				0,
				1,
				0,
				0,
				0
			],
			[
				0,
				0,
				1,
				0,
				0
			],
			[
				0,
				0,
				0,
				1,
				0
			],
			[
				0,
				0,
				0,
				0,
				1
			]
		],
		[
			[
				0,
				1,
				0,
				0,
				0
			],
			[
				1,
				5,
				0,
				0,
				1
			],
			[
				0,
				0,
				1,
				2,
				2
			],
			[
				0,
				0,
				2,
				2,
				4
			],
			[
				0,
				1,
				2,
				4,
				4
			]
		],
		[
			[
				0,
				0,
				1,
				0,
				0
			],
			[
				0,
				0,
				1,
				2,
				2
			],
			[
				1,
				1,
				3,
				2,
				3
			],
			[
				0,
				2,
				2,
				6,
				4
			],
			[
				0,
				2,
				3,
				4,
				8
			]
		],
		[
			[
				0,
				0,
				0,
				1,
				0
			],
			[
				0,
				0,
				2,
				2,
				4
			],
			[
				0,
				2,
				2,
				6,
				4
			],
			[
				1,
				2,
				6,
				0,
				13
			],
			[
				0,
				4,
				4,
				13,
				8
			]
		],
		[
			[
				0,
				0,
				0,
				0,
				1
			],
			[
				0,
				1,
				2,
				4,
				4
			],
			[
				0,
				2,
				3,
				4,
				8
			],
			[
				0,
				4,
				4,
				13,
				8
			],
			[
				1,
				4,
				8,
				8,
				16
			]
		]
	],
	"texnames":[
		"\\text{FR}^{5,16,0}_{821}"
	],
	"barcode":[
		3,
		7,
		6,
		4,
		1,
		4,
		4,
		3,
		4,
		3,
		0,
		6,
		5,
		8,
		9,
		6,
		9,
		9,
		4,
		3,
		9,
		0,
		0,
		0,
		5,
		8,
		2,
		8,
		2,
		6,
		5,
		5,
		9,
		0,
		2,
		3,
		0,
		6,
		0,
		7,
		7,
		6,
		2,
		0,
		7,
		8,
		5,
		5,
		7,
		5,
		9,
		2,
		3,
		4,
		3,
		8,
		2,
		1,
		6,
		3,
		0,
		3,
		0,
		4,
		6,
		3,
		4,
		0,
		2,
		7,
		0,
		7,
		4,
		9,
		3,
		5,
		6,
		5,
		1,
		0,
		1,
		7,
		7,
		5,
		1,
		1,
		0,
		6,
		0,
		0,
		5,
		3,
		3,
		1,
		9,
		0,
		0,
		0,
		7,
		5,
		0,
		0,
		8,
		2,
		2,
		6,
		7,
		1,
		4,
		0,
		8,
		7,
		1,
		7,
		6,
		0,
		6,
		5,
		7,
		3,
		6,
		2,
		9,
		7,
		0,
		3,
		4,
		5,
		5,
		9,
		2,
		3,
		3,
		8,
		6,
		8,
		7,
		8,
		9,
		7,
		1,
		2,
		8,
		0,
		6,
		6,
		3,
		0,
		9,
		8,
		8,
		9,
		3
	],
	"formal_code":[
		5,
		16,
		0,
		821
	],
	"tensor_product_decompositions":{
		"identifiers":[
			"formal_code"
		],
		"value":[]
	},
	"sub_fusion_rings":{
		"identifiers":[
			"injection",
			"formal_code"
		],
		"value":[]
	},
	"numeric_characters":[
		[
			[
				1.0,
				0
			],
			[
				8.3812453302407,
				0
			],
			[
				1.3169523317239028e1,
				0
			],
			[
				2.1264694608955246e1,
				0
			],
			[
				2.7339046634478056e1,
				0
			]
		],
		[
			[
				1.0,
				0
			],
			[
				-1.2687807445148385,
				0
			],
			[
				2.9768541501129104,
				0
			],
			[
				-1.0330622987728448e1,
				0
			],
			[
				6.953708300225821,
				0
			]
		],
		[
			[
				1.0,
				0
			],
			[
				0.0,
				0
			],
			[
				2.0,
				0
			],
			[
				0.0,
				0
			],
			[
				-1.0,
				0
			]
		],
		[
			[
				1.0,
				0
			],
			[
				-0.22090121449042685,
				0
			],
			[
				-0.4233482904922601,
				0
			],
			[
				0.10512980199174339,
				0
			],
			[
				0.1533034190154798,
				0
			]
		],
		[
			[
				1.0,
				0
			],
			[
				5.108436628764564,
				0
			],
			[
				-0.7230291768596777,
				0
			],
			[
				-1.0392014232185407,
				0
			],
			[
				-0.4460583537193555,
				0
			]
		]
	],
	"numeric_frobenius_perron_dimensions":[
		1.0,
		8.3812453302407,
		1.3169523317239028e1,
		2.1264694608955246e1,
		2.733904663447804e1
	],
	"numeric_frobenius_perron_dimension":1.4442923253832794e3,
	"info":"Fusion ring. mult_tab provides structure constants. barcode and formal_code provide unique identifiers see (DOI: 10.1063\/5.0148848). sub_fusion_rings provides tuples where the first element corresponds to the elements of the ring that form the subring isomorphic to the ring identified by the second element of the tuple. software provides doi of original software used to represent fusion ring.",
	"comments":[
		""
	]
}