{
	"references":[
		""
	],
	"software":[
		"https:\/\/doi.org\/10.5281\/zenodo.15920400"
	],
	"mult_tab":[
		[
			[
				1,
				0,
				0,
				0,
				0
			],
			[
				0,
				1,
				0,
				0,
				0
			],
			[
				0,
				0,
				1,
				0,
				0
			],
			[
				0,
				0,
				0,
				1,
				0
			],
			[
				0,
				0,
				0,
				0,
				1
			]
		],
		[
			[
				0,
				1,
				0,
				0,
				0
			],
			[
				1,
				1,
				1,
				2,
				2
			],
			[
				0,
				1,
				1,
				2,
				3
			],
			[
				0,
				2,
				2,
				3,
				5
			],
			[
				0,
				2,
				3,
				5,
				5
			]
		],
		[
			[
				0,
				0,
				1,
				0,
				0
			],
			[
				0,
				1,
				1,
				2,
				3
			],
			[
				1,
				1,
				5,
				1,
				3
			],
			[
				0,
				2,
				1,
				6,
				5
			],
			[
				0,
				3,
				3,
				5,
				7
			]
		],
		[
			[
				0,
				0,
				0,
				1,
				0
			],
			[
				0,
				2,
				2,
				3,
				5
			],
			[
				0,
				2,
				1,
				6,
				5
			],
			[
				1,
				3,
				6,
				8,
				8
			],
			[
				0,
				5,
				5,
				8,
				12
			]
		],
		[
			[
				0,
				0,
				0,
				0,
				1
			],
			[
				0,
				2,
				3,
				5,
				5
			],
			[
				0,
				3,
				3,
				5,
				7
			],
			[
				0,
				5,
				5,
				8,
				12
			],
			[
				1,
				5,
				7,
				12,
				13
			]
		]
	],
	"texnames":[
		"\\text{FR}^{5,13,0}_{959}"
	],
	"barcode":[
		1,
		3,
		1,
		7,
		8,
		8,
		1,
		8,
		6,
		4,
		8,
		7,
		2,
		1,
		4,
		1,
		5,
		3,
		0,
		1,
		5,
		0,
		1,
		5,
		4,
		3,
		3,
		8,
		4,
		9,
		5,
		2,
		4,
		7,
		8,
		9,
		3,
		6,
		2,
		7,
		8,
		2,
		5,
		9,
		9,
		8,
		2,
		2,
		6,
		7,
		1,
		5,
		4,
		6,
		7,
		8,
		4,
		8,
		5,
		6,
		9,
		5,
		3,
		5,
		4,
		6,
		4,
		0,
		9,
		1,
		3,
		6,
		0,
		5,
		5,
		0,
		9,
		3,
		9,
		9,
		5,
		1,
		9,
		2,
		3,
		5,
		4,
		4,
		4,
		7,
		2,
		3,
		9,
		2,
		8,
		5,
		3,
		5,
		3,
		4,
		2,
		8,
		2,
		2,
		3,
		5,
		8,
		2,
		9,
		9,
		8,
		3,
		0,
		6,
		5,
		4,
		0,
		3,
		6,
		7,
		3,
		6,
		3,
		8,
		4,
		6,
		3,
		8,
		2,
		8,
		1,
		6,
		6,
		7,
		1,
		2,
		3,
		6,
		4,
		4,
		4,
		7,
		1
	],
	"formal_code":[
		5,
		13,
		0,
		959
	],
	"tensor_product_decompositions":{
		"identifiers":[
			"formal_code"
		],
		"value":[]
	},
	"sub_fusion_rings":{
		"identifiers":[
			"injection",
			"formal_code"
		],
		"value":[]
	},
	"numeric_characters":[
		[
			[
				1.0,
				0
			],
			[
				1.1330799263370555e1,
				0
			],
			[
				1.3732424932217958e1,
				0
			],
			[
				2.294955551613713e1,
				0
			],
			[
				2.8212338359467964e1,
				0
			]
		],
		[
			[
				1.0,
				0
			],
			[
				-1.31962227732771,
				0
			],
			[
				1.2364612667442703,
				0
			],
			[
				2.7853467701696566,
				0
			],
			[
				-2.373064787468151,
				0
			]
		],
		[
			[
				1.0,
				0
			],
			[
				1.055473812601639,
				0
			],
			[
				-0.19921684114574634,
				0
			],
			[
				-4.68228732376308e-2,
				0
			],
			[
				-0.32429312794639564,
				0
			]
		],
		[
			[
				1.0,
				0
			],
			[
				-0.22617057991561845,
				0
			],
			[
				4.554851058635151,
				0
			],
			[
				-2.557437237169935,
				0
			],
			[
				-8.1326436580148e-2,
				0
			]
		],
		[
			[
				1.0,
				0
			],
			[
				-0.840480218728865,
				0
			],
			[
				-0.3245204164516325,
				0
			],
			[
				-0.1306421758992206,
				0
			],
			[
				0.5663459925267297,
				0
			]
		]
	],
	"numeric_frobenius_perron_dimensions":[
		1.0,
		1.1330799263370555e1,
		1.3732424932217956e1,
		2.294955551613713e1,
		2.8212338359467964e1
	],
	"numeric_frobenius_perron_dimension":1.6405846405631678e3,
	"info":"Fusion ring. mult_tab provides structure constants. barcode and formal_code provide unique identifiers see (DOI: 10.1063\/5.0148848). sub_fusion_rings provides tuples where the first element corresponds to the elements of the ring that form the subring isomorphic to the ring identified by the second element of the tuple. software provides doi of original software used to represent fusion ring.",
	"comments":[
		""
	]
}