{
	"references":[
		""
	],
	"software":[
		"https:\/\/doi.org\/10.5281\/zenodo.15920400"
	],
	"mult_tab":[
		[
			[
				1,
				0,
				0,
				0,
				0
			],
			[
				0,
				1,
				0,
				0,
				0
			],
			[
				0,
				0,
				1,
				0,
				0
			],
			[
				0,
				0,
				0,
				1,
				0
			],
			[
				0,
				0,
				0,
				0,
				1
			]
		],
		[
			[
				0,
				1,
				0,
				0,
				0
			],
			[
				1,
				4,
				0,
				1,
				2
			],
			[
				0,
				0,
				7,
				2,
				3
			],
			[
				0,
				1,
				2,
				7,
				3
			],
			[
				0,
				2,
				3,
				3,
				7
			]
		],
		[
			[
				0,
				0,
				1,
				0,
				0
			],
			[
				0,
				0,
				7,
				2,
				3
			],
			[
				1,
				7,
				4,
				11,
				11
			],
			[
				0,
				2,
				11,
				9,
				10
			],
			[
				0,
				3,
				11,
				10,
				13
			]
		],
		[
			[
				0,
				0,
				0,
				1,
				0
			],
			[
				0,
				1,
				2,
				7,
				3
			],
			[
				0,
				2,
				11,
				9,
				10
			],
			[
				1,
				7,
				9,
				6,
				14
			],
			[
				0,
				3,
				10,
				14,
				12
			]
		],
		[
			[
				0,
				0,
				0,
				0,
				1
			],
			[
				0,
				2,
				3,
				3,
				7
			],
			[
				0,
				3,
				11,
				10,
				13
			],
			[
				0,
				3,
				10,
				14,
				12
			],
			[
				1,
				7,
				13,
				12,
				15
			]
		]
	],
	"texnames":[
		"\\text{FR}^{5,15,0}_{371}"
	],
	"barcode":[
		2,
		0,
		4,
		5,
		8,
		6,
		9,
		2,
		5,
		1,
		8,
		7,
		8,
		3,
		9,
		8,
		6,
		8,
		3,
		8,
		6,
		4,
		3,
		6,
		6,
		2,
		8,
		4,
		5,
		9,
		5,
		4,
		2,
		6,
		5,
		0,
		0,
		4,
		6,
		6,
		8,
		6,
		3,
		1,
		6,
		9,
		5,
		0,
		8,
		9,
		3,
		4,
		3,
		7,
		8,
		5,
		2,
		7,
		2,
		9,
		4,
		3,
		9,
		5,
		2,
		6,
		4,
		3,
		3,
		9,
		6,
		5,
		5,
		9,
		5,
		1,
		9,
		5,
		9,
		6,
		9,
		0,
		8,
		9,
		6,
		5,
		5,
		6,
		6,
		4,
		4,
		6,
		0,
		6,
		1,
		8,
		3,
		7,
		8,
		4,
		3,
		9,
		5,
		0,
		4,
		4,
		6,
		7,
		5,
		2,
		2,
		0,
		9,
		8,
		0,
		6,
		3,
		8,
		9,
		1,
		8,
		9,
		4,
		7,
		6,
		1,
		3,
		2,
		5,
		5,
		0,
		3,
		8,
		9,
		8,
		4,
		3,
		2,
		7,
		7,
		4,
		1,
		7,
		7,
		1,
		0,
		4,
		1,
		3,
		2
	],
	"formal_code":[
		5,
		15,
		0,
		371
	],
	"tensor_product_decompositions":{
		"identifiers":[
			"formal_code"
		],
		"value":[]
	},
	"sub_fusion_rings":{
		"identifiers":[
			"injection",
			"formal_code"
		],
		"value":[]
	},
	"numeric_characters":[
		[
			[
				1.0,
				0
			],
			[
				1.2740240474896993e1,
				0
			],
			[
				3.174513390481076e1,
				0
			],
			[
				3.3391108666992366e1,
				0
			],
			[
				3.848082839581161e1,
				0
			]
		],
		[
			[
				1.0,
				0
			],
			[
				5.471505892014852,
				0
			],
			[
				-8.074556564291138,
				0
			],
			[
				3.5297647913421133,
				0
			],
			[
				1.7607941834758596,
				0
			]
		],
		[
			[
				1.0,
				0
			],
			[
				2.608622236415111,
				0
			],
			[
				1.5312231587528415,
				0
			],
			[
				0.4403782591563205,
				0
			],
			[
				-2.5349786162486945,
				0
			]
		],
		[
			[
				1.0,
				0
			],
			[
				4.457232712414976,
				0
			],
			[
				0.8377363153667613,
				0
			],
			[
				-7.374314805560006,
				0
			],
			[
				4.206153704261134,
				0
			]
		],
		[
			[
				1.0,
				0
			],
			[
				-0.27760131574193253,
				0
			],
			[
				-3.953681463922623e-2,
				0
			],
			[
				1.3063088069208457e-2,
				0
			],
			[
				8.720233270008694e-2,
				0
			]
		]
	],
	"numeric_frobenius_perron_dimensions":[
		1.0,
		1.2740240474897004e1,
		3.174513390481076e1,
		3.3391108666992366e1,
		3.848082839581161e1
	],
	"numeric_frobenius_perron_dimension":3.7668075460313635e3,
	"info":"Fusion ring. mult_tab provides structure constants. barcode and formal_code provide unique identifiers see (DOI: 10.1063\/5.0148848). sub_fusion_rings provides tuples where the first element corresponds to the elements of the ring that form the subring isomorphic to the ring identified by the second element of the tuple. software provides doi of original software used to represent fusion ring.",
	"comments":[
		""
	]
}