{
	"references":[
		""
	],
	"software":[
		"https:\/\/doi.org\/10.5281\/zenodo.15920400"
	],
	"mult_tab":[
		[
			[
				1,
				0,
				0,
				0,
				0
			],
			[
				0,
				1,
				0,
				0,
				0
			],
			[
				0,
				0,
				1,
				0,
				0
			],
			[
				0,
				0,
				0,
				1,
				0
			],
			[
				0,
				0,
				0,
				0,
				1
			]
		],
		[
			[
				0,
				1,
				0,
				0,
				0
			],
			[
				1,
				13,
				1,
				4,
				4
			],
			[
				0,
				1,
				9,
				6,
				7
			],
			[
				0,
				4,
				6,
				8,
				7
			],
			[
				0,
				4,
				7,
				7,
				9
			]
		],
		[
			[
				0,
				0,
				1,
				0,
				0
			],
			[
				0,
				1,
				9,
				6,
				7
			],
			[
				1,
				9,
				9,
				5,
				5
			],
			[
				0,
				6,
				5,
				12,
				6
			],
			[
				0,
				7,
				5,
				6,
				13
			]
		],
		[
			[
				0,
				0,
				0,
				1,
				0
			],
			[
				0,
				4,
				6,
				8,
				7
			],
			[
				0,
				6,
				5,
				12,
				6
			],
			[
				1,
				8,
				12,
				8,
				4
			],
			[
				0,
				7,
				6,
				4,
				16
			]
		],
		[
			[
				0,
				0,
				0,
				0,
				1
			],
			[
				0,
				4,
				7,
				7,
				9
			],
			[
				0,
				7,
				5,
				6,
				13
			],
			[
				0,
				7,
				6,
				4,
				16
			],
			[
				1,
				9,
				13,
				16,
				0
			]
		]
	],
	"texnames":[
		"\\text{FR}^{5,16,0}_{379}"
	],
	"barcode":[
		3,
		7,
		6,
		4,
		1,
		4,
		4,
		3,
		4,
		3,
		0,
		6,
		5,
		8,
		9,
		6,
		9,
		9,
		4,
		3,
		9,
		0,
		0,
		0,
		5,
		8,
		2,
		8,
		2,
		6,
		5,
		5,
		9,
		0,
		2,
		3,
		0,
		5,
		1,
		5,
		5,
		4,
		0,
		4,
		0,
		8,
		9,
		9,
		1,
		2,
		2,
		1,
		6,
		7,
		6,
		7,
		1,
		6,
		6,
		8,
		8,
		0,
		7,
		3,
		2,
		4,
		8,
		4,
		0,
		3,
		1,
		7,
		0,
		5,
		8,
		5,
		8,
		1,
		4,
		7,
		7,
		1,
		4,
		9,
		4,
		2,
		9,
		5,
		4,
		6,
		2,
		9,
		8,
		1,
		8,
		7,
		2,
		5,
		3,
		5,
		2,
		0,
		2,
		1,
		3,
		2,
		5,
		7,
		3,
		7,
		2,
		6,
		0,
		9,
		5,
		9,
		1,
		2,
		8,
		0,
		8,
		1,
		3,
		4,
		8,
		8,
		1,
		6,
		5,
		1,
		6,
		1,
		1,
		3,
		6,
		9,
		1,
		7,
		7,
		7,
		8,
		3,
		7,
		1,
		3,
		3,
		2,
		8,
		2,
		2,
		6,
		1,
		3
	],
	"formal_code":[
		5,
		16,
		0,
		379
	],
	"tensor_product_decompositions":{
		"identifiers":[
			"formal_code"
		],
		"value":[]
	},
	"sub_fusion_rings":{
		"identifiers":[
			"injection",
			"formal_code"
		],
		"value":[]
	},
	"numeric_characters":[
		[
			[
				1.0,
				0
			],
			[
				2.4452141597543804e1,
				0
			],
			[
				2.805911946506886e1,
				0
			],
			[
				3.0076624348991288e1,
				0
			],
			[
				3.266594276930715e1,
				0
			]
		],
		[
			[
				1.0,
				0
			],
			[
				1.1277303383648995e1,
				0
			],
			[
				-5.71547131152172,
				0
			],
			[
				-1.4526613303185687,
				0
			],
			[
				-2.2253139369449655,
				0
			]
		],
		[
			[
				1.0,
				0
			],
			[
				1.3642278326800477,
				0
			],
			[
				6.5585368801999495,
				0
			],
			[
				1.0437054231084337e1,
				0
			],
			[
				-1.6295149512479753e1,
				0
			]
		],
		[
			[
				1.0,
				0
			],
			[
				-0.10443756925240148,
				0
			],
			[
				-6.66280119284593e-2,
				0
			],
			[
				5.05931874233369e-2,
				0
			],
			[
				5.82127170969203e-2,
				0
			]
		],
		[
			[
				1.0,
				0
			],
			[
				2.010764755379554,
				0
			],
			[
				6.16444297818137,
				0
			],
			[
				-6.111610437180394,
				0
			],
			[
				-1.20369203697935,
				0
			]
		]
	],
	"numeric_frobenius_perron_dimensions":[
		1.0,
		2.4452141597543804e1,
		2.805911946506886e1,
		3.0076624348991288e1,
		3.266594276930715e1
	],
	"numeric_frobenius_perron_dimension":3.357888563099324e3,
	"info":"Fusion ring. mult_tab provides structure constants. barcode and formal_code provide unique identifiers see (DOI: 10.1063\/5.0148848). sub_fusion_rings provides tuples where the first element corresponds to the elements of the ring that form the subring isomorphic to the ring identified by the second element of the tuple. software provides doi of original software used to represent fusion ring.",
	"comments":[
		""
	]
}