{
	"references":[
		""
	],
	"software":[
		"https:\/\/doi.org\/10.5281\/zenodo.15920400"
	],
	"mult_tab":[
		[
			[
				1,
				0,
				0,
				0,
				0
			],
			[
				0,
				1,
				0,
				0,
				0
			],
			[
				0,
				0,
				1,
				0,
				0
			],
			[
				0,
				0,
				0,
				1,
				0
			],
			[
				0,
				0,
				0,
				0,
				1
			]
		],
		[
			[
				0,
				1,
				0,
				0,
				0
			],
			[
				1,
				8,
				2,
				7,
				0
			],
			[
				0,
				2,
				5,
				3,
				8
			],
			[
				0,
				7,
				3,
				9,
				3
			],
			[
				0,
				0,
				8,
				3,
				11
			]
		],
		[
			[
				0,
				0,
				1,
				0,
				0
			],
			[
				0,
				2,
				5,
				3,
				8
			],
			[
				1,
				5,
				6,
				7,
				5
			],
			[
				0,
				3,
				7,
				6,
				9
			],
			[
				0,
				8,
				5,
				9,
				7
			]
		],
		[
			[
				0,
				0,
				0,
				1,
				0
			],
			[
				0,
				7,
				3,
				9,
				3
			],
			[
				0,
				3,
				7,
				6,
				9
			],
			[
				1,
				9,
				6,
				9,
				6
			],
			[
				0,
				3,
				9,
				6,
				13
			]
		],
		[
			[
				0,
				0,
				0,
				0,
				1
			],
			[
				0,
				0,
				8,
				3,
				11
			],
			[
				0,
				8,
				5,
				9,
				7
			],
			[
				0,
				3,
				9,
				6,
				13
			],
			[
				1,
				11,
				7,
				13,
				6
			]
		]
	],
	"texnames":[
		"\\text{FR}^{5,13,0}_{22}"
	],
	"barcode":[
		1,
		3,
		1,
		7,
		8,
		8,
		1,
		8,
		6,
		4,
		8,
		7,
		2,
		1,
		4,
		1,
		5,
		3,
		0,
		1,
		5,
		0,
		1,
		5,
		4,
		3,
		3,
		8,
		4,
		9,
		5,
		2,
		4,
		7,
		8,
		7,
		7,
		2,
		1,
		7,
		4,
		0,
		0,
		7,
		8,
		4,
		6,
		7,
		4,
		0,
		6,
		4,
		8,
		2,
		7,
		4,
		9,
		4,
		9,
		7,
		5,
		4,
		3,
		7,
		9,
		2,
		2,
		3,
		9,
		2,
		5,
		0,
		2,
		5,
		8,
		6,
		4,
		8,
		8,
		4,
		5,
		7,
		8,
		7,
		1,
		3,
		3,
		6,
		0,
		9,
		6,
		6,
		8,
		8,
		1,
		9,
		9,
		7,
		1,
		7,
		0,
		1,
		8,
		4,
		0,
		0,
		6,
		8,
		9,
		4,
		5,
		7,
		4,
		8,
		1,
		1,
		5,
		5,
		5,
		6,
		6,
		2,
		1,
		1,
		2,
		7,
		8,
		8,
		8,
		3,
		8,
		9,
		1,
		3,
		0,
		1,
		5,
		2,
		8,
		4,
		3,
		8,
		0
	],
	"formal_code":[
		5,
		13,
		0,
		22
	],
	"tensor_product_decompositions":{
		"identifiers":[
			"formal_code"
		],
		"value":[]
	},
	"sub_fusion_rings":{
		"identifiers":[
			"injection",
			"formal_code"
		],
		"value":[]
	},
	"numeric_characters":[
		[
			[
				1.0,
				0
			],
			[
				2.008068388299181e1,
				0
			],
			[
				2.4356075199550677e1,
				0
			],
			[
				2.755374910651589e1,
				0
			],
			[
				3.0560456953658647e1,
				0
			]
		],
		[
			[
				1.0,
				0
			],
			[
				1.249222207209571e1,
				0
			],
			[
				-5.8523946071841815,
				0
			],
			[
				9.546089276593989,
				0
			],
			[
				-1.2183769003066576e1,
				0
			]
		],
		[
			[
				1.0,
				0
			],
			[
				1.6304797079018356,
				0
			],
			[
				0.7103849183155094,
				0
			],
			[
				-1.8294490602808642,
				0
			],
			[
				-2.0783579053210623e-2,
				0
			]
		],
		[
			[
				1.0,
				0
			],
			[
				-0.19672993938364727,
				0
			],
			[
				-0.416927885379285,
				0
			],
			[
				0.20662827926823452,
				0
			],
			[
				0.24252958318462936,
				0
			]
		],
		[
			[
				1.0,
				0
			],
			[
				-1.0066557236057094,
				0
			],
			[
				2.2028623746972795,
				0
			],
			[
				0.5229823979027503,
				0
			],
			[
				-1.5984339547234887,
				0
			]
		]
	],
	"numeric_frobenius_perron_dimensions":[
		1.0,
		2.008068388299181e1,
		2.4356075199550677e1,
		2.755374910651589e1,
		3.0560456953658647e1
	],
	"numeric_frobenius_perron_dimension":2.690602883376063e3,
	"info":"Fusion ring. mult_tab provides structure constants. barcode and formal_code provide unique identifiers see (DOI: 10.1063\/5.0148848). sub_fusion_rings provides tuples where the first element corresponds to the elements of the ring that form the subring isomorphic to the ring identified by the second element of the tuple. software provides doi of original software used to represent fusion ring.",
	"comments":[
		""
	]
}