{
	"references":[
		""
	],
	"software":[
		"https:\/\/doi.org\/10.5281\/zenodo.15920400"
	],
	"mult_tab":[
		[
			[
				1,
				0,
				0,
				0,
				0
			],
			[
				0,
				1,
				0,
				0,
				0
			],
			[
				0,
				0,
				1,
				0,
				0
			],
			[
				0,
				0,
				0,
				1,
				0
			],
			[
				0,
				0,
				0,
				0,
				1
			]
		],
		[
			[
				0,
				1,
				0,
				0,
				0
			],
			[
				1,
				3,
				2,
				3,
				3
			],
			[
				0,
				2,
				4,
				5,
				6
			],
			[
				0,
				3,
				5,
				8,
				6
			],
			[
				0,
				3,
				6,
				6,
				8
			]
		],
		[
			[
				0,
				0,
				1,
				0,
				0
			],
			[
				0,
				2,
				4,
				5,
				6
			],
			[
				1,
				4,
				7,
				9,
				9
			],
			[
				0,
				5,
				9,
				11,
				12
			],
			[
				0,
				6,
				9,
				12,
				12
			]
		],
		[
			[
				0,
				0,
				0,
				1,
				0
			],
			[
				0,
				3,
				5,
				8,
				6
			],
			[
				0,
				5,
				9,
				11,
				12
			],
			[
				1,
				8,
				11,
				14,
				15
			],
			[
				0,
				6,
				12,
				15,
				16
			]
		],
		[
			[
				0,
				0,
				0,
				0,
				1
			],
			[
				0,
				3,
				6,
				6,
				8
			],
			[
				0,
				6,
				9,
				12,
				12
			],
			[
				0,
				6,
				12,
				15,
				16
			],
			[
				1,
				8,
				12,
				16,
				16
			]
		]
	],
	"texnames":[
		"\\text{FR}^{5,16,0}_{70}"
	],
	"barcode":[
		3,
		7,
		6,
		4,
		1,
		4,
		4,
		3,
		4,
		3,
		0,
		6,
		5,
		8,
		9,
		6,
		9,
		9,
		4,
		3,
		9,
		0,
		0,
		0,
		5,
		8,
		2,
		8,
		2,
		6,
		5,
		5,
		9,
		0,
		2,
		3,
		0,
		5,
		6,
		5,
		4,
		9,
		6,
		3,
		1,
		1,
		5,
		2,
		8,
		9,
		7,
		8,
		7,
		2,
		0,
		5,
		0,
		4,
		3,
		8,
		7,
		1,
		5,
		9,
		5,
		1,
		0,
		1,
		7,
		6,
		7,
		6,
		8,
		9,
		0,
		0,
		4,
		9,
		8,
		4,
		4,
		1,
		3,
		7,
		4,
		2,
		3,
		6,
		1,
		5,
		0,
		4,
		2,
		0,
		3,
		6,
		3,
		6,
		5,
		0,
		9,
		4,
		6,
		4,
		0,
		1,
		5,
		0,
		7,
		1,
		7,
		6,
		5,
		2,
		4,
		4,
		7,
		6,
		3,
		6,
		3,
		1,
		0,
		0,
		7,
		7,
		2,
		2,
		3,
		2,
		5,
		6,
		7,
		5,
		9,
		7,
		5,
		7,
		9,
		5,
		1,
		9,
		1,
		8,
		8,
		4,
		5,
		4,
		6,
		8,
		8,
		7,
		9
	],
	"formal_code":[
		5,
		16,
		0,
		70
	],
	"tensor_product_decompositions":{
		"identifiers":[
			"formal_code"
		],
		"value":[]
	},
	"sub_fusion_rings":{
		"identifiers":[
			"injection",
			"formal_code"
		],
		"value":[]
	},
	"numeric_characters":[
		[
			[
				1.0,
				0
			],
			[
				1.957973400622588e1,
				0
			],
			[
				3.2910635310535724e1,
				0
			],
			[
				4.203154612801826e1,
				0
			],
			[
				4.390362424358477e1,
				0
			]
		],
		[
			[
				1.0,
				0
			],
			[
				2.288504797204587,
				0
			],
			[
				-1.0872109609192746,
				0
			],
			[
				1.8085767244756352,
				0
			],
			[
				-1.9598561454579033,
				0
			]
		],
		[
			[
				1.0,
				0
			],
			[
				-0.3345133559092552,
				0
			],
			[
				1.0081971422502216,
				0
			],
			[
				-0.10089279632739295,
				0
			],
			[
				-0.5327588808362755,
				0
			]
		],
		[
			[
				1.0,
				0
			],
			[
				-0.533725447521213,
				0
			],
			[
				-0.8316214918666724,
				0
			],
			[
				0.26076994383349167,
				0
			],
			[
				0.5889907827094093,
				0
			]
		],
		[
			[
				1.0,
				0
			],
			[
				2.0,
				0
			],
			[
				0.0,
				0
			],
			[
				-2.0,
				0
			],
			[
				1.0,
				0
			]
		]
	],
	"numeric_frobenius_perron_dimensions":[
		1.0,
		1.957973400622588e1,
		3.2910635310535724e1,
		4.203154612801826e1,
		4.390362424358477e1
	],
	"numeric_frobenius_perron_dimension":5.161654991931251e3,
	"info":"Fusion ring. mult_tab provides structure constants. barcode and formal_code provide unique identifiers see (DOI: 10.1063\/5.0148848). sub_fusion_rings provides tuples where the first element corresponds to the elements of the ring that form the subring isomorphic to the ring identified by the second element of the tuple. software provides doi of original software used to represent fusion ring.",
	"comments":[
		""
	]
}