{
	"references":[
		""
	],
	"software":[
		"https:\/\/doi.org\/10.5281\/zenodo.15920400"
	],
	"mult_tab":[
		[
			[
				1,
				0,
				0,
				0,
				0
			],
			[
				0,
				1,
				0,
				0,
				0
			],
			[
				0,
				0,
				1,
				0,
				0
			],
			[
				0,
				0,
				0,
				1,
				0
			],
			[
				0,
				0,
				0,
				0,
				1
			]
		],
		[
			[
				0,
				1,
				0,
				0,
				0
			],
			[
				1,
				8,
				1,
				7,
				7
			],
			[
				0,
				1,
				9,
				5,
				8
			],
			[
				0,
				7,
				5,
				7,
				9
			],
			[
				0,
				7,
				8,
				9,
				10
			]
		],
		[
			[
				0,
				0,
				1,
				0,
				0
			],
			[
				0,
				1,
				9,
				5,
				8
			],
			[
				1,
				9,
				0,
				7,
				7
			],
			[
				0,
				5,
				7,
				7,
				9
			],
			[
				0,
				8,
				7,
				9,
				10
			]
		],
		[
			[
				0,
				0,
				0,
				1,
				0
			],
			[
				0,
				7,
				5,
				7,
				9
			],
			[
				0,
				5,
				7,
				7,
				9
			],
			[
				1,
				7,
				7,
				10,
				10
			],
			[
				0,
				9,
				9,
				10,
				13
			]
		],
		[
			[
				0,
				0,
				0,
				0,
				1
			],
			[
				0,
				7,
				8,
				9,
				10
			],
			[
				0,
				8,
				7,
				9,
				10
			],
			[
				0,
				9,
				9,
				10,
				13
			],
			[
				1,
				10,
				10,
				13,
				16
			]
		]
	],
	"texnames":[
		"\\text{FR}^{5,16,0}_{596}"
	],
	"barcode":[
		3,
		7,
		6,
		4,
		1,
		4,
		4,
		3,
		4,
		3,
		0,
		6,
		5,
		8,
		9,
		6,
		9,
		9,
		4,
		3,
		9,
		0,
		0,
		0,
		5,
		8,
		2,
		8,
		2,
		6,
		5,
		5,
		9,
		0,
		2,
		3,
		0,
		6,
		1,
		6,
		2,
		8,
		2,
		4,
		7,
		1,
		3,
		5,
		2,
		3,
		1,
		2,
		5,
		2,
		9,
		4,
		4,
		4,
		5,
		0,
		9,
		1,
		7,
		6,
		3,
		0,
		7,
		4,
		9,
		2,
		1,
		8,
		7,
		4,
		1,
		6,
		2,
		3,
		4,
		5,
		3,
		5,
		3,
		6,
		7,
		8,
		5,
		9,
		6,
		6,
		2,
		1,
		8,
		3,
		8,
		8,
		9,
		0,
		8,
		7,
		5,
		3,
		7,
		8,
		3,
		4,
		2,
		9,
		2,
		3,
		7,
		6,
		5,
		2,
		5,
		4,
		5,
		3,
		6,
		8,
		1,
		5,
		3,
		0,
		8,
		3,
		6,
		5,
		0,
		9,
		7,
		4,
		8,
		5,
		6,
		9,
		4,
		2,
		6,
		6,
		2,
		6,
		0,
		3,
		3,
		8,
		7,
		0,
		0,
		8,
		5,
		8,
		2
	],
	"formal_code":[
		5,
		16,
		0,
		596
	],
	"tensor_product_decompositions":{
		"identifiers":[
			"formal_code"
		],
		"value":[]
	},
	"sub_fusion_rings":{
		"identifiers":[
			"injection",
			"formal_code"
		],
		"value":[]
	},
	"numeric_characters":[
		[
			[
				1.0,
				0
			],
			[
				2.7742664736450298e1,
				0
			],
			[
				2.7742664736450298e1,
				0
			],
			[
				3.362714843838963e1,
				0
			],
			[
				4.051163214032896e1,
				0
			]
		],
		[
			[
				1.0,
				0
			],
			[
				0.3596867373848928,
				0
			],
			[
				0.3596867373848928,
				0
			],
			[
				-0.4090475678913903,
				0
			],
			[
				-0.17778187316767347,
				0
			]
		],
		[
			[
				1.0,
				0
			],
			[
				7.887482193696061,
				0
			],
			[
				-8.887482193696062,
				0
			],
			[
				2.0,
				0
			],
			[
				-1.0,
				0
			]
		],
		[
			[
				1.0,
				0
			],
			[
				-1.1023514738351892,
				0
			],
			[
				-1.1023514738351892,
				0
			],
			[
				-0.21810087049823845,
				0
			],
			[
				1.6661497328387125,
				0
			]
		],
		[
			[
				1.0,
				0
			],
			[
				-0.8874821936960613,
				0
			],
			[
				-0.1125178063039387,
				0
			],
			[
				2.0,
				0
			],
			[
				-1.0,
				0
			]
		]
	],
	"numeric_frobenius_perron_dimensions":[
		1.0,
		2.7742664736450298e1,
		2.7742664736450298e1,
		3.362714843838963e1,
		4.051163214032896e1
	],
	"numeric_frobenius_perron_dimension":4.3122883441289905e3,
	"info":"Fusion ring. mult_tab provides structure constants. barcode and formal_code provide unique identifiers see (DOI: 10.1063\/5.0148848). sub_fusion_rings provides tuples where the first element corresponds to the elements of the ring that form the subring isomorphic to the ring identified by the second element of the tuple. software provides doi of original software used to represent fusion ring.",
	"comments":[
		""
	]
}