{
	"references":[
		""
	],
	"software":[
		"https:\/\/doi.org\/10.5281\/zenodo.15920400"
	],
	"mult_tab":[
		[
			[
				1,
				0,
				0,
				0,
				0
			],
			[
				0,
				1,
				0,
				0,
				0
			],
			[
				0,
				0,
				1,
				0,
				0
			],
			[
				0,
				0,
				0,
				1,
				0
			],
			[
				0,
				0,
				0,
				0,
				1
			]
		],
		[
			[
				0,
				1,
				0,
				0,
				0
			],
			[
				1,
				1,
				1,
				0,
				0
			],
			[
				0,
				1,
				0,
				0,
				1
			],
			[
				0,
				0,
				0,
				2,
				1
			],
			[
				0,
				0,
				1,
				1,
				2
			]
		],
		[
			[
				0,
				0,
				1,
				0,
				0
			],
			[
				0,
				1,
				0,
				0,
				1
			],
			[
				1,
				0,
				1,
				1,
				1
			],
			[
				0,
				0,
				1,
				2,
				3
			],
			[
				0,
				1,
				1,
				3,
				3
			]
		],
		[
			[
				0,
				0,
				0,
				1,
				0
			],
			[
				0,
				0,
				0,
				2,
				1
			],
			[
				0,
				0,
				1,
				2,
				3
			],
			[
				1,
				2,
				2,
				6,
				5
			],
			[
				0,
				1,
				3,
				5,
				8
			]
		],
		[
			[
				0,
				0,
				0,
				0,
				1
			],
			[
				0,
				0,
				1,
				1,
				2
			],
			[
				0,
				1,
				1,
				3,
				3
			],
			[
				0,
				1,
				3,
				5,
				8
			],
			[
				1,
				2,
				3,
				8,
				8
			]
		]
	],
	"texnames":[
		"\\text{FR}^{5,8,0}_{666}"
	],
	"barcode":[
		2,
		1,
		1,
		8,
		7,
		1,
		2,
		2,
		9,
		9,
		1,
		3,
		9,
		8,
		3,
		2,
		0,
		3,
		2,
		5,
		8,
		3,
		1,
		9,
		3,
		6,
		7,
		6,
		2,
		0,
		9,
		3,
		4,
		6,
		5,
		0,
		6,
		1,
		0,
		8,
		3,
		7,
		6,
		7,
		7,
		9,
		0,
		4,
		0,
		6,
		9,
		2,
		0,
		0,
		8,
		9,
		9,
		4,
		9,
		6,
		5,
		2,
		3,
		1,
		0,
		3,
		1,
		6,
		4,
		2,
		1,
		3,
		9,
		9,
		2,
		1,
		8,
		7,
		2,
		6,
		7,
		7,
		1,
		6,
		8,
		2,
		9,
		3,
		1,
		6,
		0,
		0,
		0,
		0,
		1,
		8,
		5,
		8,
		6,
		2,
		4,
		9,
		3,
		0,
		9,
		2,
		2,
		4,
		2,
		7,
		9,
		1,
		4,
		2,
		5,
		8,
		4,
		8,
		6
	],
	"formal_code":[
		5,
		8,
		0,
		666
	],
	"tensor_product_decompositions":{
		"identifiers":[
			"formal_code"
		],
		"value":[]
	},
	"sub_fusion_rings":{
		"identifiers":[
			"injection",
			"formal_code"
		],
		"value":[]
	},
	"numeric_characters":[
		[
			[
				1.0,
				0
			],
			[
				3.204179860699133,
				0
			],
			[
				6.062588719010783,
				0
			],
			[
				1.347094844040905e1,
				0
			],
			[
				1.6221444816456973e1,
				0
			]
		],
		[
			[
				1.0,
				0
			],
			[
				2.0,
				0
			],
			[
				1.0,
				0
			],
			[
				-1.0,
				0
			],
			[
				0.0,
				0
			]
		],
		[
			[
				1.0,
				0
			],
			[
				1.1717040164004535,
				0
			],
			[
				-0.7988137143514993,
				0
			],
			[
				2.5445943184494078,
				0
			],
			[
				-2.10767725386187,
				0
			]
		],
		[
			[
				1.0,
				0
			],
			[
				-1.1428116433059106,
				0
			],
			[
				1.4488300953814666,
				0
			],
			[
				0.16320680876964527,
				0
			],
			[
				-0.5129282588680424,
				0
			]
		],
		[
			[
				1.0,
				0
			],
			[
				-0.23307223379367598,
				0
			],
			[
				-0.7126051000407501,
				0
			],
			[
				-0.178749567628102,
				0
			],
			[
				0.39916069627293954,
				0
			]
		]
	],
	"numeric_frobenius_perron_dimensions":[
		1.0,
		3.2041798606991327,
		6.062588719010783,
		1.347094844040905e1,
		1.6221444816456973e1
	],
	"numeric_frobenius_perron_dimension":4.9262347437310456e2,
	"info":"Fusion ring. mult_tab provides structure constants. barcode and formal_code provide unique identifiers see (DOI: 10.1063\/5.0148848). sub_fusion_rings provides tuples where the first element corresponds to the elements of the ring that form the subring isomorphic to the ring identified by the second element of the tuple. software provides doi of original software used to represent fusion ring.",
	"comments":[
		""
	]
}