{
	"references":[
		""
	],
	"software":[
		"https:\/\/doi.org\/10.5281\/zenodo.15920400"
	],
	"mult_tab":[
		[
			[
				1,
				0,
				0,
				0,
				0
			],
			[
				0,
				1,
				0,
				0,
				0
			],
			[
				0,
				0,
				1,
				0,
				0
			],
			[
				0,
				0,
				0,
				1,
				0
			],
			[
				0,
				0,
				0,
				0,
				1
			]
		],
		[
			[
				0,
				1,
				0,
				0,
				0
			],
			[
				1,
				1,
				1,
				1,
				1
			],
			[
				0,
				1,
				1,
				2,
				3
			],
			[
				0,
				1,
				2,
				4,
				2
			],
			[
				0,
				1,
				3,
				2,
				5
			]
		],
		[
			[
				0,
				0,
				1,
				0,
				0
			],
			[
				0,
				1,
				1,
				2,
				3
			],
			[
				1,
				1,
				4,
				4,
				5
			],
			[
				0,
				2,
				4,
				4,
				7
			],
			[
				0,
				3,
				5,
				7,
				8
			]
		],
		[
			[
				0,
				0,
				0,
				1,
				0
			],
			[
				0,
				1,
				2,
				4,
				2
			],
			[
				0,
				2,
				4,
				4,
				7
			],
			[
				1,
				4,
				4,
				16,
				0
			],
			[
				0,
				2,
				7,
				0,
				16
			]
		],
		[
			[
				0,
				0,
				0,
				0,
				1
			],
			[
				0,
				1,
				3,
				2,
				5
			],
			[
				0,
				3,
				5,
				7,
				8
			],
			[
				0,
				2,
				7,
				0,
				16
			],
			[
				1,
				5,
				8,
				16,
				9
			]
		]
	],
	"texnames":[
		"\\text{FR}^{5,16,0}_{1645}"
	],
	"barcode":[
		3,
		7,
		6,
		4,
		1,
		4,
		4,
		3,
		4,
		3,
		0,
		6,
		5,
		8,
		9,
		6,
		9,
		9,
		4,
		3,
		9,
		0,
		0,
		0,
		5,
		8,
		2,
		8,
		2,
		6,
		5,
		5,
		9,
		0,
		2,
		3,
		0,
		6,
		0,
		1,
		0,
		0,
		7,
		3,
		7,
		8,
		1,
		2,
		4,
		0,
		2,
		4,
		8,
		6,
		2,
		1,
		3,
		1,
		4,
		6,
		8,
		0,
		2,
		0,
		7,
		2,
		0,
		3,
		3,
		7,
		6,
		7,
		2,
		7,
		7,
		2,
		9,
		8,
		9,
		7,
		2,
		2,
		7,
		7,
		9,
		1,
		2,
		2,
		0,
		4,
		1,
		1,
		0,
		3,
		6,
		0,
		7,
		8,
		7,
		0,
		4,
		9,
		8,
		5,
		7,
		4,
		4,
		9,
		4,
		7,
		4,
		6,
		9,
		9,
		4,
		0,
		9,
		7,
		5,
		4,
		0,
		3,
		7,
		4,
		6,
		8,
		7,
		3,
		9,
		3,
		7,
		3,
		0,
		0,
		9,
		9,
		9,
		8,
		9,
		8,
		1,
		9,
		8,
		1,
		6,
		3,
		7,
		2,
		0,
		7,
		3,
		8,
		1
	],
	"formal_code":[
		5,
		16,
		0,
		1645
	],
	"tensor_product_decompositions":{
		"identifiers":[
			"formal_code"
		],
		"value":[]
	},
	"sub_fusion_rings":{
		"identifiers":[
			"injection",
			"formal_code"
		],
		"value":[]
	},
	"numeric_characters":[
		[
			[
				1.0,
				0
			],
			[
				8.708437699168265,
				0
			],
			[
				1.7377011651587665e1,
				0
			],
			[
				2.1013139413801103e1,
				0
			],
			[
				2.773829839573802e1,
				0
			]
		],
		[
			[
				1.0,
				0
			],
			[
				-0.5889179192548434,
				0
			],
			[
				-0.750352044143696,
				0
			],
			[
				0.2771171091097178,
				0
			],
			[
				0.40897716990827593,
				0
			]
		],
		[
			[
				1.0,
				0
			],
			[
				2.476667232308858,
				0
			],
			[
				-1.3171909632950072,
				0
			],
			[
				1.6344932898235637e1,
				0
			],
			[
				-1.2370528587657068e1,
				0
			]
		],
		[
			[
				1.0,
				0
			],
			[
				1.342273864507665,
				0
			],
			[
				3.517379915739675e-2,
				0
			],
			[
				-0.3970108166335148,
				0
			],
			[
				-0.17873771969120558,
				0
			]
		],
		[
			[
				1.0,
				0
			],
			[
				-0.9384608767299436,
				0
			],
			[
				1.6553575566936423,
				0
			],
			[
				-0.23817860451294143,
				0
			],
			[
				-0.598009258298023,
				0
			]
		]
	],
	"numeric_frobenius_perron_dimensions":[
		1.0,
		8.708437699168265,
		1.7377011651587665e1,
		2.1013139413801095e1,
		2.773829839573802e1
	],
	"numeric_frobenius_perron_dimension":1.589762647014552e3,
	"info":"Fusion ring. mult_tab provides structure constants. barcode and formal_code provide unique identifiers see (DOI: 10.1063\/5.0148848). sub_fusion_rings provides tuples where the first element corresponds to the elements of the ring that form the subring isomorphic to the ring identified by the second element of the tuple. software provides doi of original software used to represent fusion ring.",
	"comments":[
		""
	]
}