{
	"references":[
		""
	],
	"software":[
		"https:\/\/doi.org\/10.5281\/zenodo.15920400"
	],
	"mult_tab":[
		[
			[
				1,
				0,
				0,
				0,
				0
			],
			[
				0,
				1,
				0,
				0,
				0
			],
			[
				0,
				0,
				1,
				0,
				0
			],
			[
				0,
				0,
				0,
				1,
				0
			],
			[
				0,
				0,
				0,
				0,
				1
			]
		],
		[
			[
				0,
				1,
				0,
				0,
				0
			],
			[
				1,
				6,
				2,
				0,
				0
			],
			[
				0,
				2,
				3,
				4,
				2
			],
			[
				0,
				0,
				4,
				3,
				4
			],
			[
				0,
				0,
				2,
				4,
				5
			]
		],
		[
			[
				0,
				0,
				1,
				0,
				0
			],
			[
				0,
				2,
				3,
				4,
				2
			],
			[
				1,
				3,
				7,
				4,
				10
			],
			[
				0,
				4,
				4,
				11,
				8
			],
			[
				0,
				2,
				10,
				8,
				7
			]
		],
		[
			[
				0,
				0,
				0,
				1,
				0
			],
			[
				0,
				0,
				4,
				3,
				4
			],
			[
				0,
				4,
				4,
				11,
				8
			],
			[
				1,
				3,
				11,
				5,
				11
			],
			[
				0,
				4,
				8,
				11,
				8
			]
		],
		[
			[
				0,
				0,
				0,
				0,
				1
			],
			[
				0,
				0,
				2,
				4,
				5
			],
			[
				0,
				2,
				10,
				8,
				7
			],
			[
				0,
				4,
				8,
				11,
				8
			],
			[
				1,
				5,
				7,
				8,
				12
			]
		]
	],
	"texnames":[
		"\\text{FR}^{5,12,0}_{474}"
	],
	"barcode":[
		1,
		3,
		4,
		5,
		7,
		8,
		5,
		2,
		8,
		7,
		0,
		6,
		3,
		2,
		5,
		1,
		9,
		2,
		9,
		5,
		4,
		0,
		9,
		2,
		4,
		6,
		7,
		7,
		1,
		2,
		3,
		4,
		6,
		1,
		8,
		9,
		3,
		3,
		9,
		4,
		1,
		1,
		3,
		5,
		1,
		7,
		8,
		9,
		8,
		5,
		1,
		8,
		0,
		7,
		4,
		3,
		6,
		1,
		5,
		2,
		6,
		9,
		3,
		7,
		1,
		1,
		1,
		5,
		7,
		6,
		5,
		0,
		8,
		0,
		9,
		6,
		0,
		4,
		8,
		6,
		8,
		1,
		2,
		0,
		4,
		9,
		2,
		9,
		8,
		7,
		4,
		8,
		5,
		9,
		3,
		6,
		4,
		7,
		8,
		2,
		5,
		1,
		5,
		5,
		7,
		0,
		6,
		5,
		4,
		6,
		4,
		0,
		9,
		8,
		6,
		6,
		0,
		9,
		3,
		0,
		9,
		7,
		1,
		3,
		6,
		3,
		7,
		5,
		2,
		5,
		3,
		4,
		6,
		6,
		7,
		4,
		0,
		8,
		7
	],
	"formal_code":[
		5,
		12,
		0,
		474
	],
	"tensor_product_decompositions":{
		"identifiers":[
			"formal_code"
		],
		"value":[]
	},
	"sub_fusion_rings":{
		"identifiers":[
			"injection",
			"formal_code"
		],
		"value":[]
	},
	"numeric_characters":[
		[
			[
				1.0,
				0
			],
			[
				1.0656305445394004e1,
				0
			],
			[
				2.4309506536584934e1,
				0
			],
			[
				2.7264083496284538e1,
				0
			],
			[
				2.7876031197485087e1,
				0
			]
		],
		[
			[
				1.0,
				0
			],
			[
				6.468084303920195,
				0
			],
			[
				1.0138043695488128,
				0
			],
			[
				-1.289247733370388,
				0
			],
			[
				-2.131609326540446,
				0
			]
		],
		[
			[
				1.0,
				0
			],
			[
				-1.6519736001679122,
				0
			],
			[
				5.820429188329602,
				0
			],
			[
				-7.247061940353555,
				0
			],
			[
				2.6078560179969936,
				0
			]
		],
		[
			[
				1.0,
				0
			],
			[
				1.6887964404161229,
				0
			],
			[
				-4.140372612667285,
				0
			],
			[
				-1.8626570127902795,
				0
			],
			[
				4.750953239030906,
				0
			]
		],
		[
			[
				1.0,
				0
			],
			[
				-0.16121258956240936,
				0
			],
			[
				-3.367481796063008e-3,
				0
			],
			[
				0.13488319022968503,
				0
			],
			[
				-0.10323112797254243,
				0
			]
		]
	],
	"numeric_frobenius_perron_dimensions":[
		1.0,
		1.0656305445394002e1,
		2.4309506536584934e1,
		2.7264083496284538e1,
		2.7876031197485087e1
	],
	"numeric_frobenius_perron_dimension":2.2259123180133365e3,
	"info":"Fusion ring. mult_tab provides structure constants. barcode and formal_code provide unique identifiers see (DOI: 10.1063\/5.0148848). sub_fusion_rings provides tuples where the first element corresponds to the elements of the ring that form the subring isomorphic to the ring identified by the second element of the tuple. software provides doi of original software used to represent fusion ring.",
	"comments":[
		""
	]
}