{
	"references":[
		""
	],
	"software":[
		"https:\/\/doi.org\/10.5281\/zenodo.15920400"
	],
	"mult_tab":[
		[
			[
				1,
				0,
				0,
				0,
				0
			],
			[
				0,
				1,
				0,
				0,
				0
			],
			[
				0,
				0,
				1,
				0,
				0
			],
			[
				0,
				0,
				0,
				1,
				0
			],
			[
				0,
				0,
				0,
				0,
				1
			]
		],
		[
			[
				0,
				1,
				0,
				0,
				0
			],
			[
				1,
				4,
				0,
				0,
				1
			],
			[
				0,
				0,
				3,
				3,
				3
			],
			[
				0,
				0,
				3,
				3,
				3
			],
			[
				0,
				1,
				3,
				3,
				3
			]
		],
		[
			[
				0,
				0,
				1,
				0,
				0
			],
			[
				0,
				0,
				3,
				3,
				3
			],
			[
				1,
				3,
				15,
				14,
				14
			],
			[
				0,
				3,
				14,
				14,
				15
			],
			[
				0,
				3,
				14,
				15,
				15
			]
		],
		[
			[
				0,
				0,
				0,
				1,
				0
			],
			[
				0,
				0,
				3,
				3,
				3
			],
			[
				0,
				3,
				14,
				14,
				15
			],
			[
				1,
				3,
				14,
				15,
				14
			],
			[
				0,
				3,
				15,
				14,
				15
			]
		],
		[
			[
				0,
				0,
				0,
				0,
				1
			],
			[
				0,
				1,
				3,
				3,
				3
			],
			[
				0,
				3,
				14,
				15,
				15
			],
			[
				0,
				3,
				15,
				14,
				15
			],
			[
				1,
				3,
				15,
				15,
				15
			]
		]
	],
	"texnames":[
		"\\text{FR}^{5,15,0}_{397}"
	],
	"barcode":[
		2,
		0,
		4,
		5,
		8,
		6,
		9,
		2,
		5,
		1,
		8,
		7,
		8,
		3,
		9,
		8,
		6,
		8,
		3,
		8,
		6,
		4,
		3,
		6,
		6,
		2,
		8,
		4,
		5,
		9,
		5,
		4,
		2,
		6,
		5,
		0,
		0,
		4,
		8,
		5,
		5,
		5,
		7,
		8,
		4,
		5,
		4,
		7,
		9,
		6,
		4,
		7,
		1,
		4,
		9,
		2,
		0,
		4,
		1,
		7,
		0,
		7,
		4,
		8,
		4,
		7,
		6,
		9,
		1,
		1,
		6,
		3,
		8,
		9,
		1,
		8,
		0,
		0,
		2,
		2,
		2,
		5,
		2,
		8,
		1,
		8,
		4,
		7,
		7,
		0,
		3,
		6,
		6,
		0,
		9,
		3,
		3,
		1,
		4,
		3,
		9,
		5,
		1,
		8,
		6,
		4,
		6,
		5,
		8,
		8,
		2,
		3,
		2,
		0,
		5,
		3,
		1,
		6,
		6,
		2,
		4,
		2,
		2,
		4,
		1,
		9,
		5,
		3,
		0,
		1,
		3,
		0,
		2,
		3,
		2,
		9,
		3,
		0,
		7,
		6,
		8,
		8,
		7,
		3,
		6,
		5,
		6,
		3,
		2,
		4
	],
	"formal_code":[
		5,
		15,
		0,
		397
	],
	"tensor_product_decompositions":{
		"identifiers":[
			"formal_code"
		],
		"value":[]
	},
	"sub_fusion_rings":{
		"identifiers":[
			"injection",
			"formal_code"
		],
		"value":[]
	},
	"numeric_characters":[
		[
			[
				1.0,
				0
			],
			[
				9.068243749839024,
				0
			],
			[
				4.396006970713842e1,
				0
			],
			[
				4.396006970713842e1,
				0
			],
			[
				4.496006970713842e1,
				0
			]
		],
		[
			[
				1.0,
				0
			],
			[
				4.3150909387869785,
				0
			],
			[
				-0.6403539451464266,
				0
			],
			[
				-0.6403539451464266,
				0
			],
			[
				0.3596460548535734,
				0
			]
		],
		[
			[
				1.0,
				0
			],
			[
				-0.38333468862600223,
				0
			],
			[
				-0.31971576199199697,
				0
			],
			[
				-0.31971576199199697,
				0
			],
			[
				0.680284238008003,
				0
			]
		],
		[
			[
				1.0,
				0
			],
			[
				0.0,
				0
			],
			[
				1.618033988749895,
				0
			],
			[
				-0.6180339887498949,
				0
			],
			[
				-1.0,
				0
			]
		],
		[
			[
				1.0,
				0
			],
			[
				0.0,
				0
			],
			[
				-0.6180339887498949,
				0
			],
			[
				1.618033988749895,
				0
			],
			[
				-1.0,
				0
			]
		]
	],
	"numeric_frobenius_perron_dimensions":[
		1.0,
		9.068243749839024,
		4.396006970713842e1,
		4.396006970713842e1,
		4.496006970713842e1
	],
	"numeric_frobenius_perron_dimension":5.96961637009018e3,
	"info":"Fusion ring. mult_tab provides structure constants. barcode and formal_code provide unique identifiers see (DOI: 10.1063\/5.0148848). sub_fusion_rings provides tuples where the first element corresponds to the elements of the ring that form the subring isomorphic to the ring identified by the second element of the tuple. software provides doi of original software used to represent fusion ring.",
	"comments":[
		""
	]
}