{
	"references":[
		""
	],
	"software":[
		"https:\/\/doi.org\/10.5281\/zenodo.15920400"
	],
	"mult_tab":[
		[
			[
				1,
				0,
				0,
				0,
				0
			],
			[
				0,
				1,
				0,
				0,
				0
			],
			[
				0,
				0,
				1,
				0,
				0
			],
			[
				0,
				0,
				0,
				1,
				0
			],
			[
				0,
				0,
				0,
				0,
				1
			]
		],
		[
			[
				0,
				1,
				0,
				0,
				0
			],
			[
				1,
				0,
				1,
				3,
				2
			],
			[
				0,
				1,
				0,
				2,
				4
			],
			[
				0,
				3,
				2,
				5,
				3
			],
			[
				0,
				2,
				4,
				3,
				6
			]
		],
		[
			[
				0,
				0,
				1,
				0,
				0
			],
			[
				0,
				1,
				0,
				2,
				4
			],
			[
				1,
				0,
				0,
				4,
				4
			],
			[
				0,
				2,
				4,
				3,
				6
			],
			[
				0,
				4,
				4,
				6,
				5
			]
		],
		[
			[
				0,
				0,
				0,
				1,
				0
			],
			[
				0,
				3,
				2,
				5,
				3
			],
			[
				0,
				2,
				4,
				3,
				6
			],
			[
				1,
				5,
				3,
				11,
				5
			],
			[
				0,
				3,
				6,
				5,
				13
			]
		],
		[
			[
				0,
				0,
				0,
				0,
				1
			],
			[
				0,
				2,
				4,
				3,
				6
			],
			[
				0,
				4,
				4,
				6,
				5
			],
			[
				0,
				3,
				6,
				5,
				13
			],
			[
				1,
				6,
				5,
				13,
				10
			]
		]
	],
	"texnames":[
		"\\text{FR}^{5,13,0}_{219}"
	],
	"barcode":[
		1,
		3,
		1,
		7,
		8,
		8,
		1,
		8,
		6,
		4,
		8,
		7,
		2,
		1,
		4,
		1,
		5,
		3,
		0,
		1,
		5,
		0,
		1,
		5,
		4,
		3,
		3,
		8,
		4,
		9,
		5,
		2,
		4,
		7,
		8,
		8,
		3,
		8,
		6,
		1,
		1,
		9,
		9,
		6,
		5,
		8,
		3,
		7,
		5,
		7,
		4,
		7,
		7,
		0,
		7,
		8,
		7,
		4,
		2,
		4,
		9,
		3,
		9,
		4,
		4,
		8,
		0,
		7,
		1,
		7,
		4,
		9,
		3,
		7,
		0,
		3,
		7,
		1,
		4,
		2,
		2,
		0,
		7,
		6,
		8,
		6,
		9,
		5,
		1,
		5,
		8,
		1,
		9,
		0,
		3,
		4,
		0,
		5,
		6,
		9,
		6,
		6,
		1,
		4,
		3,
		0,
		9,
		3,
		1,
		6,
		5,
		7,
		0,
		2,
		2,
		4,
		0,
		4,
		6,
		8,
		4,
		6,
		8,
		5,
		4,
		4,
		4,
		4,
		1,
		1,
		2,
		2,
		1,
		2,
		8,
		5,
		7,
		2,
		3,
		1,
		4,
		2,
		4
	],
	"formal_code":[
		5,
		13,
		0,
		219
	],
	"tensor_product_decompositions":{
		"identifiers":[
			"formal_code"
		],
		"value":[]
	},
	"sub_fusion_rings":{
		"identifiers":[
			"injection",
			"formal_code"
		],
		"value":[]
	},
	"numeric_characters":[
		[
			[
				1.0,
				0
			],
			[
				1.1490506695297572e1,
				0
			],
			[
				1.385808914167359e1,
				0
			],
			[
				2.1650337643719027e1,
				0
			],
			[
				2.611132102092384e1,
				0
			]
		],
		[
			[
				1.0,
				0
			],
			[
				3.0074391468222657,
				0
			],
			[
				-2.505748597490289,
				0
			],
			[
				7.91105080241705,
				0
			],
			[
				-6.591356793960912,
				0
			]
		],
		[
			[
				1.0,
				0
			],
			[
				-2.1221444033877104,
				0
			],
			[
				-3.604749325440497,
				0
			],
			[
				1.1111373446384176,
				0
			],
			[
				1.8874170801775125,
				0
			]
		],
		[
			[
				1.0,
				0
			],
			[
				-1.8000279592186228,
				0
			],
			[
				1.295572649009291,
				0
			],
			[
				0.6052737605289937,
				0
			],
			[
				-0.4356466383137559,
				0
			]
		],
		[
			[
				1.0,
				0
			],
			[
				0.424226520486495,
				0
			],
			[
				-4.316386775209433e-2,
				0
			],
			[
				-0.27779955130348727,
				0
			],
			[
				2.8265331173317323e-2,
				0
			]
		]
	],
	"numeric_frobenius_perron_dimensions":[
		1.0,
		1.1490506695297572e1,
		1.385808914167359e1,
		2.1650337643719027e1,
		2.611132102092384e1
	],
	"numeric_frobenius_perron_dimension":1.475616584318026e3,
	"info":"Fusion ring. mult_tab provides structure constants. barcode and formal_code provide unique identifiers see (DOI: 10.1063\/5.0148848). sub_fusion_rings provides tuples where the first element corresponds to the elements of the ring that form the subring isomorphic to the ring identified by the second element of the tuple. software provides doi of original software used to represent fusion ring.",
	"comments":[
		""
	]
}