{
	"references":[
		""
	],
	"software":[
		"https:\/\/doi.org\/10.5281\/zenodo.15920400"
	],
	"mult_tab":[
		[
			[
				1,
				0,
				0,
				0,
				0
			],
			[
				0,
				1,
				0,
				0,
				0
			],
			[
				0,
				0,
				1,
				0,
				0
			],
			[
				0,
				0,
				0,
				1,
				0
			],
			[
				0,
				0,
				0,
				0,
				1
			]
		],
		[
			[
				0,
				1,
				0,
				0,
				0
			],
			[
				1,
				0,
				6,
				4,
				5
			],
			[
				0,
				6,
				1,
				5,
				5
			],
			[
				0,
				4,
				5,
				5,
				6
			],
			[
				0,
				5,
				5,
				6,
				6
			]
		],
		[
			[
				0,
				0,
				1,
				0,
				0
			],
			[
				0,
				6,
				1,
				5,
				5
			],
			[
				1,
				1,
				6,
				5,
				6
			],
			[
				0,
				5,
				5,
				6,
				6
			],
			[
				0,
				5,
				6,
				6,
				7
			]
		],
		[
			[
				0,
				0,
				0,
				1,
				0
			],
			[
				0,
				4,
				5,
				5,
				6
			],
			[
				0,
				5,
				5,
				6,
				6
			],
			[
				1,
				5,
				6,
				10,
				5
			],
			[
				0,
				6,
				6,
				5,
				11
			]
		],
		[
			[
				0,
				0,
				0,
				0,
				1
			],
			[
				0,
				5,
				5,
				6,
				6
			],
			[
				0,
				5,
				6,
				6,
				7
			],
			[
				0,
				6,
				6,
				5,
				11
			],
			[
				1,
				6,
				7,
				11,
				7
			]
		]
	],
	"texnames":[
		"\\text{FR}^{5,11,0}_{636}"
	],
	"barcode":[
		6,
		5,
		8,
		3,
		7,
		7,
		0,
		0,
		7,
		1,
		1,
		6,
		2,
		1,
		8,
		2,
		3,
		4,
		2,
		2,
		0,
		4,
		1,
		2,
		6,
		8,
		4,
		4,
		3,
		7,
		1,
		5,
		4,
		8,
		8,
		1,
		8,
		6,
		0,
		2,
		2,
		5,
		4,
		7,
		8,
		0,
		7,
		3,
		7,
		0,
		3,
		7,
		8,
		8,
		6,
		0,
		9,
		5,
		6,
		4,
		1,
		0,
		4,
		9,
		5,
		4,
		4,
		2,
		2,
		3,
		8,
		1,
		0,
		4,
		8,
		9,
		2,
		7,
		0,
		3,
		1,
		5,
		2,
		1,
		4,
		0,
		4,
		3,
		3,
		6,
		6,
		9,
		7,
		2,
		3,
		9,
		8,
		8,
		0,
		6,
		7,
		4,
		5,
		4,
		8,
		2,
		8,
		7,
		0,
		6,
		3,
		8,
		7,
		3,
		8,
		3,
		1,
		2,
		4,
		6,
		9,
		7,
		6,
		3,
		5,
		2,
		8,
		0,
		6,
		8,
		5,
		9,
		8,
		0
	],
	"formal_code":[
		5,
		11,
		0,
		636
	],
	"tensor_product_decompositions":{
		"identifiers":[
			"formal_code"
		],
		"value":[]
	},
	"sub_fusion_rings":{
		"identifiers":[
			"injection",
			"formal_code"
		],
		"value":[]
	},
	"numeric_characters":[
		[
			[
				1.0,
				0
			],
			[
				1.8876989580345295e1,
				0
			],
			[
				2.0649332112800145e1,
				0
			],
			[
				2.444121459988196e1,
				0
			],
			[
				2.6735976908027222e1,
				0
			]
		],
		[
			[
				1.0,
				0
			],
			[
				-0.4763383610688912,
				0
			],
			[
				0.43884860694082173,
				0
			],
			[
				5.616334540704101,
				0
			],
			[
				-5.174306314047108,
				0
			]
		],
		[
			[
				1.0,
				0
			],
			[
				0.3461896960449817,
				0
			],
			[
				0.16889241149302725,
				0
			],
			[
				-0.2940546118533957,
				0
			],
			[
				-0.1434577431793728,
				0
			]
		],
		[
			[
				1.0,
				0
			],
			[
				-1.0764019906763376,
				0
			],
			[
				-1.3980334517098423,
				0
			],
			[
				0.8144494304294183,
				0
			],
			[
				1.0578088468146725,
				0
			]
		],
		[
			[
				1.0,
				0
			],
			[
				-5.6704389246450475,
				0
			],
			[
				5.140960320475848,
				0
			],
			[
				-0.5779439591620834,
				0
			],
			[
				0.5239783023845853,
				0
			]
		]
	],
	"numeric_frobenius_perron_dimensions":[
		1.0,
		1.8876989580345295e1,
		2.0649332112800145e1,
		2.444121459988196e1,
		2.6735976908027222e1
	],
	"numeric_frobenius_perron_dimension":2.0959210846652322e3,
	"info":"Fusion ring. mult_tab provides structure constants. barcode and formal_code provide unique identifiers see (DOI: 10.1063\/5.0148848). sub_fusion_rings provides tuples where the first element corresponds to the elements of the ring that form the subring isomorphic to the ring identified by the second element of the tuple. software provides doi of original software used to represent fusion ring.",
	"comments":[
		""
	]
}