{
	"references":[
		""
	],
	"software":[
		"https:\/\/doi.org\/10.5281\/zenodo.15920400"
	],
	"mult_tab":[
		[
			[
				1,
				0,
				0,
				0,
				0
			],
			[
				0,
				1,
				0,
				0,
				0
			],
			[
				0,
				0,
				1,
				0,
				0
			],
			[
				0,
				0,
				0,
				1,
				0
			],
			[
				0,
				0,
				0,
				0,
				1
			]
		],
		[
			[
				0,
				1,
				0,
				0,
				0
			],
			[
				1,
				2,
				2,
				1,
				3
			],
			[
				0,
				2,
				0,
				3,
				3
			],
			[
				0,
				1,
				3,
				2,
				4
			],
			[
				0,
				3,
				3,
				4,
				7
			]
		],
		[
			[
				0,
				0,
				1,
				0,
				0
			],
			[
				0,
				2,
				0,
				3,
				3
			],
			[
				1,
				0,
				6,
				0,
				3
			],
			[
				0,
				3,
				0,
				5,
				3
			],
			[
				0,
				3,
				3,
				3,
				8
			]
		],
		[
			[
				0,
				0,
				0,
				1,
				0
			],
			[
				0,
				1,
				3,
				2,
				4
			],
			[
				0,
				3,
				0,
				5,
				3
			],
			[
				1,
				2,
				5,
				3,
				4
			],
			[
				0,
				4,
				3,
				4,
				10
			]
		],
		[
			[
				0,
				0,
				0,
				0,
				1
			],
			[
				0,
				3,
				3,
				4,
				7
			],
			[
				0,
				3,
				3,
				3,
				8
			],
			[
				0,
				4,
				3,
				4,
				10
			],
			[
				1,
				7,
				8,
				10,
				14
			]
		]
	],
	"texnames":[
		"\\text{FR}^{5,14,0}_{296}"
	],
	"barcode":[
		6,
		8,
		4,
		4,
		0,
		9,
		7,
		0,
		7,
		8,
		0,
		3,
		0,
		6,
		8,
		2,
		0,
		8,
		2,
		8,
		2,
		7,
		0,
		4,
		7,
		6,
		6,
		1,
		8,
		9,
		7,
		5,
		4,
		7,
		1,
		1,
		9,
		5,
		8,
		6,
		0,
		2,
		9,
		0,
		2,
		2,
		4,
		5,
		8,
		3,
		2,
		3,
		1,
		8,
		7,
		5,
		1,
		8,
		3,
		9,
		5,
		4,
		3,
		6,
		5,
		6,
		3,
		2,
		4,
		0,
		7,
		4,
		5,
		2,
		4,
		2,
		7,
		3,
		3,
		6,
		7,
		6,
		6,
		0,
		2,
		2,
		1,
		8,
		8,
		9,
		2,
		2,
		0,
		3,
		5,
		8,
		9,
		7,
		2,
		6,
		2,
		3,
		4,
		9,
		0,
		8,
		5,
		9,
		0,
		3,
		0,
		5,
		0,
		9,
		5,
		7,
		8,
		2,
		4,
		5,
		7,
		2,
		3,
		9,
		5,
		1,
		8,
		3,
		5,
		2,
		3,
		8,
		7,
		4,
		6,
		0,
		9,
		6,
		9,
		3,
		9,
		9,
		2,
		4,
		6,
		7
	],
	"formal_code":[
		5,
		14,
		0,
		296
	],
	"tensor_product_decompositions":{
		"identifiers":[
			"formal_code"
		],
		"value":[]
	},
	"sub_fusion_rings":{
		"identifiers":[
			"injection",
			"formal_code"
		],
		"value":[]
	},
	"numeric_characters":[
		[
			[
				1.0,
				0
			],
			[
				1.2079957075041346e1,
				0
			],
			[
				1.2499229597828705e1,
				0
			],
			[
				1.5531626636836494e1,
				0
			],
			[
				2.6745120984088295e1,
				0
			]
		],
		[
			[
				1.0,
				0
			],
			[
				-2.4941539002569595,
				0
			],
			[
				6.40476831856045,
				0
			],
			[
				-4.192872461512928,
				0
			],
			[
				0.5308157676909833,
				0
			]
		],
		[
			[
				1.0,
				0
			],
			[
				0.36792332825211443,
				0
			],
			[
				2.3825563319188596,
				0
			],
			[
				3.2531715718766714,
				0
			],
			[
				-3.206254438915502,
				0
			]
		],
		[
			[
				1.0,
				0
			],
			[
				1.5650392622265055,
				0
			],
			[
				-1.9642778301208974e-2,
				0
			],
			[
				-0.7596875840867527,
				0
			],
			[
				-0.2939191638177852,
				0
			]
		],
		[
			[
				1.0,
				0
			],
			[
				-0.5187657652630072,
				0
			],
			[
				-0.2669114700068047,
				0
			],
			[
				0.16776183688651564,
				0
			],
			[
				0.22423685095400725,
				0
			]
		]
	],
	"numeric_frobenius_perron_dimensions":[
		1.0,
		1.2079957075041346e1,
		1.2499229597828716e1,
		1.5531626636836494e1,
		2.6745120984088295e1
	],
	"numeric_frobenius_perron_dimension":1.2596890259136878e3,
	"info":"Fusion ring. mult_tab provides structure constants. barcode and formal_code provide unique identifiers see (DOI: 10.1063\/5.0148848). sub_fusion_rings provides tuples where the first element corresponds to the elements of the ring that form the subring isomorphic to the ring identified by the second element of the tuple. software provides doi of original software used to represent fusion ring.",
	"comments":[
		""
	]
}