{
	"references":[
		""
	],
	"software":[
		"https:\/\/doi.org\/10.5281\/zenodo.15920400"
	],
	"mult_tab":[
		[
			[
				1,
				0,
				0,
				0,
				0
			],
			[
				0,
				1,
				0,
				0,
				0
			],
			[
				0,
				0,
				1,
				0,
				0
			],
			[
				0,
				0,
				0,
				1,
				0
			],
			[
				0,
				0,
				0,
				0,
				1
			]
		],
		[
			[
				0,
				1,
				0,
				0,
				0
			],
			[
				1,
				0,
				4,
				4,
				3
			],
			[
				0,
				4,
				5,
				4,
				4
			],
			[
				0,
				4,
				4,
				5,
				5
			],
			[
				0,
				3,
				4,
				5,
				8
			]
		],
		[
			[
				0,
				0,
				1,
				0,
				0
			],
			[
				0,
				4,
				5,
				4,
				4
			],
			[
				1,
				5,
				6,
				9,
				4
			],
			[
				0,
				4,
				9,
				4,
				8
			],
			[
				0,
				4,
				4,
				8,
				12
			]
		],
		[
			[
				0,
				0,
				0,
				1,
				0
			],
			[
				0,
				4,
				4,
				5,
				5
			],
			[
				0,
				4,
				9,
				4,
				8
			],
			[
				1,
				5,
				4,
				11,
				7
			],
			[
				0,
				5,
				8,
				7,
				11
			]
		],
		[
			[
				0,
				0,
				0,
				0,
				1
			],
			[
				0,
				3,
				4,
				5,
				8
			],
			[
				0,
				4,
				4,
				8,
				12
			],
			[
				0,
				5,
				8,
				7,
				11
			],
			[
				1,
				8,
				12,
				11,
				7
			]
		]
	],
	"texnames":[
		"\\text{FR}^{5,12,0}_{297}"
	],
	"barcode":[
		1,
		3,
		4,
		5,
		7,
		8,
		5,
		2,
		8,
		7,
		0,
		6,
		3,
		2,
		5,
		1,
		9,
		2,
		9,
		5,
		4,
		0,
		9,
		2,
		4,
		6,
		7,
		7,
		1,
		2,
		3,
		4,
		6,
		1,
		8,
		4,
		4,
		5,
		2,
		9,
		5,
		2,
		3,
		9,
		4,
		3,
		4,
		4,
		7,
		7,
		0,
		6,
		6,
		6,
		7,
		8,
		8,
		7,
		9,
		6,
		0,
		6,
		6,
		9,
		3,
		1,
		9,
		6,
		3,
		4,
		9,
		1,
		7,
		1,
		2,
		1,
		2,
		7,
		8,
		6,
		7,
		4,
		3,
		1,
		5,
		2,
		0,
		4,
		8,
		6,
		4,
		3,
		6,
		0,
		8,
		4,
		8,
		8,
		8,
		6,
		0,
		4,
		2,
		9,
		5,
		5,
		6,
		9,
		8,
		2,
		1,
		2,
		7,
		8,
		5,
		5,
		1,
		4,
		7,
		6,
		2,
		7,
		3,
		9,
		6,
		0,
		5,
		9,
		9,
		2,
		3,
		1,
		8,
		9,
		4,
		0,
		7,
		4,
		3
	],
	"formal_code":[
		5,
		12,
		0,
		297
	],
	"tensor_product_decompositions":{
		"identifiers":[
			"formal_code"
		],
		"value":[]
	},
	"sub_fusion_rings":{
		"identifiers":[
			"injection",
			"formal_code"
		],
		"value":[]
	},
	"numeric_characters":[
		[
			[
				1.0,
				0
			],
			[
				1.7160791764931275e1,
				0
			],
			[
				2.4296893228410497e1,
				0
			],
			[
				2.6185482066383337e1,
				0
			],
			[
				3.0521090940052602e1,
				0
			]
		],
		[
			[
				1.0,
				0
			],
			[
				2.7895128735226717,
				0
			],
			[
				5.797765553356797,
				0
			],
			[
				1.5707730672112188,
				0
			],
			[
				-7.564257470241116,
				0
			]
		],
		[
			[
				1.0,
				0
			],
			[
				0.8205787690039611,
				0
			],
			[
				-5.003863533146915,
				0
			],
			[
				6.465599840158799,
				0
			],
			[
				-2.0578652373024924,
				0
			]
		],
		[
			[
				1.0,
				0
			],
			[
				-3.0,
				0
			],
			[
				1.0,
				0
			],
			[
				1.0,
				0
			],
			[
				0.0,
				0
			]
		],
		[
			[
				1.0,
				0
			],
			[
				0.22911659254209008,
				0
			],
			[
				-9.079524862037681e-2,
				0
			],
			[
				-0.22185497375335292,
				0
			],
			[
				0.10103176749100569,
				0
			]
		]
	],
	"numeric_frobenius_perron_dimensions":[
		1.0,
		1.7160791764931275e1,
		2.4296893228410497e1,
		2.6185482066383337e1,
		3.0521090940052602e1
	],
	"numeric_frobenius_perron_dimension":2.5030482577719577e3,
	"info":"Fusion ring. mult_tab provides structure constants. barcode and formal_code provide unique identifiers see (DOI: 10.1063\/5.0148848). sub_fusion_rings provides tuples where the first element corresponds to the elements of the ring that form the subring isomorphic to the ring identified by the second element of the tuple. software provides doi of original software used to represent fusion ring.",
	"comments":[
		""
	]
}