{
	"references":[
		""
	],
	"software":[
		"https:\/\/doi.org\/10.5281\/zenodo.15920400"
	],
	"mult_tab":[
		[
			[
				1,
				0,
				0,
				0
			],
			[
				0,
				1,
				0,
				0
			],
			[
				0,
				0,
				1,
				0
			],
			[
				0,
				0,
				0,
				1
			]
		],
		[
			[
				0,
				1,
				0,
				0
			],
			[
				1,
				8,
				2,
				3
			],
			[
				0,
				2,
				6,
				7
			],
			[
				0,
				3,
				7,
				7
			]
		],
		[
			[
				0,
				0,
				1,
				0
			],
			[
				0,
				2,
				6,
				7
			],
			[
				1,
				6,
				5,
				10
			],
			[
				0,
				7,
				10,
				7
			]
		],
		[
			[
				0,
				0,
				0,
				1
			],
			[
				0,
				3,
				7,
				7
			],
			[
				0,
				7,
				10,
				7
			],
			[
				1,
				7,
				7,
				12
			]
		]
	],
	"texnames":[
		"\\text{FR}^{4,12,0}_{138}"
	],
	"barcode":[
		1,
		5,
		0,
		8,
		1,
		0,
		7,
		7,
		2,
		6,
		6,
		2,
		4,
		5,
		8,
		8,
		4,
		6,
		8,
		3,
		8,
		7,
		2,
		9,
		7,
		5,
		3,
		9,
		1,
		9,
		9,
		2,
		1,
		1,
		7,
		5,
		7,
		2,
		7,
		7,
		4,
		7,
		7,
		5,
		8,
		8,
		7,
		5,
		6,
		7,
		1,
		5,
		8,
		1,
		3,
		9,
		8,
		9,
		5,
		4,
		5,
		0,
		3,
		2,
		7,
		2,
		1,
		6,
		7,
		2,
		2
	],
	"formal_code":[
		4,
		12,
		0,
		138
	],
	"tensor_product_decompositions":{
		"identifiers":[
			"formal_code"
		],
		"value":[]
	},
	"sub_fusion_rings":{
		"identifiers":[
			"injection",
			"formal_code"
		],
		"value":[]
	},
	"numeric_characters":[
		[
			[
				1.0,
				0
			],
			[
				1.5278575895723076e1,
				0
			],
			[
				2.063105921038276e1,
				0
			],
			[
				2.2981385271606698e1,
				0
			]
		],
		[
			[
				1.0,
				0
			],
			[
				6.420241140378448,
				0
			],
			[
				-2.586743880044048,
				0
			],
			[
				-1.9896483541105112,
				0
			]
		],
		[
			[
				1.0,
				0
			],
			[
				-0.5746302677209104,
				0
			],
			[
				-4.200449279156001,
				0
			],
			[
				4.109380214886763,
				0
			]
		],
		[
			[
				1.0,
				0
			],
			[
				-0.12418676838061442,
				0
			],
			[
				0.15613394881729128,
				0
			],
			[
				-0.10111713238294893,
				0
			]
		]
	],
	"numeric_frobenius_perron_dimensions":[
		1.0,
		1.5278575895723078e1,
		2.063105921038276e1,
		2.2981385271606698e1
	],
	"numeric_frobenius_perron_dimension":1.1882195545457107e3,
	"info":"Fusion ring. mult_tab provides structure constants. barcode and formal_code provide unique identifiers see (DOI: 10.1063\/5.0148848). sub_fusion_rings provides tuples where the first element corresponds to the elements of the ring that form the subring isomorphic to the ring identified by the second element of the tuple. software provides doi of original software used to represent fusion ring.",
	"comments":[
		""
	]
}