{
	"references":[
		""
	],
	"software":[
		"https:\/\/doi.org\/10.5281\/zenodo.15920400"
	],
	"mult_tab":[
		[
			[
				1,
				0,
				0,
				0,
				0
			],
			[
				0,
				1,
				0,
				0,
				0
			],
			[
				0,
				0,
				1,
				0,
				0
			],
			[
				0,
				0,
				0,
				1,
				0
			],
			[
				0,
				0,
				0,
				0,
				1
			]
		],
		[
			[
				0,
				1,
				0,
				0,
				0
			],
			[
				1,
				5,
				6,
				5,
				6
			],
			[
				0,
				6,
				4,
				6,
				6
			],
			[
				0,
				5,
				6,
				6,
				6
			],
			[
				0,
				6,
				6,
				6,
				10
			]
		],
		[
			[
				0,
				0,
				1,
				0,
				0
			],
			[
				0,
				6,
				4,
				6,
				6
			],
			[
				1,
				4,
				7,
				5,
				6
			],
			[
				0,
				6,
				5,
				6,
				6
			],
			[
				0,
				6,
				6,
				6,
				10
			]
		],
		[
			[
				0,
				0,
				0,
				1,
				0
			],
			[
				0,
				5,
				6,
				6,
				6
			],
			[
				0,
				6,
				5,
				6,
				6
			],
			[
				1,
				6,
				6,
				6,
				6
			],
			[
				0,
				6,
				6,
				6,
				11
			]
		],
		[
			[
				0,
				0,
				0,
				0,
				1
			],
			[
				0,
				6,
				6,
				6,
				10
			],
			[
				0,
				6,
				6,
				6,
				10
			],
			[
				0,
				6,
				6,
				6,
				11
			],
			[
				1,
				10,
				10,
				11,
				7
			]
		]
	],
	"texnames":[
		"\\text{FR}^{5,11,0}_{34}"
	],
	"barcode":[
		6,
		5,
		8,
		3,
		7,
		7,
		0,
		0,
		7,
		1,
		1,
		6,
		2,
		1,
		8,
		2,
		3,
		4,
		2,
		2,
		0,
		4,
		1,
		2,
		6,
		8,
		4,
		4,
		3,
		7,
		1,
		5,
		3,
		9,
		5,
		9,
		0,
		7,
		9,
		9,
		7,
		9,
		4,
		9,
		5,
		2,
		0,
		4,
		0,
		8,
		0,
		4,
		5,
		7,
		4,
		8,
		4,
		4,
		0,
		5,
		3,
		1,
		5,
		4,
		6,
		8,
		3,
		2,
		5,
		0,
		8,
		2,
		2,
		9,
		0,
		5,
		7,
		6,
		6,
		7,
		8,
		9,
		5,
		5,
		4,
		0,
		4,
		9,
		9,
		1,
		1,
		1,
		0,
		1,
		9,
		2,
		1,
		9,
		9,
		2,
		2,
		1,
		1,
		4,
		7,
		2,
		4,
		4,
		2,
		1,
		3,
		8,
		8,
		2,
		8,
		9,
		6,
		5,
		4,
		9,
		5,
		2,
		3,
		5,
		6,
		3,
		4,
		1,
		5,
		1,
		2,
		5,
		4,
		3
	],
	"formal_code":[
		5,
		11,
		0,
		34
	],
	"tensor_product_decompositions":{
		"identifiers":[
			"formal_code"
		],
		"value":[]
	},
	"sub_fusion_rings":{
		"identifiers":[
			"injection",
			"formal_code"
		],
		"value":[]
	},
	"numeric_characters":[
		[
			[
				1.0,
				0
			],
			[
				2.404544657441681e1,
				0
			],
			[
				2.404544657441681e1,
				0
			],
			[
				2.504544657441681e1,
				0
			],
			[
				3.124272596207736e1,
				0
			]
		],
		[
			[
				1.0,
				0
			],
			[
				2.374838784782923,
				0
			],
			[
				2.374838784782923,
				0
			],
			[
				3.374838784782923,
				0
			],
			[
				-6.392926883802923,
				0
			]
		],
		[
			[
				1.0,
				0
			],
			[
				1.0,
				0
			],
			[
				0.0,
				0
			],
			[
				-1.0,
				0
			],
			[
				0.0,
				0
			]
		],
		[
			[
				1.0,
				0
			],
			[
				-0.42028535919973364,
				0
			],
			[
				-0.42028535919973364,
				0
			],
			[
				0.5797146408002664,
				0
			],
			[
				0.15020092172556454,
				0
			]
		],
		[
			[
				1.0,
				0
			],
			[
				-2.0,
				0
			],
			[
				3.0,
				0
			],
			[
				-1.0,
				0
			],
			[
				0.0,
				0
			]
		]
	],
	"numeric_frobenius_perron_dimensions":[
		1.0,
		2.404544657441681e1,
		2.404544657441681e1,
		2.504544657441681e1,
		3.124272596207736e1
	],
	"numeric_frobenius_perron_dimension":2.760749321579696e3,
	"info":"Fusion ring. mult_tab provides structure constants. barcode and formal_code provide unique identifiers see (DOI: 10.1063\/5.0148848). sub_fusion_rings provides tuples where the first element corresponds to the elements of the ring that form the subring isomorphic to the ring identified by the second element of the tuple. software provides doi of original software used to represent fusion ring.",
	"comments":[
		""
	]
}