{
	"references":[
		""
	],
	"software":[
		"https:\/\/doi.org\/10.5281\/zenodo.15920400"
	],
	"mult_tab":[
		[
			[
				1,
				0,
				0,
				0,
				0
			],
			[
				0,
				1,
				0,
				0,
				0
			],
			[
				0,
				0,
				1,
				0,
				0
			],
			[
				0,
				0,
				0,
				1,
				0
			],
			[
				0,
				0,
				0,
				0,
				1
			]
		],
		[
			[
				0,
				1,
				0,
				0,
				0
			],
			[
				1,
				0,
				10,
				2,
				1
			],
			[
				0,
				10,
				1,
				5,
				3
			],
			[
				0,
				2,
				5,
				7,
				4
			],
			[
				0,
				1,
				3,
				4,
				10
			]
		],
		[
			[
				0,
				0,
				1,
				0,
				0
			],
			[
				0,
				10,
				1,
				5,
				3
			],
			[
				1,
				1,
				12,
				5,
				4
			],
			[
				0,
				5,
				5,
				8,
				6
			],
			[
				0,
				3,
				4,
				6,
				11
			]
		],
		[
			[
				0,
				0,
				0,
				1,
				0
			],
			[
				0,
				2,
				5,
				7,
				4
			],
			[
				0,
				5,
				5,
				8,
				6
			],
			[
				1,
				7,
				8,
				2,
				9
			],
			[
				0,
				4,
				6,
				9,
				7
			]
		],
		[
			[
				0,
				0,
				0,
				0,
				1
			],
			[
				0,
				1,
				3,
				4,
				10
			],
			[
				0,
				3,
				4,
				6,
				11
			],
			[
				0,
				4,
				6,
				9,
				7
			],
			[
				1,
				10,
				11,
				7,
				1
			]
		]
	],
	"texnames":[
		"\\text{FR}^{5,12,0}_{1699}"
	],
	"barcode":[
		1,
		3,
		4,
		5,
		7,
		8,
		5,
		2,
		8,
		7,
		0,
		6,
		3,
		2,
		5,
		1,
		9,
		2,
		9,
		5,
		4,
		0,
		9,
		2,
		4,
		6,
		7,
		7,
		1,
		2,
		3,
		4,
		6,
		1,
		8,
		7,
		4,
		4,
		3,
		7,
		6,
		6,
		4,
		4,
		1,
		1,
		8,
		9,
		5,
		6,
		6,
		7,
		0,
		6,
		6,
		4,
		0,
		7,
		0,
		4,
		3,
		5,
		3,
		3,
		5,
		7,
		8,
		1,
		6,
		7,
		9,
		4,
		2,
		4,
		4,
		2,
		5,
		4,
		4,
		5,
		2,
		2,
		3,
		3,
		2,
		0,
		0,
		1,
		2,
		1,
		9,
		7,
		0,
		6,
		8,
		8,
		8,
		6,
		4,
		5,
		7,
		1,
		7,
		9,
		3,
		1,
		1,
		2,
		6,
		4,
		7,
		3,
		1,
		4,
		4,
		2,
		4,
		9,
		3,
		6,
		3,
		2,
		6,
		1,
		3,
		5,
		2,
		0,
		9,
		5,
		3,
		3,
		6,
		8,
		2,
		9,
		1,
		9,
		7
	],
	"formal_code":[
		5,
		12,
		0,
		1699
	],
	"tensor_product_decompositions":{
		"identifiers":[
			"formal_code"
		],
		"value":[]
	},
	"sub_fusion_rings":{
		"identifiers":[
			"injection",
			"formal_code"
		],
		"value":[]
	},
	"numeric_characters":[
		[
			[
				1.0,
				0
			],
			[
				1.72893172893178e1,
				0
			],
			[
				2.2526028188713475e1,
				0
			],
			[
				2.394018378981326e1,
				0
			],
			[
				2.477984286394208e1,
				0
			]
		],
		[
			[
				1.0,
				0
			],
			[
				3.1202341437072403,
				0
			],
			[
				2.0069100956899466,
				0
			],
			[
				-7.052497407189228,
				0
			],
			[
				2.771754969035442,
				0
			]
		],
		[
			[
				1.0,
				0
			],
			[
				7.4880050775812785,
				0
			],
			[
				6.561944739623977,
				0
			],
			[
				0.6584379232544003,
				0
			],
			[
				-1.1866103200865556e1,
				0
			]
		],
		[
			[
				1.0,
				0
			],
			[
				-9.862667452035947,
				0
			],
			[
				1.002382933410439e1,
				0
			],
			[
				-1.6394020828045077,
				0
			],
			[
				-0.6872799059856346,
				0
			]
		],
		[
			[
				1.0,
				0
			],
			[
				-3.4889058570370474e-2,
				0
			],
			[
				-0.11871235813178915,
				0
			],
			[
				9.327777692607422e-2,
				0
			],
			[
				1.7852738736698402e-3,
				0
			]
		]
	],
	"numeric_frobenius_perron_dimensions":[
		1.0,
		1.72893172893178e1,
		2.2526028188713475e1,
		2.394018378981326e1,
		2.477984286394208e1
	],
	"numeric_frobenius_perron_dimension":1.9945154505411163e3,
	"info":"Fusion ring. mult_tab provides structure constants. barcode and formal_code provide unique identifiers see (DOI: 10.1063\/5.0148848). sub_fusion_rings provides tuples where the first element corresponds to the elements of the ring that form the subring isomorphic to the ring identified by the second element of the tuple. software provides doi of original software used to represent fusion ring.",
	"comments":[
		""
	]
}