{
	"references":[
		""
	],
	"software":[
		"https:\/\/doi.org\/10.5281\/zenodo.15920400"
	],
	"mult_tab":[
		[
			[
				1,
				0,
				0,
				0,
				0
			],
			[
				0,
				1,
				0,
				0,
				0
			],
			[
				0,
				0,
				1,
				0,
				0
			],
			[
				0,
				0,
				0,
				1,
				0
			],
			[
				0,
				0,
				0,
				0,
				1
			]
		],
		[
			[
				0,
				1,
				0,
				0,
				0
			],
			[
				1,
				3,
				2,
				3,
				3
			],
			[
				0,
				2,
				3,
				4,
				5
			],
			[
				0,
				3,
				4,
				7,
				6
			],
			[
				0,
				3,
				5,
				6,
				7
			]
		],
		[
			[
				0,
				0,
				1,
				0,
				0
			],
			[
				0,
				2,
				3,
				4,
				5
			],
			[
				1,
				3,
				13,
				5,
				1
			],
			[
				0,
				4,
				5,
				11,
				7
			],
			[
				0,
				5,
				1,
				7,
				14
			]
		],
		[
			[
				0,
				0,
				0,
				1,
				0
			],
			[
				0,
				3,
				4,
				7,
				6
			],
			[
				0,
				4,
				5,
				11,
				7
			],
			[
				1,
				7,
				11,
				6,
				16
			],
			[
				0,
				6,
				7,
				16,
				11
			]
		],
		[
			[
				0,
				0,
				0,
				0,
				1
			],
			[
				0,
				3,
				5,
				6,
				7
			],
			[
				0,
				5,
				1,
				7,
				14
			],
			[
				0,
				6,
				7,
				16,
				11
			],
			[
				1,
				7,
				14,
				11,
				12
			]
		]
	],
	"texnames":[
		"\\text{FR}^{5,16,0}_{381}"
	],
	"barcode":[
		3,
		7,
		6,
		4,
		1,
		4,
		4,
		3,
		4,
		3,
		0,
		6,
		5,
		8,
		9,
		6,
		9,
		9,
		4,
		3,
		9,
		0,
		0,
		0,
		5,
		8,
		2,
		8,
		2,
		6,
		5,
		5,
		9,
		0,
		2,
		3,
		0,
		5,
		1,
		5,
		6,
		2,
		8,
		4,
		2,
		2,
		8,
		0,
		0,
		2,
		6,
		2,
		6,
		2,
		3,
		6,
		5,
		7,
		8,
		7,
		6,
		3,
		4,
		2,
		8,
		5,
		5,
		7,
		9,
		9,
		9,
		4,
		8,
		7,
		5,
		7,
		5,
		4,
		7,
		7,
		9,
		5,
		3,
		7,
		0,
		1,
		1,
		9,
		6,
		7,
		1,
		2,
		7,
		8,
		5,
		3,
		6,
		7,
		9,
		9,
		9,
		0,
		7,
		4,
		1,
		1,
		1,
		2,
		4,
		6,
		4,
		2,
		9,
		0,
		1,
		8,
		5,
		9,
		5,
		4,
		1,
		4,
		5,
		6,
		1,
		8,
		3,
		5,
		1,
		7,
		8,
		4,
		8,
		8,
		5,
		9,
		6,
		8,
		2,
		7,
		9,
		7,
		7,
		6,
		7,
		2,
		2,
		9,
		2,
		2,
		5,
		8,
		8
	],
	"formal_code":[
		5,
		16,
		0,
		381
	],
	"tensor_product_decompositions":{
		"identifiers":[
			"formal_code"
		],
		"value":[]
	},
	"sub_fusion_rings":{
		"identifiers":[
			"injection",
			"formal_code"
		],
		"value":[]
	},
	"numeric_characters":[
		[
			[
				1.0,
				0
			],
			[
				1.7610398955855594e1,
				0
			],
			[
				2.387122480287777e1,
				0
			],
			[
				3.40401881618808e1,
				0
			],
			[
				3.547731347514503e1,
				0
			]
		],
		[
			[
				1.0,
				0
			],
			[
				-0.38584597542362686,
				0
			],
			[
				1.2455114910488035e1,
				0
			],
			[
				0.39305077900983365,
				0
			],
			[
				-8.594322371661361,
				0
			]
		],
		[
			[
				1.0,
				0
			],
			[
				1.2743812308135167,
				0
			],
			[
				4.106366686959815,
				0
			],
			[
				-9.384930018377004,
				0
			],
			[
				5.580986836740202,
				0
			]
		],
		[
			[
				1.0,
				0
			],
			[
				-0.46895977192196725,
				0
			],
			[
				-1.776544273921589e-2,
				0
			],
			[
				0.10434196483907074,
				0
			],
			[
				0.11643585813607493,
				0
			]
		],
		[
			[
				1.0,
				0
			],
			[
				1.9700255606764825,
				0
			],
			[
				-0.4149409575864047,
				0
			],
			[
				-0.15265088735270355,
				0
			],
			[
				-0.580413798359946,
				0
			]
		]
	],
	"numeric_frobenius_perron_dimensions":[
		1.0,
		1.7610398955855594e1,
		2.3871224802877776e1,
		3.40401881618808e1,
		3.547731347514503e1
	],
	"numeric_frobenius_perron_dimension":3.298335706483884e3,
	"info":"Fusion ring. mult_tab provides structure constants. barcode and formal_code provide unique identifiers see (DOI: 10.1063\/5.0148848). sub_fusion_rings provides tuples where the first element corresponds to the elements of the ring that form the subring isomorphic to the ring identified by the second element of the tuple. software provides doi of original software used to represent fusion ring.",
	"comments":[
		""
	]
}