{
	"references":[
		""
	],
	"software":[
		"https:\/\/doi.org\/10.5281\/zenodo.15920400"
	],
	"mult_tab":[
		[
			[
				1,
				0,
				0,
				0,
				0
			],
			[
				0,
				1,
				0,
				0,
				0
			],
			[
				0,
				0,
				1,
				0,
				0
			],
			[
				0,
				0,
				0,
				1,
				0
			],
			[
				0,
				0,
				0,
				0,
				1
			]
		],
		[
			[
				0,
				1,
				0,
				0,
				0
			],
			[
				1,
				4,
				2,
				4,
				4
			],
			[
				0,
				2,
				3,
				6,
				4
			],
			[
				0,
				4,
				6,
				3,
				6
			],
			[
				0,
				4,
				4,
				6,
				9
			]
		],
		[
			[
				0,
				0,
				1,
				0,
				0
			],
			[
				0,
				2,
				3,
				6,
				4
			],
			[
				1,
				3,
				2,
				10,
				2
			],
			[
				0,
				6,
				10,
				0,
				6
			],
			[
				0,
				4,
				2,
				6,
				12
			]
		],
		[
			[
				0,
				0,
				0,
				1,
				0
			],
			[
				0,
				4,
				6,
				3,
				6
			],
			[
				0,
				6,
				10,
				0,
				6
			],
			[
				1,
				3,
				0,
				15,
				6
			],
			[
				0,
				6,
				6,
				6,
				13
			]
		],
		[
			[
				0,
				0,
				0,
				0,
				1
			],
			[
				0,
				4,
				4,
				6,
				9
			],
			[
				0,
				4,
				2,
				6,
				12
			],
			[
				0,
				6,
				6,
				6,
				13
			],
			[
				1,
				9,
				12,
				13,
				9
			]
		]
	],
	"texnames":[
		"\\text{FR}^{5,15,0}_{85}"
	],
	"barcode":[
		2,
		0,
		4,
		5,
		8,
		6,
		9,
		2,
		5,
		1,
		8,
		7,
		8,
		3,
		9,
		8,
		6,
		8,
		3,
		8,
		6,
		4,
		3,
		6,
		6,
		2,
		8,
		4,
		5,
		9,
		5,
		4,
		2,
		6,
		5,
		0,
		0,
		4,
		2,
		6,
		8,
		6,
		6,
		9,
		3,
		1,
		7,
		8,
		3,
		7,
		3,
		8,
		2,
		2,
		6,
		7,
		4,
		5,
		2,
		3,
		0,
		4,
		3,
		9,
		2,
		6,
		5,
		8,
		3,
		8,
		9,
		3,
		6,
		6,
		2,
		7,
		0,
		0,
		8,
		8,
		3,
		1,
		5,
		7,
		3,
		4,
		4,
		4,
		9,
		9,
		4,
		8,
		5,
		9,
		9,
		3,
		8,
		0,
		8,
		0,
		3,
		3,
		6,
		5,
		7,
		3,
		2,
		9,
		2,
		1,
		0,
		9,
		4,
		9,
		1,
		5,
		7,
		4,
		4,
		5,
		8,
		8,
		0,
		6,
		8,
		3,
		0,
		2,
		3,
		0,
		1,
		2,
		5,
		9,
		4,
		4,
		4,
		0,
		8,
		8,
		6,
		0,
		6,
		9,
		3,
		3,
		8,
		6,
		7,
		4
	],
	"formal_code":[
		5,
		15,
		0,
		85
	],
	"tensor_product_decompositions":{
		"identifiers":[
			"formal_code"
		],
		"value":[]
	},
	"sub_fusion_rings":{
		"identifiers":[
			"injection",
			"formal_code"
		],
		"value":[]
	},
	"numeric_characters":[
		[
			[
				1.0,
				0
			],
			[
				1.8532455790829513e1,
				0
			],
			[
				2.0265456487048183e1,
				0
			],
			[
				2.495810694138005e1,
				0
			],
			[
				3.198968843402894e1,
				0
			]
		],
		[
			[
				1.0,
				0
			],
			[
				2.1178626336373663,
				0
			],
			[
				6.653155415776528,
				0
			],
			[
				4.093848483697994,
				0
			],
			[
				-8.666953291484274,
				0
			]
		],
		[
			[
				1.0,
				0
			],
			[
				2.1976460689389463,
				0
			],
			[
				-1.0743126697796959,
				0
			],
			[
				-0.3605012261089344,
				0
			],
			[
				-0.342576446859463,
				0
			]
		],
		[
			[
				1.0,
				0
			],
			[
				-3.477957248177109,
				0
			],
			[
				-9.993517034574847,
				0
			],
			[
				1.3349220461626967e1,
				0
			],
			[
				-2.1004580411255125,
				0
			]
		],
		[
			[
				1.0,
				0
			],
			[
				-0.37000724522871675,
				0
			],
			[
				0.14921780152983188,
				0
			],
			[
				-4.067466059607384e-2,
				0
			],
			[
				0.12029934544031061,
				0
			]
		]
	],
	"numeric_frobenius_perron_dimensions":[
		1.0,
		1.8532455790829513e1,
		2.0265456487048183e1,
		2.495810694138005e1,
		3.198968843402894e1
	],
	"numeric_frobenius_perron_dimension":2.401387912471101e3,
	"info":"Fusion ring. mult_tab provides structure constants. barcode and formal_code provide unique identifiers see (DOI: 10.1063\/5.0148848). sub_fusion_rings provides tuples where the first element corresponds to the elements of the ring that form the subring isomorphic to the ring identified by the second element of the tuple. software provides doi of original software used to represent fusion ring.",
	"comments":[
		""
	]
}