{
	"references":[
		""
	],
	"software":[
		"https:\/\/doi.org\/10.5281\/zenodo.15920400"
	],
	"mult_tab":[
		[
			[
				1,
				0,
				0,
				0,
				0
			],
			[
				0,
				1,
				0,
				0,
				0
			],
			[
				0,
				0,
				1,
				0,
				0
			],
			[
				0,
				0,
				0,
				1,
				0
			],
			[
				0,
				0,
				0,
				0,
				1
			]
		],
		[
			[
				0,
				1,
				0,
				0,
				0
			],
			[
				1,
				0,
				5,
				1,
				4
			],
			[
				0,
				5,
				2,
				4,
				2
			],
			[
				0,
				1,
				4,
				4,
				4
			],
			[
				0,
				4,
				2,
				4,
				6
			]
		],
		[
			[
				0,
				0,
				1,
				0,
				0
			],
			[
				0,
				5,
				2,
				4,
				2
			],
			[
				1,
				2,
				8,
				4,
				1
			],
			[
				0,
				4,
				4,
				5,
				3
			],
			[
				0,
				2,
				1,
				3,
				11
			]
		],
		[
			[
				0,
				0,
				0,
				1,
				0
			],
			[
				0,
				1,
				4,
				4,
				4
			],
			[
				0,
				4,
				4,
				5,
				3
			],
			[
				1,
				4,
				5,
				3,
				5
			],
			[
				0,
				4,
				3,
				5,
				8
			]
		],
		[
			[
				0,
				0,
				0,
				0,
				1
			],
			[
				0,
				4,
				2,
				4,
				6
			],
			[
				0,
				2,
				1,
				3,
				11
			],
			[
				0,
				4,
				3,
				5,
				8
			],
			[
				1,
				6,
				11,
				8,
				2
			]
		]
	],
	"texnames":[
		"\\text{FR}^{5,11,0}_{918}"
	],
	"barcode":[
		6,
		5,
		8,
		3,
		7,
		7,
		0,
		0,
		7,
		1,
		1,
		6,
		2,
		1,
		8,
		2,
		3,
		4,
		2,
		2,
		0,
		4,
		1,
		2,
		6,
		8,
		4,
		4,
		3,
		7,
		1,
		5,
		4,
		3,
		7,
		4,
		2,
		5,
		5,
		6,
		4,
		6,
		6,
		5,
		8,
		9,
		8,
		9,
		1,
		1,
		3,
		0,
		9,
		3,
		2,
		8,
		3,
		7,
		6,
		4,
		4,
		2,
		3,
		1,
		6,
		8,
		2,
		4,
		6,
		8,
		4,
		0,
		0,
		5,
		3,
		3,
		9,
		2,
		6,
		7,
		5,
		1,
		6,
		8,
		7,
		9,
		6,
		3,
		8,
		0,
		0,
		9,
		7,
		4,
		5,
		2,
		4,
		2,
		3,
		1,
		3,
		0,
		7,
		9,
		4,
		3,
		4,
		3,
		7,
		7,
		3,
		1,
		2,
		4,
		1,
		8,
		9,
		9,
		8,
		1,
		7,
		4,
		5,
		2,
		6,
		7,
		2,
		3,
		7,
		2,
		0,
		0,
		6,
		4
	],
	"formal_code":[
		5,
		11,
		0,
		918
	],
	"tensor_product_decompositions":{
		"identifiers":[
			"formal_code"
		],
		"value":[]
	},
	"sub_fusion_rings":{
		"identifiers":[
			"injection",
			"formal_code"
		],
		"value":[]
	},
	"numeric_characters":[
		[
			[
				1.0,
				0
			],
			[
				1.3346710604534389e1,
				0
			],
			[
				1.5490704594128049e1,
				0
			],
			[
				1.6912688163415755e1,
				0
			],
			[
				2.069211820678367e1,
				0
			]
		],
		[
			[
				1.0,
				0
			],
			[
				2.313803511468091,
				0
			],
			[
				8.860597720327993,
				0
			],
			[
				3.1960343077095943,
				0
			],
			[
				-1.0786334054916873e1,
				0
			]
		],
		[
			[
				1.0,
				0
			],
			[
				-5.252051450527213,
				0
			],
			[
				4.253307629247054,
				0
			],
			[
				-2.0696290445595316,
				0
			],
			[
				1.8467838343273146,
				0
			]
		],
		[
			[
				1.0,
				0
			],
			[
				1.707110909932265,
				0
			],
			[
				0.6214206343242321,
				0
			],
			[
				-2.320321176397762,
				0
			],
			[
				0.2818614158965918,
				0
			]
		],
		[
			[
				1.0,
				0
			],
			[
				-0.11557357540753117,
				0
			],
			[
				-0.22603057802732965,
				0
			],
			[
				0.28122774983194293,
				0
			],
			[
				-3.4429402090703616e-2,
				0
			]
		]
	],
	"numeric_frobenius_perron_dimensions":[
		1.0,
		1.3346710604534389e1,
		1.5490704594128047e1,
		1.6912688163415755e1,
		2.069211820678367e1
	],
	"numeric_frobenius_perron_dimension":1.1332993895801822e3,
	"info":"Fusion ring. mult_tab provides structure constants. barcode and formal_code provide unique identifiers see (DOI: 10.1063\/5.0148848). sub_fusion_rings provides tuples where the first element corresponds to the elements of the ring that form the subring isomorphic to the ring identified by the second element of the tuple. software provides doi of original software used to represent fusion ring.",
	"comments":[
		""
	]
}