{
	"references":[
		""
	],
	"software":[
		"https:\/\/doi.org\/10.5281\/zenodo.15920400"
	],
	"mult_tab":[
		[
			[
				1,
				0,
				0,
				0,
				0
			],
			[
				0,
				1,
				0,
				0,
				0
			],
			[
				0,
				0,
				1,
				0,
				0
			],
			[
				0,
				0,
				0,
				1,
				0
			],
			[
				0,
				0,
				0,
				0,
				1
			]
		],
		[
			[
				0,
				1,
				0,
				0,
				0
			],
			[
				1,
				2,
				3,
				6,
				4
			],
			[
				0,
				3,
				4,
				4,
				5
			],
			[
				0,
				6,
				4,
				1,
				6
			],
			[
				0,
				4,
				5,
				6,
				7
			]
		],
		[
			[
				0,
				0,
				1,
				0,
				0
			],
			[
				0,
				3,
				4,
				4,
				5
			],
			[
				1,
				4,
				7,
				4,
				3
			],
			[
				0,
				4,
				4,
				4,
				6
			],
			[
				0,
				5,
				3,
				6,
				9
			]
		],
		[
			[
				0,
				0,
				0,
				1,
				0
			],
			[
				0,
				6,
				4,
				1,
				6
			],
			[
				0,
				4,
				4,
				4,
				6
			],
			[
				1,
				1,
				4,
				9,
				5
			],
			[
				0,
				6,
				6,
				5,
				8
			]
		],
		[
			[
				0,
				0,
				0,
				0,
				1
			],
			[
				0,
				4,
				5,
				6,
				7
			],
			[
				0,
				5,
				3,
				6,
				9
			],
			[
				0,
				6,
				6,
				5,
				8
			],
			[
				1,
				7,
				9,
				8,
				9
			]
		]
	],
	"texnames":[
		"\\text{FR}^{5,9,0}_{387}"
	],
	"barcode":[
		1,
		0,
		0,
		0,
		0,
		0,
		1,
		0,
		0,
		0,
		0,
		0,
		1,
		0,
		0,
		0,
		0,
		0,
		1,
		0,
		0,
		0,
		0,
		0,
		1,
		0,
		1,
		0,
		0,
		0,
		1,
		9,
		4,
		5,
		1,
		0,
		4,
		4,
		6,
		4,
		0,
		5,
		6,
		8,
		6,
		0,
		1,
		4,
		6,
		6,
		0,
		0,
		1,
		0,
		0,
		0,
		4,
		4,
		6,
		4,
		1,
		4,
		7,
		3,
		4,
		0,
		6,
		3,
		9,
		5,
		0,
		4,
		4,
		5,
		3,
		0,
		0,
		0,
		1,
		0,
		0,
		5,
		6,
		8,
		6,
		0,
		6,
		3,
		9,
		5,
		1,
		8,
		9,
		9,
		7,
		0,
		6,
		5,
		7,
		4,
		0,
		0,
		0,
		0,
		1,
		0,
		1,
		4,
		6,
		6,
		0,
		4,
		4,
		5,
		3,
		0,
		6,
		5,
		7,
		4,
		1,
		6,
		3,
		4,
		2
	],
	"formal_code":[
		5,
		9,
		0,
		387
	],
	"tensor_product_decompositions":{
		"identifiers":[
			"formal_code"
		],
		"value":[]
	},
	"sub_fusion_rings":{
		"identifiers":[
			"injection",
			"formal_code"
		],
		"value":[]
	},
	"numeric_characters":[
		[
			[
				1.0,
				0
			],
			[
				1.7932881370097935e1,
				0
			],
			[
				1.916159548137228e1,
				0
			],
			[
				2.024843249104151e1,
				0
			],
			[
				2.6436772525860956e1,
				0
			]
		],
		[
			[
				1.0,
				0
			],
			[
				0.3023223161470663,
				0
			],
			[
				5.000454651103209,
				0
			],
			[
				-0.35606449500282816,
				0
			],
			[
				-3.5945557081865664,
				0
			]
		],
		[
			[
				1.0,
				0
			],
			[
				-4.980199981612815,
				0
			],
			[
				-0.5504976510587721,
				0
			],
			[
				6.966764864519558,
				0
			],
			[
				-1.596576103464781,
				0
			]
		],
		[
			[
				1.0,
				0
			],
			[
				1.1600466815031625,
				0
			],
			[
				-0.7172771568245749,
				0
			],
			[
				0.4756898331774097,
				0
			],
			[
				-0.6691731470826398,
				0
			]
		],
		[
			[
				1.0,
				0
			],
			[
				-0.41505038613534945,
				0
			],
			[
				0.10572467540785674,
				0
			],
			[
				-0.33482269373564766,
				0
			],
			[
				0.42353243287302933,
				0
			]
		]
	],
	"numeric_frobenius_perron_dimensions":[
		1.0,
		1.7932881370097935e1,
		1.916159548137228e1,
		2.024843249104151e1,
		2.643677252586096e1
	],
	"numeric_frobenius_perron_dimension":1.7986569355541344e3,
	"info":"Fusion ring. mult_tab provides structure constants. barcode and formal_code provide unique identifiers see (DOI: 10.1063\/5.0148848). sub_fusion_rings provides tuples where the first element corresponds to the elements of the ring that form the subring isomorphic to the ring identified by the second element of the tuple. software provides doi of original software used to represent fusion ring.",
	"comments":[
		""
	]
}