{
	"references":[
		""
	],
	"software":[
		"https:\/\/doi.org\/10.5281\/zenodo.15920400"
	],
	"mult_tab":[
		[
			[
				1,
				0,
				0,
				0,
				0
			],
			[
				0,
				1,
				0,
				0,
				0
			],
			[
				0,
				0,
				1,
				0,
				0
			],
			[
				0,
				0,
				0,
				1,
				0
			],
			[
				0,
				0,
				0,
				0,
				1
			]
		],
		[
			[
				0,
				1,
				0,
				0,
				0
			],
			[
				1,
				2,
				5,
				3,
				1
			],
			[
				0,
				5,
				1,
				4,
				1
			],
			[
				0,
				3,
				4,
				4,
				1
			],
			[
				0,
				1,
				1,
				1,
				11
			]
		],
		[
			[
				0,
				0,
				1,
				0,
				0
			],
			[
				0,
				5,
				1,
				4,
				1
			],
			[
				1,
				1,
				6,
				3,
				1
			],
			[
				0,
				4,
				3,
				4,
				1
			],
			[
				0,
				1,
				1,
				1,
				11
			]
		],
		[
			[
				0,
				0,
				0,
				1,
				0
			],
			[
				0,
				3,
				4,
				4,
				1
			],
			[
				0,
				4,
				3,
				4,
				1
			],
			[
				1,
				4,
				4,
				4,
				1
			],
			[
				0,
				1,
				1,
				1,
				12
			]
		],
		[
			[
				0,
				0,
				0,
				0,
				1
			],
			[
				0,
				1,
				1,
				1,
				11
			],
			[
				0,
				1,
				1,
				1,
				11
			],
			[
				0,
				1,
				1,
				1,
				12
			],
			[
				1,
				11,
				11,
				12,
				10
			]
		]
	],
	"texnames":[
		"\\text{FR}^{5,12,0}_{2976}"
	],
	"barcode":[
		1,
		3,
		4,
		5,
		7,
		8,
		5,
		2,
		8,
		7,
		0,
		6,
		3,
		2,
		5,
		1,
		9,
		2,
		9,
		5,
		4,
		0,
		9,
		2,
		4,
		6,
		7,
		7,
		1,
		2,
		3,
		4,
		6,
		1,
		5,
		6,
		7,
		1,
		7,
		0,
		3,
		8,
		0,
		4,
		7,
		0,
		0,
		5,
		3,
		6,
		1,
		6,
		0,
		7,
		5,
		9,
		6,
		5,
		8,
		7,
		1,
		2,
		1,
		4,
		2,
		1,
		1,
		1,
		0,
		3,
		6,
		0,
		2,
		9,
		9,
		1,
		9,
		4,
		4,
		0,
		0,
		9,
		4,
		8,
		0,
		1,
		2,
		8,
		9,
		3,
		6,
		9,
		3,
		9,
		9,
		9,
		7,
		5,
		4,
		1,
		5,
		8,
		4,
		9,
		4,
		8,
		3,
		1,
		7,
		1,
		0,
		1,
		1,
		3,
		7,
		4,
		8,
		6,
		8,
		5,
		7,
		2,
		6,
		8,
		3,
		9,
		6,
		2,
		8,
		8,
		4,
		4,
		8,
		2,
		8,
		8,
		8,
		0,
		8
	],
	"formal_code":[
		5,
		12,
		0,
		2976
	],
	"tensor_product_decompositions":{
		"identifiers":[
			"formal_code"
		],
		"value":[]
	},
	"sub_fusion_rings":{
		"identifiers":[
			"injection",
			"formal_code"
		],
		"value":[]
	},
	"numeric_characters":[
		[
			[
				1.0,
				0
			],
			[
				1.244825583920683e1,
				0
			],
			[
				1.244825583920683e1,
				0
			],
			[
				1.344825583920683e1,
				0
			],
			[
				2.6476515046278625e1,
				0
			]
		],
		[
			[
				1.0,
				0
			],
			[
				8.938208536821788,
				0
			],
			[
				8.938208536821788,
				0
			],
			[
				9.938208536821788,
				0
			],
			[
				-1.3490513520503988e1,
				0
			]
		],
		[
			[
				1.0,
				0
			],
			[
				-3.79128784747792,
				0
			],
			[
				4.7912878474779195,
				0
			],
			[
				-1.0,
				0
			],
			[
				0.0,
				0
			]
		],
		[
			[
				1.0,
				0
			],
			[
				0.7912878474779199,
				0
			],
			[
				0.20871215252208009,
				0
			],
			[
				-1.0,
				0
			],
			[
				0.0,
				0
			]
		],
		[
			[
				1.0,
				0
			],
			[
				-0.38646437602861744,
				0
			],
			[
				-0.38646437602861744,
				0
			],
			[
				0.6135356239713825,
				0
			],
			[
				1.3998474225363156e-2,
				0
			]
		]
	],
	"numeric_frobenius_perron_dimensions":[
		1.0,
		1.244825583920683e1,
		1.244825583920683e1,
		1.3448255839206828e1,
		2.6476515046278625e1
	],
	"numeric_frobenius_perron_dimension":1.1927795809892727e3,
	"info":"Fusion ring. mult_tab provides structure constants. barcode and formal_code provide unique identifiers see (DOI: 10.1063\/5.0148848). sub_fusion_rings provides tuples where the first element corresponds to the elements of the ring that form the subring isomorphic to the ring identified by the second element of the tuple. software provides doi of original software used to represent fusion ring.",
	"comments":[
		""
	]
}