{
	"references":[
		""
	],
	"software":[
		"https:\/\/doi.org\/10.5281\/zenodo.15920400"
	],
	"mult_tab":[
		[
			[
				1,
				0,
				0,
				0,
				0
			],
			[
				0,
				1,
				0,
				0,
				0
			],
			[
				0,
				0,
				1,
				0,
				0
			],
			[
				0,
				0,
				0,
				1,
				0
			],
			[
				0,
				0,
				0,
				0,
				1
			]
		],
		[
			[
				0,
				1,
				0,
				0,
				0
			],
			[
				1,
				4,
				3,
				2,
				0
			],
			[
				0,
				3,
				3,
				2,
				1
			],
			[
				0,
				2,
				2,
				2,
				4
			],
			[
				0,
				0,
				1,
				4,
				7
			]
		],
		[
			[
				0,
				0,
				1,
				0,
				0
			],
			[
				0,
				3,
				3,
				2,
				1
			],
			[
				1,
				3,
				2,
				2,
				2
			],
			[
				0,
				2,
				2,
				3,
				4
			],
			[
				0,
				1,
				2,
				4,
				7
			]
		],
		[
			[
				0,
				0,
				0,
				1,
				0
			],
			[
				0,
				2,
				2,
				2,
				4
			],
			[
				0,
				2,
				2,
				3,
				4
			],
			[
				1,
				2,
				3,
				5,
				5
			],
			[
				0,
				4,
				4,
				5,
				8
			]
		],
		[
			[
				0,
				0,
				0,
				0,
				1
			],
			[
				0,
				0,
				1,
				4,
				7
			],
			[
				0,
				1,
				2,
				4,
				7
			],
			[
				0,
				4,
				4,
				5,
				8
			],
			[
				1,
				7,
				7,
				8,
				9
			]
		]
	],
	"texnames":[
		"\\text{FR}^{5,9,0}_{488}"
	],
	"barcode":[
		1,
		0,
		0,
		0,
		0,
		0,
		1,
		0,
		0,
		0,
		0,
		0,
		1,
		0,
		0,
		0,
		0,
		0,
		1,
		0,
		0,
		0,
		0,
		0,
		1,
		0,
		1,
		0,
		0,
		0,
		1,
		4,
		2,
		3,
		0,
		0,
		2,
		2,
		2,
		4,
		0,
		3,
		2,
		3,
		1,
		0,
		0,
		4,
		1,
		7,
		0,
		0,
		1,
		0,
		0,
		0,
		2,
		2,
		2,
		4,
		1,
		2,
		5,
		3,
		5,
		0,
		2,
		3,
		2,
		4,
		0,
		4,
		5,
		4,
		8,
		0,
		0,
		0,
		1,
		0,
		0,
		3,
		2,
		3,
		1,
		0,
		2,
		3,
		2,
		4,
		1,
		3,
		2,
		2,
		2,
		0,
		1,
		4,
		2,
		7,
		0,
		0,
		0,
		0,
		1,
		0,
		0,
		4,
		1,
		7,
		0,
		4,
		5,
		4,
		8,
		0,
		1,
		4,
		2,
		7,
		1,
		7,
		8,
		7,
		9
	],
	"formal_code":[
		5,
		9,
		0,
		488
	],
	"tensor_product_decompositions":{
		"identifiers":[
			"formal_code"
		],
		"value":[]
	},
	"sub_fusion_rings":{
		"identifiers":[
			"injection",
			"formal_code"
		],
		"value":[]
	},
	"numeric_characters":[
		[
			[
				1.0,
				0
			],
			[
				1.0385164807134505e1,
				0
			],
			[
				1.1385164807134505e1,
				0
			],
			[
				1.5577747210701755e1,
				0
			],
			[
				2.177032961426901e1,
				0
			]
		],
		[
			[
				1.0,
				0
			],
			[
				6.192582403567252,
				0
			],
			[
				4.192582403567252,
				0
			],
			[
				0.0,
				0
			],
			[
				-5.192582403567252,
				0
			]
		],
		[
			[
				1.0,
				0
			],
			[
				0.8074175964327481,
				0
			],
			[
				-1.1925824035672519,
				0
			],
			[
				0.0,
				0
			],
			[
				0.19258240356725187,
				0
			]
		],
		[
			[
				1.0,
				0
			],
			[
				-0.38516480713450374,
				0
			],
			[
				0.6148351928654963,
				0
			],
			[
				-0.5777472107017552,
				0
			],
			[
				0.22967038573099252,
				0
			]
		],
		[
			[
				1.0,
				0
			],
			[
				-1.0,
				0
			],
			[
				0.0,
				0
			],
			[
				2.0,
				0
			],
			[
				-1.0,
				0
			]
		]
	],
	"numeric_frobenius_perron_dimensions":[
		1.0,
		1.0385164807134505e1,
		1.1385164807134505e1,
		1.5577747210701757e1,
		2.177032961426901e1
	],
	"numeric_frobenius_perron_dimension":9.550870854314037e2,
	"info":"Fusion ring. mult_tab provides structure constants. barcode and formal_code provide unique identifiers see (DOI: 10.1063\/5.0148848). sub_fusion_rings provides tuples where the first element corresponds to the elements of the ring that form the subring isomorphic to the ring identified by the second element of the tuple. software provides doi of original software used to represent fusion ring.",
	"comments":[
		""
	]
}