{
	"references":[
		""
	],
	"software":[
		"https:\/\/doi.org\/10.5281\/zenodo.15920400"
	],
	"mult_tab":[
		[
			[
				1,
				0,
				0,
				0,
				0
			],
			[
				0,
				1,
				0,
				0,
				0
			],
			[
				0,
				0,
				1,
				0,
				0
			],
			[
				0,
				0,
				0,
				1,
				0
			],
			[
				0,
				0,
				0,
				0,
				1
			]
		],
		[
			[
				0,
				1,
				0,
				0,
				0
			],
			[
				1,
				0,
				2,
				1,
				4
			],
			[
				0,
				2,
				1,
				5,
				1
			],
			[
				0,
				1,
				5,
				2,
				3
			],
			[
				0,
				4,
				1,
				3,
				4
			]
		],
		[
			[
				0,
				0,
				1,
				0,
				0
			],
			[
				0,
				2,
				1,
				5,
				1
			],
			[
				1,
				1,
				3,
				0,
				6
			],
			[
				0,
				5,
				0,
				4,
				4
			],
			[
				0,
				1,
				6,
				4,
				3
			]
		],
		[
			[
				0,
				0,
				0,
				1,
				0
			],
			[
				0,
				1,
				5,
				2,
				3
			],
			[
				0,
				5,
				0,
				4,
				4
			],
			[
				1,
				2,
				4,
				2,
				7
			],
			[
				0,
				3,
				4,
				7,
				3
			]
		],
		[
			[
				0,
				0,
				0,
				0,
				1
			],
			[
				0,
				4,
				1,
				3,
				4
			],
			[
				0,
				1,
				6,
				4,
				3
			],
			[
				0,
				3,
				4,
				7,
				3
			],
			[
				1,
				4,
				3,
				3,
				8
			]
		]
	],
	"texnames":[
		"\\text{FR}^{5,8,0}_{523}"
	],
	"barcode":[
		2,
		1,
		1,
		8,
		7,
		1,
		2,
		2,
		9,
		9,
		1,
		3,
		9,
		8,
		3,
		2,
		0,
		3,
		2,
		5,
		8,
		3,
		1,
		9,
		3,
		6,
		7,
		6,
		2,
		1,
		9,
		3,
		6,
		3,
		6,
		1,
		6,
		4,
		5,
		2,
		8,
		4,
		7,
		4,
		3,
		7,
		9,
		1,
		9,
		3,
		7,
		0,
		7,
		3,
		3,
		3,
		8,
		8,
		3,
		2,
		5,
		7,
		8,
		9,
		9,
		3,
		7,
		8,
		0,
		8,
		9,
		2,
		6,
		1,
		4,
		9,
		3,
		9,
		6,
		1,
		1,
		4,
		8,
		6,
		2,
		2,
		2,
		9,
		8,
		3,
		7,
		7,
		7,
		4,
		8,
		3,
		4,
		9,
		8,
		2,
		7,
		9,
		7,
		3,
		5,
		6,
		6,
		6,
		5,
		0,
		1,
		8,
		9,
		8,
		0,
		0,
		3,
		2,
		7
	],
	"formal_code":[
		5,
		8,
		0,
		523
	],
	"tensor_product_decompositions":{
		"identifiers":[
			"formal_code"
		],
		"value":[]
	},
	"sub_fusion_rings":{
		"identifiers":[
			"injection",
			"formal_code"
		],
		"value":[]
	},
	"numeric_characters":[
		[
			[
				1.0,
				0
			],
			[
				1.0088392268507796e1,
				0
			],
			[
				1.1860329629905632e1,
				0
			],
			[
				1.4389640788948112e1,
				0
			],
			[
				1.5666339628632128e1,
				0
			]
		],
		[
			[
				1.0,
				0
			],
			[
				-4.529580357641072,
				0
			],
			[
				5.799817851314844,
				0
			],
			[
				-5.261213427719789,
				0
			],
			[
				3.29466898535448,
				0
			]
		],
		[
			[
				1.0,
				0
			],
			[
				3.024092621292139,
				0
			],
			[
				-4.75211672076115,
				0
			],
			[
				-4.227210955476818,
				0
			],
			[
				5.46914514478817,
				0
			]
		],
		[
			[
				1.0,
				0
			],
			[
				0.28309732776586755,
				0
			],
			[
				0.13751682635097667,
				0
			],
			[
				-7.706493618767639e-2,
				0
			],
			[
				-0.2794561548815255,
				0
			]
		],
		[
			[
				1.0,
				0
			],
			[
				-1.8660018599247317,
				0
			],
			[
				-1.0455475868103028,
				0
			],
			[
				1.1758485304361717,
				0
			],
			[
				0.849302396106748,
				0
			]
		]
	],
	"numeric_frobenius_perron_dimensions":[
		1.0,
		1.0088392268507796e1,
		1.1860329629905632e1,
		1.4389640788948112e1,
		1.5666339628632127e1
	],
	"numeric_frobenius_perron_dimension":6.95939036887914e2,
	"info":"Fusion ring. mult_tab provides structure constants. barcode and formal_code provide unique identifiers see (DOI: 10.1063\/5.0148848). sub_fusion_rings provides tuples where the first element corresponds to the elements of the ring that form the subring isomorphic to the ring identified by the second element of the tuple. software provides doi of original software used to represent fusion ring.",
	"comments":[
		""
	]
}