{
	"references":[
		""
	],
	"software":[
		"https:\/\/doi.org\/10.5281\/zenodo.15920400"
	],
	"mult_tab":[
		[
			[
				1,
				0,
				0,
				0,
				0
			],
			[
				0,
				1,
				0,
				0,
				0
			],
			[
				0,
				0,
				1,
				0,
				0
			],
			[
				0,
				0,
				0,
				1,
				0
			],
			[
				0,
				0,
				0,
				0,
				1
			]
		],
		[
			[
				0,
				1,
				0,
				0,
				0
			],
			[
				1,
				6,
				2,
				1,
				1
			],
			[
				0,
				2,
				6,
				3,
				2
			],
			[
				0,
				1,
				3,
				7,
				2
			],
			[
				0,
				1,
				2,
				2,
				9
			]
		],
		[
			[
				0,
				0,
				1,
				0,
				0
			],
			[
				0,
				2,
				6,
				3,
				2
			],
			[
				1,
				6,
				1,
				9,
				5
			],
			[
				0,
				3,
				9,
				4,
				5
			],
			[
				0,
				2,
				5,
				5,
				11
			]
		],
		[
			[
				0,
				0,
				0,
				1,
				0
			],
			[
				0,
				1,
				3,
				7,
				2
			],
			[
				0,
				3,
				9,
				4,
				5
			],
			[
				1,
				7,
				4,
				6,
				6
			],
			[
				0,
				2,
				5,
				6,
				11
			]
		],
		[
			[
				0,
				0,
				0,
				0,
				1
			],
			[
				0,
				1,
				2,
				2,
				9
			],
			[
				0,
				2,
				5,
				5,
				11
			],
			[
				0,
				2,
				5,
				6,
				11
			],
			[
				1,
				9,
				11,
				11,
				2
			]
		]
	],
	"texnames":[
		"\\text{FR}^{5,11,0}_{1068}"
	],
	"barcode":[
		6,
		5,
		8,
		3,
		7,
		7,
		0,
		0,
		7,
		1,
		1,
		6,
		2,
		1,
		8,
		2,
		3,
		4,
		2,
		2,
		0,
		4,
		1,
		2,
		6,
		8,
		4,
		4,
		3,
		7,
		1,
		5,
		3,
		8,
		5,
		5,
		6,
		8,
		2,
		3,
		4,
		9,
		1,
		2,
		0,
		0,
		2,
		9,
		0,
		3,
		6,
		9,
		1,
		8,
		7,
		0,
		8,
		5,
		2,
		9,
		3,
		7,
		0,
		0,
		6,
		3,
		5,
		0,
		7,
		7,
		4,
		9,
		4,
		9,
		0,
		2,
		6,
		0,
		9,
		6,
		0,
		7,
		0,
		7,
		0,
		8,
		0,
		3,
		9,
		1,
		9,
		4,
		5,
		6,
		6,
		8,
		1,
		3,
		4,
		5,
		8,
		9,
		5,
		6,
		1,
		5,
		8,
		3,
		8,
		1,
		9,
		8,
		7,
		5,
		0,
		9,
		4,
		7,
		4,
		5,
		2,
		1,
		8,
		0,
		3,
		1,
		2,
		1,
		3,
		5,
		4,
		8,
		7,
		0
	],
	"formal_code":[
		5,
		11,
		0,
		1068
	],
	"tensor_product_decompositions":{
		"identifiers":[
			"formal_code"
		],
		"value":[]
	},
	"sub_fusion_rings":{
		"identifiers":[
			"injection",
			"formal_code"
		],
		"value":[]
	},
	"numeric_characters":[
		[
			[
				1.0,
				0
			],
			[
				1.2841781119888347e1,
				0
			],
			[
				2.0347307199967158e1,
				0
			],
			[
				2.1196177577814012e1,
				0
			],
			[
				2.4969863634042394e1,
				0
			]
		],
		[
			[
				1.0,
				0
			],
			[
				3.1423057520120827,
				0
			],
			[
				-7.652536820503199,
				0
			],
			[
				4.933349814319325,
				0
			],
			[
				0.3919747537427975,
				0
			]
		],
		[
			[
				1.0,
				0
			],
			[
				6.72990493290268,
				0
			],
			[
				5.594893808020549,
				0
			],
			[
				5.179124338834205,
				0
			],
			[
				-1.2456721146383558e1,
				0
			]
		],
		[
			[
				1.0,
				0
			],
			[
				5.467186324721795,
				0
			],
			[
				-0.34605402001429997,
				0
			],
			[
				-4.3082231370406525,
				0
			],
			[
				1.0873395379634923,
				0
			]
		],
		[
			[
				1.0,
				0
			],
			[
				-0.1811781295249047,
				0
			],
			[
				5.638983252979266e-2,
				0
			],
			[
				-4.285939268891852e-4,
				0
			],
			[
				7.543220634875265e-3,
				0
			]
		]
	],
	"numeric_frobenius_perron_dimensions":[
		1.0,
		1.2841781119888344e1,
		2.0347307199967158e1,
		2.1196177577814012e1,
		2.4969863634042394e1
	],
	"numeric_frobenius_perron_dimension":1.6526962864338543e3,
	"info":"Fusion ring. mult_tab provides structure constants. barcode and formal_code provide unique identifiers see (DOI: 10.1063\/5.0148848). sub_fusion_rings provides tuples where the first element corresponds to the elements of the ring that form the subring isomorphic to the ring identified by the second element of the tuple. software provides doi of original software used to represent fusion ring.",
	"comments":[
		""
	]
}