{
	"references":[
		""
	],
	"software":[
		"https:\/\/doi.org\/10.5281\/zenodo.15920400"
	],
	"mult_tab":[
		[
			[
				1,
				0,
				0,
				0,
				0
			],
			[
				0,
				1,
				0,
				0,
				0
			],
			[
				0,
				0,
				1,
				0,
				0
			],
			[
				0,
				0,
				0,
				1,
				0
			],
			[
				0,
				0,
				0,
				0,
				1
			]
		],
		[
			[
				0,
				1,
				0,
				0,
				0
			],
			[
				1,
				2,
				1,
				1,
				0
			],
			[
				0,
				1,
				0,
				0,
				3
			],
			[
				0,
				1,
				0,
				3,
				3
			],
			[
				0,
				0,
				3,
				3,
				3
			]
		],
		[
			[
				0,
				0,
				1,
				0,
				0
			],
			[
				0,
				1,
				0,
				0,
				3
			],
			[
				1,
				0,
				8,
				1,
				1
			],
			[
				0,
				0,
				1,
				9,
				2
			],
			[
				0,
				3,
				1,
				2,
				9
			]
		],
		[
			[
				0,
				0,
				0,
				1,
				0
			],
			[
				0,
				1,
				0,
				3,
				3
			],
			[
				0,
				0,
				1,
				9,
				2
			],
			[
				1,
				3,
				9,
				3,
				10
			],
			[
				0,
				3,
				2,
				10,
				11
			]
		],
		[
			[
				0,
				0,
				0,
				0,
				1
			],
			[
				0,
				0,
				3,
				3,
				3
			],
			[
				0,
				3,
				1,
				2,
				9
			],
			[
				0,
				3,
				2,
				10,
				11
			],
			[
				1,
				3,
				9,
				11,
				11
			]
		]
	],
	"texnames":[
		"\\text{FR}^{5,11,0}_{1837}"
	],
	"barcode":[
		6,
		5,
		8,
		3,
		7,
		7,
		0,
		0,
		7,
		1,
		1,
		6,
		2,
		1,
		8,
		2,
		3,
		4,
		2,
		2,
		0,
		4,
		1,
		2,
		6,
		8,
		4,
		4,
		3,
		7,
		1,
		5,
		4,
		3,
		1,
		6,
		2,
		0,
		3,
		2,
		0,
		9,
		5,
		3,
		3,
		7,
		7,
		7,
		5,
		8,
		1,
		9,
		4,
		0,
		8,
		5,
		4,
		1,
		0,
		8,
		2,
		4,
		5,
		2,
		9,
		8,
		1,
		2,
		3,
		9,
		9,
		3,
		7,
		3,
		3,
		7,
		4,
		5,
		1,
		4,
		4,
		9,
		4,
		2,
		5,
		8,
		6,
		8,
		6,
		1,
		9,
		5,
		0,
		8,
		6,
		0,
		9,
		4,
		6,
		7,
		5,
		6,
		4,
		5,
		3,
		9,
		1,
		1,
		0,
		4,
		8,
		9,
		7,
		2,
		0,
		1,
		7,
		8,
		7,
		0,
		0,
		4,
		7,
		5,
		2,
		1,
		1,
		0,
		0,
		9,
		7,
		3,
		5,
		8
	],
	"formal_code":[
		5,
		11,
		0,
		1837
	],
	"tensor_product_decompositions":{
		"identifiers":[
			"formal_code"
		],
		"value":[]
	},
	"sub_fusion_rings":{
		"identifiers":[
			"injection",
			"formal_code"
		],
		"value":[]
	},
	"numeric_characters":[
		[
			[
				1.0,
				0
			],
			[
				6.922469716867015,
				0
			],
			[
				1.1963019864004478e1,
				0
			],
			[
				2.1112627683202383e1,
				0
			],
			[
				2.5297057671327515e1,
				0
			]
		],
		[
			[
				1.0,
				0
			],
			[
				1.645091590071005,
				0
			],
			[
				7.395263061621849,
				0
			],
			[
				-8.97911990204151,
				0
			],
			[
				3.506931159655284,
				0
			]
		],
		[
			[
				1.0,
				0
			],
			[
				2.4670444922959662,
				0
			],
			[
				-4.194545552750542e-2,
				0
			],
			[
				0.19416499790343458,
				0
			],
			[
				-0.8568419324439813,
				0
			]
		],
		[
			[
				1.0,
				0
			],
			[
				-2.67539658624097,
				0
			],
			[
				7.821476074786174,
				0
			],
			[
				3.6870639913656036,
				0
			],
			[
				-6.083384601202461,
				0
			]
		],
		[
			[
				1.0,
				0
			],
			[
				-0.3592092129930161,
				0
			],
			[
				-0.1378135448849957,
				0
			],
			[
				-1.4736770429910083e-2,
				0
			],
			[
				0.13623770266364438,
				0
			]
		]
	],
	"numeric_frobenius_perron_dimensions":[
		1.0,
		6.922469716867015,
		1.1963019864004483e1,
		2.1112627683202383e1,
		2.5297057671327515e1
	],
	"numeric_frobenius_perron_dimension":1.2777186057635006e3,
	"info":"Fusion ring. mult_tab provides structure constants. barcode and formal_code provide unique identifiers see (DOI: 10.1063\/5.0148848). sub_fusion_rings provides tuples where the first element corresponds to the elements of the ring that form the subring isomorphic to the ring identified by the second element of the tuple. software provides doi of original software used to represent fusion ring.",
	"comments":[
		""
	]
}