{
	"references":[
		""
	],
	"software":[
		"https:\/\/doi.org\/10.5281\/zenodo.15920400"
	],
	"mult_tab":[
		[
			[
				1,
				0,
				0,
				0,
				0
			],
			[
				0,
				1,
				0,
				0,
				0
			],
			[
				0,
				0,
				1,
				0,
				0
			],
			[
				0,
				0,
				0,
				1,
				0
			],
			[
				0,
				0,
				0,
				0,
				1
			]
		],
		[
			[
				0,
				1,
				0,
				0,
				0
			],
			[
				1,
				0,
				0,
				1,
				1
			],
			[
				0,
				0,
				0,
				2,
				2
			],
			[
				0,
				1,
				2,
				0,
				2
			],
			[
				0,
				1,
				2,
				2,
				2
			]
		],
		[
			[
				0,
				0,
				1,
				0,
				0
			],
			[
				0,
				0,
				0,
				2,
				2
			],
			[
				1,
				0,
				1,
				4,
				3
			],
			[
				0,
				2,
				4,
				1,
				3
			],
			[
				0,
				2,
				3,
				3,
				5
			]
		],
		[
			[
				0,
				0,
				0,
				1,
				0
			],
			[
				0,
				1,
				2,
				0,
				2
			],
			[
				0,
				2,
				4,
				1,
				3
			],
			[
				1,
				0,
				1,
				4,
				4
			],
			[
				0,
				2,
				3,
				4,
				5
			]
		],
		[
			[
				0,
				0,
				0,
				0,
				1
			],
			[
				0,
				1,
				2,
				2,
				2
			],
			[
				0,
				2,
				3,
				3,
				5
			],
			[
				0,
				2,
				3,
				4,
				5
			],
			[
				1,
				2,
				5,
				5,
				7
			]
		]
	],
	"texnames":[
		"\\text{FR}^{5,7,0}_{273}"
	],
	"barcode":[
		9,
		6,
		1,
		9,
		6,
		6,
		7,
		1,
		1,
		5,
		1,
		5,
		9,
		4,
		6,
		1,
		3,
		2,
		2,
		9,
		6,
		4,
		4,
		3,
		8,
		9,
		1,
		7,
		7,
		9,
		1,
		2,
		7,
		1,
		0,
		3,
		2,
		8,
		1,
		0,
		2,
		4,
		7,
		3,
		8,
		6,
		6,
		8,
		6,
		7,
		5,
		8,
		0,
		1,
		0,
		7,
		1,
		6,
		5,
		7,
		3,
		4,
		8,
		6,
		4,
		5,
		9,
		2,
		6,
		1,
		4,
		5,
		2,
		8,
		1,
		4,
		0,
		8,
		9,
		8,
		6,
		8,
		0,
		9,
		4,
		9,
		0,
		4,
		4,
		6,
		3,
		0,
		5,
		1,
		7,
		0,
		2,
		9,
		9,
		8,
		4,
		7,
		5,
		5,
		6,
		9,
		3,
		6,
		9,
		6,
		6,
		4
	],
	"formal_code":[
		5,
		7,
		0,
		273
	],
	"tensor_product_decompositions":{
		"identifiers":[
			"formal_code"
		],
		"value":[]
	},
	"sub_fusion_rings":{
		"identifiers":[
			"injection",
			"formal_code"
		],
		"value":[]
	},
	"numeric_characters":[
		[
			[
				1.0,
				0
			],
			[
				5.128481045334572,
				0
			],
			[
				9.866983073037908,
				0
			],
			[
				1.058641839351071e1,
				0
			],
			[
				1.4714899438845283e1,
				0
			]
		],
		[
			[
				1.0,
				0
			],
			[
				0.915715770091691,
				0
			],
			[
				-0.3526522829004328,
				0
			],
			[
				-3.859019924853617e-2,
				0
			],
			[
				-0.1228744291568452,
				0
			]
		],
		[
			[
				1.0,
				0
			],
			[
				-0.7389701709205596,
				0
			],
			[
				1.228528848259658,
				0
			],
			[
				0.6425235422154604,
				0
			],
			[
				-1.0964466287050993,
				0
			]
		],
		[
			[
				1.0,
				0
			],
			[
				-2.305226644505704,
				0
			],
			[
				-3.742859638397133,
				0
			],
			[
				3.809648263522366,
				0
			],
			[
				0.5044216190166619,
				0
			]
		],
		[
			[
				1.0,
				0
			],
			[
				-1.0,
				0
			],
			[
				0.0,
				0
			],
			[
				-1.0,
				0
			],
			[
				1.0,
				0
			]
		]
	],
	"numeric_frobenius_perron_dimensions":[
		1.0,
		5.128481045334572,
		9.866983073037908,
		1.058641839351071e1,
		1.4714899438845283e1
	],
	"numeric_frobenius_perron_dimension":4.532591926937637e2,
	"info":"Fusion ring. mult_tab provides structure constants. barcode and formal_code provide unique identifiers see (DOI: 10.1063\/5.0148848). sub_fusion_rings provides tuples where the first element corresponds to the elements of the ring that form the subring isomorphic to the ring identified by the second element of the tuple. software provides doi of original software used to represent fusion ring.",
	"comments":[
		""
	]
}