{
	"references":[
		""
	],
	"software":[
		"https:\/\/doi.org\/10.5281\/zenodo.15920400"
	],
	"mult_tab":[
		[
			[
				1,
				0,
				0,
				0,
				0
			],
			[
				0,
				1,
				0,
				0,
				0
			],
			[
				0,
				0,
				1,
				0,
				0
			],
			[
				0,
				0,
				0,
				1,
				0
			],
			[
				0,
				0,
				0,
				0,
				1
			]
		],
		[
			[
				0,
				1,
				0,
				0,
				0
			],
			[
				1,
				1,
				0,
				1,
				0
			],
			[
				0,
				0,
				0,
				1,
				2
			],
			[
				0,
				1,
				1,
				1,
				2
			],
			[
				0,
				0,
				2,
				2,
				1
			]
		],
		[
			[
				0,
				0,
				1,
				0,
				0
			],
			[
				0,
				0,
				0,
				1,
				2
			],
			[
				1,
				0,
				4,
				4,
				0
			],
			[
				0,
				1,
				4,
				4,
				2
			],
			[
				0,
				2,
				0,
				2,
				7
			]
		],
		[
			[
				0,
				0,
				0,
				1,
				0
			],
			[
				0,
				1,
				1,
				1,
				2
			],
			[
				0,
				1,
				4,
				4,
				2
			],
			[
				1,
				1,
				4,
				5,
				4
			],
			[
				0,
				2,
				2,
				4,
				7
			]
		],
		[
			[
				0,
				0,
				0,
				0,
				1
			],
			[
				0,
				0,
				2,
				2,
				1
			],
			[
				0,
				2,
				0,
				2,
				7
			],
			[
				0,
				2,
				2,
				4,
				7
			],
			[
				1,
				1,
				7,
				7,
				2
			]
		]
	],
	"texnames":[
		"\\text{FR}^{5,7,0}_{368}"
	],
	"barcode":[
		9,
		6,
		1,
		9,
		6,
		6,
		7,
		1,
		1,
		5,
		1,
		5,
		9,
		4,
		6,
		1,
		3,
		2,
		2,
		9,
		6,
		4,
		4,
		3,
		8,
		9,
		1,
		4,
		4,
		9,
		7,
		7,
		3,
		5,
		4,
		9,
		9,
		2,
		2,
		2,
		8,
		2,
		4,
		3,
		0,
		9,
		7,
		7,
		1,
		7,
		7,
		9,
		7,
		7,
		3,
		8,
		1,
		0,
		9,
		4,
		6,
		4,
		0,
		3,
		2,
		4,
		8,
		8,
		4,
		2,
		9,
		3,
		3,
		9,
		0,
		9,
		6,
		3,
		2,
		6,
		5,
		8,
		3,
		8,
		8,
		7,
		8,
		8,
		5,
		6,
		2,
		9,
		4,
		6,
		0,
		9,
		3,
		4,
		8,
		5,
		0,
		4,
		3,
		1,
		2,
		8,
		4,
		3,
		9,
		8,
		0,
		2
	],
	"formal_code":[
		5,
		7,
		0,
		368
	],
	"tensor_product_decompositions":{
		"identifiers":[
			"formal_code"
		],
		"value":[]
	},
	"sub_fusion_rings":{
		"identifiers":[
			"injection",
			"formal_code"
		],
		"value":[]
	},
	"numeric_characters":[
		[
			[
				1.0,
				0
			],
			[
				4.23606797749979,
				0
			],
			[
				9.47213595499958,
				0
			],
			[
				1.270820393249937e1,
				0
			],
			[
				1.370820393249937e1,
				0
			]
		],
		[
			[
				1.0,
				0
			],
			[
				-1.7320508075688772,
				0
			],
			[
				6.464101615137754,
				0
			],
			[
				3.732050807568877,
				0
			],
			[
				-7.464101615137754,
				0
			]
		],
		[
			[
				1.0,
				0
			],
			[
				1.7320508075688772,
				0
			],
			[
				-0.4641016151377544,
				0
			],
			[
				0.2679491924311228,
				0
			],
			[
				-0.5358983848622456,
				0
			]
		],
		[
			[
				1.0,
				0
			],
			[
				-1.0,
				0
			],
			[
				-1.0,
				0
			],
			[
				1.0,
				0
			],
			[
				0.0,
				0
			]
		],
		[
			[
				1.0,
				0
			],
			[
				-0.2360679774997898,
				0
			],
			[
				0.5278640450004204,
				0
			],
			[
				-0.7082039324993694,
				0
			],
			[
				0.2917960675006306,
				0
			]
		]
	],
	"numeric_frobenius_perron_dimensions":[
		1.0,
		4.23606797749979,
		9.47213595499958,
		1.270820393249937e1,
		1.370820393249937e1
	],
	"numeric_frobenius_perron_dimension":4.5807893370497857e2,
	"info":"Fusion ring. mult_tab provides structure constants. barcode and formal_code provide unique identifiers see (DOI: 10.1063\/5.0148848). sub_fusion_rings provides tuples where the first element corresponds to the elements of the ring that form the subring isomorphic to the ring identified by the second element of the tuple. software provides doi of original software used to represent fusion ring.",
	"comments":[
		""
	]
}