{
	"references":[
		""
	],
	"software":[
		"https:\/\/doi.org\/10.5281\/zenodo.15920400"
	],
	"mult_tab":[
		[
			[
				1,
				0,
				0,
				0,
				0
			],
			[
				0,
				1,
				0,
				0,
				0
			],
			[
				0,
				0,
				1,
				0,
				0
			],
			[
				0,
				0,
				0,
				1,
				0
			],
			[
				0,
				0,
				0,
				0,
				1
			]
		],
		[
			[
				0,
				1,
				0,
				0,
				0
			],
			[
				1,
				10,
				0,
				1,
				0
			],
			[
				0,
				0,
				5,
				0,
				6
			],
			[
				0,
				1,
				0,
				11,
				1
			],
			[
				0,
				0,
				6,
				1,
				7
			]
		],
		[
			[
				0,
				0,
				1,
				0,
				0
			],
			[
				0,
				0,
				5,
				0,
				6
			],
			[
				1,
				5,
				8,
				10,
				7
			],
			[
				0,
				0,
				10,
				6,
				12
			],
			[
				0,
				6,
				7,
				12,
				12
			]
		],
		[
			[
				0,
				0,
				0,
				1,
				0
			],
			[
				0,
				1,
				0,
				11,
				1
			],
			[
				0,
				0,
				10,
				6,
				12
			],
			[
				1,
				11,
				6,
				12,
				8
			],
			[
				0,
				1,
				12,
				8,
				15
			]
		],
		[
			[
				0,
				0,
				0,
				0,
				1
			],
			[
				0,
				0,
				6,
				1,
				7
			],
			[
				0,
				6,
				7,
				12,
				12
			],
			[
				0,
				1,
				12,
				8,
				15
			],
			[
				1,
				7,
				12,
				15,
				13
			]
		]
	],
	"texnames":[
		"\\text{FR}^{5,15,0}_{1019}"
	],
	"barcode":[
		2,
		0,
		4,
		5,
		8,
		6,
		9,
		2,
		5,
		1,
		8,
		7,
		8,
		3,
		9,
		8,
		6,
		8,
		3,
		8,
		6,
		4,
		3,
		6,
		6,
		2,
		8,
		4,
		5,
		9,
		5,
		4,
		2,
		6,
		5,
		0,
		0,
		1,
		7,
		0,
		3,
		5,
		9,
		4,
		9,
		8,
		8,
		6,
		2,
		1,
		7,
		8,
		3,
		9,
		9,
		1,
		1,
		2,
		9,
		7,
		7,
		5,
		5,
		5,
		5,
		2,
		1,
		8,
		9,
		6,
		8,
		0,
		9,
		8,
		1,
		3,
		6,
		0,
		0,
		8,
		1,
		8,
		1,
		7,
		3,
		6,
		1,
		8,
		6,
		8,
		0,
		5,
		2,
		9,
		0,
		2,
		9,
		1,
		4,
		4,
		2,
		5,
		4,
		5,
		1,
		1,
		2,
		0,
		5,
		0,
		2,
		0,
		9,
		9,
		1,
		8,
		9,
		1,
		1,
		0,
		6,
		2,
		1,
		8,
		9,
		7,
		3,
		6,
		0,
		2,
		0,
		8,
		7,
		6,
		4,
		5,
		2,
		2,
		5,
		6,
		9,
		4,
		8,
		9,
		5,
		5,
		6,
		8,
		5,
		6
	],
	"formal_code":[
		5,
		15,
		0,
		1019
	],
	"tensor_product_decompositions":{
		"identifiers":[
			"formal_code"
		],
		"value":[]
	},
	"sub_fusion_rings":{
		"identifiers":[
			"injection",
			"formal_code"
		],
		"value":[]
	},
	"numeric_characters":[
		[
			[
				1.0,
				0
			],
			[
				1.2586821927479063e1,
				0
			],
			[
				2.9651203639847658e1,
				0
			],
			[
				3.1559866959277127e1,
				0
			],
			[
				3.7493066991823866e1,
				0
			]
		],
		[
			[
				1.0,
				0
			],
			[
				1.1230260070752745e1,
				0
			],
			[
				-7.9732286104514,
				0
			],
			[
				1.2816140549216014e1,
				0
			],
			[
				-8.279214641113127,
				0
			]
		],
		[
			[
				1.0,
				0
			],
			[
				9.403644313965913,
				0
			],
			[
				1.559991349170928,
				0
			],
			[
				-6.607916756075685,
				0
			],
			[
				1.1449411724354284,
				0
			]
		],
		[
			[
				1.0,
				0
			],
			[
				-0.12232294617058762,
				0
			],
			[
				2.9599025509321986,
				0
			],
			[
				0.23819236486572865,
				0
			],
			[
				-2.526929459178143,
				0
			]
		],
		[
			[
				1.0,
				0
			],
			[
				-9.840336602713452e-2,
				0
			],
			[
				-0.1978689294993828,
				0
			],
			[
				-6.283117283184547e-3,
				0
			],
			[
				0.16813593603197316,
				0
			]
		]
	],
	"numeric_frobenius_perron_dimensions":[
		1.0,
		1.2586821927478999e1,
		2.9651203639847658e1,
		3.1559866959277127e1,
		3.7493066991823866e1
	],
	"numeric_frobenius_perron_dimension":3.4403772384664453e3,
	"info":"Fusion ring. mult_tab provides structure constants. barcode and formal_code provide unique identifiers see (DOI: 10.1063\/5.0148848). sub_fusion_rings provides tuples where the first element corresponds to the elements of the ring that form the subring isomorphic to the ring identified by the second element of the tuple. software provides doi of original software used to represent fusion ring.",
	"comments":[
		""
	]
}