{
	"references":[
		""
	],
	"software":[
		"https:\/\/doi.org\/10.5281\/zenodo.15920400"
	],
	"mult_tab":[
		[
			[
				1,
				0,
				0,
				0,
				0
			],
			[
				0,
				1,
				0,
				0,
				0
			],
			[
				0,
				0,
				1,
				0,
				0
			],
			[
				0,
				0,
				0,
				1,
				0
			],
			[
				0,
				0,
				0,
				0,
				1
			]
		],
		[
			[
				0,
				1,
				0,
				0,
				0
			],
			[
				1,
				2,
				2,
				5,
				5
			],
			[
				0,
				2,
				2,
				6,
				5
			],
			[
				0,
				5,
				6,
				7,
				7
			],
			[
				0,
				5,
				5,
				7,
				8
			]
		],
		[
			[
				0,
				0,
				1,
				0,
				0
			],
			[
				0,
				2,
				2,
				6,
				5
			],
			[
				1,
				2,
				2,
				6,
				6
			],
			[
				0,
				6,
				6,
				7,
				8
			],
			[
				0,
				5,
				6,
				8,
				8
			]
		],
		[
			[
				0,
				0,
				0,
				1,
				0
			],
			[
				0,
				5,
				6,
				7,
				7
			],
			[
				0,
				6,
				6,
				7,
				8
			],
			[
				1,
				7,
				7,
				13,
				13
			],
			[
				0,
				7,
				8,
				13,
				13
			]
		],
		[
			[
				0,
				0,
				0,
				0,
				1
			],
			[
				0,
				5,
				5,
				7,
				8
			],
			[
				0,
				5,
				6,
				8,
				8
			],
			[
				0,
				7,
				8,
				13,
				13
			],
			[
				1,
				8,
				8,
				13,
				13
			]
		]
	],
	"texnames":[
		"\\text{FR}^{5,13,0}_{119}"
	],
	"barcode":[
		1,
		3,
		1,
		7,
		8,
		8,
		1,
		8,
		6,
		4,
		8,
		7,
		2,
		1,
		4,
		1,
		5,
		3,
		0,
		1,
		5,
		0,
		1,
		5,
		4,
		3,
		3,
		8,
		4,
		9,
		5,
		2,
		4,
		7,
		8,
		9,
		3,
		9,
		0,
		8,
		5,
		0,
		1,
		0,
		2,
		1,
		9,
		7,
		3,
		8,
		3,
		7,
		3,
		0,
		6,
		2,
		9,
		3,
		6,
		8,
		4,
		3,
		0,
		0,
		5,
		0,
		6,
		4,
		3,
		6,
		3,
		0,
		2,
		7,
		6,
		8,
		4,
		7,
		7,
		3,
		3,
		7,
		1,
		7,
		1,
		5,
		7,
		3,
		1,
		2,
		3,
		2,
		5,
		6,
		4,
		3,
		3,
		3,
		2,
		3,
		6,
		0,
		9,
		6,
		2,
		7,
		2,
		0,
		5,
		0,
		9,
		3,
		9,
		9,
		5,
		7,
		2,
		5,
		1,
		3,
		0,
		9,
		6,
		1,
		7,
		3,
		9,
		4,
		2,
		2,
		0,
		6,
		3,
		8,
		2,
		3,
		8,
		1,
		7,
		8,
		6,
		5,
		0
	],
	"formal_code":[
		5,
		13,
		0,
		119
	],
	"tensor_product_decompositions":{
		"identifiers":[
			"formal_code"
		],
		"value":[]
	},
	"sub_fusion_rings":{
		"identifiers":[
			"injection",
			"formal_code"
		],
		"value":[]
	},
	"numeric_characters":[
		[
			[
				1.0,
				0
			],
			[
				2.1005194790949528e1,
				0
			],
			[
				2.262322877969942e1,
				0
			],
			[
				3.498711911206858e1,
				0
			],
			[
				3.560515310081847e1,
				0
			]
		],
		[
			[
				1.0,
				0
			],
			[
				1.0,
				0
			],
			[
				-1.0,
				0
			],
			[
				-1.0,
				0
			],
			[
				1.0,
				0
			]
		],
		[
			[
				1.0,
				0
			],
			[
				0.6016434576058489,
				0
			],
			[
				-1.6390531144045893e-2,
				0
			],
			[
				0.6281638940905789,
				0
			],
			[
				-0.989870094659316,
				0
			]
		],
		[
			[
				1.0,
				0
			],
			[
				-2.7819833451047975,
				0
			],
			[
				-3.4000173338546924,
				0
			],
			[
				2.719360263410893,
				0
			],
			[
				1.1013262746609984,
				0
			]
		],
		[
			[
				1.0,
				0
			],
			[
				-0.8248549034505784,
				0
			],
			[
				0.7931790852993165,
				0
			],
			[
				-0.33464326957004875,
				0
			],
			[
				0.2833907191798461,
				0
			]
		]
	],
	"numeric_frobenius_perron_dimensions":[
		1.0,
		2.1005194790949528e1,
		2.262322877969942e1,
		3.498711911206858e1,
		3.560515310081847e1
	],
	"numeric_frobenius_perron_dimension":3.4458541197191507e3,
	"info":"Fusion ring. mult_tab provides structure constants. barcode and formal_code provide unique identifiers see (DOI: 10.1063\/5.0148848). sub_fusion_rings provides tuples where the first element corresponds to the elements of the ring that form the subring isomorphic to the ring identified by the second element of the tuple. software provides doi of original software used to represent fusion ring.",
	"comments":[
		""
	]
}