{
	"references":[
		""
	],
	"software":[
		"https:\/\/doi.org\/10.5281\/zenodo.15920400"
	],
	"mult_tab":[
		[
			[
				1,
				0,
				0,
				0,
				0
			],
			[
				0,
				1,
				0,
				0,
				0
			],
			[
				0,
				0,
				1,
				0,
				0
			],
			[
				0,
				0,
				0,
				1,
				0
			],
			[
				0,
				0,
				0,
				0,
				1
			]
		],
		[
			[
				0,
				1,
				0,
				0,
				0
			],
			[
				1,
				5,
				0,
				1,
				2
			],
			[
				0,
				0,
				4,
				1,
				4
			],
			[
				0,
				1,
				1,
				5,
				4
			],
			[
				0,
				2,
				4,
				4,
				3
			]
		],
		[
			[
				0,
				0,
				1,
				0,
				0
			],
			[
				0,
				0,
				4,
				1,
				4
			],
			[
				1,
				4,
				4,
				0,
				6
			],
			[
				0,
				1,
				0,
				8,
				6
			],
			[
				0,
				4,
				6,
				6,
				3
			]
		],
		[
			[
				0,
				0,
				0,
				1,
				0
			],
			[
				0,
				1,
				1,
				5,
				4
			],
			[
				0,
				1,
				0,
				8,
				6
			],
			[
				1,
				5,
				8,
				1,
				8
			],
			[
				0,
				4,
				6,
				8,
				5
			]
		],
		[
			[
				0,
				0,
				0,
				0,
				1
			],
			[
				0,
				2,
				4,
				4,
				3
			],
			[
				0,
				4,
				6,
				6,
				3
			],
			[
				0,
				4,
				6,
				8,
				5
			],
			[
				1,
				3,
				3,
				5,
				12
			]
		]
	],
	"texnames":[
		"\\text{FR}^{5,12,0}_{2425}"
	],
	"barcode":[
		1,
		3,
		4,
		5,
		7,
		8,
		5,
		2,
		8,
		7,
		0,
		6,
		3,
		2,
		5,
		1,
		9,
		2,
		9,
		5,
		4,
		0,
		9,
		2,
		4,
		6,
		7,
		7,
		1,
		2,
		3,
		4,
		6,
		1,
		8,
		8,
		0,
		0,
		6,
		7,
		0,
		0,
		2,
		9,
		6,
		2,
		4,
		5,
		7,
		1,
		3,
		6,
		5,
		0,
		4,
		2,
		0,
		0,
		8,
		5,
		9,
		2,
		9,
		9,
		4,
		5,
		0,
		0,
		4,
		9,
		4,
		1,
		6,
		6,
		3,
		2,
		3,
		6,
		2,
		9,
		4,
		7,
		2,
		7,
		2,
		3,
		2,
		0,
		8,
		3,
		2,
		4,
		0,
		6,
		4,
		6,
		8,
		1,
		5,
		1,
		5,
		1,
		6,
		1,
		8,
		3,
		0,
		4,
		4,
		0,
		1,
		7,
		1,
		3,
		8,
		1,
		6,
		5,
		1,
		1,
		4,
		6,
		7,
		6,
		5,
		3,
		5,
		4,
		1,
		2,
		3,
		7,
		2,
		5,
		9,
		4,
		7,
		6,
		0
	],
	"formal_code":[
		5,
		12,
		0,
		2425
	],
	"tensor_product_decompositions":{
		"identifiers":[
			"formal_code"
		],
		"value":[]
	},
	"sub_fusion_rings":{
		"identifiers":[
			"injection",
			"formal_code"
		],
		"value":[]
	},
	"numeric_characters":[
		[
			[
				1.0,
				0
			],
			[
				1.0688468991205808e1,
				0
			],
			[
				1.5055410205374802e1,
				0
			],
			[
				1.8904404531345275e1,
				0
			],
			[
				2.0448309944296884e1,
				0
			]
		],
		[
			[
				1.0,
				0
			],
			[
				3.3351746120466914,
				0
			],
			[
				6.9191527110025195,
				0
			],
			[
				-8.504938349384881,
				0
			],
			[
				0.9762274909961112,
				0
			]
		],
		[
			[
				1.0,
				0
			],
			[
				-1.7889391095947045,
				0
			],
			[
				-4.4301446142951875,
				0
			],
			[
				-3.3558400472317236,
				0
			],
			[
				7.2504193665213705,
				0
			]
		],
		[
			[
				1.0,
				0
			],
			[
				-0.17458875935281848,
				0
			],
			[
				6.882324196233097e-2,
				0
			],
			[
				9.415879559106353e-2,
				0
			],
			[
				-9.53668819673074e-2,
				0
			]
		],
		[
			[
				1.0,
				0
			],
			[
				4.939884265695025,
				0
			],
			[
				-2.6132415440444645,
				0
			],
			[
				-0.13778493031973474,
				0
			],
			[
				-0.5795899198470574,
				0
			]
		]
	],
	"numeric_frobenius_perron_dimensions":[
		1.0,
		1.0688468991205806e1,
		1.5055410205374802e1,
		1.8904404531345275e1,
		2.0448309944296884e1
	],
	"numeric_frobenius_perron_dimension":1.1174186360908504e3,
	"info":"Fusion ring. mult_tab provides structure constants. barcode and formal_code provide unique identifiers see (DOI: 10.1063\/5.0148848). sub_fusion_rings provides tuples where the first element corresponds to the elements of the ring that form the subring isomorphic to the ring identified by the second element of the tuple. software provides doi of original software used to represent fusion ring.",
	"comments":[
		""
	]
}