{
	"references":[
		""
	],
	"software":[
		"https:\/\/doi.org\/10.5281\/zenodo.15920400"
	],
	"mult_tab":[
		[
			[
				1,
				0,
				0,
				0,
				0
			],
			[
				0,
				1,
				0,
				0,
				0
			],
			[
				0,
				0,
				1,
				0,
				0
			],
			[
				0,
				0,
				0,
				1,
				0
			],
			[
				0,
				0,
				0,
				0,
				1
			]
		],
		[
			[
				0,
				1,
				0,
				0,
				0
			],
			[
				1,
				0,
				0,
				2,
				2
			],
			[
				0,
				0,
				5,
				2,
				4
			],
			[
				0,
				2,
				2,
				5,
				4
			],
			[
				0,
				2,
				4,
				4,
				5
			]
		],
		[
			[
				0,
				0,
				1,
				0,
				0
			],
			[
				0,
				0,
				5,
				2,
				4
			],
			[
				1,
				5,
				4,
				12,
				10
			],
			[
				0,
				2,
				12,
				7,
				11
			],
			[
				0,
				4,
				10,
				11,
				13
			]
		],
		[
			[
				0,
				0,
				0,
				1,
				0
			],
			[
				0,
				2,
				2,
				5,
				4
			],
			[
				0,
				2,
				12,
				7,
				11
			],
			[
				1,
				5,
				7,
				12,
				12
			],
			[
				0,
				4,
				11,
				12,
				14
			]
		],
		[
			[
				0,
				0,
				0,
				0,
				1
			],
			[
				0,
				2,
				4,
				4,
				5
			],
			[
				0,
				4,
				10,
				11,
				13
			],
			[
				0,
				4,
				11,
				12,
				14
			],
			[
				1,
				5,
				13,
				14,
				16
			]
		]
	],
	"texnames":[
		"\\text{FR}^{5,16,0}_{210}"
	],
	"barcode":[
		3,
		7,
		6,
		4,
		1,
		4,
		4,
		3,
		4,
		3,
		0,
		6,
		5,
		8,
		9,
		6,
		9,
		9,
		4,
		3,
		9,
		0,
		0,
		0,
		5,
		8,
		2,
		8,
		2,
		6,
		5,
		5,
		9,
		0,
		2,
		3,
		0,
		6,
		1,
		8,
		1,
		2,
		5,
		1,
		6,
		3,
		4,
		4,
		0,
		2,
		8,
		2,
		1,
		6,
		0,
		8,
		9,
		3,
		3,
		5,
		7,
		2,
		1,
		8,
		0,
		2,
		7,
		3,
		2,
		2,
		4,
		5,
		3,
		6,
		8,
		5,
		1,
		4,
		7,
		1,
		7,
		9,
		9,
		0,
		7,
		8,
		1,
		2,
		0,
		8,
		1,
		1,
		3,
		1,
		7,
		9,
		0,
		8,
		1,
		4,
		8,
		9,
		6,
		0,
		1,
		7,
		4,
		7,
		5,
		8,
		6,
		3,
		5,
		7,
		9,
		0,
		3,
		9,
		0,
		3,
		1,
		7,
		8,
		5,
		1,
		4,
		8,
		2,
		8,
		9,
		7,
		4,
		0,
		3,
		5,
		2,
		3,
		6,
		0,
		5,
		1,
		2,
		6,
		0,
		0,
		5,
		4,
		1,
		1,
		3,
		2,
		3,
		2
	],
	"formal_code":[
		5,
		16,
		0,
		210
	],
	"tensor_product_decompositions":{
		"identifiers":[
			"formal_code"
		],
		"value":[]
	},
	"sub_fusion_rings":{
		"identifiers":[
			"injection",
			"formal_code"
		],
		"value":[]
	},
	"numeric_characters":[
		[
			[
				1.0,
				0
			],
			[
				1.2216671880341977e1,
				0
			],
			[
				3.159406768850813e1,
				0
			],
			[
				3.424506189529955e1,
				0
			],
			[
				3.987847402066964e1,
				0
			]
		],
		[
			[
				1.0,
				0
			],
			[
				3.52552998137443,
				0
			],
			[
				-7.564494794466269,
				0
			],
			[
				5.852551259325132,
				0
			],
			[
				-0.13787043454013884,
				0
			]
		],
		[
			[
				1.0,
				0
			],
			[
				0.7438681489678214,
				0
			],
			[
				-0.18860498985235055,
				0
			],
			[
				-0.848024029238282,
				0
			],
			[
				0.6246939407626886,
				0
			]
		],
		[
			[
				1.0,
				0
			],
			[
				0.16966008534132782,
				0
			],
			[
				0.601573493266003,
				0
			],
			[
				0.48168677261973875,
				0
			],
			[
				-0.9672945003407254,
				0
			]
		],
		[
			[
				1.0,
				0
			],
			[
				-1.6557300960255559,
				0
			],
			[
				-0.44254139745551313,
				0
			],
			[
				0.26872410199386365,
				0
			],
			[
				0.6019969734485346,
				0
			]
		]
	],
	"numeric_frobenius_perron_dimensions":[
		1.0,
		1.2216671880341977e1,
		3.159406768850813e1,
		3.424506189529955e1,
		3.987847402066964e1
	],
	"numeric_frobenius_perron_dimension":3.911449139368093e3,
	"info":"Fusion ring. mult_tab provides structure constants. barcode and formal_code provide unique identifiers see (DOI: 10.1063\/5.0148848). sub_fusion_rings provides tuples where the first element corresponds to the elements of the ring that form the subring isomorphic to the ring identified by the second element of the tuple. software provides doi of original software used to represent fusion ring.",
	"comments":[
		""
	]
}