{
	"references":[
		""
	],
	"software":[
		"https:\/\/doi.org\/10.5281\/zenodo.15920400"
	],
	"mult_tab":[
		[
			[
				1,
				0,
				0,
				0,
				0
			],
			[
				0,
				1,
				0,
				0,
				0
			],
			[
				0,
				0,
				1,
				0,
				0
			],
			[
				0,
				0,
				0,
				1,
				0
			],
			[
				0,
				0,
				0,
				0,
				1
			]
		],
		[
			[
				0,
				1,
				0,
				0,
				0
			],
			[
				1,
				6,
				1,
				1,
				1
			],
			[
				0,
				1,
				6,
				0,
				3
			],
			[
				0,
				1,
				0,
				5,
				4
			],
			[
				0,
				1,
				3,
				4,
				5
			]
		],
		[
			[
				0,
				0,
				1,
				0,
				0
			],
			[
				0,
				1,
				6,
				0,
				3
			],
			[
				1,
				6,
				4,
				1,
				4
			],
			[
				0,
				0,
				1,
				5,
				7
			],
			[
				0,
				3,
				4,
				7,
				5
			]
		],
		[
			[
				0,
				0,
				0,
				1,
				0
			],
			[
				0,
				1,
				0,
				5,
				4
			],
			[
				0,
				0,
				1,
				5,
				7
			],
			[
				1,
				5,
				5,
				0,
				6
			],
			[
				0,
				4,
				7,
				6,
				4
			]
		],
		[
			[
				0,
				0,
				0,
				0,
				1
			],
			[
				0,
				1,
				3,
				4,
				5
			],
			[
				0,
				3,
				4,
				7,
				5
			],
			[
				0,
				4,
				7,
				6,
				4
			],
			[
				1,
				5,
				5,
				4,
				11
			]
		]
	],
	"texnames":[
		"\\text{FR}^{5,11,0}_{1876}"
	],
	"barcode":[
		6,
		5,
		8,
		3,
		7,
		7,
		0,
		0,
		7,
		1,
		1,
		6,
		2,
		1,
		8,
		2,
		3,
		4,
		2,
		2,
		0,
		4,
		1,
		2,
		6,
		8,
		4,
		4,
		3,
		7,
		1,
		5,
		5,
		0,
		9,
		3,
		5,
		9,
		4,
		1,
		6,
		5,
		0,
		0,
		0,
		5,
		7,
		1,
		3,
		3,
		2,
		0,
		5,
		6,
		2,
		3,
		5,
		9,
		3,
		8,
		2,
		4,
		0,
		5,
		3,
		6,
		2,
		0,
		4,
		9,
		8,
		3,
		7,
		0,
		8,
		8,
		5,
		7,
		0,
		1,
		3,
		0,
		3,
		1,
		7,
		8,
		4,
		5,
		4,
		0,
		1,
		6,
		5,
		8,
		9,
		1,
		5,
		4,
		9,
		6,
		6,
		1,
		2,
		7,
		8,
		1,
		8,
		6,
		9,
		5,
		9,
		4,
		3,
		9,
		5,
		6,
		0,
		4,
		6,
		5,
		4,
		2,
		2,
		1,
		5,
		9,
		6,
		5,
		0,
		5,
		1,
		0,
		2,
		0
	],
	"formal_code":[
		5,
		11,
		0,
		1876
	],
	"tensor_product_decompositions":{
		"identifiers":[
			"formal_code"
		],
		"value":[]
	},
	"sub_fusion_rings":{
		"identifiers":[
			"injection",
			"formal_code"
		],
		"value":[]
	},
	"numeric_characters":[
		[
			[
				1.0,
				0
			],
			[
				1.0829573926238698e1,
				0
			],
			[
				1.4949987661984755e1,
				0
			],
			[
				1.5894741309894398e1,
				0
			],
			[
				2.0457498894557702e1,
				0
			]
		],
		[
			[
				1.0,
				0
			],
			[
				5.684446288881417,
				0
			],
			[
				6.674206480101896,
				0
			],
			[
				-6.871115631396261,
				0
			],
			[
				-2.596838970816421,
				0
			]
		],
		[
			[
				1.0,
				0
			],
			[
				-0.17504345749140543,
				0
			],
			[
				6.351095074362084e-2,
				0
			],
			[
				8.976981400770703e-2,
				0
			],
			[
				-7.237980779234979e-2,
				0
			]
		],
		[
			[
				1.0,
				0
			],
			[
				0.15159703897060967,
				0
			],
			[
				-2.8025100382601287,
				0
			],
			[
				-4.496960855707045,
				0
			],
			[
				5.412870322368172,
				0
			]
		],
		[
			[
				1.0,
				0
			],
			[
				5.509426203400681,
				0
			],
			[
				-3.885195054570144,
				0
			],
			[
				1.3835653632012013,
				0
			],
			[
				-1.201150438317102,
				0
			]
		]
	],
	"numeric_frobenius_perron_dimensions":[
		1.0,
		1.0829573926238721e1,
		1.4949987661984755e1,
		1.5894741309894398e1,
		2.0457498894557702e1
	],
	"numeric_frobenius_perron_dimension":1.0129338648466589e3,
	"info":"Fusion ring. mult_tab provides structure constants. barcode and formal_code provide unique identifiers see (DOI: 10.1063\/5.0148848). sub_fusion_rings provides tuples where the first element corresponds to the elements of the ring that form the subring isomorphic to the ring identified by the second element of the tuple. software provides doi of original software used to represent fusion ring.",
	"comments":[
		""
	]
}