{
	"references":[
		""
	],
	"software":[
		"https:\/\/doi.org\/10.5281\/zenodo.15920400"
	],
	"mult_tab":[
		[
			[
				1,
				0,
				0,
				0,
				0
			],
			[
				0,
				1,
				0,
				0,
				0
			],
			[
				0,
				0,
				1,
				0,
				0
			],
			[
				0,
				0,
				0,
				1,
				0
			],
			[
				0,
				0,
				0,
				0,
				1
			]
		],
		[
			[
				0,
				1,
				0,
				0,
				0
			],
			[
				1,
				5,
				5,
				1,
				0
			],
			[
				0,
				5,
				6,
				1,
				0
			],
			[
				0,
				1,
				1,
				4,
				6
			],
			[
				0,
				0,
				0,
				6,
				7
			]
		],
		[
			[
				0,
				0,
				1,
				0,
				0
			],
			[
				0,
				5,
				6,
				1,
				0
			],
			[
				1,
				6,
				6,
				1,
				0
			],
			[
				0,
				1,
				1,
				5,
				6
			],
			[
				0,
				0,
				0,
				6,
				8
			]
		],
		[
			[
				0,
				0,
				0,
				1,
				0
			],
			[
				0,
				1,
				1,
				4,
				6
			],
			[
				0,
				1,
				1,
				5,
				6
			],
			[
				1,
				4,
				5,
				8,
				6
			],
			[
				0,
				6,
				6,
				6,
				9
			]
		],
		[
			[
				0,
				0,
				0,
				0,
				1
			],
			[
				0,
				0,
				0,
				6,
				7
			],
			[
				0,
				0,
				0,
				6,
				8
			],
			[
				0,
				6,
				6,
				6,
				9
			],
			[
				1,
				7,
				8,
				9,
				8
			]
		]
	],
	"texnames":[
		"\\text{FR}^{5,9,0}_{1092}"
	],
	"barcode":[
		1,
		0,
		0,
		0,
		0,
		0,
		1,
		0,
		0,
		0,
		0,
		0,
		1,
		0,
		0,
		0,
		0,
		0,
		1,
		0,
		0,
		0,
		0,
		0,
		1,
		0,
		1,
		0,
		0,
		0,
		1,
		6,
		6,
		1,
		0,
		0,
		6,
		5,
		1,
		0,
		0,
		1,
		1,
		5,
		6,
		0,
		0,
		0,
		6,
		8,
		0,
		0,
		1,
		0,
		0,
		0,
		6,
		5,
		1,
		0,
		1,
		5,
		5,
		1,
		0,
		0,
		1,
		1,
		4,
		6,
		0,
		0,
		0,
		6,
		7,
		0,
		0,
		0,
		1,
		0,
		0,
		1,
		1,
		5,
		6,
		0,
		1,
		1,
		4,
		6,
		1,
		5,
		4,
		8,
		6,
		0,
		6,
		6,
		6,
		9,
		0,
		0,
		0,
		0,
		1,
		0,
		0,
		0,
		6,
		8,
		0,
		0,
		0,
		6,
		7,
		0,
		6,
		6,
		6,
		9,
		1,
		8,
		7,
		9,
		8
	],
	"formal_code":[
		5,
		9,
		0,
		1092
	],
	"tensor_product_decompositions":{
		"identifiers":[
			"formal_code"
		],
		"value":[]
	},
	"sub_fusion_rings":{
		"identifiers":[
			"injection",
			"formal_code"
		],
		"value":[]
	},
	"numeric_characters":[
		[
			[
				1.0,
				0
			],
			[
				1.2181199796799444e1,
				0
			],
			[
				1.3181199796799444e1,
				0
			],
			[
				2.0569630521552376e1,
				0
			],
			[
				2.3820309574927506e1,
				0
			]
		],
		[
			[
				1.0,
				0
			],
			[
				1.0180870491349227e1,
				0
			],
			[
				1.1180870491349227e1,
				0
			],
			[
				-4.158580951866814,
				0
			],
			[
				-7.844231878996505,
				0
			]
		],
		[
			[
				1.0,
				0
			],
			[
				-0.8235655160990774,
				0
			],
			[
				0.17643448390092262,
				0
			],
			[
				2.9139153202983135,
				0
			],
			[
				-2.2347217372709314,
				0
			]
		],
		[
			[
				1.0,
				0
			],
			[
				-0.538504772049594,
				0
			],
			[
				0.461495227950406,
				0
			],
			[
				-0.32496488998387446,
				0
			],
			[
				0.25864404133992897,
				0
			]
		],
		[
			[
				1.0,
				0
			],
			[
				1.0,
				0
			],
			[
				-1.0,
				0
			],
			[
				0.0,
				0
			],
			[
				0.0,
				0
			]
		]
	],
	"numeric_frobenius_perron_dimensions":[
		1.0,
		1.2181199796799442e1,
		1.318119979679944e1,
		2.0569630521552376e1,
		2.3820309574927506e1
	],
	"numeric_frobenius_perron_dimension":1.3136425046112545e3,
	"info":"Fusion ring. mult_tab provides structure constants. barcode and formal_code provide unique identifiers see (DOI: 10.1063\/5.0148848). sub_fusion_rings provides tuples where the first element corresponds to the elements of the ring that form the subring isomorphic to the ring identified by the second element of the tuple. software provides doi of original software used to represent fusion ring.",
	"comments":[
		""
	]
}