{
	"references":[
		""
	],
	"software":[
		"https:\/\/doi.org\/10.5281\/zenodo.15920400"
	],
	"mult_tab":[
		[
			[
				1,
				0,
				0,
				0,
				0
			],
			[
				0,
				1,
				0,
				0,
				0
			],
			[
				0,
				0,
				1,
				0,
				0
			],
			[
				0,
				0,
				0,
				1,
				0
			],
			[
				0,
				0,
				0,
				0,
				1
			]
		],
		[
			[
				0,
				1,
				0,
				0,
				0
			],
			[
				1,
				1,
				1,
				5,
				12
			],
			[
				0,
				1,
				0,
				12,
				9
			],
			[
				0,
				5,
				12,
				3,
				4
			],
			[
				0,
				12,
				9,
				4,
				3
			]
		],
		[
			[
				0,
				0,
				1,
				0,
				0
			],
			[
				0,
				1,
				0,
				12,
				9
			],
			[
				1,
				0,
				0,
				9,
				15
			],
			[
				0,
				12,
				9,
				4,
				3
			],
			[
				0,
				9,
				15,
				3,
				4
			]
		],
		[
			[
				0,
				0,
				0,
				1,
				0
			],
			[
				0,
				5,
				12,
				3,
				4
			],
			[
				0,
				12,
				9,
				4,
				3
			],
			[
				1,
				3,
				4,
				6,
				13
			],
			[
				0,
				4,
				3,
				13,
				10
			]
		],
		[
			[
				0,
				0,
				0,
				0,
				1
			],
			[
				0,
				12,
				9,
				4,
				3
			],
			[
				0,
				9,
				15,
				3,
				4
			],
			[
				0,
				4,
				3,
				13,
				10
			],
			[
				1,
				3,
				4,
				10,
				16
			]
		]
	],
	"texnames":[
		"\\text{FR}^{5,16,0}_{691}"
	],
	"barcode":[
		3,
		7,
		6,
		4,
		1,
		4,
		4,
		3,
		4,
		3,
		0,
		6,
		5,
		8,
		9,
		6,
		9,
		9,
		4,
		3,
		9,
		0,
		0,
		0,
		5,
		8,
		2,
		8,
		2,
		6,
		5,
		5,
		9,
		0,
		2,
		3,
		0,
		6,
		1,
		0,
		9,
		1,
		3,
		9,
		1,
		9,
		8,
		6,
		4,
		5,
		2,
		7,
		6,
		1,
		7,
		5,
		8,
		4,
		2,
		9,
		5,
		5,
		3,
		7,
		4,
		0,
		4,
		7,
		7,
		0,
		0,
		8,
		7,
		6,
		1,
		6,
		3,
		9,
		1,
		4,
		0,
		2,
		6,
		8,
		5,
		8,
		5,
		4,
		9,
		0,
		5,
		8,
		0,
		9,
		0,
		1,
		6,
		3,
		7,
		8,
		7,
		5,
		0,
		3,
		0,
		1,
		7,
		8,
		8,
		1,
		0,
		1,
		9,
		8,
		0,
		3,
		6,
		5,
		1,
		8,
		1,
		7,
		0,
		6,
		9,
		7,
		5,
		8,
		1,
		0,
		9,
		7,
		8,
		3,
		9,
		5,
		9,
		3,
		9,
		2,
		3,
		5,
		7,
		2,
		2,
		3,
		3,
		7,
		7,
		3,
		0,
		0,
		1
	],
	"formal_code":[
		5,
		16,
		0,
		691
	],
	"tensor_product_decompositions":{
		"identifiers":[
			"formal_code"
		],
		"value":[]
	},
	"sub_fusion_rings":{
		"identifiers":[
			"injection",
			"formal_code"
		],
		"value":[]
	},
	"numeric_characters":[
		[
			[
				1.0,
				0
			],
			[
				2.3562372240998837e1,
				0
			],
			[
				2.65682297619823e1,
				0
			],
			[
				2.7200855694533754e1,
				0
			],
			[
				3.0670875428978547e1,
				0
			]
		],
		[
			[
				1.0,
				0
			],
			[
				-5.907443177968124,
				0
			],
			[
				5.222022543496954,
				0
			],
			[
				-6.167131808891355,
				0
			],
			[
				5.451580381654173,
				0
			]
		],
		[
			[
				1.0,
				0
			],
			[
				-1.5226318522434543e1,
				0
			],
			[
				-1.9204669839602616e1,
				0
			],
			[
				1.317441400447431e1,
				0
			],
			[
				1.6616641173858234e1,
				0
			]
		],
		[
			[
				1.0,
				0
			],
			[
				4.59081435070621,
				0
			],
			[
				-3.61104635967168,
				0
			],
			[
				-4.301856255571399,
				0
			],
			[
				3.383757474122712,
				0
			]
		],
		[
			[
				1.0,
				0
			],
			[
				-1.9424891302379198e-2,
				0
			],
			[
				2.5463893795041676e-2,
				0
			],
			[
				9.371836545468971e-2,
				0
			],
			[
				-0.12285445861366681,
				0
			]
		]
	],
	"numeric_frobenius_perron_dimensions":[
		1.0,
		2.3562372240998833e1,
		2.65682297619823e1,
		2.7200855694533754e1,
		3.067087542897855e1
	],
	"numeric_frobenius_perron_dimension":2.942645368403644e3,
	"info":"Fusion ring. mult_tab provides structure constants. barcode and formal_code provide unique identifiers see (DOI: 10.1063\/5.0148848). sub_fusion_rings provides tuples where the first element corresponds to the elements of the ring that form the subring isomorphic to the ring identified by the second element of the tuple. software provides doi of original software used to represent fusion ring.",
	"comments":[
		""
	]
}