{
	"references":[
		""
	],
	"software":[
		"https:\/\/doi.org\/10.5281\/zenodo.15920400"
	],
	"mult_tab":[
		[
			[
				1,
				0,
				0,
				0,
				0
			],
			[
				0,
				1,
				0,
				0,
				0
			],
			[
				0,
				0,
				1,
				0,
				0
			],
			[
				0,
				0,
				0,
				1,
				0
			],
			[
				0,
				0,
				0,
				0,
				1
			]
		],
		[
			[
				0,
				1,
				0,
				0,
				0
			],
			[
				1,
				12,
				1,
				0,
				1
			],
			[
				0,
				1,
				3,
				3,
				5
			],
			[
				0,
				0,
				3,
				4,
				5
			],
			[
				0,
				1,
				5,
				5,
				8
			]
		],
		[
			[
				0,
				0,
				1,
				0,
				0
			],
			[
				0,
				1,
				3,
				3,
				5
			],
			[
				1,
				3,
				3,
				4,
				4
			],
			[
				0,
				3,
				4,
				0,
				6
			],
			[
				0,
				5,
				4,
				6,
				7
			]
		],
		[
			[
				0,
				0,
				0,
				1,
				0
			],
			[
				0,
				0,
				3,
				4,
				5
			],
			[
				0,
				3,
				4,
				0,
				6
			],
			[
				1,
				4,
				0,
				11,
				1
			],
			[
				0,
				5,
				6,
				1,
				9
			]
		],
		[
			[
				0,
				0,
				0,
				0,
				1
			],
			[
				0,
				1,
				5,
				5,
				8
			],
			[
				0,
				5,
				4,
				6,
				7
			],
			[
				0,
				5,
				6,
				1,
				9
			],
			[
				1,
				8,
				7,
				9,
				11
			]
		]
	],
	"texnames":[
		"\\text{FR}^{5,12,0}_{2245}"
	],
	"barcode":[
		1,
		3,
		4,
		5,
		7,
		8,
		5,
		2,
		8,
		7,
		0,
		6,
		3,
		2,
		5,
		1,
		9,
		2,
		9,
		5,
		4,
		0,
		9,
		2,
		4,
		6,
		7,
		7,
		1,
		2,
		3,
		4,
		6,
		1,
		8,
		7,
		0,
		4,
		0,
		8,
		9,
		4,
		9,
		9,
		0,
		0,
		0,
		5,
		3,
		8,
		5,
		8,
		2,
		5,
		0,
		4,
		2,
		0,
		5,
		9,
		8,
		0,
		7,
		9,
		7,
		9,
		3,
		5,
		1,
		4,
		2,
		0,
		8,
		7,
		5,
		6,
		4,
		9,
		8,
		2,
		3,
		4,
		9,
		0,
		7,
		4,
		2,
		5,
		6,
		5,
		0,
		4,
		6,
		0,
		2,
		3,
		4,
		7,
		7,
		0,
		7,
		0,
		8,
		2,
		8,
		3,
		7,
		0,
		6,
		8,
		6,
		8,
		3,
		9,
		1,
		0,
		7,
		0,
		7,
		1,
		0,
		4,
		7,
		8,
		1,
		4,
		9,
		9,
		7,
		2,
		1,
		7,
		8,
		3,
		0,
		8,
		4,
		1,
		8
	],
	"formal_code":[
		5,
		12,
		0,
		2245
	],
	"tensor_product_decompositions":{
		"identifiers":[
			"formal_code"
		],
		"value":[]
	},
	"sub_fusion_rings":{
		"identifiers":[
			"injection",
			"formal_code"
		],
		"value":[]
	},
	"numeric_characters":[
		[
			[
				1.0,
				0
			],
			[
				1.4885931697803683e1,
				0
			],
			[
				1.620121786563319e1,
				0
			],
			[
				1.6295938637451297e1,
				0
			],
			[
				2.5758564272399056e1,
				0
			]
		],
		[
			[
				1.0,
				0
			],
			[
				0.6886103853358139,
				0
			],
			[
				-3.9282929587942723,
				0
			],
			[
				1.0898480725065165e1,
				0
			],
			[
				-4.860847402443156,
				0
			]
		],
		[
			[
				1.0,
				0
			],
			[
				1.1615317653272736e1,
				0
			],
			[
				-1.83962738588719,
				0
			],
			[
				-3.1071302038562525,
				0
			],
			[
				-3.6285802669563734,
				0
			]
		],
		[
			[
				1.0,
				0
			],
			[
				-0.11968546703427112,
				0
			],
			[
				1.1620574849183083,
				0
			],
			[
				1.732265563848157e-2,
				0
			],
			[
				-0.7115072694878434,
				0
			]
		],
		[
			[
				1.0,
				0
			],
			[
				-7.017426937796256e-2,
				0
			],
			[
				-0.595355005870035,
				0
			],
			[
				-0.10461181429869114,
				0
			],
			[
				0.44237066648831663,
				0
			]
		]
	],
	"numeric_frobenius_perron_dimensions":[
		1.0,
		1.4885931697803683e1,
		1.620121786563319e1,
		1.62959386374513e1,
		2.5758564272399056e1
	],
	"numeric_frobenius_perron_dimension":1.4141316722922797e3,
	"info":"Fusion ring. mult_tab provides structure constants. barcode and formal_code provide unique identifiers see (DOI: 10.1063\/5.0148848). sub_fusion_rings provides tuples where the first element corresponds to the elements of the ring that form the subring isomorphic to the ring identified by the second element of the tuple. software provides doi of original software used to represent fusion ring.",
	"comments":[
		""
	]
}