{
	"references":[
		""
	],
	"software":[
		"https:\/\/doi.org\/10.5281\/zenodo.15920400"
	],
	"mult_tab":[
		[
			[
				1,
				0,
				0,
				0,
				0
			],
			[
				0,
				1,
				0,
				0,
				0
			],
			[
				0,
				0,
				1,
				0,
				0
			],
			[
				0,
				0,
				0,
				1,
				0
			],
			[
				0,
				0,
				0,
				0,
				1
			]
		],
		[
			[
				0,
				1,
				0,
				0,
				0
			],
			[
				1,
				0,
				1,
				0,
				1
			],
			[
				0,
				1,
				0,
				2,
				1
			],
			[
				0,
				0,
				2,
				1,
				3
			],
			[
				0,
				1,
				1,
				3,
				2
			]
		],
		[
			[
				0,
				0,
				1,
				0,
				0
			],
			[
				0,
				1,
				0,
				2,
				1
			],
			[
				1,
				0,
				0,
				1,
				5
			],
			[
				0,
				2,
				1,
				5,
				4
			],
			[
				0,
				1,
				5,
				4,
				4
			]
		],
		[
			[
				0,
				0,
				0,
				1,
				0
			],
			[
				0,
				0,
				2,
				1,
				3
			],
			[
				0,
				2,
				1,
				5,
				4
			],
			[
				1,
				1,
				5,
				5,
				8
			],
			[
				0,
				3,
				4,
				8,
				7
			]
		],
		[
			[
				0,
				0,
				0,
				0,
				1
			],
			[
				0,
				1,
				1,
				3,
				2
			],
			[
				0,
				1,
				5,
				4,
				4
			],
			[
				0,
				3,
				4,
				8,
				7
			],
			[
				1,
				2,
				4,
				7,
				10
			]
		]
	],
	"texnames":[
		"\\text{FR}^{5,10,0}_{1617}"
	],
	"barcode":[
		1,
		3,
		5,
		7,
		3,
		5,
		4,
		2,
		4,
		2,
		7,
		5,
		2,
		9,
		3,
		3,
		8,
		1,
		9,
		3,
		4,
		5,
		1,
		1,
		6,
		7,
		9,
		7,
		8,
		9,
		8,
		8,
		5,
		5,
		1,
		4,
		4,
		0,
		6,
		0,
		3,
		9,
		9,
		3,
		6,
		5,
		6,
		9,
		2,
		2,
		7,
		9,
		6,
		2,
		2,
		6,
		5,
		3,
		6,
		0,
		2,
		9,
		0,
		7,
		4,
		3,
		9,
		6,
		8,
		5,
		8,
		6,
		5,
		5,
		0,
		9,
		7,
		4,
		3,
		0,
		3,
		8,
		8,
		9,
		9,
		4,
		0,
		0,
		6,
		4,
		1,
		7,
		9,
		5,
		4,
		5,
		4,
		3,
		6,
		4,
		5,
		8,
		4,
		3,
		1,
		9,
		2,
		7,
		0,
		1,
		4,
		9,
		2,
		4,
		4,
		7,
		0,
		0,
		8,
		9,
		3,
		3,
		7,
		7,
		7,
		5,
		7,
		2,
		3,
		3
	],
	"formal_code":[
		5,
		10,
		0,
		1617
	],
	"tensor_product_decompositions":{
		"identifiers":[
			"formal_code"
		],
		"value":[]
	},
	"sub_fusion_rings":{
		"identifiers":[
			"injection",
			"formal_code"
		],
		"value":[]
	},
	"numeric_characters":[
		[
			[
				1.0,
				0
			],
			[
				5.5560340315714045,
				0
			],
			[
				1.0687865726406004e1,
				0
			],
			[
				1.7322231617816197e1,
				0
			],
			[
				1.918164843357359e1,
				0
			]
		],
		[
			[
				1.0,
				0
			],
			[
				-0.7996741054198763,
				0
			],
			[
				-4.584035053724031e-2,
				0
			],
			[
				0.5755062106557789,
				0
			],
			[
				-0.3146809745836804,
				0
			]
		],
		[
			[
				1.0,
				0
			],
			[
				1.0274624449380596,
				0
			],
			[
				0.17698296062416546,
				0
			],
			[
				-0.362157607318354,
				0
			],
			[
				-0.12130388486607022,
				0
			]
		],
		[
			[
				1.0,
				0
			],
			[
				-0.2604310503913288,
				0
			],
			[
				-3.8300826705326445,
				0
			],
			[
				-0.8200017495884022,
				0
			],
			[
				2.8979070025405753,
				0
			]
		],
		[
			[
				1.0,
				0
			],
			[
				-2.5233913206982588,
				0
			],
			[
				3.0110743340397157,
				0
			],
			[
				-3.7155784715652187,
				0
			],
			[
				2.3564294233355874,
				0
			]
		]
	],
	"numeric_frobenius_perron_dimensions":[
		1.0,
		5.5560340315714045,
		1.0687865726406004e1,
		1.7322231617816197e1,
		1.918164843357359e1
	],
	"numeric_frobenius_perron_dimension":8.140953327961511e2,
	"info":"Fusion ring. mult_tab provides structure constants. barcode and formal_code provide unique identifiers see (DOI: 10.1063\/5.0148848). sub_fusion_rings provides tuples where the first element corresponds to the elements of the ring that form the subring isomorphic to the ring identified by the second element of the tuple. software provides doi of original software used to represent fusion ring.",
	"comments":[
		""
	]
}