{
	"references":[
		""
	],
	"software":[
		"https:\/\/doi.org\/10.5281\/zenodo.15920400"
	],
	"mult_tab":[
		[
			[
				1,
				0,
				0,
				0,
				0
			],
			[
				0,
				1,
				0,
				0,
				0
			],
			[
				0,
				0,
				1,
				0,
				0
			],
			[
				0,
				0,
				0,
				1,
				0
			],
			[
				0,
				0,
				0,
				0,
				1
			]
		],
		[
			[
				0,
				1,
				0,
				0,
				0
			],
			[
				1,
				3,
				3,
				3,
				2
			],
			[
				0,
				3,
				5,
				2,
				3
			],
			[
				0,
				3,
				2,
				4,
				4
			],
			[
				0,
				2,
				3,
				4,
				6
			]
		],
		[
			[
				0,
				0,
				1,
				0,
				0
			],
			[
				0,
				3,
				5,
				2,
				3
			],
			[
				1,
				5,
				6,
				3,
				2
			],
			[
				0,
				2,
				3,
				4,
				6
			],
			[
				0,
				3,
				2,
				6,
				7
			]
		],
		[
			[
				0,
				0,
				0,
				1,
				0
			],
			[
				0,
				3,
				2,
				4,
				4
			],
			[
				0,
				2,
				3,
				4,
				6
			],
			[
				1,
				4,
				4,
				4,
				4
			],
			[
				0,
				4,
				6,
				4,
				5
			]
		],
		[
			[
				0,
				0,
				0,
				0,
				1
			],
			[
				0,
				2,
				3,
				4,
				6
			],
			[
				0,
				3,
				2,
				6,
				7
			],
			[
				0,
				4,
				6,
				4,
				5
			],
			[
				1,
				6,
				7,
				5,
				5
			]
		]
	],
	"texnames":[
		"\\text{FR}^{5,7,0}_{23}"
	],
	"barcode":[
		9,
		6,
		1,
		9,
		6,
		6,
		7,
		1,
		1,
		5,
		1,
		5,
		9,
		4,
		6,
		1,
		3,
		2,
		2,
		9,
		6,
		4,
		4,
		3,
		8,
		9,
		1,
		9,
		8,
		8,
		9,
		5,
		2,
		7,
		0,
		3,
		5,
		9,
		3,
		3,
		3,
		6,
		2,
		4,
		3,
		6,
		7,
		1,
		2,
		5,
		5,
		5,
		6,
		4,
		2,
		8,
		8,
		9,
		9,
		2,
		5,
		2,
		5,
		3,
		7,
		0,
		7,
		1,
		2,
		8,
		2,
		3,
		4,
		6,
		8,
		2,
		0,
		6,
		0,
		9,
		8,
		9,
		7,
		9,
		8,
		0,
		9,
		8,
		8,
		5,
		1,
		1,
		1,
		7,
		3,
		5,
		4,
		1,
		9,
		8,
		9,
		0,
		4,
		4,
		2,
		3,
		4,
		8,
		9,
		4,
		5,
		3
	],
	"formal_code":[
		5,
		7,
		0,
		23
	],
	"tensor_product_decompositions":{
		"identifiers":[
			"formal_code"
		],
		"value":[]
	},
	"sub_fusion_rings":{
		"identifiers":[
			"injection",
			"formal_code"
		],
		"value":[]
	},
	"numeric_characters":[
		[
			[
				1.0,
				0
			],
			[
				1.3200820887858814e1,
				0
			],
			[
				1.5744764437822312e1,
				0
			],
			[
				1.604793751675835e1,
				0
			],
			[
				1.9140551793005567e1,
				0
			]
		],
		[
			[
				1.0,
				0
			],
			[
				3.254905287311884,
				0
			],
			[
				5.899343019587655,
				0
			],
			[
				-2.69715062529601,
				0
			],
			[
				-4.888442307719864,
				0
			]
		],
		[
			[
				1.0,
				0
			],
			[
				2.060344628322768,
				0
			],
			[
				-1.7581757540231042,
				0
			],
			[
				1.8081492528563443,
				0
			],
			[
				-1.5429671970047696,
				0
			]
		],
		[
			[
				1.0,
				0
			],
			[
				-0.8767982532221175,
				0
			],
			[
				0.37519838619909446,
				0
			],
			[
				0.5939730511375526,
				0
			],
			[
				-0.2541721877451162,
				0
			]
		],
		[
			[
				1.0,
				0
			],
			[
				0.36072744972865134,
				0
			],
			[
				-0.26113008958595657,
				0
			],
			[
				-0.7529091954562376,
				0
			],
			[
				0.5450298994641825,
				0
			]
		]
	],
	"numeric_frobenius_perron_dimensions":[
		1.0,
		1.3200820887858814e1,
		1.5744764437822312e1,
		1.604793751675835e1,
		1.9140551793005567e1
	],
	"numeric_frobenius_perron_dimension":1.0470563007983524e3,
	"info":"Fusion ring. mult_tab provides structure constants. barcode and formal_code provide unique identifiers see (DOI: 10.1063\/5.0148848). sub_fusion_rings provides tuples where the first element corresponds to the elements of the ring that form the subring isomorphic to the ring identified by the second element of the tuple. software provides doi of original software used to represent fusion ring.",
	"comments":[
		""
	]
}