{
	"references":[
		""
	],
	"software":[
		"https:\/\/doi.org\/10.5281\/zenodo.15920400"
	],
	"mult_tab":[
		[
			[
				1,
				0,
				0,
				0,
				0
			],
			[
				0,
				1,
				0,
				0,
				0
			],
			[
				0,
				0,
				1,
				0,
				0
			],
			[
				0,
				0,
				0,
				1,
				0
			],
			[
				0,
				0,
				0,
				0,
				1
			]
		],
		[
			[
				0,
				1,
				0,
				0,
				0
			],
			[
				1,
				2,
				1,
				1,
				1
			],
			[
				0,
				1,
				4,
				2,
				2
			],
			[
				0,
				1,
				2,
				4,
				2
			],
			[
				0,
				1,
				2,
				2,
				4
			]
		],
		[
			[
				0,
				0,
				1,
				0,
				0
			],
			[
				0,
				1,
				4,
				2,
				2
			],
			[
				1,
				4,
				2,
				6,
				8
			],
			[
				0,
				2,
				6,
				5,
				6
			],
			[
				0,
				2,
				8,
				6,
				3
			]
		],
		[
			[
				0,
				0,
				0,
				1,
				0
			],
			[
				0,
				1,
				2,
				4,
				2
			],
			[
				0,
				2,
				6,
				5,
				6
			],
			[
				1,
				4,
				5,
				7,
				4
			],
			[
				0,
				2,
				6,
				4,
				7
			]
		],
		[
			[
				0,
				0,
				0,
				0,
				1
			],
			[
				0,
				1,
				2,
				2,
				4
			],
			[
				0,
				2,
				8,
				6,
				3
			],
			[
				0,
				2,
				6,
				4,
				7
			],
			[
				1,
				4,
				3,
				7,
				6
			]
		]
	],
	"texnames":[
		"\\text{FR}^{5,8,0}_{394}"
	],
	"barcode":[
		2,
		1,
		1,
		8,
		7,
		1,
		2,
		2,
		9,
		9,
		1,
		3,
		9,
		8,
		3,
		2,
		0,
		3,
		2,
		5,
		8,
		3,
		1,
		9,
		3,
		6,
		7,
		6,
		1,
		8,
		4,
		5,
		8,
		8,
		4,
		4,
		8,
		9,
		7,
		7,
		0,
		0,
		2,
		5,
		0,
		2,
		8,
		7,
		0,
		6,
		7,
		0,
		9,
		0,
		9,
		9,
		0,
		1,
		1,
		8,
		9,
		2,
		8,
		2,
		4,
		3,
		9,
		7,
		1,
		3,
		3,
		7,
		5,
		8,
		2,
		0,
		2,
		8,
		5,
		5,
		0,
		4,
		4,
		4,
		0,
		6,
		1,
		4,
		3,
		8,
		3,
		9,
		0,
		5,
		7,
		4,
		5,
		1,
		6,
		3,
		7,
		3,
		1,
		7,
		7,
		8,
		8,
		6,
		4,
		9,
		2,
		1,
		2,
		7,
		3,
		5,
		4,
		0,
		6
	],
	"formal_code":[
		5,
		8,
		0,
		394
	],
	"tensor_product_decompositions":{
		"identifiers":[
			"formal_code"
		],
		"value":[]
	},
	"sub_fusion_rings":{
		"identifiers":[
			"injection",
			"formal_code"
		],
		"value":[]
	},
	"numeric_characters":[
		[
			[
				1.0,
				0
			],
			[
				8.47213595499958,
				0
			],
			[
				1.794427190999916e1,
				0
			],
			[
				1.794427190999916e1,
				0
			],
			[
				1.794427190999916e1,
				0
			]
		],
		[
			[
				1.0,
				0
			],
			[
				2.0,
				0
			],
			[
				-1.5134647773614853,
				0
			],
			[
				3.8951065159275307,
				0
			],
			[
				-3.3816417385660453,
				0
			]
		],
		[
			[
				1.0,
				0
			],
			[
				2.0,
				0
			],
			[
				-6.0340418358034915,
				0
			],
			[
				0.39729506929709035,
				0
			],
			[
				4.636746766506401,
				0
			]
		],
		[
			[
				1.0,
				0
			],
			[
				2.0,
				0
			],
			[
				0.5475066131649765,
				0
			],
			[
				-1.2924015852246211,
				0
			],
			[
				-0.25510502794035544,
				0
			]
		],
		[
			[
				1.0,
				0
			],
			[
				-0.4721359549995796,
				0
			],
			[
				5.572809000084078e-2,
				0
			],
			[
				5.572809000084078e-2,
				0
			],
			[
				5.572809000084078e-2,
				0
			]
		]
	],
	"numeric_frobenius_perron_dimensions":[
		1.0,
		8.47213595499958,
		1.794427190999916e1,
		1.794427190999916e1,
		1.794427190999916e1
	],
	"numeric_frobenius_perron_dimension":1.0387677707799512e3,
	"info":"Fusion ring. mult_tab provides structure constants. barcode and formal_code provide unique identifiers see (DOI: 10.1063\/5.0148848). sub_fusion_rings provides tuples where the first element corresponds to the elements of the ring that form the subring isomorphic to the ring identified by the second element of the tuple. software provides doi of original software used to represent fusion ring.",
	"comments":[
		""
	]
}