{
	"references":[
		""
	],
	"software":[
		"https:\/\/doi.org\/10.5281\/zenodo.15920400"
	],
	"mult_tab":[
		[
			[
				1,
				0,
				0,
				0,
				0
			],
			[
				0,
				1,
				0,
				0,
				0
			],
			[
				0,
				0,
				1,
				0,
				0
			],
			[
				0,
				0,
				0,
				1,
				0
			],
			[
				0,
				0,
				0,
				0,
				1
			]
		],
		[
			[
				0,
				1,
				0,
				0,
				0
			],
			[
				1,
				0,
				0,
				0,
				0
			],
			[
				0,
				0,
				1,
				0,
				0
			],
			[
				0,
				0,
				0,
				1,
				0
			],
			[
				0,
				0,
				0,
				0,
				1
			]
		],
		[
			[
				0,
				0,
				1,
				0,
				0
			],
			[
				0,
				0,
				1,
				0,
				0
			],
			[
				1,
				1,
				4,
				0,
				1
			],
			[
				0,
				0,
				0,
				6,
				1
			],
			[
				0,
				0,
				1,
				1,
				6
			]
		],
		[
			[
				0,
				0,
				0,
				1,
				0
			],
			[
				0,
				0,
				0,
				1,
				0
			],
			[
				0,
				0,
				0,
				6,
				1
			],
			[
				1,
				1,
				6,
				2,
				11
			],
			[
				0,
				0,
				1,
				11,
				8
			]
		],
		[
			[
				0,
				0,
				0,
				0,
				1
			],
			[
				0,
				0,
				0,
				0,
				1
			],
			[
				0,
				0,
				1,
				1,
				6
			],
			[
				0,
				0,
				1,
				11,
				8
			],
			[
				1,
				1,
				6,
				8,
				12
			]
		]
	],
	"texnames":[
		"\\text{FR}^{5,12,0}_{2792}"
	],
	"barcode":[
		1,
		3,
		4,
		5,
		7,
		8,
		5,
		2,
		8,
		7,
		0,
		6,
		3,
		2,
		5,
		1,
		9,
		2,
		9,
		5,
		4,
		0,
		9,
		2,
		4,
		6,
		7,
		7,
		1,
		2,
		3,
		4,
		6,
		1,
		3,
		9,
		6,
		0,
		1,
		0,
		1,
		3,
		3,
		2,
		6,
		1,
		6,
		5,
		6,
		2,
		3,
		4,
		8,
		4,
		6,
		0,
		6,
		4,
		3,
		8,
		1,
		2,
		4,
		9,
		6,
		8,
		1,
		0,
		3,
		8,
		4,
		6,
		1,
		7,
		6,
		3,
		3,
		4,
		2,
		4,
		3,
		7,
		3,
		9,
		9,
		4,
		7,
		7,
		8,
		7,
		7,
		1,
		8,
		1,
		2,
		3,
		2,
		2,
		5,
		2,
		9,
		8,
		2,
		1,
		9,
		7,
		9,
		6,
		5,
		1,
		9,
		4,
		2,
		5,
		2,
		6,
		1,
		9,
		2,
		6,
		0,
		5,
		0,
		6,
		8,
		3,
		8,
		3,
		0,
		6,
		9,
		6,
		2,
		6,
		2,
		5,
		1,
		9,
		4
	],
	"formal_code":[
		5,
		12,
		0,
		2792
	],
	"tensor_product_decompositions":{
		"identifiers":[
			"formal_code"
		],
		"value":[]
	},
	"sub_fusion_rings":{
		"identifiers":[
			"injection",
			"formal_code"
		],
		"value":[
			[
				[
					1,
					2
				],
				[
					2,
					1,
					0,
					1
				]
			]
		]
	},
	"numeric_characters":[
		[
			[
				1.0,
				0
			],
			[
				1.0,
				0
			],
			[
				7.18659288088423,
				0
			],
			[
				1.7614083186192794e1,
				0
			],
			[
				2.090074571203897e1,
				0
			]
		],
		[
			[
				1.0,
				0
			],
			[
				1.0,
				0
			],
			[
				5.37976604308601,
				0
			],
			[
				-8.743182222687105,
				0
			],
			[
				5.42281850599727,
				0
			]
		],
		[
			[
				1.0,
				0
			],
			[
				1.0,
				0
			],
			[
				3.898110817480614,
				0
			],
			[
				1.1404860658209162,
				0
			],
			[
				-2.3971753245630767,
				0
			]
		],
		[
			[
				1.0,
				0
			],
			[
				1.0,
				0
			],
			[
				-0.4644697414508537,
				0
			],
			[
				-1.1387029326602833e-2,
				0
			],
			[
				7.36111065268375e-2,
				0
			]
		],
		[
			[
				1.0,
				0
			],
			[
				-1.0,
				0
			],
			[
				0.0,
				0
			],
			[
				0.0,
				0
			],
			[
				0.0,
				0
			]
		]
	],
	"numeric_frobenius_perron_dimensions":[
		1.0,
		1.0,
		7.186592880884223,
		1.7614083186192794e1,
		2.090074571203897e1
	],
	"numeric_frobenius_perron_dimension":8.007442150450108e2,
	"info":"Fusion ring. mult_tab provides structure constants. barcode and formal_code provide unique identifiers see (DOI: 10.1063\/5.0148848). sub_fusion_rings provides tuples where the first element corresponds to the elements of the ring that form the subring isomorphic to the ring identified by the second element of the tuple. software provides doi of original software used to represent fusion ring.",
	"comments":[
		""
	]
}