{
	"references":[
		""
	],
	"software":[
		"https:\/\/doi.org\/10.5281\/zenodo.15920400"
	],
	"mult_tab":[
		[
			[
				1,
				0,
				0,
				0,
				0
			],
			[
				0,
				1,
				0,
				0,
				0
			],
			[
				0,
				0,
				1,
				0,
				0
			],
			[
				0,
				0,
				0,
				1,
				0
			],
			[
				0,
				0,
				0,
				0,
				1
			]
		],
		[
			[
				0,
				1,
				0,
				0,
				0
			],
			[
				1,
				7,
				2,
				1,
				2
			],
			[
				0,
				2,
				3,
				2,
				4
			],
			[
				0,
				1,
				2,
				6,
				6
			],
			[
				0,
				2,
				4,
				6,
				7
			]
		],
		[
			[
				0,
				0,
				1,
				0,
				0
			],
			[
				0,
				2,
				3,
				2,
				4
			],
			[
				1,
				3,
				0,
				7,
				2
			],
			[
				0,
				2,
				7,
				4,
				6
			],
			[
				0,
				4,
				2,
				6,
				9
			]
		],
		[
			[
				0,
				0,
				0,
				1,
				0
			],
			[
				0,
				1,
				2,
				6,
				6
			],
			[
				0,
				2,
				7,
				4,
				6
			],
			[
				1,
				6,
				4,
				10,
				8
			],
			[
				0,
				6,
				6,
				8,
				13
			]
		],
		[
			[
				0,
				0,
				0,
				0,
				1
			],
			[
				0,
				2,
				4,
				6,
				7
			],
			[
				0,
				4,
				2,
				6,
				9
			],
			[
				0,
				6,
				6,
				8,
				13
			],
			[
				1,
				7,
				9,
				13,
				12
			]
		]
	],
	"texnames":[
		"\\text{FR}^{5,13,0}_{209}"
	],
	"barcode":[
		1,
		3,
		1,
		7,
		8,
		8,
		1,
		8,
		6,
		4,
		8,
		7,
		2,
		1,
		4,
		1,
		5,
		3,
		0,
		1,
		5,
		0,
		1,
		5,
		4,
		3,
		3,
		8,
		4,
		9,
		5,
		2,
		4,
		7,
		8,
		8,
		0,
		8,
		2,
		6,
		3,
		5,
		2,
		9,
		6,
		2,
		9,
		0,
		4,
		1,
		4,
		9,
		6,
		8,
		1,
		1,
		6,
		6,
		7,
		0,
		4,
		7,
		4,
		0,
		0,
		4,
		0,
		4,
		9,
		7,
		0,
		3,
		0,
		9,
		7,
		5,
		1,
		6,
		3,
		5,
		6,
		0,
		3,
		3,
		6,
		8,
		0,
		5,
		5,
		8,
		7,
		9,
		3,
		0,
		4,
		5,
		9,
		0,
		2,
		1,
		4,
		1,
		0,
		2,
		9,
		8,
		9,
		3,
		5,
		9,
		9,
		4,
		4,
		5,
		3,
		8,
		0,
		1,
		8,
		0,
		5,
		0,
		8,
		5,
		9,
		3,
		5,
		0,
		2,
		2,
		7,
		5,
		8,
		5,
		8,
		3,
		3,
		3,
		3,
		3,
		2,
		2,
		6
	],
	"formal_code":[
		5,
		13,
		0,
		209
	],
	"tensor_product_decompositions":{
		"identifiers":[
			"formal_code"
		],
		"value":[]
	},
	"sub_fusion_rings":{
		"identifiers":[
			"injection",
			"formal_code"
		],
		"value":[]
	},
	"numeric_characters":[
		[
			[
				1.0,
				0
			],
			[
				1.5135593799933554e1,
				0
			],
			[
				1.701488505214491e1,
				0
			],
			[
				2.583204316085686e1,
				0
			],
			[
				3.1137614905952756e1,
				0
			]
		],
		[
			[
				1.0,
				0
			],
			[
				6.504981405455956,
				0
			],
			[
				0.6089008164446453,
				0
			],
			[
				-2.4510492710579452,
				0
			],
			[
				-1.4934195573476472,
				0
			]
		],
		[
			[
				1.0,
				0
			],
			[
				-0.3391003310059797,
				0
			],
			[
				3.478866988310277,
				0
			],
			[
				2.9314765234105478,
				0
			],
			[
				-4.200259574250439,
				0
			]
		],
		[
			[
				1.0,
				0
			],
			[
				1.8595928064468192,
				0
			],
			[
				-6.084412727070514,
				0
			],
			[
				4.80525643319919,
				0
			],
			[
				-1.5977476091985696,
				0
			]
		],
		[
			[
				1.0,
				0
			],
			[
				-0.16106768083035017,
				0
			],
			[
				-1.8240129829315038e-2,
				0
			],
			[
				-0.11772684640865134,
				0
			],
			[
				0.1538118348439001,
				0
			]
		]
	],
	"numeric_frobenius_perron_dimensions":[
		1.0,
		1.5135593799933556e1,
		1.701488505214491e1,
		2.583204316085686e1,
		3.1137614905952756e1
	],
	"numeric_frobenius_perron_dimension":2.156438028910074e3,
	"info":"Fusion ring. mult_tab provides structure constants. barcode and formal_code provide unique identifiers see (DOI: 10.1063\/5.0148848). sub_fusion_rings provides tuples where the first element corresponds to the elements of the ring that form the subring isomorphic to the ring identified by the second element of the tuple. software provides doi of original software used to represent fusion ring.",
	"comments":[
		""
	]
}