{
	"references":[
		""
	],
	"software":[
		"https:\/\/doi.org\/10.5281\/zenodo.15920400"
	],
	"mult_tab":[
		[
			[
				1,
				0,
				0,
				0,
				0
			],
			[
				0,
				1,
				0,
				0,
				0
			],
			[
				0,
				0,
				1,
				0,
				0
			],
			[
				0,
				0,
				0,
				1,
				0
			],
			[
				0,
				0,
				0,
				0,
				1
			]
		],
		[
			[
				0,
				1,
				0,
				0,
				0
			],
			[
				1,
				0,
				0,
				4,
				0
			],
			[
				0,
				0,
				1,
				0,
				2
			],
			[
				0,
				4,
				0,
				3,
				0
			],
			[
				0,
				0,
				2,
				0,
				5
			]
		],
		[
			[
				0,
				0,
				1,
				0,
				0
			],
			[
				0,
				0,
				1,
				0,
				2
			],
			[
				1,
				1,
				5,
				1,
				0
			],
			[
				0,
				0,
				1,
				0,
				3
			],
			[
				0,
				2,
				0,
				3,
				5
			]
		],
		[
			[
				0,
				0,
				0,
				1,
				0
			],
			[
				0,
				4,
				0,
				3,
				0
			],
			[
				0,
				0,
				1,
				0,
				3
			],
			[
				1,
				3,
				0,
				6,
				0
			],
			[
				0,
				0,
				3,
				0,
				7
			]
		],
		[
			[
				0,
				0,
				0,
				0,
				1
			],
			[
				0,
				0,
				2,
				0,
				5
			],
			[
				0,
				2,
				0,
				3,
				5
			],
			[
				0,
				0,
				3,
				0,
				7
			],
			[
				1,
				5,
				5,
				7,
				10
			]
		]
	],
	"texnames":[
		"\\text{FR}^{5,10,0}_{635}"
	],
	"barcode":[
		1,
		3,
		5,
		7,
		3,
		5,
		4,
		2,
		4,
		2,
		7,
		5,
		2,
		9,
		3,
		3,
		8,
		1,
		9,
		3,
		4,
		5,
		1,
		1,
		6,
		7,
		9,
		7,
		8,
		9,
		8,
		7,
		8,
		2,
		2,
		5,
		4,
		5,
		4,
		9,
		9,
		4,
		9,
		1,
		0,
		9,
		2,
		7,
		0,
		9,
		0,
		7,
		0,
		7,
		5,
		8,
		3,
		9,
		0,
		9,
		6,
		7,
		9,
		4,
		7,
		2,
		4,
		9,
		4,
		0,
		3,
		5,
		3,
		7,
		3,
		9,
		7,
		4,
		4,
		7,
		2,
		8,
		0,
		8,
		4,
		4,
		8,
		9,
		7,
		1,
		4,
		1,
		6,
		3,
		1,
		5,
		7,
		9,
		4,
		1,
		9,
		1,
		4,
		6,
		6,
		2,
		5,
		8,
		4,
		7,
		3,
		4,
		3,
		7,
		9,
		0,
		2,
		5,
		3,
		7,
		9,
		3,
		1,
		8,
		2,
		3,
		8,
		2,
		3,
		2
	],
	"formal_code":[
		5,
		10,
		0,
		635
	],
	"tensor_product_decompositions":{
		"identifiers":[
			"formal_code"
		],
		"value":[]
	},
	"sub_fusion_rings":{
		"identifiers":[
			"injection",
			"formal_code"
		],
		"value":[
			[
				[
					1,
					2,
					4
				],
				[
					3,
					6,
					0,
					1
				]
			]
		]
	},
	"numeric_characters":[
		[
			[
				1.0,
				0
			],
			[
				5.82842712474619,
				0
			],
			[
				7.117474180963601,
				0
			],
			[
				8.242640687119286,
				0
			],
			[
				1.718310269752266e1,
				0
			]
		],
		[
			[
				1.0,
				0
			],
			[
				0.1715728752538097,
				0
			],
			[
				5.179352942061669,
				0
			],
			[
				-0.24264068711928566,
				0
			],
			[
				-2.1453582329189347,
				0
			]
		],
		[
			[
				1.0,
				0
			],
			[
				5.82842712474619,
				0
			],
			[
				-2.1174741809636006,
				0
			],
			[
				8.242640687119286,
				0
			],
			[
				-5.112034885657186,
				0
			]
		],
		[
			[
				1.0,
				0
			],
			[
				-3.0,
				0
			],
			[
				0.0,
				0
			],
			[
				2.0,
				0
			],
			[
				0.0,
				0
			]
		],
		[
			[
				1.0,
				0
			],
			[
				0.1715728752538097,
				0
			],
			[
				-0.17935294206166963,
				0
			],
			[
				-0.24264068711928566,
				0
			],
			[
				7.42904210534595e-2,
				0
			]
		]
	],
	"numeric_frobenius_perron_dimensions":[
		1.0,
		5.82842712474619,
		7.117474180963601,
		8.242640687119286,
		1.718310269752266e1
	],
	"numeric_frobenius_perron_dimension":4.488291452757254e2,
	"info":"Fusion ring. mult_tab provides structure constants. barcode and formal_code provide unique identifiers see (DOI: 10.1063\/5.0148848). sub_fusion_rings provides tuples where the first element corresponds to the elements of the ring that form the subring isomorphic to the ring identified by the second element of the tuple. software provides doi of original software used to represent fusion ring.",
	"comments":[
		""
	]
}