{
	"references":[
		""
	],
	"software":[
		"https:\/\/doi.org\/10.5281\/zenodo.15920400"
	],
	"mult_tab":[
		[
			[
				1,
				0,
				0,
				0,
				0
			],
			[
				0,
				1,
				0,
				0,
				0
			],
			[
				0,
				0,
				1,
				0,
				0
			],
			[
				0,
				0,
				0,
				1,
				0
			],
			[
				0,
				0,
				0,
				0,
				1
			]
		],
		[
			[
				0,
				1,
				0,
				0,
				0
			],
			[
				1,
				2,
				0,
				1,
				0
			],
			[
				0,
				0,
				0,
				2,
				2
			],
			[
				0,
				1,
				2,
				0,
				2
			],
			[
				0,
				0,
				2,
				2,
				2
			]
		],
		[
			[
				0,
				0,
				1,
				0,
				0
			],
			[
				0,
				0,
				0,
				2,
				2
			],
			[
				1,
				0,
				1,
				7,
				3
			],
			[
				0,
				2,
				7,
				0,
				4
			],
			[
				0,
				2,
				3,
				4,
				7
			]
		],
		[
			[
				0,
				0,
				0,
				1,
				0
			],
			[
				0,
				1,
				2,
				0,
				2
			],
			[
				0,
				2,
				7,
				0,
				4
			],
			[
				1,
				0,
				0,
				8,
				4
			],
			[
				0,
				2,
				4,
				4,
				7
			]
		],
		[
			[
				0,
				0,
				0,
				0,
				1
			],
			[
				0,
				0,
				2,
				2,
				2
			],
			[
				0,
				2,
				3,
				4,
				7
			],
			[
				0,
				2,
				4,
				4,
				7
			],
			[
				1,
				2,
				7,
				7,
				7
			]
		]
	],
	"texnames":[
		"\\text{FR}^{5,8,0}_{228}"
	],
	"barcode":[
		2,
		1,
		1,
		8,
		7,
		1,
		2,
		2,
		9,
		9,
		1,
		3,
		9,
		8,
		3,
		2,
		0,
		3,
		2,
		5,
		8,
		3,
		1,
		9,
		3,
		6,
		7,
		6,
		2,
		1,
		9,
		6,
		8,
		3,
		6,
		6,
		9,
		0,
		2,
		9,
		7,
		0,
		8,
		4,
		9,
		6,
		4,
		7,
		6,
		5,
		0,
		3,
		9,
		8,
		8,
		9,
		4,
		3,
		9,
		9,
		4,
		1,
		2,
		0,
		9,
		5,
		0,
		5,
		4,
		3,
		6,
		1,
		6,
		3,
		5,
		1,
		1,
		2,
		3,
		4,
		1,
		8,
		4,
		0,
		3,
		8,
		6,
		9,
		8,
		4,
		8,
		6,
		7,
		0,
		2,
		6,
		1,
		2,
		3,
		5,
		1,
		4,
		0,
		2,
		9,
		1,
		7,
		8,
		1,
		5,
		5,
		9,
		0,
		8,
		2,
		9,
		4,
		5,
		6
	],
	"formal_code":[
		5,
		8,
		0,
		228
	],
	"tensor_product_decompositions":{
		"identifiers":[
			"formal_code"
		],
		"value":[]
	},
	"sub_fusion_rings":{
		"identifiers":[
			"injection",
			"formal_code"
		],
		"value":[]
	},
	"numeric_characters":[
		[
			[
				1.0,
				0
			],
			[
				4.924373002233831,
				0
			],
			[
				1.2689538276370685e1,
				0
			],
			[
				1.3400703460661768e1,
				0
			],
			[
				1.7843306388824537e1,
				0
			]
		],
		[
			[
				1.0,
				0
			],
			[
				-2.144809908469468,
				0
			],
			[
				-6.921380253205719,
				0
			],
			[
				7.8898293604077425,
				0
			],
			[
				-0.46730688672747256,
				0
			]
		],
		[
			[
				1.0,
				0
			],
			[
				2.4831408695243535,
				0
			],
			[
				-0.35417735568620995,
				0
			],
			[
				0.19970683885345586,
				0
			],
			[
				-0.6394429723357017,
				0
			]
		],
		[
			[
				1.0,
				0
			],
			[
				-0.32545840207207966,
				0
			],
			[
				-4.8803310590020514e-2,
				0
			],
			[
				-0.24316002437652917,
				0
			],
			[
				0.2511017481167569,
				0
			]
		],
		[
			[
				1.0,
				0
			],
			[
				-0.9372455612166367,
				0
			],
			[
				2.634822643111265,
				0
			],
			[
				1.7529203644535618,
				0
			],
			[
				-2.9876582778781215,
				0
			]
		]
	],
	"numeric_frobenius_perron_dimensions":[
		1.0,
		4.92437300223383,
		1.2689538276370683e1,
		1.340070346066178e1,
		1.7843306388824537e1
	],
	"numeric_frobenius_perron_dimension":6.842362672586653e2,
	"info":"Fusion ring. mult_tab provides structure constants. barcode and formal_code provide unique identifiers see (DOI: 10.1063\/5.0148848). sub_fusion_rings provides tuples where the first element corresponds to the elements of the ring that form the subring isomorphic to the ring identified by the second element of the tuple. software provides doi of original software used to represent fusion ring.",
	"comments":[
		""
	]
}