{
	"references":[
		""
	],
	"software":[
		"https:\/\/doi.org\/10.5281\/zenodo.15920400"
	],
	"mult_tab":[
		[
			[
				1,
				0,
				0,
				0,
				0
			],
			[
				0,
				1,
				0,
				0,
				0
			],
			[
				0,
				0,
				1,
				0,
				0
			],
			[
				0,
				0,
				0,
				1,
				0
			],
			[
				0,
				0,
				0,
				0,
				1
			]
		],
		[
			[
				0,
				1,
				0,
				0,
				0
			],
			[
				1,
				3,
				1,
				2,
				2
			],
			[
				0,
				1,
				3,
				3,
				3
			],
			[
				0,
				2,
				3,
				3,
				3
			],
			[
				0,
				2,
				3,
				3,
				7
			]
		],
		[
			[
				0,
				0,
				1,
				0,
				0
			],
			[
				0,
				1,
				3,
				3,
				3
			],
			[
				1,
				3,
				2,
				2,
				6
			],
			[
				0,
				3,
				2,
				3,
				6
			],
			[
				0,
				3,
				6,
				6,
				7
			]
		],
		[
			[
				0,
				0,
				0,
				1,
				0
			],
			[
				0,
				2,
				3,
				3,
				3
			],
			[
				0,
				3,
				2,
				3,
				6
			],
			[
				1,
				3,
				3,
				3,
				6
			],
			[
				0,
				3,
				6,
				6,
				8
			]
		],
		[
			[
				0,
				0,
				0,
				0,
				1
			],
			[
				0,
				2,
				3,
				3,
				7
			],
			[
				0,
				3,
				6,
				6,
				7
			],
			[
				0,
				3,
				6,
				6,
				8
			],
			[
				1,
				7,
				7,
				8,
				13
			]
		]
	],
	"texnames":[
		"\\text{FR}^{5,13,0}_{305}"
	],
	"barcode":[
		1,
		3,
		1,
		7,
		8,
		8,
		1,
		8,
		6,
		4,
		8,
		7,
		2,
		1,
		4,
		1,
		5,
		3,
		0,
		1,
		5,
		0,
		1,
		5,
		4,
		3,
		3,
		8,
		4,
		9,
		5,
		2,
		4,
		7,
		8,
		9,
		2,
		5,
		1,
		9,
		3,
		1,
		0,
		5,
		9,
		9,
		1,
		1,
		1,
		6,
		5,
		2,
		1,
		0,
		2,
		1,
		8,
		3,
		5,
		3,
		1,
		2,
		1,
		5,
		9,
		2,
		9,
		0,
		0,
		3,
		7,
		4,
		9,
		4,
		1,
		9,
		3,
		7,
		2,
		7,
		1,
		1,
		8,
		1,
		6,
		1,
		9,
		3,
		4,
		7,
		8,
		7,
		9,
		9,
		9,
		6,
		8,
		6,
		3,
		9,
		7,
		5,
		1,
		1,
		9,
		0,
		5,
		0,
		7,
		1,
		0,
		1,
		6,
		5,
		2,
		5,
		8,
		7,
		9,
		9,
		2,
		3,
		1,
		9,
		4,
		6,
		2,
		7,
		3,
		8,
		4,
		3,
		5,
		5,
		9,
		0,
		3,
		4,
		5,
		1,
		2,
		5,
		2
	],
	"formal_code":[
		5,
		13,
		0,
		305
	],
	"tensor_product_decompositions":{
		"identifiers":[
			"formal_code"
		],
		"value":[]
	},
	"sub_fusion_rings":{
		"identifiers":[
			"injection",
			"formal_code"
		],
		"value":[]
	},
	"numeric_characters":[
		[
			[
				1.0,
				0
			],
			[
				1.1750868691041449e1,
				0
			],
			[
				1.6047062647116007e1,
				0
			],
			[
				1.7047062647116007e1,
				0
			],
			[
				2.58445604898129e1,
				0
			]
		],
		[
			[
				1.0,
				0
			],
			[
				2.6697695331345903,
				0
			],
			[
				-0.13052940905494154,
				0
			],
			[
				0.8694705909450584,
				0
			],
			[
				-1.7450255060926287,
				0
			]
		],
		[
			[
				1.0,
				0
			],
			[
				2.1205121763143167,
				0
			],
			[
				-3.508286968975569,
				0
			],
			[
				-2.508286968975569,
				0
			],
			[
				2.829948133940518,
				0
			]
		],
		[
			[
				1.0,
				0
			],
			[
				-0.5411504004903555,
				0
			],
			[
				-0.40824626908549544,
				0
			],
			[
				0.5917537309145046,
				0
			],
			[
				7.051688233921252e-2,
				0
			]
		],
		[
			[
				1.0,
				0
			],
			[
				0.0,
				0
			],
			[
				1.0,
				0
			],
			[
				-1.0,
				0
			],
			[
				0.0,
				0
			]
		]
	],
	"numeric_frobenius_perron_dimensions":[
		1.0,
		1.175086869104145e1,
		1.6047062647116007e1,
		1.7047062647116007e1,
		2.5844560489812903e1
	],
	"numeric_frobenius_perron_dimension":1.3551347864008599e3,
	"info":"Fusion ring. mult_tab provides structure constants. barcode and formal_code provide unique identifiers see (DOI: 10.1063\/5.0148848). sub_fusion_rings provides tuples where the first element corresponds to the elements of the ring that form the subring isomorphic to the ring identified by the second element of the tuple. software provides doi of original software used to represent fusion ring.",
	"comments":[
		""
	]
}