{
	"references":[
		""
	],
	"software":[
		"https:\/\/doi.org\/10.5281\/zenodo.15920400"
	],
	"mult_tab":[
		[
			[
				1,
				0,
				0,
				0,
				0
			],
			[
				0,
				1,
				0,
				0,
				0
			],
			[
				0,
				0,
				1,
				0,
				0
			],
			[
				0,
				0,
				0,
				1,
				0
			],
			[
				0,
				0,
				0,
				0,
				1
			]
		],
		[
			[
				0,
				1,
				0,
				0,
				0
			],
			[
				1,
				3,
				1,
				0,
				5
			],
			[
				0,
				1,
				3,
				6,
				3
			],
			[
				0,
				0,
				6,
				5,
				4
			],
			[
				0,
				5,
				3,
				4,
				8
			]
		],
		[
			[
				0,
				0,
				1,
				0,
				0
			],
			[
				0,
				1,
				3,
				6,
				3
			],
			[
				1,
				3,
				5,
				2,
				8
			],
			[
				0,
				6,
				2,
				6,
				8
			],
			[
				0,
				3,
				8,
				8,
				9
			]
		],
		[
			[
				0,
				0,
				0,
				1,
				0
			],
			[
				0,
				0,
				6,
				5,
				4
			],
			[
				0,
				6,
				2,
				6,
				8
			],
			[
				1,
				5,
				6,
				3,
				11
			],
			[
				0,
				4,
				8,
				11,
				10
			]
		],
		[
			[
				0,
				0,
				0,
				0,
				1
			],
			[
				0,
				5,
				3,
				4,
				8
			],
			[
				0,
				3,
				8,
				8,
				9
			],
			[
				0,
				4,
				8,
				11,
				10
			],
			[
				1,
				8,
				9,
				10,
				16
			]
		]
	],
	"texnames":[
		"\\text{FR}^{5,16,0}_{543}"
	],
	"barcode":[
		3,
		7,
		6,
		4,
		1,
		4,
		4,
		3,
		4,
		3,
		0,
		6,
		5,
		8,
		9,
		6,
		9,
		9,
		4,
		3,
		9,
		0,
		0,
		0,
		5,
		8,
		2,
		8,
		2,
		6,
		5,
		5,
		9,
		0,
		2,
		3,
		0,
		6,
		0,
		9,
		7,
		3,
		6,
		7,
		8,
		6,
		2,
		0,
		2,
		8,
		3,
		6,
		0,
		0,
		8,
		4,
		0,
		2,
		4,
		2,
		8,
		9,
		7,
		5,
		2,
		9,
		6,
		0,
		9,
		6,
		8,
		1,
		1,
		8,
		2,
		9,
		5,
		2,
		9,
		3,
		1,
		3,
		4,
		8,
		9,
		3,
		6,
		9,
		9,
		1,
		8,
		5,
		7,
		8,
		5,
		1,
		2,
		7,
		3,
		4,
		2,
		7,
		1,
		2,
		6,
		1,
		9,
		9,
		4,
		3,
		7,
		2,
		2,
		3,
		5,
		6,
		3,
		7,
		6,
		4,
		2,
		3,
		3,
		0,
		3,
		7,
		0,
		8,
		7,
		0,
		2,
		7,
		8,
		1,
		6,
		4,
		1,
		8,
		1,
		8,
		9,
		8,
		8,
		8,
		4,
		0,
		4,
		1,
		2,
		9,
		1,
		5,
		4
	],
	"formal_code":[
		5,
		16,
		0,
		543
	],
	"tensor_product_decompositions":{
		"identifiers":[
			"formal_code"
		],
		"value":[]
	},
	"sub_fusion_rings":{
		"identifiers":[
			"injection",
			"formal_code"
		],
		"value":[]
	},
	"numeric_characters":[
		[
			[
				1.0,
				0
			],
			[
				1.5332296841369907e1,
				0
			],
			[
				2.174575764279213e1,
				0
			],
			[
				2.5506805748507187e1,
				0
			],
			[
				3.326733565299595e1,
				0
			]
		],
		[
			[
				1.0,
				0
			],
			[
				6.390301960031323,
				0
			],
			[
				-4.88514572852839,
				0
			],
			[
				-6.380423415298086,
				0
			],
			[
				5.110039797762917,
				0
			]
		],
		[
			[
				1.0,
				0
			],
			[
				-2.458325111964535,
				0
			],
			[
				4.443128159472817,
				0
			],
			[
				-4.429806436014074,
				0
			],
			[
				1.595041906507246,
				0
			]
		],
		[
			[
				1.0,
				0
			],
			[
				0.5772402694312962,
				0
			],
			[
				0.33282517369781783,
				0
			],
			[
				4.2534682402875196e-2,
				0
			],
			[
				-0.5462679306677182,
				0
			]
		],
		[
			[
				1.0,
				0
			],
			[
				-0.8415139588679901,
				0
			],
			[
				-0.6365652474343746,
				0
			],
			[
				0.2608894204020971,
				0
			],
			[
				0.5738505734016044,
				0
			]
		]
	],
	"numeric_frobenius_perron_dimensions":[
		1.0,
		1.5332296841369907e1,
		2.1745757642792135e1,
		2.5506805748507187e1,
		3.3267335652995946e1
	],
	"numeric_frobenius_perron_dimension":2.4662700628321086e3,
	"info":"Fusion ring. mult_tab provides structure constants. barcode and formal_code provide unique identifiers see (DOI: 10.1063\/5.0148848). sub_fusion_rings provides tuples where the first element corresponds to the elements of the ring that form the subring isomorphic to the ring identified by the second element of the tuple. software provides doi of original software used to represent fusion ring.",
	"comments":[
		""
	]
}