{
	"references":[
		""
	],
	"software":[
		"https:\/\/doi.org\/10.5281\/zenodo.15920400"
	],
	"mult_tab":[
		[
			[
				1,
				0,
				0,
				0,
				0
			],
			[
				0,
				1,
				0,
				0,
				0
			],
			[
				0,
				0,
				1,
				0,
				0
			],
			[
				0,
				0,
				0,
				1,
				0
			],
			[
				0,
				0,
				0,
				0,
				1
			]
		],
		[
			[
				0,
				1,
				0,
				0,
				0
			],
			[
				1,
				9,
				1,
				0,
				2
			],
			[
				0,
				1,
				4,
				6,
				3
			],
			[
				0,
				0,
				6,
				9,
				1
			],
			[
				0,
				2,
				3,
				1,
				11
			]
		],
		[
			[
				0,
				0,
				1,
				0,
				0
			],
			[
				0,
				1,
				4,
				6,
				3
			],
			[
				1,
				4,
				9,
				5,
				8
			],
			[
				0,
				6,
				5,
				8,
				11
			],
			[
				0,
				3,
				8,
				11,
				9
			]
		],
		[
			[
				0,
				0,
				0,
				1,
				0
			],
			[
				0,
				0,
				6,
				9,
				1
			],
			[
				0,
				6,
				5,
				8,
				11
			],
			[
				1,
				9,
				8,
				5,
				14
			],
			[
				0,
				1,
				11,
				14,
				9
			]
		],
		[
			[
				0,
				0,
				0,
				0,
				1
			],
			[
				0,
				2,
				3,
				1,
				11
			],
			[
				0,
				3,
				8,
				11,
				9
			],
			[
				0,
				1,
				11,
				14,
				9
			],
			[
				1,
				11,
				9,
				9,
				13
			]
		]
	],
	"texnames":[
		"\\text{FR}^{5,14,0}_{897}"
	],
	"barcode":[
		6,
		8,
		4,
		4,
		0,
		9,
		7,
		0,
		7,
		8,
		0,
		3,
		0,
		6,
		8,
		2,
		0,
		8,
		2,
		8,
		2,
		7,
		0,
		4,
		7,
		6,
		6,
		1,
		8,
		9,
		7,
		5,
		4,
		7,
		1,
		1,
		7,
		6,
		7,
		3,
		2,
		6,
		6,
		6,
		3,
		9,
		3,
		8,
		3,
		2,
		9,
		6,
		0,
		8,
		9,
		0,
		3,
		0,
		0,
		7,
		5,
		9,
		5,
		7,
		2,
		6,
		6,
		2,
		9,
		8,
		5,
		5,
		2,
		3,
		5,
		4,
		6,
		6,
		1,
		3,
		9,
		1,
		6,
		2,
		3,
		6,
		0,
		0,
		8,
		8,
		3,
		7,
		0,
		2,
		9,
		6,
		9,
		7,
		8,
		8,
		7,
		5,
		9,
		7,
		5,
		5,
		2,
		4,
		7,
		4,
		8,
		1,
		5,
		3,
		4,
		9,
		3,
		8,
		1,
		9,
		6,
		3,
		7,
		3,
		2,
		2,
		2,
		4,
		5,
		4,
		3,
		0,
		7,
		0,
		1,
		4,
		6,
		2,
		3,
		3,
		2,
		0,
		6,
		2,
		7,
		5
	],
	"formal_code":[
		5,
		14,
		0,
		897
	],
	"tensor_product_decompositions":{
		"identifiers":[
			"formal_code"
		],
		"value":[]
	},
	"sub_fusion_rings":{
		"identifiers":[
			"injection",
			"formal_code"
		],
		"value":[]
	},
	"numeric_characters":[
		[
			[
				1.0,
				0
			],
			[
				1.52500666252205e1,
				0
			],
			[
				2.7039872399943736e1,
				0
			],
			[
				3.1339868223583927e1,
				0
			],
			[
				3.363703002336797e1,
				0
			]
		],
		[
			[
				1.0,
				0
			],
			[
				7.70558868037276,
				0
			],
			[
				0.5432838969895795,
				0
			],
			[
				1.9306376070706732,
				0
			],
			[
				-5.758742554627805,
				0
			]
		],
		[
			[
				1.0,
				0
			],
			[
				1.0530989483596118e1,
				0
			],
			[
				-4.6473007370269945,
				0
			],
			[
				-1.1756277342773142e1,
				0
			],
			[
				9.88506744413698,
				0
			]
		],
		[
			[
				1.0,
				0
			],
			[
				-0.38335799044876456,
				0
			],
			[
				4.233674369242851,
				0
			],
			[
				-2.6199364542309063,
				0
			],
			[
				-0.8182445531815272,
				0
			]
		],
		[
			[
				1.0,
				0
			],
			[
				-0.10328679874061265,
				0
			],
			[
				-0.16952992914917078,
				0
			],
			[
				0.10570796634944729,
				0
			],
			[
				5.488964030438426e-2,
				0
			]
		]
	],
	"numeric_frobenius_perron_dimensions":[
		1.0,
		1.5250066625220507e1,
		2.7039872399943736e1,
		3.1339868223583927e1,
		3.363703002336797e1
	],
	"numeric_frobenius_perron_dimension":3.0783563605434674e3,
	"info":"Fusion ring. mult_tab provides structure constants. barcode and formal_code provide unique identifiers see (DOI: 10.1063\/5.0148848). sub_fusion_rings provides tuples where the first element corresponds to the elements of the ring that form the subring isomorphic to the ring identified by the second element of the tuple. software provides doi of original software used to represent fusion ring.",
	"comments":[
		""
	]
}