{
	"references":[
		""
	],
	"software":[
		"https:\/\/doi.org\/10.5281\/zenodo.15920400"
	],
	"mult_tab":[
		[
			[
				1,
				0,
				0,
				0,
				0
			],
			[
				0,
				1,
				0,
				0,
				0
			],
			[
				0,
				0,
				1,
				0,
				0
			],
			[
				0,
				0,
				0,
				1,
				0
			],
			[
				0,
				0,
				0,
				0,
				1
			]
		],
		[
			[
				0,
				1,
				0,
				0,
				0
			],
			[
				1,
				2,
				0,
				0,
				1
			],
			[
				0,
				0,
				3,
				1,
				1
			],
			[
				0,
				0,
				1,
				2,
				2
			],
			[
				0,
				1,
				1,
				2,
				2
			]
		],
		[
			[
				0,
				0,
				1,
				0,
				0
			],
			[
				0,
				0,
				3,
				1,
				1
			],
			[
				1,
				3,
				5,
				3,
				4
			],
			[
				0,
				1,
				3,
				5,
				5
			],
			[
				0,
				1,
				4,
				5,
				5
			]
		],
		[
			[
				0,
				0,
				0,
				1,
				0
			],
			[
				0,
				0,
				1,
				2,
				2
			],
			[
				0,
				1,
				3,
				5,
				5
			],
			[
				1,
				2,
				5,
				4,
				4
			],
			[
				0,
				2,
				5,
				4,
				5
			]
		],
		[
			[
				0,
				0,
				0,
				0,
				1
			],
			[
				0,
				1,
				1,
				2,
				2
			],
			[
				0,
				1,
				4,
				5,
				5
			],
			[
				0,
				2,
				5,
				4,
				5
			],
			[
				1,
				2,
				5,
				5,
				5
			]
		]
	],
	"texnames":[
		"\\text{FR}^{5,5,0}_{124}"
	],
	"barcode":[
		3,
		0,
		9,
		5,
		7,
		3,
		9,
		1,
		2,
		6,
		0,
		0,
		3,
		9,
		5,
		8,
		7,
		8,
		8,
		6,
		2,
		2,
		6,
		3,
		9,
		7,
		1,
		9,
		2,
		4,
		1,
		6,
		3,
		1,
		2,
		5,
		4,
		7,
		6,
		9,
		3,
		4,
		8,
		2,
		7,
		2,
		1,
		3,
		0,
		6,
		6,
		4,
		3,
		8,
		3,
		4,
		4,
		9,
		5,
		1,
		9,
		3,
		4,
		9,
		2,
		8,
		4,
		9,
		0,
		3,
		0,
		7,
		9,
		7,
		7,
		5,
		8,
		2,
		1,
		8,
		3,
		0,
		6,
		8,
		1,
		0,
		9,
		0,
		8,
		0,
		5,
		0,
		6,
		4,
		1,
		7,
		0
	],
	"formal_code":[
		5,
		5,
		0,
		124
	],
	"tensor_product_decompositions":{
		"identifiers":[
			"formal_code"
		],
		"value":[]
	},
	"sub_fusion_rings":{
		"identifiers":[
			"injection",
			"formal_code"
		],
		"value":[]
	},
	"numeric_characters":[
		[
			[
				1.0,
				0
			],
			[
				5.120172197134582,
				0
			],
			[
				1.3655323802099579e1,
				0
			],
			[
				1.3975818934040806e1,
				0
			],
			[
				1.4975818934040806e1,
				0
			]
		],
		[
			[
				1.0,
				0
			],
			[
				2.6684747444322108,
				0
			],
			[
				-1.712134855741629,
				0
			],
			[
				-0.2161920271918684,
				0
			],
			[
				0.7838079728081316,
				0
			]
		],
		[
			[
				1.0,
				0
			],
			[
				0.0,
				0
			],
			[
				0.0,
				0
			],
			[
				1.0,
				0
			],
			[
				-1.0,
				0
			]
		],
		[
			[
				1.0,
				0
			],
			[
				1.8159225979831446,
				0
			],
			[
				3.098227043225549,
				0
			],
			[
				-2.334270314100436,
				0
			],
			[
				-1.3342703141004357,
				0
			]
		],
		[
			[
				1.0,
				0
			],
			[
				-0.6045695395499372,
				0
			],
			[
				-4.141598958349824e-2,
				0
			],
			[
				-0.42535659274850235,
				0
			],
			[
				0.5746434072514977,
				0
			]
		]
	],
	"numeric_frobenius_perron_dimensions":[
		1.0,
		5.12017219713458,
		1.3655323802099579e1,
		1.3975818934040806e1,
		1.4975818934040806e1
	],
	"numeric_frobenius_perron_dimension":6.332826990907658e2,
	"info":"Fusion ring. mult_tab provides structure constants. barcode and formal_code provide unique identifiers see (DOI: 10.1063\/5.0148848). sub_fusion_rings provides tuples where the first element corresponds to the elements of the ring that form the subring isomorphic to the ring identified by the second element of the tuple. software provides doi of original software used to represent fusion ring.",
	"comments":[
		""
	]
}