{
	"references":[
		""
	],
	"software":[
		"https:\/\/doi.org\/10.5281\/zenodo.15920400"
	],
	"mult_tab":[
		[
			[
				1,
				0,
				0,
				0,
				0
			],
			[
				0,
				1,
				0,
				0,
				0
			],
			[
				0,
				0,
				1,
				0,
				0
			],
			[
				0,
				0,
				0,
				1,
				0
			],
			[
				0,
				0,
				0,
				0,
				1
			]
		],
		[
			[
				0,
				1,
				0,
				0,
				0
			],
			[
				1,
				14,
				1,
				2,
				5
			],
			[
				0,
				1,
				9,
				7,
				5
			],
			[
				0,
				2,
				7,
				9,
				9
			],
			[
				0,
				5,
				5,
				9,
				12
			]
		],
		[
			[
				0,
				0,
				1,
				0,
				0
			],
			[
				0,
				1,
				9,
				7,
				5
			],
			[
				1,
				9,
				12,
				6,
				1
			],
			[
				0,
				7,
				6,
				7,
				11
			],
			[
				0,
				5,
				1,
				11,
				16
			]
		],
		[
			[
				0,
				0,
				0,
				1,
				0
			],
			[
				0,
				2,
				7,
				9,
				9
			],
			[
				0,
				7,
				6,
				7,
				11
			],
			[
				1,
				9,
				7,
				13,
				11
			],
			[
				0,
				9,
				11,
				11,
				15
			]
		],
		[
			[
				0,
				0,
				0,
				0,
				1
			],
			[
				0,
				5,
				5,
				9,
				12
			],
			[
				0,
				5,
				1,
				11,
				16
			],
			[
				0,
				9,
				11,
				11,
				15
			],
			[
				1,
				12,
				16,
				15,
				12
			]
		]
	],
	"texnames":[
		"\\text{FR}^{5,16,0}_{778}"
	],
	"barcode":[
		3,
		7,
		6,
		4,
		1,
		4,
		4,
		3,
		4,
		3,
		0,
		6,
		5,
		8,
		9,
		6,
		9,
		9,
		4,
		3,
		9,
		0,
		0,
		0,
		5,
		8,
		2,
		8,
		2,
		6,
		5,
		5,
		9,
		0,
		2,
		3,
		0,
		5,
		4,
		3,
		8,
		7,
		9,
		0,
		5,
		3,
		3,
		6,
		4,
		8,
		3,
		4,
		0,
		3,
		5,
		6,
		6,
		5,
		5,
		4,
		0,
		3,
		1,
		0,
		9,
		6,
		0,
		2,
		4,
		8,
		4,
		9,
		6,
		0,
		2,
		3,
		5,
		2,
		6,
		1,
		2,
		0,
		8,
		1,
		6,
		9,
		7,
		1,
		6,
		7,
		6,
		0,
		7,
		3,
		5,
		0,
		4,
		4,
		9,
		0,
		5,
		9,
		1,
		9,
		8,
		4,
		5,
		1,
		0,
		5,
		1,
		1,
		0,
		8,
		5,
		6,
		4,
		4,
		3,
		9,
		8,
		3,
		5,
		3,
		7,
		5,
		8,
		5,
		3,
		5,
		5,
		1,
		0,
		9,
		1,
		6,
		8,
		9,
		8,
		4,
		7,
		8,
		2,
		2,
		8,
		1,
		2,
		6,
		6,
		1,
		7,
		2,
		2
	],
	"formal_code":[
		5,
		16,
		0,
		778
	],
	"tensor_product_decompositions":{
		"identifiers":[
			"formal_code"
		],
		"value":[]
	},
	"sub_fusion_rings":{
		"identifiers":[
			"injection",
			"formal_code"
		],
		"value":[]
	},
	"numeric_characters":[
		[
			[
				1.0,
				0
			],
			[
				2.623763886195854e1,
				0
			],
			[
				2.9262376609192756e1,
				0
			],
			[
				3.7470453799196875e1,
				0
			],
			[
				4.317669295511019e1,
				0
			]
		],
		[
			[
				1.0,
				0
			],
			[
				4.688765926861315,
				0
			],
			[
				1.3813041075558548e1,
				0
			],
			[
				-1.1537562261504486,
				0
			],
			[
				-1.1232745136484082e1,
				0
			]
		],
		[
			[
				1.0,
				0
			],
			[
				1.2784438624817817e1,
				0
			],
			[
				-5.225154470844857,
				0
			],
			[
				-4.248719940010339,
				0
			],
			[
				-0.5635350889700448,
				0
			]
		],
		[
			[
				1.0,
				0
			],
			[
				-9.842820374359489e-2,
				0
			],
			[
				4.935164127202692e-2,
				0
			],
			[
				-0.1377850967074687,
				0
			],
			[
				0.1227803031690859,
				0
			]
		],
		[
			[
				1.0,
				0
			],
			[
				0.38758479010592267,
				0
			],
			[
				-1.8996148551784744,
				0
			],
			[
				4.0698074636713795,
				0
			],
			[
				-2.5031930328251497,
				0
			]
		]
	],
	"numeric_frobenius_perron_dimensions":[
		1.0,
		2.623763886195854e1,
		2.9262376609192756e1,
		3.7470453799196875e1,
		4.317669295511019e1
	],
	"numeric_frobenius_perron_dimension":4.813962100326398e3,
	"info":"Fusion ring. mult_tab provides structure constants. barcode and formal_code provide unique identifiers see (DOI: 10.1063\/5.0148848). sub_fusion_rings provides tuples where the first element corresponds to the elements of the ring that form the subring isomorphic to the ring identified by the second element of the tuple. software provides doi of original software used to represent fusion ring.",
	"comments":[
		""
	]
}