{
	"references":[
		""
	],
	"software":[
		"https:\/\/doi.org\/10.5281\/zenodo.15920400"
	],
	"mult_tab":[
		[
			[
				1,
				0,
				0,
				0,
				0
			],
			[
				0,
				1,
				0,
				0,
				0
			],
			[
				0,
				0,
				1,
				0,
				0
			],
			[
				0,
				0,
				0,
				1,
				0
			],
			[
				0,
				0,
				0,
				0,
				1
			]
		],
		[
			[
				0,
				1,
				0,
				0,
				0
			],
			[
				1,
				5,
				2,
				3,
				3
			],
			[
				0,
				2,
				2,
				4,
				5
			],
			[
				0,
				3,
				4,
				5,
				7
			],
			[
				0,
				3,
				5,
				7,
				8
			]
		],
		[
			[
				0,
				0,
				1,
				0,
				0
			],
			[
				0,
				2,
				2,
				4,
				5
			],
			[
				1,
				2,
				10,
				5,
				1
			],
			[
				0,
				4,
				5,
				5,
				8
			],
			[
				0,
				5,
				1,
				8,
				11
			]
		],
		[
			[
				0,
				0,
				0,
				1,
				0
			],
			[
				0,
				3,
				4,
				5,
				7
			],
			[
				0,
				4,
				5,
				5,
				8
			],
			[
				1,
				5,
				5,
				12,
				9
			],
			[
				0,
				7,
				8,
				9,
				14
			]
		],
		[
			[
				0,
				0,
				0,
				0,
				1
			],
			[
				0,
				3,
				5,
				7,
				8
			],
			[
				0,
				5,
				1,
				8,
				11
			],
			[
				0,
				7,
				8,
				9,
				14
			],
			[
				1,
				8,
				11,
				14,
				14
			]
		]
	],
	"texnames":[
		"\\text{FR}^{5,14,0}_{210}"
	],
	"barcode":[
		6,
		8,
		4,
		4,
		0,
		9,
		7,
		0,
		7,
		8,
		0,
		3,
		0,
		6,
		8,
		2,
		0,
		8,
		2,
		8,
		2,
		7,
		0,
		4,
		7,
		6,
		6,
		1,
		8,
		9,
		7,
		5,
		4,
		7,
		1,
		1,
		4,
		3,
		3,
		9,
		1,
		1,
		7,
		7,
		7,
		1,
		5,
		3,
		5,
		1,
		9,
		5,
		5,
		9,
		5,
		6,
		2,
		0,
		2,
		7,
		8,
		9,
		1,
		7,
		5,
		8,
		0,
		4,
		3,
		0,
		6,
		0,
		7,
		0,
		0,
		0,
		7,
		2,
		3,
		1,
		8,
		4,
		9,
		1,
		8,
		3,
		5,
		4,
		9,
		0,
		5,
		6,
		7,
		3,
		8,
		7,
		0,
		4,
		8,
		7,
		5,
		9,
		7,
		0,
		9,
		9,
		3,
		5,
		3,
		6,
		2,
		7,
		3,
		4,
		0,
		4,
		8,
		7,
		6,
		7,
		8,
		2,
		3,
		9,
		9,
		3,
		1,
		4,
		9,
		4,
		8,
		7,
		5,
		5,
		0,
		7,
		5,
		7,
		5,
		3,
		2,
		3,
		0,
		0,
		0,
		0
	],
	"formal_code":[
		5,
		14,
		0,
		210
	],
	"tensor_product_decompositions":{
		"identifiers":[
			"formal_code"
		],
		"value":[]
	},
	"sub_fusion_rings":{
		"identifiers":[
			"injection",
			"formal_code"
		],
		"value":[]
	},
	"numeric_characters":[
		[
			[
				1.0,
				0
			],
			[
				1.8153096323929617e1,
				0
			],
			[
				2.068318622583654e1,
				0
			],
			[
				2.954711338039029e1,
				0
			],
			[
				3.5920570644458294e1,
				0
			]
		],
		[
			[
				1.0,
				0
			],
			[
				-0.8504193680071727,
				0
			],
			[
				9.533435349919305,
				0
			],
			[
				0.32084876517149924,
				0
			],
			[
				-5.351369017945175,
				0
			]
		],
		[
			[
				1.0,
				0
			],
			[
				-0.7075823599825621,
				0
			],
			[
				-1.7672689397326016,
				0
			],
			[
				4.755013199363975,
				0
			],
			[
				-2.5639723741851395,
				0
			]
		],
		[
			[
				1.0,
				0
			],
			[
				3.631768325663732,
				0
			],
			[
				-0.4428729898245518,
				0
			],
			[
				-0.4860546938768513,
				0
			],
			[
				-1.2083967985815518,
				0
			]
		],
		[
			[
				1.0,
				0
			],
			[
				-0.2268629216036125,
				0
			],
			[
				-6.479646198692017e-3,
				0
			],
			[
				-0.1369206510489131,
				0
			],
			[
				0.2031675462535709,
				0
			]
		]
	],
	"numeric_frobenius_perron_dimensions":[
		1.0,
		1.8153096323929617e1,
		2.068318622583654e1,
		2.954711338039029e1,
		3.5920570644458294e1
	],
	"numeric_frobenius_perron_dimension":2.9216484031356595e3,
	"info":"Fusion ring. mult_tab provides structure constants. barcode and formal_code provide unique identifiers see (DOI: 10.1063\/5.0148848). sub_fusion_rings provides tuples where the first element corresponds to the elements of the ring that form the subring isomorphic to the ring identified by the second element of the tuple. software provides doi of original software used to represent fusion ring.",
	"comments":[
		""
	]
}