{
	"references":[
		""
	],
	"software":[
		"https:\/\/doi.org\/10.5281\/zenodo.15920400"
	],
	"mult_tab":[
		[
			[
				1,
				0,
				0,
				0,
				0
			],
			[
				0,
				1,
				0,
				0,
				0
			],
			[
				0,
				0,
				1,
				0,
				0
			],
			[
				0,
				0,
				0,
				1,
				0
			],
			[
				0,
				0,
				0,
				0,
				1
			]
		],
		[
			[
				0,
				1,
				0,
				0,
				0
			],
			[
				1,
				6,
				0,
				2,
				1
			],
			[
				0,
				0,
				4,
				3,
				3
			],
			[
				0,
				2,
				3,
				7,
				2
			],
			[
				0,
				1,
				3,
				2,
				9
			]
		],
		[
			[
				0,
				0,
				1,
				0,
				0
			],
			[
				0,
				0,
				4,
				3,
				3
			],
			[
				1,
				4,
				7,
				2,
				5
			],
			[
				0,
				3,
				2,
				6,
				9
			],
			[
				0,
				3,
				5,
				9,
				9
			]
		],
		[
			[
				0,
				0,
				0,
				1,
				0
			],
			[
				0,
				2,
				3,
				7,
				2
			],
			[
				0,
				3,
				2,
				6,
				9
			],
			[
				1,
				7,
				6,
				7,
				9
			],
			[
				0,
				2,
				9,
				9,
				13
			]
		],
		[
			[
				0,
				0,
				0,
				0,
				1
			],
			[
				0,
				1,
				3,
				2,
				9
			],
			[
				0,
				3,
				5,
				9,
				9
			],
			[
				0,
				2,
				9,
				9,
				13
			],
			[
				1,
				9,
				9,
				13,
				14
			]
		]
	],
	"texnames":[
		"\\text{FR}^{5,14,0}_{306}"
	],
	"barcode":[
		6,
		8,
		4,
		4,
		0,
		9,
		7,
		0,
		7,
		8,
		0,
		3,
		0,
		6,
		8,
		2,
		0,
		8,
		2,
		8,
		2,
		7,
		0,
		4,
		7,
		6,
		6,
		1,
		8,
		9,
		7,
		5,
		4,
		7,
		1,
		1,
		9,
		7,
		7,
		7,
		8,
		0,
		2,
		4,
		0,
		9,
		0,
		3,
		2,
		0,
		1,
		9,
		9,
		1,
		5,
		0,
		2,
		4,
		0,
		1,
		8,
		6,
		9,
		5,
		3,
		2,
		2,
		6,
		1,
		7,
		4,
		6,
		9,
		9,
		6,
		4,
		8,
		7,
		8,
		1,
		2,
		9,
		1,
		6,
		4,
		6,
		4,
		7,
		0,
		7,
		8,
		7,
		6,
		8,
		5,
		3,
		8,
		2,
		0,
		2,
		7,
		7,
		9,
		6,
		6,
		2,
		2,
		0,
		2,
		7,
		2,
		7,
		9,
		8,
		9,
		7,
		4,
		9,
		9,
		7,
		6,
		9,
		1,
		5,
		6,
		2,
		0,
		4,
		2,
		7,
		4,
		5,
		1,
		1,
		7,
		3,
		1,
		6,
		6,
		6,
		1,
		0,
		2,
		8,
		1,
		2
	],
	"formal_code":[
		5,
		14,
		0,
		306
	],
	"tensor_product_decompositions":{
		"identifiers":[
			"formal_code"
		],
		"value":[]
	},
	"sub_fusion_rings":{
		"identifiers":[
			"injection",
			"formal_code"
		],
		"value":[]
	},
	"numeric_characters":[
		[
			[
				1.0,
				0
			],
			[
				1.2803467981285152e1,
				0
			],
			[
				2.034533055466921e1,
				0
			],
			[
				2.6404829091185555e1,
				0
			],
			[
				3.329832627771208e1,
				0
			]
		],
		[
			[
				1.0,
				0
			],
			[
				6.72357510470521,
				0
			],
			[
				-1.0634801395789306,
				0
			],
			[
				4.8305009045489475,
				0
			],
			[
				-5.79599024871748,
				0
			]
		],
		[
			[
				1.0,
				0
			],
			[
				1.5119137043959368,
				0
			],
			[
				5.699595872213695,
				0
			],
			[
				-3.0585703834565825,
				0
			],
			[
				-1.6684584099222113,
				0
			]
		],
		[
			[
				1.0,
				0
			],
			[
				5.151933923246937,
				0
			],
			[
				-2.906108343053531,
				0
			],
			[
				-4.2532987949809415,
				0
			],
			[
				3.137417199982838,
				0
			]
		],
		[
			[
				1.0,
				0
			],
			[
				-0.19089071363323643,
				0
			],
			[
				-7.5337944250444e-2,
				0
			],
			[
				7.653918270302344e-2,
				0
			],
			[
				2.8705180944777964e-2,
				0
			]
		]
	],
	"numeric_frobenius_perron_dimensions":[
		1.0,
		1.2803467981285152e1,
		2.034533055466921e1,
		2.6404829091185555e1,
		3.329832627771208e1
	],
	"numeric_frobenius_perron_dimension":2.3848547999582406e3,
	"info":"Fusion ring. mult_tab provides structure constants. barcode and formal_code provide unique identifiers see (DOI: 10.1063\/5.0148848). sub_fusion_rings provides tuples where the first element corresponds to the elements of the ring that form the subring isomorphic to the ring identified by the second element of the tuple. software provides doi of original software used to represent fusion ring.",
	"comments":[
		""
	]
}