{
	"references":[
		""
	],
	"software":[
		"https:\/\/doi.org\/10.5281\/zenodo.15920400"
	],
	"mult_tab":[
		[
			[
				1,
				0,
				0,
				0,
				0
			],
			[
				0,
				1,
				0,
				0,
				0
			],
			[
				0,
				0,
				1,
				0,
				0
			],
			[
				0,
				0,
				0,
				1,
				0
			],
			[
				0,
				0,
				0,
				0,
				1
			]
		],
		[
			[
				0,
				1,
				0,
				0,
				0
			],
			[
				1,
				1,
				1,
				0,
				0
			],
			[
				0,
				1,
				0,
				0,
				2
			],
			[
				0,
				0,
				0,
				2,
				2
			],
			[
				0,
				0,
				2,
				2,
				2
			]
		],
		[
			[
				0,
				0,
				1,
				0,
				0
			],
			[
				0,
				1,
				0,
				0,
				2
			],
			[
				1,
				0,
				4,
				4,
				2
			],
			[
				0,
				0,
				4,
				5,
				6
			],
			[
				0,
				2,
				2,
				6,
				9
			]
		],
		[
			[
				0,
				0,
				0,
				1,
				0
			],
			[
				0,
				0,
				0,
				2,
				2
			],
			[
				0,
				0,
				4,
				5,
				6
			],
			[
				1,
				2,
				5,
				9,
				10
			],
			[
				0,
				2,
				6,
				10,
				14
			]
		],
		[
			[
				0,
				0,
				0,
				0,
				1
			],
			[
				0,
				0,
				2,
				2,
				2
			],
			[
				0,
				2,
				2,
				6,
				9
			],
			[
				0,
				2,
				6,
				10,
				14
			],
			[
				1,
				2,
				9,
				14,
				16
			]
		]
	],
	"texnames":[
		"\\text{FR}^{5,16,0}_{712}"
	],
	"barcode":[
		3,
		7,
		6,
		4,
		1,
		4,
		4,
		3,
		4,
		3,
		0,
		6,
		5,
		8,
		9,
		6,
		9,
		9,
		4,
		3,
		9,
		0,
		0,
		0,
		5,
		8,
		2,
		8,
		2,
		6,
		5,
		5,
		9,
		0,
		2,
		3,
		0,
		6,
		1,
		7,
		7,
		3,
		4,
		6,
		2,
		4,
		6,
		8,
		5,
		0,
		6,
		8,
		7,
		0,
		6,
		6,
		3,
		3,
		7,
		6,
		0,
		9,
		5,
		8,
		5,
		8,
		1,
		3,
		8,
		1,
		9,
		8,
		6,
		2,
		9,
		7,
		8,
		2,
		2,
		5,
		0,
		2,
		5,
		9,
		3,
		0,
		9,
		3,
		6,
		0,
		0,
		1,
		3,
		0,
		2,
		0,
		6,
		2,
		0,
		1,
		5,
		6,
		7,
		2,
		0,
		9,
		9,
		9,
		1,
		5,
		0,
		9,
		5,
		2,
		4,
		2,
		9,
		1,
		6,
		2,
		3,
		3,
		1,
		3,
		3,
		4,
		6,
		5,
		5,
		9,
		5,
		5,
		1,
		6,
		8,
		2,
		1,
		7,
		0,
		3,
		0,
		7,
		9,
		4,
		2,
		5,
		8,
		8,
		2,
		1,
		1,
		3,
		0
	],
	"formal_code":[
		5,
		16,
		0,
		712
	],
	"tensor_product_decompositions":{
		"identifiers":[
			"formal_code"
		],
		"value":[]
	},
	"sub_fusion_rings":{
		"identifiers":[
			"injection",
			"formal_code"
		],
		"value":[]
	},
	"numeric_characters":[
		[
			[
				1.0,
				0
			],
			[
				4.528472416478368,
				0
			],
			[
				1.4978590010327059e1,
				0
			],
			[
				2.5035534843283795e1,
				0
			],
			[
				3.1650829641513074e1,
				0
			]
		],
		[
			[
				1.0,
				0
			],
			[
				2.0,
				0
			],
			[
				1.0,
				0
			],
			[
				-1.0,
				0
			],
			[
				0.0,
				0
			]
		],
		[
			[
				1.0,
				0
			],
			[
				0.8715718953787007,
				0
			],
			[
				-1.11193432656468,
				0
			],
			[
				1.6312094641927215,
				0
			],
			[
				-0.920351301959659,
				0
			]
		],
		[
			[
				1.0,
				0
			],
			[
				-1.8531659589848821,
				0
			],
			[
				4.2873900305252395,
				0
			],
			[
				1.5810581125554755,
				0
			],
			[
				-3.046039649237823,
				0
			]
		],
		[
			[
				1.0,
				0
			],
			[
				-0.5468783528721863,
				0
			],
			[
				-0.15404571428761818,
				0
			],
			[
				-0.2478024200319908,
				0
			],
			[
				0.31556130968440915,
				0
			]
		]
	],
	"numeric_frobenius_perron_dimensions":[
		1.0,
		4.528472416478368,
		1.4978590010327059e1,
		2.5035534843283795e1,
		3.1650829641513074e1
	],
	"numeric_frobenius_perron_dimension":1.8744182430096346e3,
	"info":"Fusion ring. mult_tab provides structure constants. barcode and formal_code provide unique identifiers see (DOI: 10.1063\/5.0148848). sub_fusion_rings provides tuples where the first element corresponds to the elements of the ring that form the subring isomorphic to the ring identified by the second element of the tuple. software provides doi of original software used to represent fusion ring.",
	"comments":[
		""
	]
}