{
	"references":[
		""
	],
	"software":[
		"https:\/\/doi.org\/10.5281\/zenodo.15920400"
	],
	"mult_tab":[
		[
			[
				1,
				0,
				0,
				0,
				0
			],
			[
				0,
				1,
				0,
				0,
				0
			],
			[
				0,
				0,
				1,
				0,
				0
			],
			[
				0,
				0,
				0,
				1,
				0
			],
			[
				0,
				0,
				0,
				0,
				1
			]
		],
		[
			[
				0,
				1,
				0,
				0,
				0
			],
			[
				1,
				0,
				0,
				0,
				0
			],
			[
				0,
				0,
				1,
				0,
				0
			],
			[
				0,
				0,
				0,
				1,
				0
			],
			[
				0,
				0,
				0,
				0,
				1
			]
		],
		[
			[
				0,
				0,
				1,
				0,
				0
			],
			[
				0,
				0,
				1,
				0,
				0
			],
			[
				1,
				1,
				7,
				1,
				5
			],
			[
				0,
				0,
				1,
				10,
				5
			],
			[
				0,
				0,
				5,
				5,
				9
			]
		],
		[
			[
				0,
				0,
				0,
				1,
				0
			],
			[
				0,
				0,
				0,
				1,
				0
			],
			[
				0,
				0,
				1,
				10,
				5
			],
			[
				1,
				1,
				10,
				4,
				10
			],
			[
				0,
				0,
				5,
				10,
				11
			]
		],
		[
			[
				0,
				0,
				0,
				0,
				1
			],
			[
				0,
				0,
				0,
				0,
				1
			],
			[
				0,
				0,
				5,
				5,
				9
			],
			[
				0,
				0,
				5,
				10,
				11
			],
			[
				1,
				1,
				9,
				11,
				11
			]
		]
	],
	"texnames":[
		"\\text{FR}^{5,11,0}_{1815}"
	],
	"barcode":[
		6,
		5,
		8,
		3,
		7,
		7,
		0,
		0,
		7,
		1,
		1,
		6,
		2,
		1,
		8,
		2,
		3,
		4,
		2,
		2,
		0,
		4,
		1,
		2,
		6,
		8,
		4,
		4,
		3,
		7,
		1,
		5,
		2,
		4,
		4,
		6,
		2,
		9,
		7,
		6,
		2,
		5,
		1,
		1,
		6,
		9,
		4,
		5,
		8,
		7,
		0,
		1,
		4,
		6,
		6,
		7,
		9,
		8,
		0,
		8,
		4,
		3,
		8,
		0,
		1,
		9,
		0,
		4,
		8,
		9,
		3,
		3,
		7,
		4,
		8,
		1,
		4,
		1,
		2,
		6,
		0,
		5,
		1,
		4,
		0,
		4,
		1,
		8,
		6,
		9,
		6,
		8,
		8,
		2,
		9,
		4,
		7,
		7,
		2,
		5,
		2,
		5,
		1,
		3,
		3,
		2,
		0,
		6,
		7,
		1,
		9,
		1,
		2,
		6,
		2,
		0,
		5,
		5,
		1,
		8,
		1,
		6,
		5,
		0,
		2,
		8,
		6,
		0,
		4,
		2,
		4,
		6,
		6,
		8
	],
	"formal_code":[
		5,
		11,
		0,
		1815
	],
	"tensor_product_decompositions":{
		"identifiers":[
			"formal_code"
		],
		"value":[]
	},
	"sub_fusion_rings":{
		"identifiers":[
			"injection",
			"formal_code"
		],
		"value":[
			[
				[
					1,
					2
				],
				[
					2,
					1,
					0,
					1
				]
			]
		]
	},
	"numeric_characters":[
		[
			[
				1.0,
				0
			],
			[
				1.0,
				0
			],
			[
				1.6478666425273513e1,
				0
			],
			[
				2.282150839446666e1,
				0
			],
			[
				2.6274854756811056e1,
				0
			]
		],
		[
			[
				1.0,
				0
			],
			[
				1.0,
				0
			],
			[
				7.682297040668776,
				0
			],
			[
				-8.29011235020661,
				0
			],
			[
				2.306344177318682,
				0
			]
		],
		[
			[
				1.0,
				0
			],
			[
				1.0,
				0
			],
			[
				2.2878817671076446,
				0
			],
			[
				1.5632751477711562,
				0
			],
			[
				-2.868808907452214,
				0
			]
		],
		[
			[
				1.0,
				0
			],
			[
				1.0,
				0
			],
			[
				-0.44884523304993285,
				0
			],
			[
				-9.467119203120918e-2,
				0
			],
			[
				0.2876099733224775,
				0
			]
		],
		[
			[
				1.0,
				0
			],
			[
				-1.0,
				0
			],
			[
				0.0,
				0
			],
			[
				0.0,
				0
			],
			[
				0.0,
				0
			]
		]
	],
	"numeric_frobenius_perron_dimensions":[
		1.0,
		1.0,
		1.6478666425273513e1,
		2.282150839446666e1,
		2.6274854756811056e1
	],
	"numeric_frobenius_perron_dimension":1.4847356850456654e3,
	"info":"Fusion ring. mult_tab provides structure constants. barcode and formal_code provide unique identifiers see (DOI: 10.1063\/5.0148848). sub_fusion_rings provides tuples where the first element corresponds to the elements of the ring that form the subring isomorphic to the ring identified by the second element of the tuple. software provides doi of original software used to represent fusion ring.",
	"comments":[
		""
	]
}