{
	"references":[
		""
	],
	"software":[
		"https:\/\/doi.org\/10.5281\/zenodo.15920400"
	],
	"mult_tab":[
		[
			[
				1,
				0,
				0,
				0,
				0
			],
			[
				0,
				1,
				0,
				0,
				0
			],
			[
				0,
				0,
				1,
				0,
				0
			],
			[
				0,
				0,
				0,
				1,
				0
			],
			[
				0,
				0,
				0,
				0,
				1
			]
		],
		[
			[
				0,
				1,
				0,
				0,
				0
			],
			[
				1,
				0,
				0,
				0,
				0
			],
			[
				0,
				0,
				1,
				0,
				0
			],
			[
				0,
				0,
				0,
				1,
				0
			],
			[
				0,
				0,
				0,
				0,
				1
			]
		],
		[
			[
				0,
				0,
				1,
				0,
				0
			],
			[
				0,
				0,
				1,
				0,
				0
			],
			[
				1,
				1,
				6,
				2,
				5
			],
			[
				0,
				0,
				2,
				6,
				6
			],
			[
				0,
				0,
				5,
				6,
				7
			]
		],
		[
			[
				0,
				0,
				0,
				1,
				0
			],
			[
				0,
				0,
				0,
				1,
				0
			],
			[
				0,
				0,
				2,
				6,
				6
			],
			[
				1,
				1,
				6,
				4,
				6
			],
			[
				0,
				0,
				6,
				6,
				8
			]
		],
		[
			[
				0,
				0,
				0,
				0,
				1
			],
			[
				0,
				0,
				0,
				0,
				1
			],
			[
				0,
				0,
				5,
				6,
				7
			],
			[
				0,
				0,
				6,
				6,
				8
			],
			[
				1,
				1,
				7,
				8,
				10
			]
		]
	],
	"texnames":[
		"\\text{FR}^{5,10,0}_{1082}"
	],
	"barcode":[
		1,
		3,
		5,
		7,
		3,
		5,
		4,
		2,
		4,
		2,
		7,
		5,
		2,
		9,
		3,
		3,
		8,
		1,
		9,
		3,
		4,
		5,
		1,
		1,
		6,
		7,
		9,
		7,
		8,
		9,
		8,
		7,
		7,
		9,
		6,
		8,
		2,
		8,
		6,
		3,
		3,
		8,
		4,
		3,
		5,
		8,
		1,
		0,
		9,
		3,
		7,
		8,
		4,
		6,
		1,
		9,
		5,
		3,
		5,
		7,
		2,
		2,
		2,
		9,
		8,
		9,
		1,
		2,
		4,
		2,
		2,
		1,
		6,
		9,
		4,
		5,
		2,
		4,
		5,
		2,
		9,
		1,
		6,
		6,
		1,
		0,
		8,
		6,
		4,
		4,
		0,
		7,
		4,
		4,
		8,
		5,
		3,
		4,
		7,
		2,
		0,
		8,
		1,
		1,
		8,
		9,
		2,
		3,
		0,
		7,
		0,
		0,
		0,
		5,
		2,
		4,
		8,
		4,
		6,
		4,
		3,
		3,
		2,
		3,
		8,
		0,
		9,
		9,
		6,
		0
	],
	"formal_code":[
		5,
		10,
		0,
		1082
	],
	"tensor_product_decompositions":{
		"identifiers":[
			"formal_code"
		],
		"value":[]
	},
	"sub_fusion_rings":{
		"identifiers":[
			"injection",
			"formal_code"
		],
		"value":[
			[
				[
					1,
					2
				],
				[
					2,
					1,
					0,
					1
				]
			]
		]
	},
	"numeric_characters":[
		[
			[
				1.0,
				0
			],
			[
				1.0,
				0
			],
			[
				1.5345772812205006e1,
				0
			],
			[
				1.7060884492238618e1,
				0
			],
			[
				2.1459267469220617e1,
				0
			]
		],
		[
			[
				1.0,
				0
			],
			[
				1.0,
				0
			],
			[
				4.323999488512419,
				0
			],
			[
				-3.381813781814284,
				0
			],
			[
				-0.4966795581580573,
				0
			]
		],
		[
			[
				1.0,
				0
			],
			[
				1.0,
				0
			],
			[
				0.20640293697347922,
				0
			],
			[
				1.008420446457056,
				0
			],
			[
				-1.042531268472742,
				0
			]
		],
		[
			[
				1.0,
				0
			],
			[
				1.0,
				0
			],
			[
				-0.8761752376909041,
				0
			],
			[
				-0.6874911568813912,
				0
			],
			[
				1.0799433574101838,
				0
			]
		],
		[
			[
				1.0,
				0
			],
			[
				-1.0,
				0
			],
			[
				0.0,
				0
			],
			[
				0.0,
				0
			],
			[
				0.0,
				0
			]
		]
	],
	"numeric_frobenius_perron_dimensions":[
		1.0,
		1.0,
		1.5345772812205007e1,
		1.7060884492238618e1,
		2.1459267469220617e1
	],
	"numeric_frobenius_perron_dimension":9.890666831768688e2,
	"info":"Fusion ring. mult_tab provides structure constants. barcode and formal_code provide unique identifiers see (DOI: 10.1063\/5.0148848). sub_fusion_rings provides tuples where the first element corresponds to the elements of the ring that form the subring isomorphic to the ring identified by the second element of the tuple. software provides doi of original software used to represent fusion ring.",
	"comments":[
		""
	]
}