{
	"references":[
		""
	],
	"software":[
		"https:\/\/doi.org\/10.5281\/zenodo.15920400"
	],
	"mult_tab":[
		[
			[
				1,
				0,
				0,
				0,
				0
			],
			[
				0,
				1,
				0,
				0,
				0
			],
			[
				0,
				0,
				1,
				0,
				0
			],
			[
				0,
				0,
				0,
				1,
				0
			],
			[
				0,
				0,
				0,
				0,
				1
			]
		],
		[
			[
				0,
				1,
				0,
				0,
				0
			],
			[
				1,
				0,
				2,
				0,
				0
			],
			[
				0,
				2,
				1,
				0,
				2
			],
			[
				0,
				0,
				0,
				1,
				4
			],
			[
				0,
				0,
				2,
				4,
				1
			]
		],
		[
			[
				0,
				0,
				1,
				0,
				0
			],
			[
				0,
				2,
				1,
				0,
				2
			],
			[
				1,
				1,
				4,
				4,
				2
			],
			[
				0,
				0,
				4,
				8,
				4
			],
			[
				0,
				2,
				2,
				4,
				10
			]
		],
		[
			[
				0,
				0,
				0,
				1,
				0
			],
			[
				0,
				0,
				0,
				1,
				4
			],
			[
				0,
				0,
				4,
				8,
				4
			],
			[
				1,
				1,
				8,
				12,
				7
			],
			[
				0,
				4,
				4,
				7,
				16
			]
		],
		[
			[
				0,
				0,
				0,
				0,
				1
			],
			[
				0,
				0,
				2,
				4,
				1
			],
			[
				0,
				2,
				2,
				4,
				10
			],
			[
				0,
				4,
				4,
				7,
				16
			],
			[
				1,
				1,
				10,
				16,
				9
			]
		]
	],
	"texnames":[
		"\\text{FR}^{5,16,0}_{1376}"
	],
	"barcode":[
		3,
		7,
		6,
		4,
		1,
		4,
		4,
		3,
		4,
		3,
		0,
		6,
		5,
		8,
		9,
		6,
		9,
		9,
		4,
		3,
		9,
		0,
		0,
		0,
		5,
		8,
		2,
		8,
		2,
		6,
		5,
		5,
		9,
		0,
		2,
		3,
		0,
		4,
		9,
		9,
		9,
		0,
		8,
		0,
		8,
		8,
		2,
		8,
		7,
		5,
		9,
		4,
		9,
		7,
		1,
		3,
		1,
		8,
		6,
		2,
		6,
		7,
		9,
		4,
		8,
		8,
		7,
		4,
		3,
		8,
		7,
		9,
		6,
		6,
		7,
		3,
		8,
		3,
		3,
		4,
		6,
		3,
		2,
		1,
		7,
		0,
		5,
		9,
		4,
		9,
		0,
		6,
		6,
		0,
		8,
		9,
		1,
		2,
		3,
		6,
		7,
		7,
		3,
		8,
		1,
		4,
		8,
		9,
		9,
		5,
		6,
		6,
		7,
		9,
		9,
		2,
		4,
		6,
		3,
		8,
		5,
		6,
		6,
		1,
		2,
		1,
		2,
		1,
		4,
		1,
		8,
		8,
		2,
		9,
		3,
		6,
		3,
		1,
		7,
		1,
		1,
		1,
		2,
		8,
		4,
		4,
		7,
		7,
		2,
		5,
		5,
		6,
		6
	],
	"formal_code":[
		5,
		16,
		0,
		1376
	],
	"tensor_product_decompositions":{
		"identifiers":[
			"formal_code"
		],
		"value":[]
	},
	"sub_fusion_rings":{
		"identifiers":[
			"injection",
			"formal_code"
		],
		"value":[]
	},
	"numeric_characters":[
		[
			[
				1.0,
				0
			],
			[
				5.558486150449358,
				0
			],
			[
				1.494838414236866e1,
				0
			],
			[
				2.50192839910523e1,
				0
			],
			[
				2.8512514891842812e1,
				0
			]
		],
		[
			[
				1.0,
				0
			],
			[
				2.487075540172384,
				0
			],
			[
				2.5927723712618778,
				0
			],
			[
				-1.504298437558619,
				0
			],
			[
				-0.5592513529032391,
				0
			]
		],
		[
			[
				1.0,
				0
			],
			[
				-3.6251870482444195,
				0
			],
			[
				6.070990567379544,
				0
			],
			[
				9.006811023426678,
				0
			],
			[
				-1.0414546422884534e1,
				0
			]
		],
		[
			[
				1.0,
				0
			],
			[
				-1.6501271532060042,
				0
			],
			[
				0.861459810873876,
				0
			],
			[
				-0.7677188386895215,
				0
			],
			[
				0.5086381351097203,
				0
			]
		],
		[
			[
				1.0,
				0
			],
			[
				0.22975251082868234,
				0
			],
			[
				-0.4736068918839581,
				0
			],
			[
				0.24592226176916188,
				0
			],
			[
				-4.735525116475711e-2,
				0
			]
		]
	],
	"numeric_frobenius_perron_dimensions":[
		1.0,
		5.558486150449357,
		1.494838414236866e1,
		2.50192839910523e1,
		2.8512514891842812e1
	],
	"numeric_frobenius_perron_dimension":1.6942790336350404e3,
	"info":"Fusion ring. mult_tab provides structure constants. barcode and formal_code provide unique identifiers see (DOI: 10.1063\/5.0148848). sub_fusion_rings provides tuples where the first element corresponds to the elements of the ring that form the subring isomorphic to the ring identified by the second element of the tuple. software provides doi of original software used to represent fusion ring.",
	"comments":[
		""
	]
}