{
	"references":[
		""
	],
	"software":[
		"https:\/\/doi.org\/10.5281\/zenodo.15920400"
	],
	"mult_tab":[
		[
			[
				1,
				0,
				0,
				0,
				0
			],
			[
				0,
				1,
				0,
				0,
				0
			],
			[
				0,
				0,
				1,
				0,
				0
			],
			[
				0,
				0,
				0,
				1,
				0
			],
			[
				0,
				0,
				0,
				0,
				1
			]
		],
		[
			[
				0,
				1,
				0,
				0,
				0
			],
			[
				1,
				7,
				0,
				1,
				1
			],
			[
				0,
				0,
				8,
				4,
				0
			],
			[
				0,
				1,
				4,
				4,
				4
			],
			[
				0,
				1,
				0,
				4,
				8
			]
		],
		[
			[
				0,
				0,
				1,
				0,
				0
			],
			[
				0,
				0,
				8,
				4,
				0
			],
			[
				1,
				8,
				1,
				8,
				15
			],
			[
				0,
				4,
				8,
				10,
				10
			],
			[
				0,
				0,
				15,
				10,
				6
			]
		],
		[
			[
				0,
				0,
				0,
				1,
				0
			],
			[
				0,
				1,
				4,
				4,
				4
			],
			[
				0,
				4,
				8,
				10,
				10
			],
			[
				1,
				4,
				10,
				9,
				11
			],
			[
				0,
				4,
				10,
				11,
				10
			]
		],
		[
			[
				0,
				0,
				0,
				0,
				1
			],
			[
				0,
				1,
				0,
				4,
				8
			],
			[
				0,
				0,
				15,
				10,
				6
			],
			[
				0,
				4,
				10,
				11,
				10
			],
			[
				1,
				8,
				6,
				10,
				14
			]
		]
	],
	"texnames":[
		"\\text{FR}^{5,15,0}_{602}"
	],
	"barcode":[
		2,
		0,
		4,
		5,
		8,
		6,
		9,
		2,
		5,
		1,
		8,
		7,
		8,
		3,
		9,
		8,
		6,
		8,
		3,
		8,
		6,
		4,
		3,
		6,
		6,
		2,
		8,
		4,
		5,
		9,
		5,
		4,
		2,
		6,
		5,
		0,
		0,
		3,
		5,
		6,
		7,
		3,
		9,
		8,
		0,
		5,
		1,
		2,
		7,
		6,
		9,
		3,
		8,
		7,
		8,
		1,
		8,
		9,
		7,
		1,
		0,
		4,
		6,
		6,
		6,
		0,
		4,
		1,
		3,
		0,
		0,
		0,
		4,
		0,
		5,
		4,
		3,
		7,
		7,
		8,
		7,
		1,
		0,
		1,
		7,
		8,
		6,
		0,
		9,
		3,
		3,
		0,
		9,
		6,
		1,
		6,
		7,
		2,
		0,
		2,
		0,
		8,
		6,
		7,
		1,
		5,
		0,
		4,
		8,
		3,
		4,
		9,
		0,
		3,
		1,
		4,
		0,
		9,
		4,
		1,
		1,
		0,
		8,
		5,
		8,
		0,
		2,
		7,
		0,
		8,
		9,
		8,
		8,
		4,
		5,
		9,
		1,
		7,
		0,
		6,
		3,
		5,
		6,
		0,
		6,
		8,
		9,
		7,
		9,
		3
	],
	"formal_code":[
		5,
		15,
		0,
		602
	],
	"tensor_product_decompositions":{
		"identifiers":[
			"formal_code"
		],
		"value":[]
	},
	"sub_fusion_rings":{
		"identifiers":[
			"injection",
			"formal_code"
		],
		"value":[]
	},
	"numeric_characters":[
		[
			[
				1.0,
				0
			],
			[
				1.2263945226104251e1,
				0
			],
			[
				2.9371220431428544e1,
				0
			],
			[
				3.1309318785861347e1,
				0
			],
			[
				3.224741714029415e1,
				0
			]
		],
		[
			[
				1.0,
				0
			],
			[
				8.323431574314093,
				0
			],
			[
				-1.4543318434970338e1,
				0
			],
			[
				-1.175942094293405,
				0
			],
			[
				1.119143424638353e1,
				0
			]
		],
		[
			[
				1.0,
				0
			],
			[
				6.57938632242295,
				0
			],
			[
				1.3398369038139835,
				0
			],
			[
				-0.4758476578201577,
				0
			],
			[
				-3.291532219454299,
				0
			]
		],
		[
			[
				1.0,
				0
			],
			[
				0.0,
				0
			],
			[
				1.0,
				0
			],
			[
				-2.0,
				0
			],
			[
				1.0,
				0
			]
		],
		[
			[
				1.0,
				0
			],
			[
				-0.16676312284129402,
				0
			],
			[
				-0.16773890027218896,
				0
			],
			[
				0.34247096625221657,
				0
			],
			[
				-0.14731916722337787,
				0
			]
		]
	],
	"numeric_frobenius_perron_dimensions":[
		1.0,
		1.2263945226104253e1,
		2.937122043142854e1,
		3.1309318785861347e1,
		3.224741714029415e1
	],
	"numeric_frobenius_perron_dimension":3.0342422971952774e3,
	"info":"Fusion ring. mult_tab provides structure constants. barcode and formal_code provide unique identifiers see (DOI: 10.1063\/5.0148848). sub_fusion_rings provides tuples where the first element corresponds to the elements of the ring that form the subring isomorphic to the ring identified by the second element of the tuple. software provides doi of original software used to represent fusion ring.",
	"comments":[
		""
	]
}