{
	"references":[
		""
	],
	"software":[
		"https:\/\/doi.org\/10.5281\/zenodo.15920400"
	],
	"mult_tab":[
		[
			[
				1,
				0,
				0,
				0,
				0
			],
			[
				0,
				1,
				0,
				0,
				0
			],
			[
				0,
				0,
				1,
				0,
				0
			],
			[
				0,
				0,
				0,
				1,
				0
			],
			[
				0,
				0,
				0,
				0,
				1
			]
		],
		[
			[
				0,
				1,
				0,
				0,
				0
			],
			[
				1,
				3,
				7,
				4,
				2
			],
			[
				0,
				7,
				3,
				3,
				4
			],
			[
				0,
				4,
				3,
				4,
				8
			],
			[
				0,
				2,
				4,
				8,
				9
			]
		],
		[
			[
				0,
				0,
				1,
				0,
				0
			],
			[
				0,
				7,
				3,
				3,
				4
			],
			[
				1,
				3,
				7,
				4,
				4
			],
			[
				0,
				3,
				4,
				8,
				6
			],
			[
				0,
				4,
				4,
				6,
				11
			]
		],
		[
			[
				0,
				0,
				0,
				1,
				0
			],
			[
				0,
				4,
				3,
				4,
				8
			],
			[
				0,
				3,
				4,
				8,
				6
			],
			[
				1,
				4,
				8,
				4,
				10
			],
			[
				0,
				8,
				6,
				10,
				9
			]
		],
		[
			[
				0,
				0,
				0,
				0,
				1
			],
			[
				0,
				2,
				4,
				8,
				9
			],
			[
				0,
				4,
				4,
				6,
				11
			],
			[
				0,
				8,
				6,
				10,
				9
			],
			[
				1,
				9,
				11,
				9,
				12
			]
		]
	],
	"texnames":[
		"\\text{FR}^{5,12,0}_{67}"
	],
	"barcode":[
		1,
		3,
		4,
		5,
		7,
		8,
		5,
		2,
		8,
		7,
		0,
		6,
		3,
		2,
		5,
		1,
		9,
		2,
		9,
		5,
		4,
		0,
		9,
		2,
		4,
		6,
		7,
		7,
		1,
		2,
		3,
		4,
		6,
		1,
		6,
		8,
		5,
		7,
		4,
		3,
		1,
		6,
		7,
		6,
		0,
		1,
		9,
		1,
		2,
		1,
		4,
		4,
		7,
		4,
		4,
		6,
		9,
		9,
		7,
		6,
		7,
		6,
		5,
		4,
		7,
		0,
		8,
		9,
		1,
		4,
		0,
		3,
		6,
		7,
		5,
		5,
		4,
		1,
		9,
		9,
		0,
		8,
		4,
		7,
		1,
		5,
		2,
		6,
		9,
		5,
		3,
		8,
		3,
		5,
		2,
		8,
		9,
		1,
		3,
		9,
		6,
		7,
		6,
		1,
		6,
		9,
		8,
		0,
		6,
		6,
		4,
		2,
		3,
		3,
		5,
		7,
		6,
		0,
		8,
		8,
		9,
		6,
		9,
		7,
		4,
		1,
		6,
		9,
		3,
		3,
		3,
		7,
		3,
		0,
		3,
		0,
		8,
		1,
		4
	],
	"formal_code":[
		5,
		12,
		0,
		67
	],
	"tensor_product_decompositions":{
		"identifiers":[
			"formal_code"
		],
		"value":[]
	},
	"sub_fusion_rings":{
		"identifiers":[
			"injection",
			"formal_code"
		],
		"value":[]
	},
	"numeric_characters":[
		[
			[
				1.0,
				0
			],
			[
				1.929709989073318e1,
				0
			],
			[
				2.0886955063537133e1,
				0
			],
			[
				2.584781286067247e1,
				0
			],
			[
				3.1943413816642543e1,
				0
			]
		],
		[
			[
				1.0,
				0
			],
			[
				-4.829514298667447,
				0
			],
			[
				4.3854316504545565,
				0
			],
			[
				2.5517318260196267,
				0
			],
			[
				-2.0460988001123717,
				0
			]
		],
		[
			[
				1.0,
				0
			],
			[
				5.933120578806134,
				0
			],
			[
				4.961165204232515,
				0
			],
			[
				-1.9342096861069435,
				0
			],
			[
				-5.294379809482696,
				0
			]
		],
		[
			[
				1.0,
				0
			],
			[
				4.624545287636963e-2,
				0
			],
			[
				-0.20789502044974423,
				0
			],
			[
				6.939643220369554e-2,
				0
			],
			[
				2.0540848808029522e-2,
				0
			]
		],
		[
			[
				1.0,
				0
			],
			[
				-1.4469516237482354,
				0
			],
			[
				2.9743431022255384,
				0
			],
			[
				-5.534731432788848,
				0
			],
			[
				3.376523944144493,
				0
			]
		]
	],
	"numeric_frobenius_perron_dimensions":[
		1.0,
		1.929709989073318e1,
		2.0886955063537133e1,
		2.584781286067247e1,
		3.1943413816642543e1
	],
	"numeric_frobenius_perron_dimension":2.498134071960769e3,
	"info":"Fusion ring. mult_tab provides structure constants. barcode and formal_code provide unique identifiers see (DOI: 10.1063\/5.0148848). sub_fusion_rings provides tuples where the first element corresponds to the elements of the ring that form the subring isomorphic to the ring identified by the second element of the tuple. software provides doi of original software used to represent fusion ring.",
	"comments":[
		""
	]
}