{
	"references":[
		""
	],
	"software":[
		"https:\/\/doi.org\/10.5281\/zenodo.15920400"
	],
	"mult_tab":[
		[
			[
				1,
				0,
				0,
				0,
				0
			],
			[
				0,
				1,
				0,
				0,
				0
			],
			[
				0,
				0,
				1,
				0,
				0
			],
			[
				0,
				0,
				0,
				1,
				0
			],
			[
				0,
				0,
				0,
				0,
				1
			]
		],
		[
			[
				0,
				1,
				0,
				0,
				0
			],
			[
				1,
				2,
				1,
				3,
				2
			],
			[
				0,
				1,
				4,
				4,
				4
			],
			[
				0,
				3,
				4,
				5,
				5
			],
			[
				0,
				2,
				4,
				5,
				6
			]
		],
		[
			[
				0,
				0,
				1,
				0,
				0
			],
			[
				0,
				1,
				4,
				4,
				4
			],
			[
				1,
				4,
				8,
				8,
				4
			],
			[
				0,
				4,
				8,
				9,
				8
			],
			[
				0,
				4,
				4,
				8,
				13
			]
		],
		[
			[
				0,
				0,
				0,
				1,
				0
			],
			[
				0,
				3,
				4,
				5,
				5
			],
			[
				0,
				4,
				8,
				9,
				8
			],
			[
				1,
				5,
				9,
				11,
				11
			],
			[
				0,
				5,
				8,
				11,
				13
			]
		],
		[
			[
				0,
				0,
				0,
				0,
				1
			],
			[
				0,
				2,
				4,
				5,
				6
			],
			[
				0,
				4,
				4,
				8,
				13
			],
			[
				0,
				5,
				8,
				11,
				13
			],
			[
				1,
				6,
				13,
				13,
				8
			]
		]
	],
	"texnames":[
		"\\text{FR}^{5,13,0}_{226}"
	],
	"barcode":[
		1,
		3,
		1,
		7,
		8,
		8,
		1,
		8,
		6,
		4,
		8,
		7,
		2,
		1,
		4,
		1,
		5,
		3,
		0,
		1,
		5,
		0,
		1,
		5,
		4,
		3,
		3,
		8,
		4,
		9,
		5,
		2,
		4,
		7,
		8,
		8,
		5,
		0,
		9,
		4,
		4,
		5,
		1,
		5,
		9,
		0,
		7,
		7,
		2,
		8,
		2,
		4,
		6,
		1,
		3,
		3,
		6,
		0,
		2,
		3,
		9,
		7,
		0,
		3,
		1,
		8,
		8,
		1,
		6,
		5,
		8,
		7,
		8,
		6,
		7,
		9,
		6,
		9,
		1,
		7,
		8,
		2,
		7,
		8,
		1,
		1,
		4,
		6,
		8,
		5,
		3,
		3,
		4,
		0,
		6,
		0,
		8,
		6,
		3,
		1,
		4,
		4,
		5,
		7,
		6,
		3,
		1,
		8,
		3,
		7,
		0,
		6,
		9,
		6,
		1,
		8,
		5,
		9,
		7,
		8,
		6,
		3,
		9,
		3,
		0,
		3,
		5,
		2,
		2,
		3,
		3,
		0,
		6,
		7,
		0,
		0,
		5,
		0,
		8,
		8,
		0,
		9,
		0
	],
	"formal_code":[
		5,
		13,
		0,
		226
	],
	"tensor_product_decompositions":{
		"identifiers":[
			"formal_code"
		],
		"value":[]
	},
	"sub_fusion_rings":{
		"identifiers":[
			"injection",
			"formal_code"
		],
		"value":[]
	},
	"numeric_characters":[
		[
			[
				1.0,
				0
			],
			[
				1.4780037342986962e1,
				0
			],
			[
				2.5557349602746406e1,
				0
			],
			[
				3.196750669017262e1,
				0
			],
			[
				3.321477975042546e1,
				0
			]
		],
		[
			[
				1.0,
				0
			],
			[
				0.8567526443162469,
				0
			],
			[
				6.753185894323509,
				0
			],
			[
				2.309177085131598,
				0
			],
			[
				-7.830098672403957,
				0
			]
		],
		[
			[
				1.0,
				0
			],
			[
				2.1981622942935246,
				0
			],
			[
				-1.359188328447939,
				0
			],
			[
				0.6693439693845966,
				0
			],
			[
				-0.6066253481195643,
				0
			]
		],
		[
			[
				1.0,
				0
			],
			[
				0.14643028674189945,
				0
			],
			[
				0.4531533612733912,
				0
			],
			[
				-0.7782279282788022,
				0
			],
			[
				0.30505583947726567,
				0
			]
		],
		[
			[
				1.0,
				0
			],
			[
				-0.981382568338633,
				0
			],
			[
				-0.4045005298953674,
				0
			],
			[
				0.8322001835899869,
				0
			],
			[
				-8.311156937919793e-2,
				0
			]
		]
	],
	"numeric_frobenius_perron_dimensions":[
		1.0,
		1.4780037342986962e1,
		2.5557349602746406e1,
		3.196750669017262e1,
		3.321477975042545e1
	],
	"numeric_frobenius_perron_dimension":2.997770700432595e3,
	"info":"Fusion ring. mult_tab provides structure constants. barcode and formal_code provide unique identifiers see (DOI: 10.1063\/5.0148848). sub_fusion_rings provides tuples where the first element corresponds to the elements of the ring that form the subring isomorphic to the ring identified by the second element of the tuple. software provides doi of original software used to represent fusion ring.",
	"comments":[
		""
	]
}