{
	"references":[
		""
	],
	"software":[
		"https:\/\/doi.org\/10.5281\/zenodo.15920400"
	],
	"mult_tab":[
		[
			[
				1,
				0,
				0,
				0,
				0
			],
			[
				0,
				1,
				0,
				0,
				0
			],
			[
				0,
				0,
				1,
				0,
				0
			],
			[
				0,
				0,
				0,
				1,
				0
			],
			[
				0,
				0,
				0,
				0,
				1
			]
		],
		[
			[
				0,
				1,
				0,
				0,
				0
			],
			[
				1,
				4,
				1,
				2,
				3
			],
			[
				0,
				1,
				5,
				5,
				5
			],
			[
				0,
				2,
				5,
				5,
				5
			],
			[
				0,
				3,
				5,
				5,
				5
			]
		],
		[
			[
				0,
				0,
				1,
				0,
				0
			],
			[
				0,
				1,
				5,
				5,
				5
			],
			[
				1,
				5,
				8,
				10,
				9
			],
			[
				0,
				5,
				10,
				7,
				11
			],
			[
				0,
				5,
				9,
				11,
				9
			]
		],
		[
			[
				0,
				0,
				0,
				1,
				0
			],
			[
				0,
				2,
				5,
				5,
				5
			],
			[
				0,
				5,
				10,
				7,
				11
			],
			[
				1,
				5,
				7,
				15,
				7
			],
			[
				0,
				5,
				11,
				7,
				12
			]
		],
		[
			[
				0,
				0,
				0,
				0,
				1
			],
			[
				0,
				3,
				5,
				5,
				5
			],
			[
				0,
				5,
				9,
				11,
				9
			],
			[
				0,
				5,
				11,
				7,
				12
			],
			[
				1,
				5,
				9,
				12,
				10
			]
		]
	],
	"texnames":[
		"\\text{FR}^{5,15,0}_{218}"
	],
	"barcode":[
		2,
		0,
		4,
		5,
		8,
		6,
		9,
		2,
		5,
		1,
		8,
		7,
		8,
		3,
		9,
		8,
		6,
		8,
		3,
		8,
		6,
		4,
		3,
		6,
		6,
		2,
		8,
		4,
		5,
		9,
		5,
		4,
		2,
		6,
		4,
		9,
		9,
		9,
		8,
		4,
		3,
		3,
		1,
		5,
		7,
		0,
		7,
		1,
		8,
		8,
		0,
		5,
		7,
		4,
		4,
		3,
		4,
		9,
		8,
		3,
		8,
		7,
		7,
		4,
		7,
		9,
		7,
		5,
		3,
		2,
		0,
		0,
		7,
		5,
		0,
		5,
		8,
		2,
		7,
		5,
		2,
		0,
		7,
		9,
		6,
		1,
		7,
		6,
		5,
		8,
		0,
		9,
		5,
		8,
		9,
		6,
		0,
		5,
		1,
		7,
		0,
		4,
		9,
		5,
		7,
		3,
		8,
		9,
		9,
		0,
		8,
		1,
		8,
		9,
		0,
		7,
		8,
		3,
		9,
		1,
		9,
		2,
		0,
		0,
		2,
		3,
		8,
		1,
		8,
		3,
		3,
		1,
		6,
		6,
		3,
		8,
		9,
		6,
		7,
		8,
		4,
		1,
		7,
		9,
		1,
		1,
		4,
		5,
		1,
		6
	],
	"formal_code":[
		5,
		15,
		0,
		218
	],
	"tensor_product_decompositions":{
		"identifiers":[
			"formal_code"
		],
		"value":[]
	},
	"sub_fusion_rings":{
		"identifiers":[
			"injection",
			"formal_code"
		],
		"value":[]
	},
	"numeric_characters":[
		[
			[
				1.0,
				0
			],
			[
				1.6014603960444738e1,
				0
			],
			[
				3.056818736135222e1,
				0
			],
			[
				3.156818736135222e1,
				0
			],
			[
				3.256818736135222e1,
				0
			]
		],
		[
			[
				1.0,
				0
			],
			[
				-0.7518693364863328,
				0
			],
			[
				-0.9045358591510451,
				0
			],
			[
				9.546414084895494e-2,
				0
			],
			[
				1.095464140848955,
				0
			]
		],
		[
			[
				1.0,
				0
			],
			[
				3.737265376041595,
				0
			],
			[
				-1.6636515022011757,
				0
			],
			[
				-0.6636515022011759,
				0
			],
			[
				0.3363484977988242,
				0
			]
		],
		[
			[
				1.0,
				0
			],
			[
				0.0,
				0
			],
			[
				-3.5615528128088303,
				0
			],
			[
				8.123105625617661,
				0
			],
			[
				-4.561552812808831,
				0
			]
		],
		[
			[
				1.0,
				0
			],
			[
				0.0,
				0
			],
			[
				0.5615528128088303,
				0
			],
			[
				-0.12310562561766059,
				0
			],
			[
				-0.4384471871911697,
				0
			]
		]
	],
	"numeric_frobenius_perron_dimensions":[
		1.0,
		1.6014603960444738e1,
		3.056818736135222e1,
		3.156818736135222e1,
		3.256818736135222e1
	],
	"numeric_frobenius_perron_dimension":3.2491188998542066e3,
	"info":"Fusion ring. mult_tab provides structure constants. barcode and formal_code provide unique identifiers see (DOI: 10.1063\/5.0148848). sub_fusion_rings provides tuples where the first element corresponds to the elements of the ring that form the subring isomorphic to the ring identified by the second element of the tuple. software provides doi of original software used to represent fusion ring.",
	"comments":[
		""
	]
}