{
	"references":[
		""
	],
	"software":[
		"https:\/\/doi.org\/10.5281\/zenodo.15920400"
	],
	"mult_tab":[
		[
			[
				1,
				0,
				0,
				0,
				0
			],
			[
				0,
				1,
				0,
				0,
				0
			],
			[
				0,
				0,
				1,
				0,
				0
			],
			[
				0,
				0,
				0,
				1,
				0
			],
			[
				0,
				0,
				0,
				0,
				1
			]
		],
		[
			[
				0,
				1,
				0,
				0,
				0
			],
			[
				1,
				2,
				3,
				4,
				3
			],
			[
				0,
				3,
				3,
				2,
				6
			],
			[
				0,
				4,
				2,
				6,
				4
			],
			[
				0,
				3,
				6,
				4,
				8
			]
		],
		[
			[
				0,
				0,
				1,
				0,
				0
			],
			[
				0,
				3,
				3,
				2,
				6
			],
			[
				1,
				3,
				4,
				6,
				5
			],
			[
				0,
				2,
				6,
				2,
				8
			],
			[
				0,
				6,
				5,
				8,
				8
			]
		],
		[
			[
				0,
				0,
				0,
				1,
				0
			],
			[
				0,
				4,
				2,
				6,
				4
			],
			[
				0,
				2,
				6,
				2,
				8
			],
			[
				1,
				6,
				2,
				11,
				3
			],
			[
				0,
				4,
				8,
				3,
				12
			]
		],
		[
			[
				0,
				0,
				0,
				0,
				1
			],
			[
				0,
				3,
				6,
				4,
				8
			],
			[
				0,
				6,
				5,
				8,
				8
			],
			[
				0,
				4,
				8,
				3,
				12
			],
			[
				1,
				8,
				8,
				12,
				12
			]
		]
	],
	"texnames":[
		"\\text{FR}^{5,12,0}_{293}"
	],
	"barcode":[
		1,
		3,
		4,
		5,
		7,
		8,
		5,
		2,
		8,
		7,
		0,
		6,
		3,
		2,
		5,
		1,
		9,
		2,
		9,
		5,
		4,
		0,
		9,
		2,
		4,
		6,
		7,
		7,
		1,
		2,
		3,
		4,
		6,
		1,
		8,
		4,
		1,
		2,
		0,
		2,
		2,
		8,
		1,
		6,
		7,
		4,
		6,
		0,
		2,
		4,
		3,
		3,
		4,
		1,
		8,
		7,
		5,
		7,
		6,
		8,
		1,
		0,
		5,
		8,
		8,
		4,
		9,
		1,
		1,
		7,
		1,
		0,
		6,
		5,
		8,
		1,
		8,
		9,
		9,
		3,
		5,
		6,
		4,
		7,
		6,
		9,
		9,
		9,
		2,
		9,
		3,
		2,
		9,
		1,
		0,
		9,
		6,
		4,
		3,
		3,
		7,
		3,
		7,
		4,
		7,
		9,
		1,
		2,
		1,
		1,
		6,
		5,
		6,
		2,
		1,
		8,
		6,
		9,
		1,
		0,
		5,
		4,
		4,
		1,
		8,
		9,
		6,
		0,
		9,
		8,
		9,
		6,
		7,
		5,
		6,
		2,
		7,
		7,
		5
	],
	"formal_code":[
		5,
		12,
		0,
		293
	],
	"tensor_product_decompositions":{
		"identifiers":[
			"formal_code"
		],
		"value":[]
	},
	"sub_fusion_rings":{
		"identifiers":[
			"injection",
			"formal_code"
		],
		"value":[]
	},
	"numeric_characters":[
		[
			[
				1.0,
				0
			],
			[
				1.6516665845957842e1,
				0
			],
			[
				2.0339545865985023e1,
				0
			],
			[
				2.168728589385664e1,
				0
			],
			[
				3.0333045933911e1,
				0
			]
		],
		[
			[
				1.0,
				0
			],
			[
				4.156596824024875,
				0
			],
			[
				-4.960235012064457,
				0
			],
			[
				1.0649399937453326e1,
				0
			],
			[
				-6.5842637347253365,
				0
			]
		],
		[
			[
				1.0,
				0
			],
			[
				0.8225626933730543,
				0
			],
			[
				0.3702571682858423,
				0
			],
			[
				-0.48077919379303286,
				0
			],
			[
				-0.38539024396745697,
				0
			]
		],
		[
			[
				1.0,
				0
			],
			[
				-0.49582536335577243,
				0
			],
			[
				-0.7495680222064088,
				0
			],
			[
				0.14409336248306767,
				0
			],
			[
				0.6366080447817948,
				0
			]
		],
		[
			[
				1.0,
				0
			],
			[
				-2.0,
				0
			],
			[
				2.0,
				0
			],
			[
				1.0,
				0
			],
			[
				-1.0,
				0
			]
		]
	],
	"numeric_frobenius_perron_dimensions":[
		1.0,
		1.6516665845957846e1,
		2.0339545865985023e1,
		2.168728589385664e1,
		3.0333045933911e1
	],
	"numeric_frobenius_perron_dimension":2.0779294217721667e3,
	"info":"Fusion ring. mult_tab provides structure constants. barcode and formal_code provide unique identifiers see (DOI: 10.1063\/5.0148848). sub_fusion_rings provides tuples where the first element corresponds to the elements of the ring that form the subring isomorphic to the ring identified by the second element of the tuple. software provides doi of original software used to represent fusion ring.",
	"comments":[
		""
	]
}