{
	"references":[
		""
	],
	"software":[
		"https:\/\/doi.org\/10.5281\/zenodo.15920400"
	],
	"mult_tab":[
		[
			[
				1,
				0,
				0,
				0,
				0
			],
			[
				0,
				1,
				0,
				0,
				0
			],
			[
				0,
				0,
				1,
				0,
				0
			],
			[
				0,
				0,
				0,
				1,
				0
			],
			[
				0,
				0,
				0,
				0,
				1
			]
		],
		[
			[
				0,
				1,
				0,
				0,
				0
			],
			[
				1,
				0,
				4,
				4,
				5
			],
			[
				0,
				4,
				1,
				6,
				5
			],
			[
				0,
				4,
				6,
				3,
				5
			],
			[
				0,
				5,
				5,
				5,
				6
			]
		],
		[
			[
				0,
				0,
				1,
				0,
				0
			],
			[
				0,
				4,
				1,
				6,
				5
			],
			[
				1,
				1,
				12,
				1,
				5
			],
			[
				0,
				6,
				1,
				9,
				5
			],
			[
				0,
				5,
				5,
				5,
				9
			]
		],
		[
			[
				0,
				0,
				0,
				1,
				0
			],
			[
				0,
				4,
				6,
				3,
				5
			],
			[
				0,
				6,
				1,
				9,
				5
			],
			[
				1,
				3,
				9,
				6,
				5
			],
			[
				0,
				5,
				5,
				5,
				11
			]
		],
		[
			[
				0,
				0,
				0,
				0,
				1
			],
			[
				0,
				5,
				5,
				5,
				6
			],
			[
				0,
				5,
				5,
				5,
				9
			],
			[
				0,
				5,
				5,
				5,
				11
			],
			[
				1,
				6,
				9,
				11,
				6
			]
		]
	],
	"texnames":[
		"\\text{FR}^{5,12,0}_{1435}"
	],
	"barcode":[
		1,
		3,
		4,
		5,
		7,
		8,
		5,
		2,
		8,
		7,
		0,
		6,
		3,
		2,
		5,
		1,
		9,
		2,
		9,
		5,
		4,
		0,
		9,
		2,
		4,
		6,
		7,
		7,
		1,
		2,
		3,
		4,
		6,
		1,
		6,
		6,
		1,
		6,
		6,
		2,
		1,
		8,
		6,
		6,
		3,
		0,
		3,
		5,
		3,
		6,
		3,
		7,
		4,
		4,
		5,
		1,
		7,
		5,
		4,
		8,
		9,
		9,
		3,
		7,
		5,
		8,
		9,
		1,
		7,
		7,
		0,
		8,
		2,
		9,
		9,
		6,
		1,
		6,
		0,
		2,
		0,
		3,
		4,
		4,
		8,
		9,
		4,
		0,
		6,
		1,
		1,
		2,
		0,
		3,
		8,
		5,
		3,
		1,
		5,
		7,
		9,
		1,
		9,
		3,
		5,
		2,
		0,
		8,
		7,
		2,
		6,
		7,
		3,
		5,
		5,
		8,
		6,
		8,
		6,
		5,
		4,
		7,
		9,
		6,
		6,
		8,
		9,
		2,
		4,
		9,
		1,
		3,
		0,
		3,
		0,
		0,
		4,
		4,
		4
	],
	"formal_code":[
		5,
		12,
		0,
		1435
	],
	"tensor_product_decompositions":{
		"identifiers":[
			"formal_code"
		],
		"value":[]
	},
	"sub_fusion_rings":{
		"identifiers":[
			"injection",
			"formal_code"
		],
		"value":[]
	},
	"numeric_characters":[
		[
			[
				1.0,
				0
			],
			[
				1.744579536481528e1,
				0
			],
			[
				2.044579536481528e1,
				0
			],
			[
				2.244579536481528e1,
				0
			],
			[
				2.6357882598497604e1,
				0
			]
		],
		[
			[
				1.0,
				0
			],
			[
				-4.23606797749979,
				0
			],
			[
				1.1090169943749475e1,
				0
			],
			[
				-6.854101966249685,
				0
			],
			[
				0.0,
				0
			]
		],
		[
			[
				1.0,
				0
			],
			[
				-3.359734781664092e-2,
				0
			],
			[
				2.9664026521833593,
				0
			],
			[
				4.966402652183359,
				0
			],
			[
				-6.546018487137312,
				0
			]
		],
		[
			[
				1.0,
				0
			],
			[
				0.2360679774997898,
				0
			],
			[
				-9.016994374947451e-2,
				0
			],
			[
				-0.1458980337503153,
				0
			],
			[
				0.0,
				0
			]
		],
		[
			[
				1.0,
				0
			],
			[
				-3.4121980169986377,
				0
			],
			[
				-0.4121980169986375,
				0
			],
			[
				1.5878019830013625,
				0
			],
			[
				1.1881358886397069,
				0
			]
		]
	],
	"numeric_frobenius_perron_dimensions":[
		1.0,
		1.744579536481528e1,
		2.044579536481528e1,
		2.244579536481528e1,
		2.6357882598497607e1
	],
	"numeric_frobenius_perron_dimension":1.9219380286462583e3,
	"info":"Fusion ring. mult_tab provides structure constants. barcode and formal_code provide unique identifiers see (DOI: 10.1063\/5.0148848). sub_fusion_rings provides tuples where the first element corresponds to the elements of the ring that form the subring isomorphic to the ring identified by the second element of the tuple. software provides doi of original software used to represent fusion ring.",
	"comments":[
		""
	]
}