{
	"references":[
		""
	],
	"software":[
		"https:\/\/doi.org\/10.5281\/zenodo.15920400"
	],
	"mult_tab":[
		[
			[
				1,
				0,
				0,
				0,
				0
			],
			[
				0,
				1,
				0,
				0,
				0
			],
			[
				0,
				0,
				1,
				0,
				0
			],
			[
				0,
				0,
				0,
				1,
				0
			],
			[
				0,
				0,
				0,
				0,
				1
			]
		],
		[
			[
				0,
				1,
				0,
				0,
				0
			],
			[
				1,
				2,
				2,
				4,
				3
			],
			[
				0,
				2,
				4,
				2,
				5
			],
			[
				0,
				4,
				2,
				7,
				3
			],
			[
				0,
				3,
				5,
				3,
				7
			]
		],
		[
			[
				0,
				0,
				1,
				0,
				0
			],
			[
				0,
				2,
				4,
				2,
				5
			],
			[
				1,
				4,
				6,
				7,
				0
			],
			[
				0,
				2,
				7,
				0,
				9
			],
			[
				0,
				5,
				0,
				9,
				7
			]
		],
		[
			[
				0,
				0,
				0,
				1,
				0
			],
			[
				0,
				4,
				2,
				7,
				3
			],
			[
				0,
				2,
				7,
				0,
				9
			],
			[
				1,
				7,
				0,
				15,
				1
			],
			[
				0,
				3,
				9,
				1,
				12
			]
		],
		[
			[
				0,
				0,
				0,
				0,
				1
			],
			[
				0,
				3,
				5,
				3,
				7
			],
			[
				0,
				5,
				0,
				9,
				7
			],
			[
				0,
				3,
				9,
				1,
				12
			],
			[
				1,
				7,
				7,
				12,
				5
			]
		]
	],
	"texnames":[
		"\\text{FR}^{5,15,0}_{307}"
	],
	"barcode":[
		2,
		0,
		4,
		5,
		8,
		6,
		9,
		2,
		5,
		1,
		8,
		7,
		8,
		3,
		9,
		8,
		6,
		8,
		3,
		8,
		6,
		4,
		3,
		6,
		6,
		2,
		8,
		4,
		5,
		9,
		5,
		4,
		2,
		6,
		5,
		0,
		0,
		4,
		3,
		1,
		7,
		7,
		5,
		4,
		2,
		4,
		4,
		1,
		7,
		0,
		4,
		9,
		0,
		8,
		7,
		5,
		8,
		6,
		6,
		1,
		9,
		6,
		8,
		9,
		2,
		2,
		3,
		5,
		9,
		2,
		4,
		8,
		4,
		9,
		1,
		7,
		0,
		7,
		9,
		6,
		6,
		3,
		4,
		6,
		0,
		0,
		4,
		4,
		0,
		3,
		5,
		3,
		2,
		3,
		6,
		4,
		8,
		7,
		1,
		9,
		2,
		7,
		6,
		9,
		2,
		7,
		0,
		6,
		7,
		3,
		6,
		4,
		7,
		2,
		7,
		3,
		9,
		7,
		1,
		3,
		1,
		2,
		8,
		3,
		7,
		0,
		3,
		4,
		4,
		9,
		2,
		6,
		8,
		9,
		3,
		9,
		6,
		0,
		8,
		0,
		5,
		4,
		4,
		5,
		9,
		1,
		2,
		4,
		3,
		7
	],
	"formal_code":[
		5,
		15,
		0,
		307
	],
	"tensor_product_decompositions":{
		"identifiers":[
			"formal_code"
		],
		"value":[]
	},
	"sub_fusion_rings":{
		"identifiers":[
			"injection",
			"formal_code"
		],
		"value":[]
	},
	"numeric_characters":[
		[
			[
				1.0,
				0
			],
			[
				1.5007122597834885e1,
				0
			],
			[
				1.777295403075313e1,
				0
			],
			[
				2.117309720048652e1,
				0
			],
			[
				2.4653728869108114e1,
				0
			]
		],
		[
			[
				1.0,
				0
			],
			[
				5.184941661411177,
				0
			],
			[
				-9.119687058609765,
				0
			],
			[
				1.6592435393284042e1,
				0
			],
			[
				-1.08722102488339e1,
				0
			]
		],
		[
			[
				1.0,
				0
			],
			[
				0.27046636606746904,
				0
			],
			[
				6.474415162348793,
				0
			],
			[
				0.14138503658418697,
				0
			],
			[
				-4.9940503826651765,
				0
			]
		],
		[
			[
				1.0,
				0
			],
			[
				0.6967788555987233,
				0
			],
			[
				-0.1804813595456178,
				0
			],
			[
				-0.3816648205682503,
				0
			],
			[
				-6.811645407914446e-3,
				0
			]
		],
		[
			[
				1.0,
				0
			],
			[
				-1.159309480912254,
				0
			],
			[
				5.279922505345895e-2,
				0
			],
			[
				0.4747471902135011,
				0
			],
			[
				0.219343407798875,
				0
			]
		]
	],
	"numeric_frobenius_perron_dimensions":[
		1.0,
		1.5007122597834885e1,
		1.777295403075313e1,
		2.1173097200486513e1,
		2.4653728869108114e1
	],
	"numeric_frobenius_perron_dimension":1.5981980158584552e3,
	"info":"Fusion ring. mult_tab provides structure constants. barcode and formal_code provide unique identifiers see (DOI: 10.1063\/5.0148848). sub_fusion_rings provides tuples where the first element corresponds to the elements of the ring that form the subring isomorphic to the ring identified by the second element of the tuple. software provides doi of original software used to represent fusion ring.",
	"comments":[
		""
	]
}