{
	"references":[
		""
	],
	"software":[
		"https:\/\/doi.org\/10.5281\/zenodo.15920400"
	],
	"mult_tab":[
		[
			[
				1,
				0,
				0,
				0,
				0
			],
			[
				0,
				1,
				0,
				0,
				0
			],
			[
				0,
				0,
				1,
				0,
				0
			],
			[
				0,
				0,
				0,
				1,
				0
			],
			[
				0,
				0,
				0,
				0,
				1
			]
		],
		[
			[
				0,
				1,
				0,
				0,
				0
			],
			[
				1,
				4,
				10,
				7,
				1
			],
			[
				0,
				10,
				1,
				2,
				7
			],
			[
				0,
				7,
				2,
				4,
				9
			],
			[
				0,
				1,
				7,
				9,
				11
			]
		],
		[
			[
				0,
				0,
				1,
				0,
				0
			],
			[
				0,
				10,
				1,
				2,
				7
			],
			[
				1,
				1,
				9,
				8,
				3
			],
			[
				0,
				2,
				8,
				7,
				6
			],
			[
				0,
				7,
				3,
				6,
				12
			]
		],
		[
			[
				0,
				0,
				0,
				1,
				0
			],
			[
				0,
				7,
				2,
				4,
				9
			],
			[
				0,
				2,
				8,
				7,
				6
			],
			[
				1,
				4,
				7,
				8,
				7
			],
			[
				0,
				9,
				6,
				7,
				11
			]
		],
		[
			[
				0,
				0,
				0,
				0,
				1
			],
			[
				0,
				1,
				7,
				9,
				11
			],
			[
				0,
				7,
				3,
				6,
				12
			],
			[
				0,
				9,
				6,
				7,
				11
			],
			[
				1,
				11,
				12,
				11,
				10
			]
		]
	],
	"texnames":[
		"\\text{FR}^{5,12,0}_{1488}"
	],
	"barcode":[
		1,
		3,
		4,
		5,
		7,
		8,
		5,
		2,
		8,
		7,
		0,
		6,
		3,
		2,
		5,
		1,
		9,
		2,
		9,
		5,
		4,
		0,
		9,
		2,
		4,
		6,
		7,
		7,
		1,
		2,
		3,
		4,
		6,
		1,
		7,
		7,
		6,
		6,
		5,
		5,
		9,
		0,
		6,
		9,
		8,
		3,
		3,
		7,
		4,
		9,
		6,
		1,
		8,
		2,
		7,
		7,
		4,
		9,
		0,
		6,
		6,
		0,
		6,
		5,
		0,
		9,
		0,
		1,
		5,
		4,
		5,
		5,
		5,
		5,
		3,
		9,
		4,
		9,
		4,
		8,
		1,
		5,
		0,
		1,
		9,
		8,
		6,
		0,
		7,
		7,
		4,
		2,
		1,
		5,
		3,
		7,
		0,
		2,
		6,
		2,
		1,
		0,
		2,
		7,
		0,
		7,
		2,
		0,
		8,
		9,
		8,
		6,
		6,
		0,
		5,
		2,
		7,
		7,
		1,
		9,
		9,
		9,
		6,
		5,
		1,
		2,
		4,
		5,
		4,
		7,
		7,
		2,
		2,
		8,
		7,
		6,
		2,
		4,
		6
	],
	"formal_code":[
		5,
		12,
		0,
		1488
	],
	"tensor_product_decompositions":{
		"identifiers":[
			"formal_code"
		],
		"value":[]
	},
	"sub_fusion_rings":{
		"identifiers":[
			"injection",
			"formal_code"
		],
		"value":[]
	},
	"numeric_characters":[
		[
			[
				1.0,
				0
			],
			[
				2.3480640592522153e1,
				0
			],
			[
				2.3510825338760846e1,
				0
			],
			[
				2.671139701262746e1,
				0
			],
			[
				3.432988778910986e1,
				0
			]
		],
		[
			[
				1.0,
				0
			],
			[
				7.362039107423539,
				0
			],
			[
				3.703529500446442,
				0
			],
			[
				-0.9133708456931208,
				0
			],
			[
				-6.89023569507316,
				0
			]
		],
		[
			[
				1.0,
				0
			],
			[
				-1.0882634003544355e1,
				0
			],
			[
				1.1591638442099523e1,
				0
			],
			[
				7.3241271959875425,
				0
			],
			[
				-6.223015923630747,
				0
			]
		],
		[
			[
				1.0,
				0
			],
			[
				-9.701967995130333e-2,
				0
			],
			[
				0.24278458100318853,
				0
			],
			[
				-0.4663050476524582,
				0
			],
			[
				0.23378106163838863,
				0
			]
		],
		[
			[
				1.0,
				0
			],
			[
				0.13697398354996543,
				0
			],
			[
				-1.0487778623099993,
				0
			],
			[
				1.3441516847305748,
				0
			],
			[
				-0.4504172320443461,
				0
			]
		]
	],
	"numeric_frobenius_perron_dimensions":[
		1.0,
		2.348064059252216e1,
		2.3510825338760846e1,
		2.671139701262746e1,
		3.432988778910986e1
	],
	"numeric_frobenius_perron_dimension":2.997139316723996e3,
	"info":"Fusion ring. mult_tab provides structure constants. barcode and formal_code provide unique identifiers see (DOI: 10.1063\/5.0148848). sub_fusion_rings provides tuples where the first element corresponds to the elements of the ring that form the subring isomorphic to the ring identified by the second element of the tuple. software provides doi of original software used to represent fusion ring.",
	"comments":[
		""
	]
}