{
	"references":[
		""
	],
	"software":[
		"https:\/\/doi.org\/10.5281\/zenodo.15920400"
	],
	"mult_tab":[
		[
			[
				1,
				0,
				0,
				0,
				0
			],
			[
				0,
				1,
				0,
				0,
				0
			],
			[
				0,
				0,
				1,
				0,
				0
			],
			[
				0,
				0,
				0,
				1,
				0
			],
			[
				0,
				0,
				0,
				0,
				1
			]
		],
		[
			[
				0,
				1,
				0,
				0,
				0
			],
			[
				1,
				6,
				3,
				0,
				1
			],
			[
				0,
				3,
				7,
				2,
				0
			],
			[
				0,
				0,
				2,
				6,
				4
			],
			[
				0,
				1,
				0,
				4,
				8
			]
		],
		[
			[
				0,
				0,
				1,
				0,
				0
			],
			[
				0,
				3,
				7,
				2,
				0
			],
			[
				1,
				7,
				6,
				2,
				1
			],
			[
				0,
				2,
				2,
				4,
				8
			],
			[
				0,
				0,
				1,
				8,
				8
			]
		],
		[
			[
				0,
				0,
				0,
				1,
				0
			],
			[
				0,
				0,
				2,
				6,
				4
			],
			[
				0,
				2,
				2,
				4,
				8
			],
			[
				1,
				6,
				4,
				7,
				7
			],
			[
				0,
				4,
				8,
				7,
				8
			]
		],
		[
			[
				0,
				0,
				0,
				0,
				1
			],
			[
				0,
				1,
				0,
				4,
				8
			],
			[
				0,
				0,
				1,
				8,
				8
			],
			[
				0,
				4,
				8,
				7,
				8
			],
			[
				1,
				8,
				8,
				8,
				8
			]
		]
	],
	"texnames":[
		"\\text{FR}^{5,8,0}_{248}"
	],
	"barcode":[
		2,
		1,
		1,
		8,
		7,
		1,
		2,
		2,
		9,
		9,
		1,
		3,
		9,
		8,
		3,
		2,
		0,
		3,
		2,
		5,
		8,
		3,
		1,
		9,
		3,
		6,
		7,
		6,
		2,
		0,
		8,
		0,
		2,
		8,
		4,
		3,
		6,
		0,
		8,
		9,
		2,
		3,
		8,
		8,
		1,
		3,
		2,
		0,
		8,
		9,
		1,
		0,
		3,
		1,
		1,
		3,
		2,
		4,
		1,
		3,
		6,
		8,
		7,
		9,
		2,
		8,
		2,
		1,
		7,
		9,
		3,
		6,
		1,
		5,
		3,
		2,
		0,
		7,
		1,
		2,
		6,
		1,
		3,
		9,
		7,
		1,
		2,
		7,
		9,
		7,
		3,
		2,
		5,
		8,
		2,
		6,
		4,
		7,
		3,
		7,
		6,
		3,
		8,
		7,
		9,
		7,
		6,
		4,
		9,
		4,
		1,
		3,
		6,
		0,
		2,
		8,
		3,
		2,
		1
	],
	"formal_code":[
		5,
		8,
		0,
		248
	],
	"tensor_product_decompositions":{
		"identifiers":[
			"formal_code"
		],
		"value":[]
	},
	"sub_fusion_rings":{
		"identifiers":[
			"injection",
			"formal_code"
		],
		"value":[]
	},
	"numeric_characters":[
		[
			[
				1.0,
				0
			],
			[
				1.2016336741076296e1,
				0
			],
			[
				1.5688283476108381e1,
				0
			],
			[
				2.1324351291196873e1,
				0
			],
			[
				2.4229477800157184e1,
				0
			]
		],
		[
			[
				1.0,
				0
			],
			[
				8.796525181190807,
				0
			],
			[
				1.0493784090436641e1,
				0
			],
			[
				-3.768614089561763,
				0
			],
			[
				-7.881648095130805,
				0
			]
		],
		[
			[
				1.0,
				0
			],
			[
				1.6901703185763026,
				0
			],
			[
				-2.0550055905477693,
				0
			],
			[
				2.9206093622266356,
				0
			],
			[
				-2.1193294340181876,
				0
			]
		],
		[
			[
				1.0,
				0
			],
			[
				4.724444384361508,
				0
			],
			[
				-3.24370222309894,
				0
			],
			[
				-3.3960541719263357,
				0
			],
			[
				2.7048151040527615,
				0
			]
		],
		[
			[
				1.0,
				0
			],
			[
				-0.22747662520491446,
				0
			],
			[
				0.11664024710168619,
				0
			],
			[
				-8.029239193540941e-2,
				0
			],
			[
				6.668462493904533e-2,
				0
			]
		]
	],
	"numeric_frobenius_perron_dimensions":[
		1.0,
		1.2016336741076291e1,
		1.5688283476108383e1,
		2.1324351291196873e1,
		2.4229477800157184e1
	],
	"numeric_frobenius_perron_dimension":1.4333101395603549e3,
	"info":"Fusion ring. mult_tab provides structure constants. barcode and formal_code provide unique identifiers see (DOI: 10.1063\/5.0148848). sub_fusion_rings provides tuples where the first element corresponds to the elements of the ring that form the subring isomorphic to the ring identified by the second element of the tuple. software provides doi of original software used to represent fusion ring.",
	"comments":[
		""
	]
}