{
	"references":[
		""
	],
	"software":[
		"https:\/\/doi.org\/10.5281\/zenodo.15920400"
	],
	"mult_tab":[
		[
			[
				1,
				0,
				0,
				0,
				0
			],
			[
				0,
				1,
				0,
				0,
				0
			],
			[
				0,
				0,
				1,
				0,
				0
			],
			[
				0,
				0,
				0,
				1,
				0
			],
			[
				0,
				0,
				0,
				0,
				1
			]
		],
		[
			[
				0,
				1,
				0,
				0,
				0
			],
			[
				1,
				4,
				2,
				3,
				2
			],
			[
				0,
				2,
				5,
				3,
				4
			],
			[
				0,
				3,
				3,
				6,
				5
			],
			[
				0,
				2,
				4,
				5,
				7
			]
		],
		[
			[
				0,
				0,
				1,
				0,
				0
			],
			[
				0,
				2,
				5,
				3,
				4
			],
			[
				1,
				5,
				11,
				1,
				4
			],
			[
				0,
				3,
				1,
				9,
				9
			],
			[
				0,
				4,
				4,
				9,
				8
			]
		],
		[
			[
				0,
				0,
				0,
				1,
				0
			],
			[
				0,
				3,
				3,
				6,
				5
			],
			[
				0,
				3,
				1,
				9,
				9
			],
			[
				1,
				6,
				9,
				6,
				9
			],
			[
				0,
				5,
				9,
				9,
				9
			]
		],
		[
			[
				0,
				0,
				0,
				0,
				1
			],
			[
				0,
				2,
				4,
				5,
				7
			],
			[
				0,
				4,
				4,
				9,
				8
			],
			[
				0,
				5,
				9,
				9,
				9
			],
			[
				1,
				7,
				8,
				9,
				11
			]
		]
	],
	"texnames":[
		"\\text{FR}^{5,11,0}_{702}"
	],
	"barcode":[
		6,
		5,
		8,
		3,
		7,
		7,
		0,
		0,
		7,
		1,
		1,
		6,
		2,
		1,
		8,
		2,
		3,
		4,
		2,
		2,
		0,
		4,
		1,
		2,
		6,
		8,
		4,
		4,
		3,
		7,
		1,
		5,
		5,
		0,
		6,
		8,
		0,
		4,
		6,
		4,
		8,
		7,
		0,
		4,
		0,
		1,
		5,
		0,
		9,
		5,
		4,
		2,
		8,
		3,
		5,
		8,
		9,
		6,
		7,
		9,
		6,
		3,
		8,
		9,
		5,
		5,
		8,
		3,
		7,
		4,
		4,
		8,
		0,
		7,
		8,
		2,
		1,
		5,
		9,
		7,
		1,
		5,
		9,
		4,
		7,
		2,
		4,
		6,
		8,
		2,
		9,
		0,
		7,
		5,
		8,
		8,
		1,
		0,
		8,
		5,
		8,
		1,
		0,
		1,
		4,
		3,
		1,
		4,
		7,
		3,
		0,
		6,
		6,
		0,
		8,
		3,
		5,
		5,
		7,
		1,
		3,
		2,
		4,
		9,
		0,
		8,
		6,
		5,
		7,
		6,
		3,
		2,
		7,
		2
	],
	"formal_code":[
		5,
		11,
		0,
		702
	],
	"tensor_product_decompositions":{
		"identifiers":[
			"formal_code"
		],
		"value":[]
	},
	"sub_fusion_rings":{
		"identifiers":[
			"injection",
			"formal_code"
		],
		"value":[]
	},
	"numeric_characters":[
		[
			[
				1.0,
				0
			],
			[
				1.5618681346949561e1,
				0
			],
			[
				2.1368970860061733e1,
				0
			],
			[
				2.659605007930325e1,
				0
			],
			[
				2.897119483585934e1,
				0
			]
		],
		[
			[
				1.0,
				0
			],
			[
				1.0,
				0
			],
			[
				-1.0,
				0
			],
			[
				-2.0,
				0
			],
			[
				2.0,
				0
			]
		],
		[
			[
				1.0,
				0
			],
			[
				2.4214664244458612,
				0
			],
			[
				1.0464750647991051e1,
				0
			],
			[
				-6.559030314518424,
				0
			],
			[
				-3.0373882027458277,
				0
			]
		],
		[
			[
				1.0,
				0
			],
			[
				3.325587341362051,
				0
			],
			[
				-0.9211089472350968,
				0
			],
			[
				0.7692191965293306,
				0
			],
			[
				-1.8541289477692435,
				0
			]
		],
		[
			[
				1.0,
				0
			],
			[
				-0.36573511275747295,
				0
			],
			[
				8.738743918231208e-2,
				0
			],
			[
				0.19376103868584083,
				0
			],
			[
				-7.967768534426667e-2,
				0
			]
		]
	],
	"numeric_frobenius_perron_dimensions":[
		1.0,
		1.5618681346949561e1,
		2.136897086006173e1,
		2.659605007930325e1,
		2.8971194835859336e1
	],
	"numeric_frobenius_perron_dimension":2.248256132673847e3,
	"info":"Fusion ring. mult_tab provides structure constants. barcode and formal_code provide unique identifiers see (DOI: 10.1063\/5.0148848). sub_fusion_rings provides tuples where the first element corresponds to the elements of the ring that form the subring isomorphic to the ring identified by the second element of the tuple. software provides doi of original software used to represent fusion ring.",
	"comments":[
		""
	]
}