{
	"references":[
		""
	],
	"software":[
		"https:\/\/doi.org\/10.5281\/zenodo.15920400"
	],
	"mult_tab":[
		[
			[
				1,
				0,
				0,
				0,
				0
			],
			[
				0,
				1,
				0,
				0,
				0
			],
			[
				0,
				0,
				1,
				0,
				0
			],
			[
				0,
				0,
				0,
				1,
				0
			],
			[
				0,
				0,
				0,
				0,
				1
			]
		],
		[
			[
				0,
				1,
				0,
				0,
				0
			],
			[
				1,
				0,
				1,
				3,
				0
			],
			[
				0,
				1,
				3,
				5,
				3
			],
			[
				0,
				3,
				5,
				4,
				2
			],
			[
				0,
				0,
				3,
				2,
				7
			]
		],
		[
			[
				0,
				0,
				1,
				0,
				0
			],
			[
				0,
				1,
				3,
				5,
				3
			],
			[
				1,
				3,
				10,
				11,
				10
			],
			[
				0,
				5,
				11,
				11,
				10
			],
			[
				0,
				3,
				10,
				10,
				13
			]
		],
		[
			[
				0,
				0,
				0,
				1,
				0
			],
			[
				0,
				3,
				5,
				4,
				2
			],
			[
				0,
				5,
				11,
				11,
				10
			],
			[
				1,
				4,
				11,
				14,
				9
			],
			[
				0,
				2,
				10,
				9,
				16
			]
		],
		[
			[
				0,
				0,
				0,
				0,
				1
			],
			[
				0,
				0,
				3,
				2,
				7
			],
			[
				0,
				3,
				10,
				10,
				13
			],
			[
				0,
				2,
				10,
				9,
				16
			],
			[
				1,
				7,
				13,
				16,
				5
			]
		]
	],
	"texnames":[
		"\\text{FR}^{5,16,0}_{433}"
	],
	"barcode":[
		3,
		7,
		6,
		4,
		1,
		4,
		4,
		3,
		4,
		3,
		0,
		6,
		5,
		8,
		9,
		6,
		9,
		9,
		4,
		3,
		9,
		0,
		0,
		0,
		5,
		8,
		2,
		8,
		2,
		6,
		5,
		5,
		9,
		0,
		2,
		3,
		0,
		5,
		5,
		8,
		9,
		2,
		8,
		6,
		2,
		1,
		2,
		4,
		5,
		9,
		3,
		8,
		1,
		4,
		7,
		8,
		0,
		4,
		8,
		9,
		4,
		0,
		6,
		7,
		4,
		9,
		0,
		4,
		9,
		2,
		9,
		3,
		1,
		3,
		2,
		2,
		9,
		0,
		9,
		2,
		1,
		9,
		4,
		6,
		0,
		5,
		1,
		5,
		7,
		8,
		7,
		7,
		0,
		0,
		7,
		1,
		0,
		7,
		1,
		9,
		0,
		0,
		2,
		4,
		0,
		9,
		8,
		0,
		9,
		2,
		0,
		5,
		6,
		2,
		8,
		9,
		1,
		8,
		3,
		6,
		0,
		1,
		2,
		5,
		9,
		0,
		9,
		8,
		9,
		2,
		8,
		7,
		3,
		8,
		2,
		4,
		2,
		4,
		3,
		3,
		0,
		2,
		8,
		2,
		1,
		6,
		9,
		4,
		5,
		1,
		3,
		3,
		8
	],
	"formal_code":[
		5,
		16,
		0,
		433
	],
	"tensor_product_decompositions":{
		"identifiers":[
			"formal_code"
		],
		"value":[]
	},
	"sub_fusion_rings":{
		"identifiers":[
			"injection",
			"formal_code"
		],
		"value":[]
	},
	"numeric_characters":[
		[
			[
				1.0,
				0
			],
			[
				1.1796826952679039e1,
				0
			],
			[
				3.328214242620367e1,
				0
			],
			[
				3.496099457508365e1,
				0
			],
			[
				3.539181590321123e1,
				0
			]
		],
		[
			[
				1.0,
				0
			],
			[
				4.993143020237683,
				0
			],
			[
				2.942035268054617,
				0
			],
			[
				6.996480650831225,
				0
			],
			[
				-1.137054973819255e1,
				0
			]
		],
		[
			[
				1.0,
				0
			],
			[
				-2.616958176108642,
				0
			],
			[
				-1.8353369362682281,
				0
			],
			[
				2.5612690105900326,
				0
			],
			[
				3.987464441482949e-2,
				0
			]
		],
		[
			[
				1.0,
				0
			],
			[
				0.6345904861305848,
				0
			],
			[
				-0.4320532565970486,
				0
			],
			[
				-5.508055277183316e-2,
				0
			],
			[
				0.22093172046050114,
				0
			]
		],
		[
			[
				1.0,
				0
			],
			[
				-0.807602282938666,
				0
			],
			[
				1.0432124986069884,
				0
			],
			[
				-0.4636636837330811,
				0
			],
			[
				-0.2820725298940158,
				0
			]
		]
	],
	"numeric_frobenius_perron_dimensions":[
		1.0,
		1.1796826952679039e1,
		3.328214242620367e1,
		3.496099457508365e1,
		3.539181590321123e1
	],
	"numeric_frobenius_perron_dimension":3.7227179052353854e3,
	"info":"Fusion ring. mult_tab provides structure constants. barcode and formal_code provide unique identifiers see (DOI: 10.1063\/5.0148848). sub_fusion_rings provides tuples where the first element corresponds to the elements of the ring that form the subring isomorphic to the ring identified by the second element of the tuple. software provides doi of original software used to represent fusion ring.",
	"comments":[
		""
	]
}