{
	"references":[
		""
	],
	"software":[
		"https:\/\/doi.org\/10.5281\/zenodo.15920400"
	],
	"mult_tab":[
		[
			[
				1,
				0,
				0,
				0,
				0
			],
			[
				0,
				1,
				0,
				0,
				0
			],
			[
				0,
				0,
				1,
				0,
				0
			],
			[
				0,
				0,
				0,
				1,
				0
			],
			[
				0,
				0,
				0,
				0,
				1
			]
		],
		[
			[
				0,
				1,
				0,
				0,
				0
			],
			[
				1,
				0,
				0,
				3,
				0
			],
			[
				0,
				0,
				2,
				0,
				3
			],
			[
				0,
				3,
				0,
				6,
				1
			],
			[
				0,
				0,
				3,
				1,
				6
			]
		],
		[
			[
				0,
				0,
				1,
				0,
				0
			],
			[
				0,
				0,
				2,
				0,
				3
			],
			[
				1,
				2,
				0,
				4,
				2
			],
			[
				0,
				0,
				4,
				1,
				8
			],
			[
				0,
				3,
				2,
				8,
				4
			]
		],
		[
			[
				0,
				0,
				0,
				1,
				0
			],
			[
				0,
				3,
				0,
				6,
				1
			],
			[
				0,
				0,
				4,
				1,
				8
			],
			[
				1,
				6,
				1,
				15,
				4
			],
			[
				0,
				1,
				8,
				4,
				15
			]
		],
		[
			[
				0,
				0,
				0,
				0,
				1
			],
			[
				0,
				0,
				3,
				1,
				6
			],
			[
				0,
				3,
				2,
				8,
				4
			],
			[
				0,
				1,
				8,
				4,
				15
			],
			[
				1,
				6,
				4,
				15,
				10
			]
		]
	],
	"texnames":[
		"\\text{FR}^{5,15,0}_{1039}"
	],
	"barcode":[
		2,
		0,
		4,
		5,
		8,
		6,
		9,
		2,
		5,
		1,
		8,
		7,
		8,
		3,
		9,
		8,
		6,
		8,
		3,
		8,
		6,
		4,
		3,
		6,
		6,
		2,
		8,
		4,
		5,
		9,
		5,
		4,
		2,
		6,
		5,
		0,
		0,
		4,
		1,
		5,
		9,
		9,
		3,
		0,
		0,
		5,
		8,
		6,
		6,
		3,
		3,
		2,
		9,
		4,
		0,
		3,
		7,
		3,
		6,
		0,
		6,
		6,
		0,
		1,
		3,
		3,
		1,
		4,
		7,
		2,
		3,
		0,
		9,
		5,
		6,
		5,
		9,
		9,
		3,
		2,
		2,
		5,
		1,
		1,
		5,
		6,
		8,
		4,
		1,
		7,
		4,
		2,
		4,
		6,
		4,
		7,
		7,
		5,
		5,
		2,
		0,
		7,
		3,
		2,
		5,
		3,
		9,
		8,
		1,
		0,
		2,
		4,
		8,
		1,
		5,
		2,
		5,
		3,
		4,
		6,
		0,
		8,
		3,
		6,
		6,
		4,
		5,
		0,
		2,
		5,
		4,
		7,
		9,
		1,
		0,
		2,
		2,
		3,
		9,
		3,
		9,
		2,
		9,
		4,
		5,
		4,
		4,
		4,
		1,
		6
	],
	"formal_code":[
		5,
		15,
		0,
		1039
	],
	"tensor_product_decompositions":{
		"identifiers":[
			"formal_code"
		],
		"value":[]
	},
	"sub_fusion_rings":{
		"identifiers":[
			"injection",
			"formal_code"
		],
		"value":[]
	},
	"numeric_characters":[
		[
			[
				1.0,
				0
			],
			[
				8.281353352715337,
				0
			],
			[
				1.267935912444026e1,
				0
			],
			[
				2.2526937784176514e1,
				0
			],
			[
				2.6547844982194874e1,
				0
			]
		],
		[
			[
				1.0,
				0
			],
			[
				6.628991484034341,
				0
			],
			[
				-7.053331163499485,
				0
			],
			[
				1.4314509365133269e1,
				0
			],
			[
				-1.088326996330438e1,
				0
			]
		],
		[
			[
				1.0,
				0
			],
			[
				0.30676036529206807,
				0
			],
			[
				-1.4154237283062956,
				0
			],
			[
				-0.30196602609529233,
				0
			],
			[
				0.7988838522247638,
				0
			]
		],
		[
			[
				1.0,
				0
			],
			[
				0.540552288433956,
				0
			],
			[
				0.6857086412680532,
				0
			],
			[
				-0.23593440782293776,
				0
			],
			[
				-0.3335853024332406,
				0
			]
		],
		[
			[
				1.0,
				0
			],
			[
				-1.757657490475701,
				0
			],
			[
				0.10368712609746732,
				0
			],
			[
				0.6964532846084462,
				0
			],
			[
				-0.12987356868201552,
				0
			]
		]
	],
	"numeric_frobenius_perron_dimensions":[
		1.0,
		8.281353352715335,
		1.267935912444026e1,
		2.2526937784176518e1,
		2.6547844982194874e1
	],
	"numeric_frobenius_perron_dimension":1.4425979602898653e3,
	"info":"Fusion ring. mult_tab provides structure constants. barcode and formal_code provide unique identifiers see (DOI: 10.1063\/5.0148848). sub_fusion_rings provides tuples where the first element corresponds to the elements of the ring that form the subring isomorphic to the ring identified by the second element of the tuple. software provides doi of original software used to represent fusion ring.",
	"comments":[
		""
	]
}