{
	"references":[
		""
	],
	"software":[
		"https:\/\/doi.org\/10.5281\/zenodo.15920400"
	],
	"mult_tab":[
		[
			[
				1,
				0,
				0,
				0,
				0
			],
			[
				0,
				1,
				0,
				0,
				0
			],
			[
				0,
				0,
				1,
				0,
				0
			],
			[
				0,
				0,
				0,
				1,
				0
			],
			[
				0,
				0,
				0,
				0,
				1
			]
		],
		[
			[
				0,
				1,
				0,
				0,
				0
			],
			[
				1,
				2,
				2,
				7,
				5
			],
			[
				0,
				2,
				4,
				8,
				6
			],
			[
				0,
				7,
				8,
				4,
				8
			],
			[
				0,
				5,
				6,
				8,
				10
			]
		],
		[
			[
				0,
				0,
				1,
				0,
				0
			],
			[
				0,
				2,
				4,
				8,
				6
			],
			[
				1,
				4,
				4,
				9,
				8
			],
			[
				0,
				8,
				9,
				6,
				10
			],
			[
				0,
				6,
				8,
				10,
				12
			]
		],
		[
			[
				0,
				0,
				0,
				1,
				0
			],
			[
				0,
				7,
				8,
				4,
				8
			],
			[
				0,
				8,
				9,
				6,
				10
			],
			[
				1,
				4,
				6,
				16,
				12
			],
			[
				0,
				8,
				10,
				12,
				15
			]
		],
		[
			[
				0,
				0,
				0,
				0,
				1
			],
			[
				0,
				5,
				6,
				8,
				10
			],
			[
				0,
				6,
				8,
				10,
				12
			],
			[
				0,
				8,
				10,
				12,
				15
			],
			[
				1,
				10,
				12,
				15,
				15
			]
		]
	],
	"texnames":[
		"\\text{FR}^{5,16,0}_{173}"
	],
	"barcode":[
		3,
		7,
		6,
		4,
		1,
		4,
		4,
		3,
		4,
		3,
		0,
		6,
		5,
		8,
		9,
		6,
		9,
		9,
		4,
		3,
		9,
		0,
		0,
		0,
		5,
		8,
		2,
		8,
		2,
		6,
		5,
		5,
		9,
		0,
		2,
		3,
		0,
		6,
		1,
		4,
		2,
		8,
		5,
		7,
		7,
		3,
		0,
		0,
		7,
		9,
		8,
		3,
		9,
		1,
		2,
		2,
		2,
		1,
		0,
		1,
		7,
		5,
		0,
		2,
		9,
		8,
		1,
		4,
		0,
		3,
		7,
		5,
		5,
		0,
		2,
		0,
		6,
		0,
		4,
		6,
		7,
		0,
		4,
		0,
		4,
		0,
		7,
		9,
		7,
		0,
		0,
		6,
		6,
		4,
		0,
		6,
		0,
		6,
		0,
		3,
		5,
		4,
		7,
		1,
		6,
		0,
		5,
		1,
		8,
		6,
		8,
		7,
		2,
		7,
		4,
		9,
		1,
		4,
		2,
		8,
		0,
		1,
		4,
		5,
		1,
		6,
		0,
		6,
		4,
		6,
		8,
		7,
		1,
		7,
		2,
		3,
		7,
		5,
		2,
		1,
		4,
		0,
		0,
		8,
		3,
		0,
		2,
		1,
		7,
		3,
		6,
		6,
		0
	],
	"formal_code":[
		5,
		16,
		0,
		173
	],
	"tensor_product_decompositions":{
		"identifiers":[
			"formal_code"
		],
		"value":[]
	},
	"sub_fusion_rings":{
		"identifiers":[
			"injection",
			"formal_code"
		],
		"value":[]
	},
	"numeric_characters":[
		[
			[
				1.0,
				0
			],
			[
				2.4089942906700443e1,
				0
			],
			[
				2.9822432936173715e1,
				0
			],
			[
				3.712406965393622e1,
				0
			],
			[
				4.232642199695702e1,
				0
			]
		],
		[
			[
				1.0,
				0
			],
			[
				-6.180458168673243,
				0
			],
			[
				-5.591350289010376,
				0
			],
			[
				9.016480117721999,
				0
			],
			[
				-0.47473614679338694,
				0
			]
		],
		[
			[
				1.0,
				0
			],
			[
				1.22987466725095,
				0
			],
			[
				0.9659474760267008,
				0
			],
			[
				1.201704501642174,
				0
			],
			[
				-2.458196820180977,
				0
			]
		],
		[
			[
				1.0,
				0
			],
			[
				1.32296937830091,
				0
			],
			[
				-1.5231232566296151,
				0
			],
			[
				-0.12710490730633414,
				0
			],
			[
				0.40805801674472914,
				0
			]
		],
		[
			[
				1.0,
				0
			],
			[
				-0.4623287835790592,
				0
			],
			[
				0.32609313343957547,
				0
			],
			[
				-0.2151493659940544,
				0
			],
			[
				0.19845295327260815,
				0
			]
		]
	],
	"numeric_frobenius_perron_dimensions":[
		1.0,
		2.4089942906700443e1,
		2.9822432936173715e1,
		3.712406965393622e1,
		4.232642199695703e1
	],
	"numeric_frobenius_perron_dimension":4.640425402215462e3,
	"info":"Fusion ring. mult_tab provides structure constants. barcode and formal_code provide unique identifiers see (DOI: 10.1063\/5.0148848). sub_fusion_rings provides tuples where the first element corresponds to the elements of the ring that form the subring isomorphic to the ring identified by the second element of the tuple. software provides doi of original software used to represent fusion ring.",
	"comments":[
		""
	]
}