{
	"references":[
		""
	],
	"software":[
		"https:\/\/doi.org\/10.5281\/zenodo.15920400"
	],
	"mult_tab":[
		[
			[
				1,
				0,
				0,
				0,
				0
			],
			[
				0,
				1,
				0,
				0,
				0
			],
			[
				0,
				0,
				1,
				0,
				0
			],
			[
				0,
				0,
				0,
				1,
				0
			],
			[
				0,
				0,
				0,
				0,
				1
			]
		],
		[
			[
				0,
				1,
				0,
				0,
				0
			],
			[
				1,
				13,
				0,
				1,
				2
			],
			[
				0,
				0,
				6,
				6,
				6
			],
			[
				0,
				1,
				6,
				6,
				6
			],
			[
				0,
				2,
				6,
				6,
				6
			]
		],
		[
			[
				0,
				0,
				1,
				0,
				0
			],
			[
				0,
				0,
				6,
				6,
				6
			],
			[
				1,
				6,
				9,
				9,
				10
			],
			[
				0,
				6,
				9,
				10,
				10
			],
			[
				0,
				6,
				10,
				10,
				10
			]
		],
		[
			[
				0,
				0,
				0,
				1,
				0
			],
			[
				0,
				1,
				6,
				6,
				6
			],
			[
				0,
				6,
				9,
				10,
				10
			],
			[
				1,
				6,
				10,
				10,
				10
			],
			[
				0,
				6,
				10,
				10,
				11
			]
		],
		[
			[
				0,
				0,
				0,
				0,
				1
			],
			[
				0,
				2,
				6,
				6,
				6
			],
			[
				0,
				6,
				10,
				10,
				10
			],
			[
				0,
				6,
				10,
				10,
				11
			],
			[
				1,
				6,
				10,
				11,
				11
			]
		]
	],
	"texnames":[
		"\\text{FR}^{5,13,0}_{230}"
	],
	"barcode":[
		1,
		3,
		1,
		7,
		8,
		8,
		1,
		8,
		6,
		4,
		8,
		7,
		2,
		1,
		4,
		1,
		5,
		3,
		0,
		1,
		5,
		0,
		1,
		5,
		4,
		3,
		3,
		8,
		4,
		9,
		5,
		2,
		4,
		7,
		8,
		8,
		5,
		5,
		5,
		7,
		9,
		8,
		9,
		6,
		8,
		3,
		3,
		0,
		5,
		8,
		1,
		6,
		5,
		9,
		6,
		4,
		2,
		5,
		2,
		4,
		0,
		5,
		1,
		1,
		9,
		1,
		6,
		3,
		0,
		8,
		1,
		3,
		9,
		6,
		4,
		2,
		6,
		3,
		2,
		2,
		5,
		5,
		1,
		8,
		9,
		0,
		2,
		3,
		5,
		9,
		9,
		2,
		4,
		8,
		8,
		4,
		8,
		5,
		2,
		2,
		4,
		2,
		7,
		3,
		6,
		0,
		5,
		2,
		6,
		3,
		0,
		2,
		3,
		6,
		5,
		1,
		6,
		5,
		1,
		7,
		8,
		4,
		7,
		0,
		0,
		8,
		2,
		6,
		0,
		3,
		5,
		0,
		5,
		0,
		6,
		0,
		7,
		1,
		6,
		6,
		6,
		5,
		7
	],
	"formal_code":[
		5,
		13,
		0,
		230
	],
	"tensor_product_decompositions":{
		"identifiers":[
			"formal_code"
		],
		"value":[]
	},
	"sub_fusion_rings":{
		"identifiers":[
			"injection",
			"formal_code"
		],
		"value":[]
	},
	"numeric_characters":[
		[
			[
				1.0,
				0
			],
			[
				1.855612662042516e1,
				0
			],
			[
				3.2366729695908056e1,
				0
			],
			[
				3.3366729695908056e1,
				0
			],
			[
				3.4366729695908056e1,
				0
			]
		],
		[
			[
				1.0,
				0
			],
			[
				1.2673493575660126e1,
				0
			],
			[
				-3.3793256904277147,
				0
			],
			[
				-2.3793256904277147,
				0
			],
			[
				-1.3793256904277147,
				0
			]
		],
		[
			[
				1.0,
				0
			],
			[
				0.0,
				0
			],
			[
				0.0,
				0
			],
			[
				1.0,
				0
			],
			[
				-1.0,
				0
			]
		],
		[
			[
				1.0,
				0
			],
			[
				0.0,
				0
			],
			[
				1.0,
				0
			],
			[
				-1.0,
				0
			],
			[
				0.0,
				0
			]
		],
		[
			[
				1.0,
				0
			],
			[
				-0.2296201960852862,
				0
			],
			[
				-0.9874040054803448,
				0
			],
			[
				1.2595994519655209e-2,
				0
			],
			[
				1.0125959945196552,
				0
			]
		]
	],
	"numeric_frobenius_perron_dimensions":[
		1.0,
		1.8556126620425157e1,
		3.2366729695908056e1,
		3.3366729695908056e1,
		3.4366729695908056e1
	],
	"numeric_frobenius_perron_dimension":3.687345786952629e3,
	"info":"Fusion ring. mult_tab provides structure constants. barcode and formal_code provide unique identifiers see (DOI: 10.1063\/5.0148848). sub_fusion_rings provides tuples where the first element corresponds to the elements of the ring that form the subring isomorphic to the ring identified by the second element of the tuple. software provides doi of original software used to represent fusion ring.",
	"comments":[
		""
	]
}