{
	"references":[
		""
	],
	"software":[
		"https:\/\/doi.org\/10.5281\/zenodo.15920400"
	],
	"mult_tab":[
		[
			[
				1,
				0,
				0,
				0,
				0
			],
			[
				0,
				1,
				0,
				0,
				0
			],
			[
				0,
				0,
				1,
				0,
				0
			],
			[
				0,
				0,
				0,
				1,
				0
			],
			[
				0,
				0,
				0,
				0,
				1
			]
		],
		[
			[
				0,
				1,
				0,
				0,
				0
			],
			[
				1,
				7,
				5,
				2,
				5
			],
			[
				0,
				5,
				8,
				7,
				4
			],
			[
				0,
				2,
				7,
				8,
				7
			],
			[
				0,
				5,
				4,
				7,
				11
			]
		],
		[
			[
				0,
				0,
				1,
				0,
				0
			],
			[
				0,
				5,
				8,
				7,
				4
			],
			[
				1,
				8,
				8,
				6,
				9
			],
			[
				0,
				7,
				6,
				8,
				11
			],
			[
				0,
				4,
				9,
				11,
				11
			]
		],
		[
			[
				0,
				0,
				0,
				1,
				0
			],
			[
				0,
				2,
				7,
				8,
				7
			],
			[
				0,
				7,
				6,
				8,
				11
			],
			[
				1,
				8,
				8,
				7,
				11
			],
			[
				0,
				7,
				11,
				11,
				9
			]
		],
		[
			[
				0,
				0,
				0,
				0,
				1
			],
			[
				0,
				5,
				4,
				7,
				11
			],
			[
				0,
				4,
				9,
				11,
				11
			],
			[
				0,
				7,
				11,
				11,
				9
			],
			[
				1,
				11,
				11,
				9,
				12
			]
		]
	],
	"texnames":[
		"\\text{FR}^{5,12,0}_{595}"
	],
	"barcode":[
		1,
		3,
		4,
		5,
		7,
		8,
		5,
		2,
		8,
		7,
		0,
		6,
		3,
		2,
		5,
		1,
		9,
		2,
		9,
		5,
		4,
		0,
		9,
		2,
		4,
		6,
		7,
		7,
		1,
		2,
		3,
		4,
		6,
		1,
		9,
		0,
		6,
		3,
		2,
		5,
		4,
		5,
		0,
		9,
		1,
		3,
		7,
		7,
		2,
		0,
		0,
		7,
		2,
		7,
		6,
		9,
		4,
		8,
		5,
		5,
		6,
		0,
		8,
		8,
		6,
		2,
		0,
		6,
		9,
		1,
		4,
		4,
		3,
		1,
		7,
		9,
		7,
		4,
		1,
		8,
		7,
		7,
		7,
		2,
		4,
		4,
		5,
		8,
		0,
		8,
		1,
		6,
		9,
		9,
		9,
		5,
		9,
		7,
		8,
		4,
		6,
		9,
		6,
		2,
		6,
		7,
		2,
		4,
		1,
		4,
		4,
		5,
		1,
		3,
		5,
		6,
		5,
		6,
		5,
		4,
		0,
		9,
		6,
		8,
		6,
		1,
		5,
		2,
		3,
		6,
		8,
		0,
		4,
		6,
		9,
		0,
		6,
		2,
		4
	],
	"formal_code":[
		5,
		12,
		0,
		595
	],
	"tensor_product_decompositions":{
		"identifiers":[
			"formal_code"
		],
		"value":[]
	},
	"sub_fusion_rings":{
		"identifiers":[
			"injection",
			"formal_code"
		],
		"value":[]
	},
	"numeric_characters":[
		[
			[
				1.0,
				0
			],
			[
				2.3929225179725552e1,
				0
			],
			[
				3.1102182487203148e1,
				0
			],
			[
				3.2761792465669316e1,
				0
			],
			[
				3.661374881531564e1,
				0
			]
		],
		[
			[
				1.0,
				0
			],
			[
				5.613851429142542,
				0
			],
			[
				4.416153889866597,
				0
			],
			[
				-2.5772102168200894,
				0
			],
			[
				-5.1415962302409675,
				0
			]
		],
		[
			[
				1.0,
				0
			],
			[
				5.53339886031223,
				0
			],
			[
				-4.612286262832644,
				0
			],
			[
				-5.082821766762546,
				0
			],
			[
				4.822357154561478,
				0
			]
		],
		[
			[
				1.0,
				0
			],
			[
				4.440785422202347e-2,
				0
			],
			[
				-0.2531130545084695,
				0
			],
			[
				0.3381998290606491,
				0
			],
			[
				-0.14394346152330215,
				0
			]
		],
		[
			[
				1.0,
				0
			],
			[
				-1.1208833234023499,
				0
			],
			[
				1.3470629402713674,
				0
			],
			[
				-1.4399603111473314,
				0
			],
			[
				0.8494337218871544,
				0
			]
		]
	],
	"numeric_frobenius_perron_dimensions":[
		1.0,
		2.3929225179725552e1,
		3.1102182487203148e1,
		3.2761792465669316e1,
		3.661374881531564e1
	],
	"numeric_frobenius_perron_dimension":3.954855221043912e3,
	"info":"Fusion ring. mult_tab provides structure constants. barcode and formal_code provide unique identifiers see (DOI: 10.1063\/5.0148848). sub_fusion_rings provides tuples where the first element corresponds to the elements of the ring that form the subring isomorphic to the ring identified by the second element of the tuple. software provides doi of original software used to represent fusion ring.",
	"comments":[
		""
	]
}