{
	"references":[
		""
	],
	"software":[
		"https:\/\/doi.org\/10.5281\/zenodo.15920400"
	],
	"mult_tab":[
		[
			[
				1,
				0,
				0,
				0,
				0
			],
			[
				0,
				1,
				0,
				0,
				0
			],
			[
				0,
				0,
				1,
				0,
				0
			],
			[
				0,
				0,
				0,
				1,
				0
			],
			[
				0,
				0,
				0,
				0,
				1
			]
		],
		[
			[
				0,
				1,
				0,
				0,
				0
			],
			[
				1,
				6,
				3,
				3,
				4
			],
			[
				0,
				3,
				7,
				7,
				7
			],
			[
				0,
				3,
				7,
				7,
				7
			],
			[
				0,
				4,
				7,
				7,
				7
			]
		],
		[
			[
				0,
				0,
				1,
				0,
				0
			],
			[
				0,
				3,
				7,
				7,
				7
			],
			[
				1,
				7,
				12,
				11,
				11
			],
			[
				0,
				7,
				11,
				11,
				12
			],
			[
				0,
				7,
				11,
				12,
				12
			]
		],
		[
			[
				0,
				0,
				0,
				1,
				0
			],
			[
				0,
				3,
				7,
				7,
				7
			],
			[
				0,
				7,
				11,
				11,
				12
			],
			[
				1,
				7,
				11,
				12,
				11
			],
			[
				0,
				7,
				12,
				11,
				12
			]
		],
		[
			[
				0,
				0,
				0,
				0,
				1
			],
			[
				0,
				4,
				7,
				7,
				7
			],
			[
				0,
				7,
				11,
				12,
				12
			],
			[
				0,
				7,
				12,
				11,
				12
			],
			[
				1,
				7,
				12,
				12,
				12
			]
		]
	],
	"texnames":[
		"\\text{FR}^{5,12,0}_{629}"
	],
	"barcode":[
		1,
		3,
		4,
		5,
		7,
		8,
		5,
		2,
		8,
		7,
		0,
		6,
		3,
		2,
		5,
		1,
		9,
		2,
		9,
		5,
		4,
		0,
		9,
		2,
		4,
		6,
		7,
		7,
		1,
		2,
		3,
		4,
		6,
		1,
		9,
		0,
		9,
		5,
		6,
		2,
		8,
		4,
		6,
		3,
		7,
		7,
		7,
		5,
		6,
		2,
		1,
		5,
		0,
		7,
		5,
		2,
		4,
		0,
		1,
		4,
		2,
		0,
		5,
		5,
		0,
		6,
		0,
		2,
		0,
		8,
		8,
		9,
		6,
		8,
		6,
		3,
		7,
		1,
		2,
		1,
		2,
		6,
		5,
		8,
		9,
		3,
		6,
		5,
		0,
		7,
		4,
		9,
		2,
		3,
		1,
		1,
		5,
		9,
		7,
		8,
		7,
		4,
		0,
		5,
		1,
		1,
		2,
		4,
		8,
		7,
		2,
		6,
		8,
		0,
		7,
		3,
		9,
		7,
		5,
		4,
		9,
		4,
		0,
		5,
		5,
		9,
		0,
		6,
		3,
		4,
		7,
		4,
		9,
		2,
		3,
		7,
		0,
		4,
		6
	],
	"formal_code":[
		5,
		12,
		0,
		629
	],
	"tensor_product_decompositions":{
		"identifiers":[
			"formal_code"
		],
		"value":[]
	},
	"sub_fusion_rings":{
		"identifiers":[
			"injection",
			"formal_code"
		],
		"value":[]
	},
	"numeric_characters":[
		[
			[
				1.0,
				0
			],
			[
				2.2972403751820256e1,
				0
			],
			[
				3.848969116257239e1,
				0
			],
			[
				3.848969116257239e1,
				0
			],
			[
				3.948969116257239e1,
				0
			]
		],
		[
			[
				1.0,
				0
			],
			[
				4.3757782355830654,
				0
			],
			[
				-1.2107234246495946,
				0
			],
			[
				-1.2107234246495946,
				0
			],
			[
				-0.21072342464959465,
				0
			]
		],
		[
			[
				1.0,
				0
			],
			[
				0.0,
				0
			],
			[
				1.618033988749895,
				0
			],
			[
				-0.6180339887498949,
				0
			],
			[
				-1.0,
				0
			]
		],
		[
			[
				1.0,
				0
			],
			[
				0.0,
				0
			],
			[
				-0.6180339887498949,
				0
			],
			[
				1.618033988749895,
				0
			],
			[
				-1.0,
				0
			]
		],
		[
			[
				1.0,
				0
			],
			[
				-0.34818198740332285,
				0
			],
			[
				-0.2789677379227935,
				0
			],
			[
				-0.2789677379227935,
				0
			],
			[
				0.7210322620772065,
				0
			]
		]
	],
	"numeric_frobenius_perron_dimensions":[
		1.0,
		2.2972403751820256e1,
		3.8489691162572385e1,
		3.8489691162572385e1,
		3.948969116257239e1
	],
	"numeric_frobenius_perron_dimension":5.051079693832398e3,
	"info":"Fusion ring. mult_tab provides structure constants. barcode and formal_code provide unique identifiers see (DOI: 10.1063\/5.0148848). sub_fusion_rings provides tuples where the first element corresponds to the elements of the ring that form the subring isomorphic to the ring identified by the second element of the tuple. software provides doi of original software used to represent fusion ring.",
	"comments":[
		""
	]
}