{
	"references":[
		""
	],
	"software":[
		"https:\/\/doi.org\/10.5281\/zenodo.15920400"
	],
	"mult_tab":[
		[
			[
				1,
				0,
				0,
				0,
				0
			],
			[
				0,
				1,
				0,
				0,
				0
			],
			[
				0,
				0,
				1,
				0,
				0
			],
			[
				0,
				0,
				0,
				1,
				0
			],
			[
				0,
				0,
				0,
				0,
				1
			]
		],
		[
			[
				0,
				1,
				0,
				0,
				0
			],
			[
				1,
				1,
				1,
				0,
				0
			],
			[
				0,
				1,
				0,
				0,
				2
			],
			[
				0,
				0,
				0,
				1,
				2
			],
			[
				0,
				0,
				2,
				2,
				1
			]
		],
		[
			[
				0,
				0,
				1,
				0,
				0
			],
			[
				0,
				1,
				0,
				0,
				2
			],
			[
				1,
				0,
				4,
				4,
				0
			],
			[
				0,
				0,
				4,
				3,
				2
			],
			[
				0,
				2,
				0,
				2,
				7
			]
		],
		[
			[
				0,
				0,
				0,
				1,
				0
			],
			[
				0,
				0,
				0,
				1,
				2
			],
			[
				0,
				0,
				4,
				3,
				2
			],
			[
				1,
				1,
				3,
				4,
				3
			],
			[
				0,
				2,
				2,
				3,
				7
			]
		],
		[
			[
				0,
				0,
				0,
				0,
				1
			],
			[
				0,
				0,
				2,
				2,
				1
			],
			[
				0,
				2,
				0,
				2,
				7
			],
			[
				0,
				2,
				2,
				3,
				7
			],
			[
				1,
				1,
				7,
				7,
				5
			]
		]
	],
	"texnames":[
		"\\text{FR}^{5,7,0}_{272}"
	],
	"barcode":[
		9,
		6,
		1,
		9,
		6,
		6,
		7,
		1,
		1,
		5,
		1,
		5,
		9,
		4,
		6,
		1,
		3,
		2,
		2,
		9,
		6,
		4,
		4,
		3,
		8,
		9,
		1,
		7,
		7,
		0,
		2,
		0,
		7,
		1,
		6,
		4,
		0,
		7,
		3,
		3,
		6,
		8,
		2,
		1,
		5,
		4,
		4,
		4,
		9,
		0,
		1,
		6,
		7,
		0,
		4,
		0,
		5,
		7,
		8,
		2,
		8,
		7,
		0,
		8,
		1,
		6,
		8,
		7,
		7,
		5,
		1,
		1,
		3,
		8,
		4,
		7,
		9,
		2,
		9,
		0,
		3,
		2,
		0,
		8,
		1,
		5,
		0,
		1,
		3,
		2,
		6,
		9,
		1,
		8,
		5,
		7,
		4,
		8,
		0,
		7,
		6,
		2,
		3,
		7,
		6,
		8,
		7,
		3,
		9,
		9,
		0,
		5
	],
	"formal_code":[
		5,
		7,
		0,
		272
	],
	"tensor_product_decompositions":{
		"identifiers":[
			"formal_code"
		],
		"value":[]
	},
	"sub_fusion_rings":{
		"identifiers":[
			"injection",
			"formal_code"
		],
		"value":[]
	},
	"numeric_characters":[
		[
			[
				1.0,
				0
			],
			[
				3.6989260298817634,
				0
			],
			[
				8.9831277446551,
				0
			],
			[
				1.0941018274542959e1,
				0
			],
			[
				1.4764499507288024e1,
				0
			]
		],
		[
			[
				1.0,
				0
			],
			[
				1.8728229126009823,
				0
			],
			[
				0.6346427493622446,
				0
			],
			[
				-0.7839498945327275,
				0
			],
			[
				-0.34212471513964404,
				0
			]
		],
		[
			[
				1.0,
				0
			],
			[
				0.3794739298526016,
				0
			],
			[
				-1.2354734664148244,
				0
			],
			[
				1.36707213796859,
				0
			],
			[
				-0.42415195069082556,
				0
			]
		],
		[
			[
				1.0,
				0
			],
			[
				-2.285432984091808,
				0
			],
			[
				6.508636908866595,
				0
			],
			[
				3.831951693998532,
				0
			],
			[
				-6.294810244454629,
				0
			]
		],
		[
			[
				1.0,
				0
			],
			[
				-0.6657898882435392,
				0
			],
			[
				0.10906606353088363,
				0
			],
			[
				-0.35609221197735297,
				0
			],
			[
				0.2965874029970747,
				0
			]
		]
	],
	"numeric_frobenius_perron_dimensions":[
		1.0,
		3.698926029881764,
		8.9831277446551,
		1.0941018274542959e1,
		1.4764499507288024e1
	],
	"numeric_frobenius_perron_dimension":4.330749644359204e2,
	"info":"Fusion ring. mult_tab provides structure constants. barcode and formal_code provide unique identifiers see (DOI: 10.1063\/5.0148848). sub_fusion_rings provides tuples where the first element corresponds to the elements of the ring that form the subring isomorphic to the ring identified by the second element of the tuple. software provides doi of original software used to represent fusion ring.",
	"comments":[
		""
	]
}