{
	"references":[
		""
	],
	"software":[
		"https:\/\/doi.org\/10.5281\/zenodo.15920400"
	],
	"mult_tab":[
		[
			[
				1,
				0,
				0,
				0,
				0
			],
			[
				0,
				1,
				0,
				0,
				0
			],
			[
				0,
				0,
				1,
				0,
				0
			],
			[
				0,
				0,
				0,
				1,
				0
			],
			[
				0,
				0,
				0,
				0,
				1
			]
		],
		[
			[
				0,
				1,
				0,
				0,
				0
			],
			[
				1,
				5,
				1,
				1,
				2
			],
			[
				0,
				1,
				4,
				4,
				4
			],
			[
				0,
				1,
				4,
				6,
				5
			],
			[
				0,
				2,
				4,
				5,
				6
			]
		],
		[
			[
				0,
				0,
				1,
				0,
				0
			],
			[
				0,
				1,
				4,
				4,
				4
			],
			[
				1,
				4,
				12,
				8,
				4
			],
			[
				0,
				4,
				8,
				9,
				12
			],
			[
				0,
				4,
				4,
				12,
				13
			]
		],
		[
			[
				0,
				0,
				0,
				1,
				0
			],
			[
				0,
				1,
				4,
				6,
				5
			],
			[
				0,
				4,
				8,
				9,
				12
			],
			[
				1,
				6,
				9,
				16,
				11
			],
			[
				0,
				5,
				12,
				11,
				15
			]
		],
		[
			[
				0,
				0,
				0,
				0,
				1
			],
			[
				0,
				2,
				4,
				5,
				6
			],
			[
				0,
				4,
				4,
				12,
				13
			],
			[
				0,
				5,
				12,
				11,
				15
			],
			[
				1,
				6,
				13,
				15,
				11
			]
		]
	],
	"texnames":[
		"\\text{FR}^{5,16,0}_{834}"
	],
	"barcode":[
		3,
		7,
		6,
		4,
		1,
		4,
		4,
		3,
		4,
		3,
		0,
		6,
		5,
		8,
		9,
		6,
		9,
		9,
		4,
		3,
		9,
		0,
		0,
		0,
		5,
		8,
		2,
		8,
		2,
		6,
		5,
		5,
		9,
		0,
		2,
		3,
		0,
		6,
		0,
		9,
		9,
		9,
		5,
		3,
		1,
		0,
		7,
		2,
		9,
		5,
		5,
		5,
		9,
		6,
		7,
		2,
		5,
		9,
		7,
		6,
		3,
		6,
		9,
		5,
		2,
		5,
		9,
		4,
		6,
		5,
		2,
		0,
		3,
		7,
		8,
		7,
		7,
		9,
		4,
		6,
		7,
		9,
		4,
		0,
		8,
		6,
		7,
		8,
		7,
		2,
		0,
		5,
		2,
		1,
		7,
		2,
		1,
		2,
		5,
		2,
		0,
		7,
		7,
		3,
		9,
		3,
		8,
		9,
		0,
		5,
		5,
		6,
		5,
		1,
		2,
		3,
		6,
		4,
		6,
		4,
		3,
		2,
		1,
		7,
		0,
		6,
		7,
		1,
		6,
		3,
		9,
		1,
		9,
		0,
		0,
		0,
		0,
		6,
		0,
		3,
		2,
		7,
		9,
		6,
		3,
		0,
		2,
		5,
		4,
		0,
		4,
		4,
		7
	],
	"formal_code":[
		5,
		16,
		0,
		834
	],
	"tensor_product_decompositions":{
		"identifiers":[
			"formal_code"
		],
		"value":[]
	},
	"sub_fusion_rings":{
		"identifiers":[
			"injection",
			"formal_code"
		],
		"value":[]
	},
	"numeric_characters":[
		[
			[
				1.0,
				0
			],
			[
				1.4721445533672103e1,
				0
			],
			[
				2.9299193492858365e1,
				0
			],
			[
				3.688959340060904e1,
				0
			],
			[
				3.7962472019523204e1,
				0
			]
		],
		[
			[
				1.0,
				0
			],
			[
				0.8348008693898695,
				0
			],
			[
				8.758566857999822,
				0
			],
			[
				-1.043025823445716,
				0
			],
			[
				-6.096326444984686,
				0
			]
		],
		[
			[
				1.0,
				0
			],
			[
				0.9044873120409211,
				0
			],
			[
				-2.2991939920339695,
				0
			],
			[
				5.511493701717384,
				0
			],
			[
				-3.958319486122505,
				0
			]
		],
		[
			[
				1.0,
				0
			],
			[
				4.765788426815573,
				0
			],
			[
				-0.7472252866913951,
				0
			],
			[
				-1.3000249335766805,
				0
			],
			[
				-3.447629232026757e-2,
				0
			]
		],
		[
			[
				1.0,
				0
			],
			[
				-0.22652214191846717,
				0
			],
			[
				-1.134107213282037e-2,
				0
			],
			[
				-5.803634530402299e-2,
				0
			],
			[
				0.12665020390425474,
				0
			]
		]
	],
	"numeric_frobenius_perron_dimensions":[
		1.0,
		1.4721445533672103e1,
		2.9299193492858365e1,
		3.688959340060904e1,
		3.7962472019523204e1
	],
	"numeric_frobenius_perron_dimension":3.8781550810281683e3,
	"info":"Fusion ring. mult_tab provides structure constants. barcode and formal_code provide unique identifiers see (DOI: 10.1063\/5.0148848). sub_fusion_rings provides tuples where the first element corresponds to the elements of the ring that form the subring isomorphic to the ring identified by the second element of the tuple. software provides doi of original software used to represent fusion ring.",
	"comments":[
		""
	]
}