{
	"references":[
		""
	],
	"software":[
		"https:\/\/doi.org\/10.5281\/zenodo.15920400"
	],
	"mult_tab":[
		[
			[
				1,
				0,
				0,
				0,
				0
			],
			[
				0,
				1,
				0,
				0,
				0
			],
			[
				0,
				0,
				1,
				0,
				0
			],
			[
				0,
				0,
				0,
				1,
				0
			],
			[
				0,
				0,
				0,
				0,
				1
			]
		],
		[
			[
				0,
				1,
				0,
				0,
				0
			],
			[
				1,
				0,
				3,
				1,
				3
			],
			[
				0,
				3,
				5,
				2,
				3
			],
			[
				0,
				1,
				2,
				6,
				4
			],
			[
				0,
				3,
				3,
				4,
				5
			]
		],
		[
			[
				0,
				0,
				1,
				0,
				0
			],
			[
				0,
				3,
				5,
				2,
				3
			],
			[
				1,
				5,
				8,
				1,
				7
			],
			[
				0,
				2,
				1,
				10,
				8
			],
			[
				0,
				3,
				7,
				8,
				6
			]
		],
		[
			[
				0,
				0,
				0,
				1,
				0
			],
			[
				0,
				1,
				2,
				6,
				4
			],
			[
				0,
				2,
				1,
				10,
				8
			],
			[
				1,
				6,
				10,
				2,
				8
			],
			[
				0,
				4,
				8,
				8,
				7
			]
		],
		[
			[
				0,
				0,
				0,
				0,
				1
			],
			[
				0,
				3,
				3,
				4,
				5
			],
			[
				0,
				3,
				7,
				8,
				6
			],
			[
				0,
				4,
				8,
				8,
				7
			],
			[
				1,
				5,
				6,
				7,
				11
			]
		]
	],
	"texnames":[
		"\\text{FR}^{5,11,0}_{1029}"
	],
	"barcode":[
		6,
		5,
		8,
		3,
		7,
		7,
		0,
		0,
		7,
		1,
		1,
		6,
		2,
		1,
		8,
		2,
		3,
		4,
		2,
		2,
		0,
		4,
		1,
		2,
		6,
		8,
		4,
		4,
		3,
		7,
		1,
		5,
		5,
		1,
		1,
		3,
		2,
		5,
		7,
		6,
		4,
		1,
		3,
		5,
		4,
		6,
		5,
		5,
		1,
		1,
		4,
		4,
		5,
		6,
		1,
		5,
		3,
		5,
		8,
		0,
		2,
		0,
		9,
		5,
		2,
		3,
		9,
		2,
		1,
		1,
		8,
		8,
		1,
		5,
		6,
		7,
		5,
		9,
		7,
		7,
		9,
		7,
		2,
		3,
		1,
		0,
		9,
		6,
		0,
		5,
		2,
		7,
		0,
		3,
		0,
		0,
		0,
		6,
		8,
		0,
		6,
		8,
		3,
		0,
		5,
		5,
		4,
		3,
		3,
		6,
		6,
		2,
		6,
		5,
		7,
		5,
		7,
		0,
		4,
		8,
		6,
		6,
		4,
		0,
		4,
		4,
		9,
		9,
		8,
		7,
		5,
		0,
		5,
		0
	],
	"formal_code":[
		5,
		11,
		0,
		1029
	],
	"tensor_product_decompositions":{
		"identifiers":[
			"formal_code"
		],
		"value":[]
	},
	"sub_fusion_rings":{
		"identifiers":[
			"injection",
			"formal_code"
		],
		"value":[]
	},
	"numeric_characters":[
		[
			[
				1.0,
				0
			],
			[
				1.2690882013597156e1,
				0
			],
			[
				2.0686103942910453e1,
				0
			],
			[
				2.302156425082729e1,
				0
			],
			[
				2.4992870067828378e1,
				0
			]
		],
		[
			[
				1.0,
				0
			],
			[
				3.99266404457052,
				0
			],
			[
				8.78432501134099,
				0
			],
			[
				-9.41514970059707,
				0
			],
			[
				-0.6654863868732249,
				0
			]
		],
		[
			[
				1.0,
				0
			],
			[
				-2.2818291660765238,
				0
			],
			[
				0.6822333541468414,
				0
			],
			[
				-0.2824635187840726,
				0
			],
			[
				0.8141692665003444,
				0
			]
		],
		[
			[
				1.0,
				0
			],
			[
				0.29113134023863213,
				0
			],
			[
				-7.872379689119668e-2,
				0
			],
			[
				0.1763771512997469,
				0
			],
			[
				-0.2851494344523382,
				0
			]
		],
		[
			[
				1.0,
				0
			],
			[
				1.307151767670217,
				0
			],
			[
				-3.073938511507085,
				0
			],
			[
				-2.5003281827458945,
				0
			],
			[
				4.143596486996841,
				0
			]
		]
	],
	"numeric_frobenius_perron_dimensions":[
		1.0,
		1.2690882013597154e1,
		2.068610394291045e1,
		2.302156425082729e1,
		2.4992870067828378e1
	],
	"numeric_frobenius_perron_dimension":1.7446093574022598e3,
	"info":"Fusion ring. mult_tab provides structure constants. barcode and formal_code provide unique identifiers see (DOI: 10.1063\/5.0148848). sub_fusion_rings provides tuples where the first element corresponds to the elements of the ring that form the subring isomorphic to the ring identified by the second element of the tuple. software provides doi of original software used to represent fusion ring.",
	"comments":[
		""
	]
}