{
	"references":[
		""
	],
	"software":[
		"https:\/\/doi.org\/10.5281\/zenodo.15920400"
	],
	"mult_tab":[
		[
			[
				1,
				0,
				0,
				0,
				0
			],
			[
				0,
				1,
				0,
				0,
				0
			],
			[
				0,
				0,
				1,
				0,
				0
			],
			[
				0,
				0,
				0,
				1,
				0
			],
			[
				0,
				0,
				0,
				0,
				1
			]
		],
		[
			[
				0,
				1,
				0,
				0,
				0
			],
			[
				1,
				2,
				0,
				1,
				0
			],
			[
				0,
				0,
				1,
				2,
				1
			],
			[
				0,
				1,
				2,
				4,
				0
			],
			[
				0,
				0,
				1,
				0,
				5
			]
		],
		[
			[
				0,
				0,
				1,
				0,
				0
			],
			[
				0,
				0,
				1,
				2,
				1
			],
			[
				1,
				1,
				3,
				3,
				3
			],
			[
				0,
				2,
				3,
				6,
				4
			],
			[
				0,
				1,
				3,
				4,
				7
			]
		],
		[
			[
				0,
				0,
				0,
				1,
				0
			],
			[
				0,
				1,
				2,
				4,
				0
			],
			[
				0,
				2,
				3,
				6,
				4
			],
			[
				1,
				4,
				6,
				12,
				2
			],
			[
				0,
				0,
				4,
				2,
				15
			]
		],
		[
			[
				0,
				0,
				0,
				0,
				1
			],
			[
				0,
				0,
				1,
				0,
				5
			],
			[
				0,
				1,
				3,
				4,
				7
			],
			[
				0,
				0,
				4,
				2,
				15
			],
			[
				1,
				5,
				7,
				15,
				1
			]
		]
	],
	"texnames":[
		"\\text{FR}^{5,15,0}_{1316}"
	],
	"barcode":[
		2,
		0,
		4,
		5,
		8,
		6,
		9,
		2,
		5,
		1,
		8,
		7,
		8,
		3,
		9,
		8,
		6,
		8,
		3,
		8,
		6,
		4,
		3,
		6,
		6,
		2,
		8,
		4,
		5,
		9,
		5,
		4,
		2,
		6,
		5,
		0,
		0,
		1,
		3,
		8,
		7,
		0,
		0,
		6,
		9,
		8,
		0,
		6,
		1,
		7,
		5,
		6,
		4,
		2,
		4,
		3,
		3,
		7,
		3,
		8,
		7,
		3,
		5,
		4,
		1,
		1,
		1,
		6,
		1,
		5,
		1,
		7,
		4,
		5,
		2,
		5,
		1,
		9,
		6,
		2,
		0,
		8,
		1,
		1,
		6,
		8,
		4,
		9,
		3,
		2,
		1,
		3,
		2,
		7,
		8,
		4,
		0,
		9,
		9,
		1,
		1,
		8,
		5,
		6,
		9,
		7,
		4,
		2,
		5,
		8,
		4,
		6,
		6,
		2,
		1,
		5,
		1,
		9,
		5,
		3,
		5,
		7,
		5,
		9,
		6,
		9,
		3,
		6,
		2,
		1,
		5,
		7,
		6,
		4,
		3,
		4,
		7,
		9,
		7,
		8,
		2,
		1,
		0,
		8,
		8,
		2,
		1,
		3,
		2,
		9
	],
	"formal_code":[
		5,
		15,
		0,
		1316
	],
	"tensor_product_decompositions":{
		"identifiers":[
			"formal_code"
		],
		"value":[]
	},
	"sub_fusion_rings":{
		"identifiers":[
			"injection",
			"formal_code"
		],
		"value":[]
	},
	"numeric_characters":[
		[
			[
				1.0,
				0
			],
			[
				5.62026501113089,
				0
			],
			[
				1.2863378565765872e1,
				0
			],
			[
				1.934684877308032e1,
				0
			],
			[
				2.0738520366178463e1,
				0
			]
		],
		[
			[
				1.0,
				0
			],
			[
				4.815914233796014,
				0
			],
			[
				2.7164744072118068,
				0
			],
			[
				1.2561201439687022e1,
				0
			],
			[
				-1.475656952315192e1,
				0
			]
		],
		[
			[
				1.0,
				0
			],
			[
				-0.12583615376644375,
				0
			],
			[
				1.5739910346790615,
				0
			],
			[
				-0.7324929548723804,
				0
			],
			[
				-0.30707010280117897,
				0
			]
		],
		[
			[
				1.0,
				0
			],
			[
				2.218925671684531,
				0
			],
			[
				-0.6515306310294421,
				0
			],
			[
				-0.5142202069084151,
				0
			],
			[
				0.2342730017662211,
				0
			]
		],
		[
			[
				1.0,
				0
			],
			[
				-0.5292687628449914,
				0
			],
			[
				-0.502313376627298,
				0
			],
			[
				0.3386629490134505,
				0
			],
			[
				9.084625800841724e-2,
				0
			]
		]
	],
	"numeric_frobenius_perron_dimensions":[
		1.0,
		5.620265011130891,
		1.2863378565765869e1,
		1.9346848773080325e1,
		2.0738520366178463e1
	],
	"numeric_frobenius_perron_dimension":1.0024406713483854e3,
	"info":"Fusion ring. mult_tab provides structure constants. barcode and formal_code provide unique identifiers see (DOI: 10.1063\/5.0148848). sub_fusion_rings provides tuples where the first element corresponds to the elements of the ring that form the subring isomorphic to the ring identified by the second element of the tuple. software provides doi of original software used to represent fusion ring.",
	"comments":[
		""
	]
}