{
	"references":[
		""
	],
	"software":[
		"https:\/\/doi.org\/10.5281\/zenodo.15920400"
	],
	"mult_tab":[
		[
			[
				1,
				0,
				0,
				0,
				0
			],
			[
				0,
				1,
				0,
				0,
				0
			],
			[
				0,
				0,
				1,
				0,
				0
			],
			[
				0,
				0,
				0,
				1,
				0
			],
			[
				0,
				0,
				0,
				0,
				1
			]
		],
		[
			[
				0,
				1,
				0,
				0,
				0
			],
			[
				1,
				0,
				0,
				0,
				0
			],
			[
				0,
				0,
				1,
				0,
				0
			],
			[
				0,
				0,
				0,
				1,
				0
			],
			[
				0,
				0,
				0,
				0,
				1
			]
		],
		[
			[
				0,
				0,
				1,
				0,
				0
			],
			[
				0,
				0,
				1,
				0,
				0
			],
			[
				1,
				1,
				11,
				2,
				4
			],
			[
				0,
				0,
				2,
				6,
				8
			],
			[
				0,
				0,
				4,
				8,
				9
			]
		],
		[
			[
				0,
				0,
				0,
				1,
				0
			],
			[
				0,
				0,
				0,
				1,
				0
			],
			[
				0,
				0,
				2,
				6,
				8
			],
			[
				1,
				1,
				6,
				2,
				8
			],
			[
				0,
				0,
				8,
				8,
				6
			]
		],
		[
			[
				0,
				0,
				0,
				0,
				1
			],
			[
				0,
				0,
				0,
				0,
				1
			],
			[
				0,
				0,
				4,
				8,
				9
			],
			[
				0,
				0,
				8,
				8,
				6
			],
			[
				1,
				1,
				9,
				6,
				12
			]
		]
	],
	"texnames":[
		"\\text{FR}^{5,12,0}_{1998}"
	],
	"barcode":[
		1,
		3,
		4,
		5,
		7,
		8,
		5,
		2,
		8,
		7,
		0,
		6,
		3,
		2,
		5,
		1,
		9,
		2,
		9,
		5,
		4,
		0,
		9,
		2,
		4,
		6,
		7,
		7,
		1,
		2,
		3,
		4,
		6,
		1,
		3,
		9,
		6,
		0,
		1,
		0,
		1,
		3,
		3,
		2,
		6,
		1,
		6,
		5,
		6,
		2,
		3,
		4,
		8,
		4,
		6,
		0,
		6,
		4,
		3,
		8,
		1,
		2,
		4,
		9,
		6,
		8,
		1,
		0,
		3,
		7,
		0,
		8,
		2,
		0,
		1,
		9,
		3,
		3,
		3,
		9,
		4,
		7,
		1,
		9,
		4,
		8,
		6,
		2,
		6,
		9,
		6,
		3,
		1,
		0,
		4,
		1,
		9,
		7,
		3,
		6,
		8,
		7,
		6,
		9,
		3,
		7,
		6,
		1,
		4,
		6,
		7,
		8,
		6,
		2,
		3,
		4,
		4,
		0,
		5,
		0,
		2,
		8,
		6,
		4,
		5,
		6,
		2,
		9,
		4,
		8,
		6,
		5,
		6,
		7,
		5,
		8,
		5,
		0,
		8
	],
	"formal_code":[
		5,
		12,
		0,
		1998
	],
	"tensor_product_decompositions":{
		"identifiers":[
			"formal_code"
		],
		"value":[]
	},
	"sub_fusion_rings":{
		"identifiers":[
			"injection",
			"formal_code"
		],
		"value":[
			[
				[
					1,
					2
				],
				[
					2,
					1,
					0,
					1
				]
			]
		]
	},
	"numeric_characters":[
		[
			[
				1.0,
				0
			],
			[
				1.0,
				0
			],
			[
				1.829817218309596e1,
				0
			],
			[
				1.8387507719016345e1,
				0
			],
			[
				2.3692048947534644e1,
				0
			]
		],
		[
			[
				1.0,
				0
			],
			[
				1.0,
				0
			],
			[
				8.634792146371662,
				0
			],
			[
				-4.156358103912938,
				0
			],
			[
				-3.527590497805168,
				0
			]
		],
		[
			[
				1.0,
				0
			],
			[
				1.0,
				0
			],
			[
				-0.768184109293282,
				0
			],
			[
				-4.531452873851489,
				0
			],
			[
				4.025759443924948,
				0
			]
		],
		[
			[
				1.0,
				0
			],
			[
				1.0,
				0
			],
			[
				-0.16478022017434216,
				0
			],
			[
				0.30030325874808295,
				0
			],
			[
				-0.19021789365442435,
				0
			]
		],
		[
			[
				1.0,
				0
			],
			[
				-1.0,
				0
			],
			[
				0.0,
				0
			],
			[
				0.0,
				0
			],
			[
				0.0,
				0
			]
		]
	],
	"numeric_frobenius_perron_dimensions":[
		1.0,
		1.0,
		1.829817218309596e1,
		1.8387507719016345e1,
		2.3692048947534644e1
	],
	"numeric_frobenius_perron_dimension":1.2362367286914898e3,
	"info":"Fusion ring. mult_tab provides structure constants. barcode and formal_code provide unique identifiers see (DOI: 10.1063\/5.0148848). sub_fusion_rings provides tuples where the first element corresponds to the elements of the ring that form the subring isomorphic to the ring identified by the second element of the tuple. software provides doi of original software used to represent fusion ring.",
	"comments":[
		""
	]
}