{
	"references":[
		""
	],
	"software":[
		"https:\/\/doi.org\/10.5281\/zenodo.15920400"
	],
	"mult_tab":[
		[
			[
				1,
				0,
				0,
				0,
				0
			],
			[
				0,
				1,
				0,
				0,
				0
			],
			[
				0,
				0,
				1,
				0,
				0
			],
			[
				0,
				0,
				0,
				1,
				0
			],
			[
				0,
				0,
				0,
				0,
				1
			]
		],
		[
			[
				0,
				1,
				0,
				0,
				0
			],
			[
				1,
				2,
				0,
				1,
				0
			],
			[
				0,
				0,
				3,
				0,
				1
			],
			[
				0,
				1,
				0,
				3,
				1
			],
			[
				0,
				0,
				1,
				1,
				3
			]
		],
		[
			[
				0,
				0,
				1,
				0,
				0
			],
			[
				0,
				0,
				3,
				0,
				1
			],
			[
				1,
				3,
				0,
				3,
				1
			],
			[
				0,
				0,
				3,
				1,
				4
			],
			[
				0,
				1,
				1,
				4,
				3
			]
		],
		[
			[
				0,
				0,
				0,
				1,
				0
			],
			[
				0,
				1,
				0,
				3,
				1
			],
			[
				0,
				0,
				3,
				1,
				4
			],
			[
				1,
				3,
				1,
				4,
				4
			],
			[
				0,
				1,
				4,
				4,
				4
			]
		],
		[
			[
				0,
				0,
				0,
				0,
				1
			],
			[
				0,
				0,
				1,
				1,
				3
			],
			[
				0,
				1,
				1,
				4,
				3
			],
			[
				0,
				1,
				4,
				4,
				4
			],
			[
				1,
				3,
				3,
				4,
				5
			]
		]
	],
	"texnames":[
		"\\text{FR}^{5,5,0}_{146}"
	],
	"barcode":[
		3,
		0,
		9,
		5,
		7,
		3,
		9,
		1,
		2,
		6,
		0,
		0,
		3,
		9,
		5,
		8,
		7,
		8,
		8,
		6,
		2,
		2,
		6,
		3,
		6,
		5,
		3,
		1,
		0,
		7,
		1,
		3,
		1,
		2,
		9,
		8,
		2,
		8,
		7,
		9,
		2,
		5,
		4,
		5,
		6,
		9,
		3,
		9,
		0,
		4,
		5,
		0,
		8,
		4,
		9,
		8,
		7,
		4,
		3,
		4,
		1,
		9,
		7,
		4,
		4,
		7,
		6,
		0,
		8,
		8,
		6,
		6,
		8,
		6,
		4,
		0,
		6,
		1,
		6,
		5,
		5,
		4,
		7,
		4,
		1,
		4,
		3,
		4,
		4,
		2,
		4,
		8,
		4,
		1,
		8,
		9,
		8
	],
	"formal_code":[
		5,
		5,
		0,
		146
	],
	"tensor_product_decompositions":{
		"identifiers":[
			"formal_code"
		],
		"value":[]
	},
	"sub_fusion_rings":{
		"identifiers":[
			"injection",
			"formal_code"
		],
		"value":[]
	},
	"numeric_characters":[
		[
			[
				1.0,
				0
			],
			[
				4.544663837997041,
				0
			],
			[
				7.622471573071771,
				0
			],
			[
				1.0564641724403913e1,
				0
			],
			[
				1.1774156195084386e1,
				0
			]
		],
		[
			[
				1.0,
				0
			],
			[
				3.407922266285378,
				0
			],
			[
				-4.5562527133255255,
				0
			],
			[
				3.798089640472911,
				0
			],
			[
				-1.8585969325886513,
				0
			]
		],
		[
			[
				1.0,
				0
			],
			[
				2.171819463983312,
				0
			],
			[
				1.9955594390070897,
				0
			],
			[
				-0.6268391438298638,
				0
			],
			[
				-1.6526834858500532,
				0
			]
		],
		[
			[
				1.0,
				0
			],
			[
				1.3411143910552157,
				0
			],
			[
				-1.075198012782584,
				0
			],
			[
				-1.8836409722150294,
				0
			],
			[
				1.783630510171059,
				0
			]
		],
		[
			[
				1.0,
				0
			],
			[
				-0.4655199593209466,
				0
			],
			[
				1.3419714029248526e-2,
				0
			],
			[
				0.14774875116806885,
				0
			],
			[
				-4.6506286816740086e-2,
				0
			]
		]
	],
	"numeric_frobenius_perron_dimensions":[
		1.0,
		4.544663837997044,
		7.622471573071771,
		1.0564641724403913e1,
		1.1774156195084386e1
	],
	"numeric_frobenius_perron_dimension":3.299984511539453e2,
	"info":"Fusion ring. mult_tab provides structure constants. barcode and formal_code provide unique identifiers see (DOI: 10.1063\/5.0148848). sub_fusion_rings provides tuples where the first element corresponds to the elements of the ring that form the subring isomorphic to the ring identified by the second element of the tuple. software provides doi of original software used to represent fusion ring.",
	"comments":[
		""
	]
}