{
	"references":[
		""
	],
	"software":[
		"https:\/\/doi.org\/10.5281\/zenodo.15920400"
	],
	"mult_tab":[
		[
			[
				1,
				0,
				0,
				0,
				0
			],
			[
				0,
				1,
				0,
				0,
				0
			],
			[
				0,
				0,
				1,
				0,
				0
			],
			[
				0,
				0,
				0,
				1,
				0
			],
			[
				0,
				0,
				0,
				0,
				1
			]
		],
		[
			[
				0,
				1,
				0,
				0,
				0
			],
			[
				1,
				7,
				0,
				0,
				1
			],
			[
				0,
				0,
				7,
				1,
				1
			],
			[
				0,
				0,
				1,
				5,
				5
			],
			[
				0,
				1,
				1,
				5,
				5
			]
		],
		[
			[
				0,
				0,
				1,
				0,
				0
			],
			[
				0,
				0,
				7,
				1,
				1
			],
			[
				1,
				7,
				15,
				0,
				1
			],
			[
				0,
				1,
				0,
				10,
				10
			],
			[
				0,
				1,
				1,
				10,
				10
			]
		],
		[
			[
				0,
				0,
				0,
				1,
				0
			],
			[
				0,
				0,
				1,
				5,
				5
			],
			[
				0,
				1,
				0,
				10,
				10
			],
			[
				1,
				5,
				10,
				15,
				15
			],
			[
				0,
				5,
				10,
				15,
				16
			]
		],
		[
			[
				0,
				0,
				0,
				0,
				1
			],
			[
				0,
				1,
				1,
				5,
				5
			],
			[
				0,
				1,
				1,
				10,
				10
			],
			[
				0,
				5,
				10,
				15,
				16
			],
			[
				1,
				5,
				10,
				16,
				16
			]
		]
	],
	"texnames":[
		"\\text{FR}^{5,16,0}_{1750}"
	],
	"barcode":[
		3,
		7,
		6,
		4,
		1,
		4,
		4,
		3,
		4,
		3,
		0,
		6,
		5,
		8,
		9,
		6,
		9,
		9,
		4,
		3,
		9,
		0,
		0,
		0,
		5,
		8,
		2,
		8,
		2,
		6,
		5,
		5,
		9,
		0,
		2,
		3,
		0,
		5,
		6,
		9,
		2,
		3,
		0,
		8,
		8,
		4,
		1,
		9,
		2,
		6,
		6,
		5,
		2,
		7,
		9,
		1,
		3,
		8,
		7,
		6,
		4,
		3,
		2,
		4,
		8,
		6,
		5,
		4,
		5,
		1,
		3,
		5,
		8,
		3,
		4,
		7,
		3,
		5,
		1,
		5,
		8,
		5,
		1,
		0,
		2,
		8,
		1,
		4,
		9,
		8,
		9,
		6,
		8,
		7,
		9,
		7,
		0,
		8,
		3,
		3,
		8,
		5,
		4,
		6,
		0,
		3,
		8,
		7,
		2,
		6,
		3,
		7,
		3,
		8,
		1,
		4,
		4,
		3,
		7,
		7,
		6,
		7,
		7,
		2,
		4,
		9,
		5,
		0,
		8,
		8,
		0,
		3,
		2,
		2,
		5,
		6,
		1,
		2,
		9,
		8,
		2,
		0,
		2,
		0,
		1,
		6,
		1,
		4,
		1,
		5,
		1,
		3,
		0
	],
	"formal_code":[
		5,
		16,
		0,
		1750
	],
	"tensor_product_decompositions":{
		"identifiers":[
			"formal_code"
		],
		"value":[]
	},
	"sub_fusion_rings":{
		"identifiers":[
			"injection",
			"formal_code"
		],
		"value":[]
	},
	"numeric_characters":[
		[
			[
				1.0,
				0
			],
			[
				1.068398946431234e1,
				0
			],
			[
				2.055364435219288e1,
				0
			],
			[
				3.7359704623350694e1,
				0
			],
			[
				3.8359704623350694e1,
				0
			]
		],
		[
			[
				1.0,
				0
			],
			[
				6.351386871668062,
				0
			],
			[
				1.7328027024464138e1,
				0
			],
			[
				-6.119592908079022,
				0
			],
			[
				-5.119592908079022,
				0
			]
		],
		[
			[
				1.0,
				0
			],
			[
				7.174144882281346,
				0
			],
			[
				-2.87874533804369,
				0
			],
			[
				-0.7506593840057957,
				0
			],
			[
				0.24934061599420432,
				0
			]
		],
		[
			[
				1.0,
				0
			],
			[
				-0.2095212182617477,
				0
			],
			[
				-2.9260386133280153e-3,
				0
			],
			[
				-0.4894523312658792,
				0
			],
			[
				0.5105476687341207,
				0
			]
		],
		[
			[
				1.0,
				0
			],
			[
				0.0,
				0
			],
			[
				0.0,
				0
			],
			[
				1.0,
				0
			],
			[
				-1.0,
				0
			]
		]
	],
	"numeric_frobenius_perron_dimensions":[
		1.0,
		1.0683989464312342e1,
		2.0553644352192872e1,
		3.7359704623350694e1,
		3.8359704623350694e1
	],
	"numeric_frobenius_perron_dimension":3.4048143953646913e3,
	"info":"Fusion ring. mult_tab provides structure constants. barcode and formal_code provide unique identifiers see (DOI: 10.1063\/5.0148848). sub_fusion_rings provides tuples where the first element corresponds to the elements of the ring that form the subring isomorphic to the ring identified by the second element of the tuple. software provides doi of original software used to represent fusion ring.",
	"comments":[
		""
	]
}