{
	"references":[
		""
	],
	"software":[
		"https:\/\/doi.org\/10.5281\/zenodo.15920400"
	],
	"mult_tab":[
		[
			[
				1,
				0,
				0,
				0,
				0
			],
			[
				0,
				1,
				0,
				0,
				0
			],
			[
				0,
				0,
				1,
				0,
				0
			],
			[
				0,
				0,
				0,
				1,
				0
			],
			[
				0,
				0,
				0,
				0,
				1
			]
		],
		[
			[
				0,
				1,
				0,
				0,
				0
			],
			[
				1,
				4,
				0,
				2,
				0
			],
			[
				0,
				0,
				3,
				2,
				2
			],
			[
				0,
				2,
				2,
				3,
				2
			],
			[
				0,
				0,
				2,
				2,
				5
			]
		],
		[
			[
				0,
				0,
				1,
				0,
				0
			],
			[
				0,
				0,
				3,
				2,
				2
			],
			[
				1,
				3,
				0,
				2,
				7
			],
			[
				0,
				2,
				2,
				4,
				6
			],
			[
				0,
				2,
				7,
				6,
				3
			]
		],
		[
			[
				0,
				0,
				0,
				1,
				0
			],
			[
				0,
				2,
				2,
				3,
				2
			],
			[
				0,
				2,
				2,
				4,
				6
			],
			[
				1,
				3,
				4,
				4,
				6
			],
			[
				0,
				2,
				6,
				6,
				6
			]
		],
		[
			[
				0,
				0,
				0,
				0,
				1
			],
			[
				0,
				0,
				2,
				2,
				5
			],
			[
				0,
				2,
				7,
				6,
				3
			],
			[
				0,
				2,
				6,
				6,
				6
			],
			[
				1,
				5,
				3,
				6,
				10
			]
		]
	],
	"texnames":[
		"\\text{FR}^{5,10,0}_{170}"
	],
	"barcode":[
		1,
		3,
		5,
		7,
		3,
		5,
		4,
		2,
		4,
		2,
		7,
		5,
		2,
		9,
		3,
		3,
		8,
		1,
		9,
		3,
		4,
		5,
		1,
		1,
		6,
		7,
		9,
		7,
		8,
		9,
		8,
		8,
		5,
		3,
		9,
		8,
		0,
		3,
		8,
		7,
		9,
		3,
		6,
		5,
		3,
		1,
		2,
		6,
		1,
		1,
		3,
		7,
		0,
		5,
		4,
		3,
		5,
		8,
		1,
		5,
		0,
		6,
		3,
		9,
		4,
		8,
		3,
		5,
		2,
		1,
		3,
		7,
		0,
		9,
		0,
		2,
		2,
		3,
		3,
		6,
		3,
		2,
		5,
		3,
		5,
		6,
		1,
		0,
		5,
		8,
		3,
		2,
		4,
		5,
		5,
		3,
		3,
		8,
		5,
		5,
		0,
		8,
		8,
		7,
		4,
		2,
		0,
		4,
		0,
		5,
		9,
		5,
		8,
		1,
		2,
		7,
		8,
		6,
		2,
		6,
		8,
		6,
		8,
		2,
		6,
		8,
		6,
		6,
		9,
		6
	],
	"formal_code":[
		5,
		10,
		0,
		170
	],
	"tensor_product_decompositions":{
		"identifiers":[
			"formal_code"
		],
		"value":[]
	},
	"sub_fusion_rings":{
		"identifiers":[
			"injection",
			"formal_code"
		],
		"value":[]
	},
	"numeric_characters":[
		[
			[
				1.0,
				0
			],
			[
				8.111060293611434,
				0
			],
			[
				1.389127694619096e1,
				0
			],
			[
				1.6172528956077137e1,
				0
			],
			[
				1.9327048057541123e1,
				0
			]
		],
		[
			[
				1.0,
				0
			],
			[
				4.789487666525967,
				0
			],
			[
				-1.1371551095520538,
				0
			],
			[
				1.390620720850242,
				0
			],
			[
				-2.4080832425854344,
				0
			]
		],
		[
			[
				1.0,
				0
			],
			[
				0.5547517843384137,
				0
			],
			[
				1.0362477100789524,
				0
			],
			[
				-1.4556287975635005,
				0
			],
			[
				0.1886873655365189,
				0
			]
		],
		[
			[
				1.0,
				0
			],
			[
				1.9493611352851197,
				0
			],
			[
				-6.605397729994571,
				0
			],
			[
				-2.498717852690194,
				0
			],
			[
				5.968661638706066,
				0
			]
		],
		[
			[
				1.0,
				0
			],
			[
				-0.40466087976093473,
				0
			],
			[
				-0.18497181672328725,
				0
			],
			[
				0.39119697332631637,
				0
			],
			[
				-7.631381919827358e-2,
				0
			]
		]
	],
	"numeric_frobenius_perron_dimensions":[
		1.0,
		8.111060293611434,
		1.389127694619096e1,
		1.6172528956077137e1,
		1.9327048057541123e1
	],
	"numeric_frobenius_perron_dimension":8.94842353736034e2,
	"info":"Fusion ring. mult_tab provides structure constants. barcode and formal_code provide unique identifiers see (DOI: 10.1063\/5.0148848). sub_fusion_rings provides tuples where the first element corresponds to the elements of the ring that form the subring isomorphic to the ring identified by the second element of the tuple. software provides doi of original software used to represent fusion ring.",
	"comments":[
		""
	]
}