{
	"references":[
		""
	],
	"software":[
		"https:\/\/doi.org\/10.5281\/zenodo.15920400"
	],
	"mult_tab":[
		[
			[
				1,
				0,
				0,
				0,
				0
			],
			[
				0,
				1,
				0,
				0,
				0
			],
			[
				0,
				0,
				1,
				0,
				0
			],
			[
				0,
				0,
				0,
				1,
				0
			],
			[
				0,
				0,
				0,
				0,
				1
			]
		],
		[
			[
				0,
				1,
				0,
				0,
				0
			],
			[
				1,
				0,
				0,
				2,
				0
			],
			[
				0,
				0,
				1,
				2,
				0
			],
			[
				0,
				2,
				2,
				1,
				2
			],
			[
				0,
				0,
				0,
				2,
				3
			]
		],
		[
			[
				0,
				0,
				1,
				0,
				0
			],
			[
				0,
				0,
				1,
				2,
				0
			],
			[
				1,
				1,
				1,
				2,
				0
			],
			[
				0,
				2,
				2,
				2,
				2
			],
			[
				0,
				0,
				0,
				2,
				4
			]
		],
		[
			[
				0,
				0,
				0,
				1,
				0
			],
			[
				0,
				2,
				2,
				1,
				2
			],
			[
				0,
				2,
				2,
				2,
				2
			],
			[
				1,
				1,
				2,
				6,
				4
			],
			[
				0,
				2,
				2,
				4,
				6
			]
		],
		[
			[
				0,
				0,
				0,
				0,
				1
			],
			[
				0,
				0,
				0,
				2,
				3
			],
			[
				0,
				0,
				0,
				2,
				4
			],
			[
				0,
				2,
				2,
				4,
				6
			],
			[
				1,
				3,
				4,
				6,
				3
			]
		]
	],
	"texnames":[
		"\\text{FR}^{5,6,0}_{90}"
	],
	"barcode":[
		6,
		1,
		9,
		6,
		7,
		0,
		2,
		5,
		9,
		6,
		9,
		5,
		7,
		2,
		7,
		7,
		0,
		5,
		5,
		2,
		5,
		0,
		6,
		7,
		0,
		6,
		6,
		6,
		8,
		1,
		2,
		7,
		6,
		1,
		1,
		9,
		2,
		1,
		7,
		0,
		4,
		6,
		4,
		8,
		2,
		3,
		0,
		2,
		1,
		5,
		5,
		9,
		4,
		8,
		4,
		8,
		5,
		3,
		3,
		3,
		7,
		5,
		3,
		0,
		1,
		2,
		1,
		6,
		4,
		5,
		0,
		0,
		2,
		1,
		9,
		5,
		3,
		7,
		8,
		8,
		2,
		6,
		7,
		4,
		2,
		8,
		6,
		6,
		8,
		9,
		1,
		9,
		9,
		9,
		3,
		5,
		1,
		8,
		0,
		1,
		5,
		1,
		0,
		7,
		2
	],
	"formal_code":[
		5,
		6,
		0,
		90
	],
	"tensor_product_decompositions":{
		"identifiers":[
			"formal_code"
		],
		"value":[]
	},
	"sub_fusion_rings":{
		"identifiers":[
			"injection",
			"formal_code"
		],
		"value":[]
	},
	"numeric_characters":[
		[
			[
				1.0,
				0
			],
			[
				4.932591690857004,
				0
			],
			[
				5.932591690857004,
				0
			],
			[
				1.1665230394355778e1,
				0
			],
			[
				1.207211067867404e1,
				0
			]
		],
		[
			[
				1.0,
				0
			],
			[
				2.149683304508415,
				0
			],
			[
				3.149683304508415,
				0
			],
			[
				1.810569154841109,
				0
			],
			[
				-4.258576044527462,
				0
			]
		],
		[
			[
				1.0,
				0
			],
			[
				-2.6130962954167414,
				0
			],
			[
				-1.6130962954167414,
				0
			],
			[
				2.9141361245603488,
				0
			],
			[
				-1.038334627161065,
				0
			]
		],
		[
			[
				1.0,
				0
			],
			[
				-0.46917869994867706,
				0
			],
			[
				0.5308213000513229,
				0
			],
			[
				-0.38993567375723465,
				0
			],
			[
				0.22479999301448686,
				0
			]
		],
		[
			[
				1.0,
				0
			],
			[
				1.0,
				0
			],
			[
				-1.0,
				0
			],
			[
				0.0,
				0
			],
			[
				0.0,
				0
			]
		]
	],
	"numeric_frobenius_perron_dimensions":[
		1.0,
		4.932591690857004,
		5.932591690857004,
		1.1665230394355778e1,
		1.207211067867404e1
	],
	"numeric_frobenius_perron_dimension":3.4233956135069474e2,
	"info":"Fusion ring. mult_tab provides structure constants. barcode and formal_code provide unique identifiers see (DOI: 10.1063\/5.0148848). sub_fusion_rings provides tuples where the first element corresponds to the elements of the ring that form the subring isomorphic to the ring identified by the second element of the tuple. software provides doi of original software used to represent fusion ring.",
	"comments":[
		""
	]
}