{
	"references":[
		""
	],
	"software":[
		"https:\/\/doi.org\/10.5281\/zenodo.15920400"
	],
	"mult_tab":[
		[
			[
				1,
				0,
				0,
				0,
				0
			],
			[
				0,
				1,
				0,
				0,
				0
			],
			[
				0,
				0,
				1,
				0,
				0
			],
			[
				0,
				0,
				0,
				1,
				0
			],
			[
				0,
				0,
				0,
				0,
				1
			]
		],
		[
			[
				0,
				1,
				0,
				0,
				0
			],
			[
				1,
				6,
				9,
				3,
				0
			],
			[
				0,
				9,
				3,
				2,
				3
			],
			[
				0,
				3,
				2,
				6,
				9
			],
			[
				0,
				0,
				3,
				9,
				10
			]
		],
		[
			[
				0,
				0,
				1,
				0,
				0
			],
			[
				0,
				9,
				3,
				2,
				3
			],
			[
				1,
				3,
				8,
				4,
				2
			],
			[
				0,
				2,
				4,
				8,
				7
			],
			[
				0,
				3,
				2,
				7,
				11
			]
		],
		[
			[
				0,
				0,
				0,
				1,
				0
			],
			[
				0,
				3,
				2,
				6,
				9
			],
			[
				0,
				2,
				4,
				8,
				7
			],
			[
				1,
				6,
				8,
				7,
				11
			],
			[
				0,
				9,
				7,
				11,
				10
			]
		],
		[
			[
				0,
				0,
				0,
				0,
				1
			],
			[
				0,
				0,
				3,
				9,
				10
			],
			[
				0,
				3,
				2,
				7,
				11
			],
			[
				0,
				9,
				7,
				11,
				10
			],
			[
				1,
				10,
				11,
				10,
				12
			]
		]
	],
	"texnames":[
		"\\text{FR}^{5,12,0}_{98}"
	],
	"barcode":[
		1,
		3,
		4,
		5,
		7,
		8,
		5,
		2,
		8,
		7,
		0,
		6,
		3,
		2,
		5,
		1,
		9,
		2,
		9,
		5,
		4,
		0,
		9,
		2,
		4,
		6,
		7,
		7,
		1,
		2,
		3,
		4,
		6,
		1,
		7,
		1,
		8,
		9,
		6,
		0,
		5,
		7,
		9,
		9,
		4,
		1,
		5,
		5,
		3,
		2,
		7,
		6,
		9,
		5,
		5,
		0,
		5,
		5,
		6,
		3,
		4,
		1,
		0,
		9,
		3,
		2,
		2,
		3,
		5,
		6,
		1,
		3,
		0,
		4,
		2,
		0,
		0,
		4,
		3,
		4,
		9,
		4,
		9,
		0,
		6,
		3,
		4,
		8,
		6,
		9,
		1,
		6,
		4,
		2,
		3,
		9,
		9,
		4,
		2,
		7,
		0,
		6,
		7,
		7,
		9,
		9,
		8,
		1,
		5,
		9,
		2,
		1,
		4,
		3,
		3,
		5,
		2,
		2,
		6,
		6,
		7,
		1,
		8,
		6,
		2,
		2,
		7,
		7,
		1,
		1,
		3,
		6,
		7,
		2,
		9,
		4,
		4,
		3,
		9
	],
	"formal_code":[
		5,
		12,
		0,
		98
	],
	"tensor_product_decompositions":{
		"identifiers":[
			"formal_code"
		],
		"value":[]
	},
	"sub_fusion_rings":{
		"identifiers":[
			"injection",
			"formal_code"
		],
		"value":[]
	},
	"numeric_characters":[
		[
			[
				1.0,
				0
			],
			[
				1.9686777519920888e1,
				0
			],
			[
				2.0105275454350096e1,
				0
			],
			[
				2.9167021636728766e1,
				0
			],
			[
				3.332573917690696e1,
				0
			]
		],
		[
			[
				1.0,
				0
			],
			[
				1.1503939002599287e1,
				0
			],
			[
				8.304223343735563,
				0
			],
			[
				-4.140343844563574,
				0
			],
			[
				-8.212051518392702,
				0
			]
		],
		[
			[
				1.0,
				0
			],
			[
				-0.7159375894963025,
				0
			],
			[
				1.6016210342636807,
				0
			],
			[
				-3.5354657131138447,
				0
			],
			[
				2.520948642115352,
				0
			]
		],
		[
			[
				1.0,
				0
			],
			[
				-5.529432579611881,
				0
			],
			[
				6.1818560272997125,
				0
			],
			[
				2.3715052948157265,
				0
			],
			[
				-2.5686138582815885,
				0
			]
		],
		[
			[
				1.0,
				0
			],
			[
				5.4653646588007865e-2,
				0
			],
			[
				-0.19297585964905145,
				0
			],
			[
				0.1372826261329276,
				0
			],
			[
				-6.602244234801595e-2,
				0
			]
		]
	],
	"numeric_frobenius_perron_dimensions":[
		1.0,
		1.968677751992089e1,
		2.0105275454350096e1,
		2.9167021636728766e1,
		3.332573917690696e1
	],
	"numeric_frobenius_perron_dimension":2.75411135305879e3,
	"info":"Fusion ring. mult_tab provides structure constants. barcode and formal_code provide unique identifiers see (DOI: 10.1063\/5.0148848). sub_fusion_rings provides tuples where the first element corresponds to the elements of the ring that form the subring isomorphic to the ring identified by the second element of the tuple. software provides doi of original software used to represent fusion ring.",
	"comments":[
		""
	]
}