{
	"references":[
		""
	],
	"software":[
		"https:\/\/doi.org\/10.5281\/zenodo.15920400"
	],
	"mult_tab":[
		[
			[
				1,
				0,
				0,
				0,
				0
			],
			[
				0,
				1,
				0,
				0,
				0
			],
			[
				0,
				0,
				1,
				0,
				0
			],
			[
				0,
				0,
				0,
				1,
				0
			],
			[
				0,
				0,
				0,
				0,
				1
			]
		],
		[
			[
				0,
				1,
				0,
				0,
				0
			],
			[
				1,
				8,
				1,
				4,
				0
			],
			[
				0,
				1,
				5,
				4,
				5
			],
			[
				0,
				4,
				4,
				2,
				7
			],
			[
				0,
				0,
				5,
				7,
				5
			]
		],
		[
			[
				0,
				0,
				1,
				0,
				0
			],
			[
				0,
				1,
				5,
				4,
				5
			],
			[
				1,
				5,
				14,
				3,
				2
			],
			[
				0,
				4,
				3,
				8,
				9
			],
			[
				0,
				5,
				2,
				9,
				10
			]
		],
		[
			[
				0,
				0,
				0,
				1,
				0
			],
			[
				0,
				4,
				4,
				2,
				7
			],
			[
				0,
				4,
				3,
				8,
				9
			],
			[
				1,
				2,
				8,
				15,
				1
			],
			[
				0,
				7,
				9,
				1,
				12
			]
		],
		[
			[
				0,
				0,
				0,
				0,
				1
			],
			[
				0,
				0,
				5,
				7,
				5
			],
			[
				0,
				5,
				2,
				9,
				10
			],
			[
				0,
				7,
				9,
				1,
				12
			],
			[
				1,
				5,
				10,
				12,
				4
			]
		]
	],
	"texnames":[
		"\\text{FR}^{5,15,0}_{556}"
	],
	"barcode":[
		2,
		0,
		4,
		5,
		8,
		6,
		9,
		2,
		5,
		1,
		8,
		7,
		8,
		3,
		9,
		8,
		6,
		8,
		3,
		8,
		6,
		4,
		3,
		6,
		6,
		2,
		8,
		4,
		5,
		9,
		5,
		4,
		2,
		6,
		5,
		0,
		0,
		4,
		3,
		8,
		5,
		3,
		9,
		3,
		1,
		3,
		9,
		1,
		2,
		9,
		2,
		3,
		6,
		7,
		7,
		2,
		8,
		6,
		9,
		1,
		4,
		2,
		9,
		5,
		4,
		0,
		2,
		6,
		3,
		0,
		3,
		9,
		8,
		5,
		7,
		4,
		3,
		8,
		8,
		0,
		9,
		5,
		2,
		4,
		9,
		3,
		3,
		2,
		5,
		3,
		8,
		8,
		9,
		6,
		8,
		9,
		1,
		7,
		8,
		1,
		1,
		3,
		7,
		2,
		4,
		0,
		5,
		6,
		1,
		7,
		1,
		6,
		7,
		0,
		4,
		1,
		3,
		2,
		0,
		6,
		7,
		3,
		3,
		2,
		0,
		3,
		5,
		4,
		6,
		9,
		8,
		7,
		1,
		8,
		6,
		8,
		6,
		3,
		6,
		8,
		3,
		3,
		8,
		3,
		9,
		7,
		0,
		3,
		8,
		8
	],
	"formal_code":[
		5,
		15,
		0,
		556
	],
	"tensor_product_decompositions":{
		"identifiers":[
			"formal_code"
		],
		"value":[]
	},
	"sub_fusion_rings":{
		"identifiers":[
			"injection",
			"formal_code"
		],
		"value":[]
	},
	"numeric_characters":[
		[
			[
				1.0,
				0
			],
			[
				1.5802187171408303e1,
				0
			],
			[
				2.3029304942343767e1,
				0
			],
			[
				2.481557927165274e1,
				0
			],
			[
				2.674047163132328e1,
				0
			]
		],
		[
			[
				1.0,
				0
			],
			[
				7.9751663600622855,
				0
			],
			[
				-2.188470288408291,
				0
			],
			[
				0.24760446964478325,
				0
			],
			[
				-3.095329484141915,
				0
			]
		],
		[
			[
				1.0,
				0
			],
			[
				0.7989988413087854,
				0
			],
			[
				1.2159705911879348e1,
				0
			],
			[
				-4.728324373484212,
				0
			],
			[
				-6.593727994504298,
				0
			]
		],
		[
			[
				1.0,
				0
			],
			[
				-9.983178241950359e-2,
				0
			],
			[
				-4.0666197279018185e-2,
				0
			],
			[
				-3.767828964597449e-2,
				0
			],
			[
				9.158714127141601e-2,
				0
			]
		],
		[
			[
				1.0,
				0
			],
			[
				-4.476520590359871,
				0
			],
			[
				4.012563146419503e-2,
				0
			],
			[
				1.3702818921832664e1,
				0
			],
			[
				-1.0143001293948485e1,
				0
			]
		]
	],
	"numeric_frobenius_perron_dimensions":[
		1.0,
		1.5802187171408304e1,
		2.3029304942343767e1,
		2.481557927165274e1,
		2.674047163132328e1
	],
	"numeric_frobenius_perron_dimension":2.111923803180967e3,
	"info":"Fusion ring. mult_tab provides structure constants. barcode and formal_code provide unique identifiers see (DOI: 10.1063\/5.0148848). sub_fusion_rings provides tuples where the first element corresponds to the elements of the ring that form the subring isomorphic to the ring identified by the second element of the tuple. software provides doi of original software used to represent fusion ring.",
	"comments":[
		""
	]
}