{
	"references":[
		""
	],
	"software":[
		"https:\/\/doi.org\/10.5281\/zenodo.15920400"
	],
	"mult_tab":[
		[
			[
				1,
				0,
				0,
				0,
				0
			],
			[
				0,
				1,
				0,
				0,
				0
			],
			[
				0,
				0,
				1,
				0,
				0
			],
			[
				0,
				0,
				0,
				1,
				0
			],
			[
				0,
				0,
				0,
				0,
				1
			]
		],
		[
			[
				0,
				1,
				0,
				0,
				0
			],
			[
				1,
				9,
				2,
				1,
				0
			],
			[
				0,
				2,
				6,
				4,
				0
			],
			[
				0,
				1,
				4,
				4,
				4
			],
			[
				0,
				0,
				0,
				4,
				10
			]
		],
		[
			[
				0,
				0,
				1,
				0,
				0
			],
			[
				0,
				2,
				6,
				4,
				0
			],
			[
				1,
				6,
				0,
				1,
				5
			],
			[
				0,
				4,
				1,
				4,
				6
			],
			[
				0,
				0,
				5,
				6,
				8
			]
		],
		[
			[
				0,
				0,
				0,
				1,
				0
			],
			[
				0,
				1,
				4,
				4,
				4
			],
			[
				0,
				4,
				1,
				4,
				6
			],
			[
				1,
				4,
				4,
				4,
				8
			],
			[
				0,
				4,
				6,
				8,
				9
			]
		],
		[
			[
				0,
				0,
				0,
				0,
				1
			],
			[
				0,
				0,
				0,
				4,
				10
			],
			[
				0,
				0,
				5,
				6,
				8
			],
			[
				0,
				4,
				6,
				8,
				9
			],
			[
				1,
				10,
				8,
				9,
				11
			]
		]
	],
	"texnames":[
		"\\text{FR}^{5,11,0}_{946}"
	],
	"barcode":[
		6,
		5,
		8,
		3,
		7,
		7,
		0,
		0,
		7,
		1,
		1,
		6,
		2,
		1,
		8,
		2,
		3,
		4,
		2,
		2,
		0,
		4,
		1,
		2,
		6,
		8,
		4,
		4,
		3,
		7,
		1,
		5,
		4,
		5,
		2,
		8,
		3,
		3,
		8,
		8,
		3,
		4,
		2,
		1,
		6,
		7,
		8,
		4,
		5,
		9,
		0,
		9,
		3,
		5,
		6,
		9,
		2,
		6,
		8,
		5,
		4,
		6,
		6,
		7,
		7,
		2,
		2,
		7,
		2,
		5,
		8,
		8,
		1,
		0,
		3,
		4,
		3,
		4,
		3,
		1,
		6,
		5,
		1,
		9,
		5,
		7,
		9,
		6,
		8,
		2,
		5,
		0,
		9,
		6,
		6,
		9,
		6,
		6,
		1,
		2,
		7,
		0,
		9,
		8,
		9,
		2,
		9,
		9,
		3,
		2,
		4,
		0,
		3,
		5,
		8,
		9,
		5,
		7,
		8,
		9,
		7,
		3,
		1,
		2,
		9,
		5,
		0,
		1,
		2,
		4,
		7,
		5,
		8,
		0
	],
	"formal_code":[
		5,
		11,
		0,
		946
	],
	"tensor_product_decompositions":{
		"identifiers":[
			"formal_code"
		],
		"value":[]
	},
	"sub_fusion_rings":{
		"identifiers":[
			"injection",
			"formal_code"
		],
		"value":[]
	},
	"numeric_characters":[
		[
			[
				1.0,
				0
			],
			[
				1.2997093533361053e1,
				0
			],
			[
				1.5322741077415051e1,
				0
			],
			[
				2.030511635985613e1,
				0
			],
			[
				2.7099743313096017e1,
				0
			]
		],
		[
			[
				1.0,
				0
			],
			[
				6.238895250066489,
				0
			],
			[
				-7.334379295156616,
				0
			],
			[
				-3.557484718982973,
				0
			],
			[
				3.7834465727612203,
				0
			]
		],
		[
			[
				1.0,
				0
			],
			[
				1.0055159157216139e1,
				0
			],
			[
				4.856799532787107,
				0
			],
			[
				-0.10380580357189392,
				0
			],
			[
				-7.5277294876087755,
				0
			]
		],
		[
			[
				1.0,
				0
			],
			[
				-0.1851751391429805,
				0
			],
			[
				1.3406880806883097,
				0
			],
			[
				-1.9805100769331725,
				0
			],
			[
				0.7778010882981519,
				0
			]
		],
		[
			[
				1.0,
				0
			],
			[
				-0.10597280150069997,
				0
			],
			[
				-0.18584939573385115,
				0
			],
			[
				0.3366842396319088,
				0
			],
			[
				-0.13326148654661427,
				0
			]
		]
	],
	"numeric_frobenius_perron_dimensions":[
		1.0,
		1.2997093533361067e1,
		1.5322741077415051e1,
		2.030511635985613e1,
		2.7099743313096017e1
	],
	"numeric_frobenius_perron_dimension":1.5514046724634281e3,
	"info":"Fusion ring. mult_tab provides structure constants. barcode and formal_code provide unique identifiers see (DOI: 10.1063\/5.0148848). sub_fusion_rings provides tuples where the first element corresponds to the elements of the ring that form the subring isomorphic to the ring identified by the second element of the tuple. software provides doi of original software used to represent fusion ring.",
	"comments":[
		""
	]
}