{
	"references":[
		""
	],
	"software":[
		"https:\/\/doi.org\/10.5281\/zenodo.15920400"
	],
	"mult_tab":[
		[
			[
				1,
				0,
				0,
				0,
				0
			],
			[
				0,
				1,
				0,
				0,
				0
			],
			[
				0,
				0,
				1,
				0,
				0
			],
			[
				0,
				0,
				0,
				1,
				0
			],
			[
				0,
				0,
				0,
				0,
				1
			]
		],
		[
			[
				0,
				1,
				0,
				0,
				0
			],
			[
				1,
				1,
				3,
				2,
				3
			],
			[
				0,
				3,
				0,
				4,
				4
			],
			[
				0,
				2,
				4,
				4,
				4
			],
			[
				0,
				3,
				4,
				4,
				6
			]
		],
		[
			[
				0,
				0,
				1,
				0,
				0
			],
			[
				0,
				3,
				0,
				4,
				4
			],
			[
				1,
				0,
				8,
				2,
				4
			],
			[
				0,
				4,
				2,
				5,
				6
			],
			[
				0,
				4,
				4,
				6,
				7
			]
		],
		[
			[
				0,
				0,
				0,
				1,
				0
			],
			[
				0,
				2,
				4,
				4,
				4
			],
			[
				0,
				4,
				2,
				5,
				6
			],
			[
				1,
				4,
				5,
				4,
				8
			],
			[
				0,
				4,
				6,
				8,
				8
			]
		],
		[
			[
				0,
				0,
				0,
				0,
				1
			],
			[
				0,
				3,
				4,
				4,
				6
			],
			[
				0,
				4,
				4,
				6,
				7
			],
			[
				0,
				4,
				6,
				8,
				8
			],
			[
				1,
				6,
				7,
				8,
				11
			]
		]
	],
	"texnames":[
		"\\text{FR}^{5,11,0}_{460}"
	],
	"barcode":[
		6,
		5,
		8,
		3,
		7,
		7,
		0,
		0,
		7,
		1,
		1,
		6,
		2,
		1,
		8,
		2,
		3,
		4,
		2,
		2,
		0,
		4,
		1,
		2,
		6,
		8,
		4,
		4,
		3,
		7,
		1,
		5,
		5,
		1,
		3,
		7,
		2,
		0,
		0,
		6,
		1,
		7,
		0,
		0,
		7,
		6,
		1,
		9,
		4,
		2,
		0,
		3,
		8,
		0,
		7,
		9,
		1,
		1,
		0,
		9,
		3,
		5,
		3,
		6,
		7,
		6,
		6,
		5,
		2,
		5,
		5,
		4,
		1,
		2,
		7,
		8,
		5,
		6,
		7,
		2,
		0,
		3,
		4,
		0,
		9,
		8,
		6,
		0,
		9,
		0,
		3,
		1,
		2,
		2,
		7,
		0,
		1,
		5,
		9,
		4,
		1,
		0,
		3,
		4,
		8,
		9,
		9,
		3,
		7,
		4,
		3,
		4,
		3,
		0,
		5,
		6,
		3,
		3,
		5,
		9,
		4,
		1,
		1,
		9,
		5,
		4,
		8,
		3,
		9,
		2,
		2,
		1,
		8,
		5
	],
	"formal_code":[
		5,
		11,
		0,
		460
	],
	"tensor_product_decompositions":{
		"identifiers":[
			"formal_code"
		],
		"value":[]
	},
	"sub_fusion_rings":{
		"identifiers":[
			"injection",
			"formal_code"
		],
		"value":[]
	},
	"numeric_characters":[
		[
			[
				1.0,
				0
			],
			[
				1.3470150321741823e1,
				0
			],
			[
				1.662614711776215e1,
				0
			],
			[
				2.0563329471525886e1,
				0
			],
			[
				2.5323233024080434e1,
				0
			]
		],
		[
			[
				1.0,
				0
			],
			[
				-3.3270803446763795,
				0
			],
			[
				6.9462445519168625,
				0
			],
			[
				-2.404914821834317,
				0
			],
			[
				-0.8774533491578931,
				0
			]
		],
		[
			[
				1.0,
				0
			],
			[
				0.7440973346239312,
				0
			],
			[
				0.18320676660569096,
				0
			],
			[
				0.16806053817999253,
				0
			],
			[
				-0.6920526224688501,
				0
			]
		],
		[
			[
				1.0,
				0
			],
			[
				-0.9247921552413785,
				0
			],
			[
				-0.4085353996433315,
				0
			],
			[
				0.3585012142721504,
				0
			],
			[
				0.429545485341022,
				0
			]
		],
		[
			[
				1.0,
				0
			],
			[
				1.037624843552003,
				0
			],
			[
				-0.3470630366413743,
				0
			],
			[
				-2.684976402143712,
				0
			],
			[
				1.8167274622052876,
				0
			]
		]
	],
	"numeric_frobenius_perron_dimensions":[
		1.0,
		1.3470150321741825e1,
		1.662614711776215e1,
		2.0563329471525886e1,
		2.5323233024080434e1
	],
	"numeric_frobenius_perron_dimension":1.522990367418195e3,
	"info":"Fusion ring. mult_tab provides structure constants. barcode and formal_code provide unique identifiers see (DOI: 10.1063\/5.0148848). sub_fusion_rings provides tuples where the first element corresponds to the elements of the ring that form the subring isomorphic to the ring identified by the second element of the tuple. software provides doi of original software used to represent fusion ring.",
	"comments":[
		""
	]
}