{
	"references":[
		""
	],
	"software":[
		"https:\/\/doi.org\/10.5281\/zenodo.15920400"
	],
	"mult_tab":[
		[
			[
				1,
				0,
				0,
				0,
				0
			],
			[
				0,
				1,
				0,
				0,
				0
			],
			[
				0,
				0,
				1,
				0,
				0
			],
			[
				0,
				0,
				0,
				1,
				0
			],
			[
				0,
				0,
				0,
				0,
				1
			]
		],
		[
			[
				0,
				1,
				0,
				0,
				0
			],
			[
				1,
				2,
				1,
				1,
				1
			],
			[
				0,
				1,
				3,
				3,
				4
			],
			[
				0,
				1,
				3,
				5,
				3
			],
			[
				0,
				1,
				4,
				3,
				5
			]
		],
		[
			[
				0,
				0,
				1,
				0,
				0
			],
			[
				0,
				1,
				3,
				3,
				4
			],
			[
				1,
				3,
				6,
				10,
				12
			],
			[
				0,
				3,
				10,
				10,
				11
			],
			[
				0,
				4,
				12,
				11,
				11
			]
		],
		[
			[
				0,
				0,
				0,
				1,
				0
			],
			[
				0,
				1,
				3,
				5,
				3
			],
			[
				0,
				3,
				10,
				10,
				11
			],
			[
				1,
				5,
				10,
				11,
				12
			],
			[
				0,
				3,
				11,
				12,
				14
			]
		],
		[
			[
				0,
				0,
				0,
				0,
				1
			],
			[
				0,
				1,
				4,
				3,
				5
			],
			[
				0,
				4,
				12,
				11,
				11
			],
			[
				0,
				3,
				11,
				12,
				14
			],
			[
				1,
				5,
				11,
				14,
				15
			]
		]
	],
	"texnames":[
		"\\text{FR}^{5,15,0}_{1073}"
	],
	"barcode":[
		2,
		0,
		4,
		5,
		8,
		6,
		9,
		2,
		5,
		1,
		8,
		7,
		8,
		3,
		9,
		8,
		6,
		8,
		3,
		8,
		6,
		4,
		3,
		6,
		6,
		2,
		8,
		4,
		5,
		9,
		5,
		4,
		2,
		6,
		5,
		0,
		0,
		4,
		7,
		8,
		0,
		8,
		9,
		3,
		7,
		5,
		4,
		2,
		5,
		1,
		7,
		9,
		5,
		1,
		0,
		3,
		8,
		0,
		4,
		7,
		5,
		1,
		4,
		8,
		3,
		6,
		3,
		5,
		9,
		7,
		3,
		9,
		2,
		0,
		7,
		2,
		3,
		3,
		0,
		9,
		5,
		1,
		1,
		6,
		9,
		2,
		6,
		6,
		9,
		2,
		1,
		9,
		1,
		2,
		4,
		3,
		6,
		6,
		3,
		6,
		6,
		9,
		1,
		4,
		3,
		8,
		6,
		8,
		5,
		2,
		9,
		6,
		8,
		2,
		2,
		9,
		2,
		1,
		4,
		6,
		6,
		7,
		7,
		5,
		5,
		5,
		6,
		2,
		6,
		6,
		7,
		4,
		5,
		7,
		6,
		8,
		4,
		7,
		5,
		6,
		1,
		4,
		7,
		9,
		4,
		9,
		1,
		8,
		5,
		8
	],
	"formal_code":[
		5,
		15,
		0,
		1073
	],
	"tensor_product_decompositions":{
		"identifiers":[
			"formal_code"
		],
		"value":[]
	},
	"sub_fusion_rings":{
		"identifiers":[
			"injection",
			"formal_code"
		],
		"value":[]
	},
	"numeric_characters":[
		[
			[
				1.0,
				0
			],
			[
				1.1381557185164146e1,
				0
			],
			[
				3.2261725251832765e1,
				0
			],
			[
				3.503807944287585e1,
				0
			],
			[
				3.847692489412471e1,
				0
			]
		],
		[
			[
				1.0,
				0
			],
			[
				2.1084567970522383,
				0
			],
			[
				0.2953406048160412,
				0
			],
			[
				-1.8948908297084748,
				0
			],
			[
				0.8282266958237409,
				0
			]
		],
		[
			[
				1.0,
				0
			],
			[
				-0.2052252971652351,
				0
			],
			[
				-4.067499547054434,
				0
			],
			[
				0.8377925143336112,
				0
			],
			[
				2.6822750496478527,
				0
			]
		],
		[
			[
				1.0,
				0
			],
			[
				2.180759772787859,
				0
			],
			[
				-0.7081769135865568,
				0
			],
			[
				2.0100749756771923,
				0
			],
			[
				-1.9077044210565983,
				0
			]
		],
		[
			[
				1.0,
				0
			],
			[
				-0.46554845783900967,
				0
			],
			[
				0.21861060399218277,
				0
			],
			[
				8.943896821820676e-3,
				0
			],
			[
				-7.972221853970395e-2,
				0
			]
		]
	],
	"numeric_frobenius_perron_dimensions":[
		1.0,
		1.1381557185164148e1,
		3.2261725251832765e1,
		3.503807944287585e1,
		3.847692489412471e1
	],
	"numeric_frobenius_perron_dimension":3.879499520537298e3,
	"info":"Fusion ring. mult_tab provides structure constants. barcode and formal_code provide unique identifiers see (DOI: 10.1063\/5.0148848). sub_fusion_rings provides tuples where the first element corresponds to the elements of the ring that form the subring isomorphic to the ring identified by the second element of the tuple. software provides doi of original software used to represent fusion ring.",
	"comments":[
		""
	]
}