{
	"references":[
		""
	],
	"software":[
		"https:\/\/doi.org\/10.5281\/zenodo.15920400"
	],
	"mult_tab":[
		[
			[
				1,
				0,
				0,
				0,
				0
			],
			[
				0,
				1,
				0,
				0,
				0
			],
			[
				0,
				0,
				1,
				0,
				0
			],
			[
				0,
				0,
				0,
				1,
				0
			],
			[
				0,
				0,
				0,
				0,
				1
			]
		],
		[
			[
				0,
				1,
				0,
				0,
				0
			],
			[
				1,
				1,
				3,
				3,
				2
			],
			[
				0,
				3,
				3,
				2,
				3
			],
			[
				0,
				3,
				2,
				3,
				4
			],
			[
				0,
				2,
				3,
				4,
				6
			]
		],
		[
			[
				0,
				0,
				1,
				0,
				0
			],
			[
				0,
				3,
				3,
				2,
				3
			],
			[
				1,
				3,
				3,
				4,
				3
			],
			[
				0,
				2,
				4,
				3,
				5
			],
			[
				0,
				3,
				3,
				5,
				7
			]
		],
		[
			[
				0,
				0,
				0,
				1,
				0
			],
			[
				0,
				3,
				2,
				3,
				4
			],
			[
				0,
				2,
				4,
				3,
				5
			],
			[
				1,
				3,
				3,
				5,
				5
			],
			[
				0,
				4,
				5,
				5,
				7
			]
		],
		[
			[
				0,
				0,
				0,
				0,
				1
			],
			[
				0,
				2,
				3,
				4,
				6
			],
			[
				0,
				3,
				3,
				5,
				7
			],
			[
				0,
				4,
				5,
				5,
				7
			],
			[
				1,
				6,
				7,
				7,
				8
			]
		]
	],
	"texnames":[
		"\\text{FR}^{5,8,0}_{105}"
	],
	"barcode":[
		2,
		1,
		1,
		8,
		7,
		1,
		2,
		2,
		9,
		9,
		1,
		3,
		9,
		8,
		3,
		2,
		0,
		3,
		2,
		5,
		8,
		3,
		1,
		9,
		3,
		6,
		7,
		6,
		2,
		0,
		3,
		8,
		6,
		9,
		3,
		4,
		7,
		0,
		4,
		5,
		4,
		6,
		8,
		5,
		1,
		8,
		5,
		5,
		5,
		5,
		9,
		8,
		8,
		5,
		0,
		9,
		9,
		5,
		4,
		2,
		0,
		6,
		1,
		3,
		1,
		6,
		8,
		9,
		5,
		1,
		2,
		7,
		8,
		0,
		1,
		6,
		1,
		2,
		6,
		8,
		0,
		0,
		2,
		6,
		9,
		2,
		8,
		3,
		8,
		5,
		5,
		5,
		8,
		6,
		3,
		9,
		0,
		1,
		8,
		0,
		4,
		6,
		3,
		5,
		6,
		1,
		9,
		0,
		5,
		4,
		9,
		0,
		6,
		6,
		0,
		7,
		5,
		4,
		9
	],
	"formal_code":[
		5,
		8,
		0,
		105
	],
	"tensor_product_decompositions":{
		"identifiers":[
			"formal_code"
		],
		"value":[]
	},
	"sub_fusion_rings":{
		"identifiers":[
			"injection",
			"formal_code"
		],
		"value":[]
	},
	"numeric_characters":[
		[
			[
				1.0,
				0
			],
			[
				1.2222094248957653e1,
				0
			],
			[
				1.455451587658074e1,
				0
			],
			[
				1.647363380506026e1,
				0
			],
			[
				2.1536522268261542e1,
				0
			]
		],
		[
			[
				1.0,
				0
			],
			[
				2.0710910650961813,
				0
			],
			[
				2.3615553979098642,
				0
			],
			[
				-0.15702619347177987,
				0
			],
			[
				-2.6976302392446,
				0
			]
		],
		[
			[
				1.0,
				0
			],
			[
				0.8024491879690214,
				0
			],
			[
				-1.8635534325660674,
				0
			],
			[
				1.9841191673641478,
				0
			],
			[
				-0.7601108465455604,
				0
			]
		],
		[
			[
				1.0,
				0
			],
			[
				-2.163887877667419,
				0
			],
			[
				1.0514222562442832,
				0
			],
			[
				1.190324317761275,
				0
			],
			[
				-0.4394705486166246,
				0
			]
		],
		[
			[
				1.0,
				0
			],
			[
				6.825337564456314e-2,
				0
			],
			[
				-0.1039400981688206,
				0
			],
			[
				-0.49105109671390335,
				0
			],
			[
				0.3606893661452433,
				0
			]
		]
	],
	"numeric_frobenius_perron_dimensions":[
		1.0,
		1.2222094248957653e1,
		1.455451587658074e1,
		1.647363380506026e1,
		2.1536522268261542e1
	],
	"numeric_frobenius_perron_dimension":1.097415922386594e3,
	"info":"Fusion ring. mult_tab provides structure constants. barcode and formal_code provide unique identifiers see (DOI: 10.1063\/5.0148848). sub_fusion_rings provides tuples where the first element corresponds to the elements of the ring that form the subring isomorphic to the ring identified by the second element of the tuple. software provides doi of original software used to represent fusion ring.",
	"comments":[
		""
	]
}