{
	"references":[
		""
	],
	"software":[
		"https:\/\/doi.org\/10.5281\/zenodo.15920400"
	],
	"mult_tab":[
		[
			[
				1,
				0,
				0,
				0,
				0
			],
			[
				0,
				1,
				0,
				0,
				0
			],
			[
				0,
				0,
				1,
				0,
				0
			],
			[
				0,
				0,
				0,
				1,
				0
			],
			[
				0,
				0,
				0,
				0,
				1
			]
		],
		[
			[
				0,
				1,
				0,
				0,
				0
			],
			[
				1,
				1,
				1,
				2,
				2
			],
			[
				0,
				1,
				2,
				2,
				2
			],
			[
				0,
				2,
				2,
				4,
				4
			],
			[
				0,
				2,
				2,
				4,
				6
			]
		],
		[
			[
				0,
				0,
				1,
				0,
				0
			],
			[
				0,
				1,
				2,
				2,
				2
			],
			[
				1,
				2,
				2,
				2,
				2
			],
			[
				0,
				2,
				2,
				5,
				4
			],
			[
				0,
				2,
				2,
				4,
				7
			]
		],
		[
			[
				0,
				0,
				0,
				1,
				0
			],
			[
				0,
				2,
				2,
				4,
				4
			],
			[
				0,
				2,
				2,
				5,
				4
			],
			[
				1,
				4,
				5,
				6,
				9
			],
			[
				0,
				4,
				4,
				9,
				11
			]
		],
		[
			[
				0,
				0,
				0,
				0,
				1
			],
			[
				0,
				2,
				2,
				4,
				6
			],
			[
				0,
				2,
				2,
				4,
				7
			],
			[
				0,
				4,
				4,
				9,
				11
			],
			[
				1,
				6,
				7,
				11,
				12
			]
		]
	],
	"texnames":[
		"\\text{FR}^{5,12,0}_{1415}"
	],
	"barcode":[
		1,
		3,
		4,
		5,
		7,
		8,
		5,
		2,
		8,
		7,
		0,
		6,
		3,
		2,
		5,
		1,
		9,
		2,
		9,
		5,
		4,
		0,
		9,
		2,
		4,
		6,
		7,
		7,
		1,
		2,
		3,
		4,
		6,
		1,
		9,
		0,
		5,
		3,
		3,
		6,
		3,
		2,
		8,
		4,
		0,
		5,
		3,
		9,
		9,
		2,
		9,
		8,
		1,
		0,
		1,
		5,
		8,
		2,
		4,
		2,
		3,
		8,
		7,
		1,
		7,
		6,
		7,
		7,
		1,
		7,
		2,
		6,
		8,
		9,
		7,
		2,
		5,
		5,
		3,
		7,
		9,
		7,
		2,
		1,
		8,
		1,
		6,
		4,
		9,
		8,
		8,
		8,
		1,
		3,
		2,
		3,
		3,
		3,
		3,
		4,
		5,
		3,
		7,
		0,
		0,
		7,
		4,
		2,
		5,
		2,
		6,
		8,
		2,
		3,
		6,
		3,
		2,
		6,
		1,
		6,
		5,
		0,
		5,
		5,
		2,
		8,
		7,
		5,
		6,
		1,
		2,
		7,
		7,
		9,
		6,
		5,
		7,
		2,
		1
	],
	"formal_code":[
		5,
		12,
		0,
		1415
	],
	"tensor_product_decompositions":{
		"identifiers":[
			"formal_code"
		],
		"value":[]
	},
	"sub_fusion_rings":{
		"identifiers":[
			"injection",
			"formal_code"
		],
		"value":[]
	},
	"numeric_characters":[
		[
			[
				1.0,
				0
			],
			[
				1.0997498227071649e1,
				0
			],
			[
				1.1997498227071649e1,
				0
			],
			[
				2.1813136911299566e1,
				0
			],
			[
				2.6661848488850815e1,
				0
			]
		],
		[
			[
				1.0,
				0
			],
			[
				1.362961457709375,
				0
			],
			[
				2.362961457709375,
				0
			],
			[
				1.2585299904850935,
				0
			],
			[
				-2.692659480593836,
				0
			]
		],
		[
			[
				1.0,
				0
			],
			[
				-0.9326935352616237,
				0
			],
			[
				6.73064647383763e-2,
				0
			],
			[
				0.27894000411332465,
				0
			],
			[
				8.871214650771188e-2,
				0
			]
		],
		[
			[
				1.0,
				0
			],
			[
				0.5722338504806,
				0
			],
			[
				1.5722338504806,
				0
			],
			[
				-2.3506069058979837,
				0
			],
			[
				0.9420988452353106,
				0
			]
		],
		[
			[
				1.0,
				0
			],
			[
				1.0,
				0
			],
			[
				-1.0,
				0
			],
			[
				0.0,
				0
			],
			[
				0.0,
				0
			]
		]
	],
	"numeric_frobenius_perron_dimensions":[
		1.0,
		1.0997498227071649e1,
		1.1997498227071649e1,
		2.1813136911299566e1,
		2.6661848488850815e1
	],
	"numeric_frobenius_perron_dimension":1.4525520377165674e3,
	"info":"Fusion ring. mult_tab provides structure constants. barcode and formal_code provide unique identifiers see (DOI: 10.1063\/5.0148848). sub_fusion_rings provides tuples where the first element corresponds to the elements of the ring that form the subring isomorphic to the ring identified by the second element of the tuple. software provides doi of original software used to represent fusion ring.",
	"comments":[
		""
	]
}