{
	"references":[
		""
	],
	"software":[
		"https:\/\/doi.org\/10.5281\/zenodo.15920400"
	],
	"mult_tab":[
		[
			[
				1,
				0,
				0,
				0,
				0
			],
			[
				0,
				1,
				0,
				0,
				0
			],
			[
				0,
				0,
				1,
				0,
				0
			],
			[
				0,
				0,
				0,
				1,
				0
			],
			[
				0,
				0,
				0,
				0,
				1
			]
		],
		[
			[
				0,
				1,
				0,
				0,
				0
			],
			[
				1,
				4,
				0,
				0,
				2
			],
			[
				0,
				0,
				3,
				2,
				2
			],
			[
				0,
				0,
				2,
				5,
				2
			],
			[
				0,
				2,
				2,
				2,
				5
			]
		],
		[
			[
				0,
				0,
				1,
				0,
				0
			],
			[
				0,
				0,
				3,
				2,
				2
			],
			[
				1,
				3,
				4,
				3,
				2
			],
			[
				0,
				2,
				3,
				3,
				6
			],
			[
				0,
				2,
				2,
				6,
				6
			]
		],
		[
			[
				0,
				0,
				0,
				1,
				0
			],
			[
				0,
				0,
				2,
				5,
				2
			],
			[
				0,
				2,
				3,
				3,
				6
			],
			[
				1,
				5,
				3,
				6,
				6
			],
			[
				0,
				2,
				6,
				6,
				8
			]
		],
		[
			[
				0,
				0,
				0,
				0,
				1
			],
			[
				0,
				2,
				2,
				2,
				5
			],
			[
				0,
				2,
				2,
				6,
				6
			],
			[
				0,
				2,
				6,
				6,
				8
			],
			[
				1,
				5,
				6,
				8,
				8
			]
		]
	],
	"texnames":[
		"\\text{FR}^{5,8,0}_{85}"
	],
	"barcode":[
		2,
		1,
		1,
		8,
		7,
		1,
		2,
		2,
		9,
		9,
		1,
		3,
		9,
		8,
		3,
		2,
		0,
		3,
		2,
		5,
		8,
		3,
		1,
		9,
		3,
		6,
		7,
		6,
		2,
		2,
		2,
		5,
		4,
		0,
		6,
		8,
		3,
		5,
		1,
		7,
		7,
		0,
		8,
		8,
		6,
		5,
		1,
		6,
		0,
		9,
		4,
		4,
		7,
		7,
		1,
		5,
		8,
		9,
		9,
		4,
		5,
		0,
		0,
		0,
		0,
		8,
		9,
		7,
		7,
		1,
		9,
		4,
		4,
		5,
		7,
		6,
		6,
		7,
		2,
		3,
		1,
		0,
		7,
		8,
		8,
		8,
		0,
		1,
		7,
		1,
		0,
		6,
		4,
		2,
		5,
		8,
		4,
		7,
		8,
		0,
		3,
		0,
		9,
		4,
		5,
		3,
		7,
		8,
		8,
		4,
		5,
		5,
		8,
		8,
		5,
		0,
		8,
		6,
		8
	],
	"formal_code":[
		5,
		8,
		0,
		85
	],
	"tensor_product_decompositions":{
		"identifiers":[
			"formal_code"
		],
		"value":[]
	},
	"sub_fusion_rings":{
		"identifiers":[
			"injection",
			"formal_code"
		],
		"value":[]
	},
	"numeric_characters":[
		[
			[
				1.0,
				0
			],
			[
				8.829622832486224,
				0
			],
			[
				1.324769133059193e1,
				0
			],
			[
				1.7792647912265686e1,
				0
			],
			[
				2.0821874017008575e1,
				0
			]
		],
		[
			[
				1.0,
				0
			],
			[
				1.3259022374255633,
				0
			],
			[
				3.538111322860682,
				0
			],
			[
				-0.6887760214241048,
				0
			],
			[
				-2.272796103246069,
				0
			]
		],
		[
			[
				1.0,
				0
			],
			[
				2.2257887949244166,
				0
			],
			[
				-2.068696055768191,
				0
			],
			[
				3.275313543178989,
				0
			],
			[
				-2.47450971004329,
				0
			]
		],
		[
			[
				1.0,
				0
			],
			[
				4.922719937231549,
				0
			],
			[
				-1.6417237053783227,
				0
			],
			[
				-3.349433365623671,
				0
			],
			[
				1.771145915745394,
				0
			]
		],
		[
			[
				1.0,
				0
			],
			[
				-0.30403380206775216,
				0
			],
			[
				-7.538289230609883e-2,
				0
			],
			[
				-2.9752068396898985e-2,
				0
			],
			[
				0.1542858805353908,
				0
			]
		]
	],
	"numeric_frobenius_perron_dimensions":[
		1.0,
		8.829622832486224,
		1.324769133059193e1,
		1.7792647912265686e1,
		2.0821874017008575e1
	],
	"numeric_frobenius_perron_dimension":1.004592322264632e3,
	"info":"Fusion ring. mult_tab provides structure constants. barcode and formal_code provide unique identifiers see (DOI: 10.1063\/5.0148848). sub_fusion_rings provides tuples where the first element corresponds to the elements of the ring that form the subring isomorphic to the ring identified by the second element of the tuple. software provides doi of original software used to represent fusion ring.",
	"comments":[
		""
	]
}