{
	"references":[
		""
	],
	"software":[
		"https:\/\/doi.org\/10.5281\/zenodo.15920400"
	],
	"mult_tab":[
		[
			[
				1,
				0,
				0,
				0,
				0
			],
			[
				0,
				1,
				0,
				0,
				0
			],
			[
				0,
				0,
				1,
				0,
				0
			],
			[
				0,
				0,
				0,
				1,
				0
			],
			[
				0,
				0,
				0,
				0,
				1
			]
		],
		[
			[
				0,
				1,
				0,
				0,
				0
			],
			[
				1,
				2,
				2,
				3,
				1
			],
			[
				0,
				2,
				4,
				3,
				4
			],
			[
				0,
				3,
				3,
				5,
				3
			],
			[
				0,
				1,
				4,
				3,
				7
			]
		],
		[
			[
				0,
				0,
				1,
				0,
				0
			],
			[
				0,
				2,
				4,
				3,
				4
			],
			[
				1,
				4,
				7,
				5,
				7
			],
			[
				0,
				3,
				5,
				7,
				8
			],
			[
				0,
				4,
				7,
				8,
				9
			]
		],
		[
			[
				0,
				0,
				0,
				1,
				0
			],
			[
				0,
				3,
				3,
				5,
				3
			],
			[
				0,
				3,
				5,
				7,
				8
			],
			[
				1,
				5,
				7,
				7,
				6
			],
			[
				0,
				3,
				8,
				6,
				11
			]
		],
		[
			[
				0,
				0,
				0,
				0,
				1
			],
			[
				0,
				1,
				4,
				3,
				7
			],
			[
				0,
				4,
				7,
				8,
				9
			],
			[
				0,
				3,
				8,
				6,
				11
			],
			[
				1,
				7,
				9,
				11,
				9
			]
		]
	],
	"texnames":[
		"\\text{FR}^{5,11,0}_{535}"
	],
	"barcode":[
		6,
		5,
		8,
		3,
		7,
		7,
		0,
		0,
		7,
		1,
		1,
		6,
		2,
		1,
		8,
		2,
		3,
		4,
		2,
		2,
		0,
		4,
		1,
		2,
		6,
		8,
		4,
		4,
		3,
		7,
		1,
		5,
		4,
		2,
		0,
		9,
		3,
		3,
		7,
		7,
		4,
		5,
		4,
		5,
		0,
		4,
		4,
		8,
		1,
		7,
		3,
		8,
		9,
		0,
		3,
		2,
		2,
		1,
		1,
		7,
		6,
		7,
		3,
		6,
		4,
		0,
		9,
		2,
		4,
		1,
		2,
		3,
		1,
		6,
		9,
		0,
		9,
		8,
		4,
		5,
		2,
		6,
		6,
		1,
		8,
		4,
		4,
		8,
		0,
		5,
		3,
		4,
		8,
		5,
		2,
		6,
		3,
		2,
		5,
		0,
		5,
		3,
		3,
		1,
		9,
		0,
		0,
		3,
		5,
		5,
		0,
		8,
		4,
		2,
		8,
		9,
		2,
		8,
		8,
		3,
		9,
		7,
		7,
		4,
		4,
		1,
		7,
		2,
		5,
		0,
		7,
		7,
		5,
		8
	],
	"formal_code":[
		5,
		11,
		0,
		535
	],
	"tensor_product_decompositions":{
		"identifiers":[
			"formal_code"
		],
		"value":[]
	},
	"sub_fusion_rings":{
		"identifiers":[
			"injection",
			"formal_code"
		],
		"value":[]
	},
	"numeric_characters":[
		[
			[
				1.0,
				0
			],
			[
				1.3182839952821265e1,
				0
			],
			[
				2.314062577960479e1,
				0
			],
			[
				2.382559644342175e1,
				0
			],
			[
				2.8663548426583194e1,
				0
			]
		],
		[
			[
				1.0,
				0
			],
			[
				3.9841217711311128,
				0
			],
			[
				-0.2684768170679629,
				0
			],
			[
				4.1924140135792545,
				0
			],
			[
				-5.135305661663149,
				0
			]
		],
		[
			[
				1.0,
				0
			],
			[
				1.0450359522376118,
				0
			],
			[
				2.6140932501610146,
				0
			],
			[
				-2.1211121752347744,
				0
			],
			[
				-0.8628217376237572,
				0
			]
		],
		[
			[
				1.0,
				0
			],
			[
				0.6766035009873694,
				0
			],
			[
				-0.736912287793731,
				0
			],
			[
				-0.3091339145237757,
				0
			],
			[
				0.5058116147324155,
				0
			]
		],
		[
			[
				1.0,
				0
			],
			[
				-0.8886011771773586,
				0
			],
			[
				0.2506700750958913,
				0
			],
			[
				0.4122356327575425,
				0
			],
			[
				-0.1712326420287053,
				0
			]
		]
	],
	"numeric_frobenius_perron_dimensions":[
		1.0,
		1.3182839952821265e1,
		2.3140625779604786e1,
		2.382559644342175e1,
		2.8663548426583194e1
	],
	"numeric_frobenius_perron_dimension":2.0995338849812815e3,
	"info":"Fusion ring. mult_tab provides structure constants. barcode and formal_code provide unique identifiers see (DOI: 10.1063\/5.0148848). sub_fusion_rings provides tuples where the first element corresponds to the elements of the ring that form the subring isomorphic to the ring identified by the second element of the tuple. software provides doi of original software used to represent fusion ring.",
	"comments":[
		""
	]
}