{
	"references":[
		""
	],
	"software":[
		"https:\/\/doi.org\/10.5281\/zenodo.15920400"
	],
	"mult_tab":[
		[
			[
				1,
				0,
				0,
				0,
				0
			],
			[
				0,
				1,
				0,
				0,
				0
			],
			[
				0,
				0,
				1,
				0,
				0
			],
			[
				0,
				0,
				0,
				1,
				0
			],
			[
				0,
				0,
				0,
				0,
				1
			]
		],
		[
			[
				0,
				1,
				0,
				0,
				0
			],
			[
				1,
				4,
				2,
				1,
				0
			],
			[
				0,
				2,
				5,
				2,
				0
			],
			[
				0,
				1,
				2,
				2,
				3
			],
			[
				0,
				0,
				0,
				3,
				7
			]
		],
		[
			[
				0,
				0,
				1,
				0,
				0
			],
			[
				0,
				2,
				5,
				2,
				0
			],
			[
				1,
				5,
				5,
				2,
				1
			],
			[
				0,
				2,
				2,
				4,
				4
			],
			[
				0,
				0,
				1,
				4,
				10
			]
		],
		[
			[
				0,
				0,
				0,
				1,
				0
			],
			[
				0,
				1,
				2,
				2,
				3
			],
			[
				0,
				2,
				2,
				4,
				4
			],
			[
				1,
				2,
				4,
				1,
				7
			],
			[
				0,
				3,
				4,
				7,
				9
			]
		],
		[
			[
				0,
				0,
				0,
				0,
				1
			],
			[
				0,
				0,
				0,
				3,
				7
			],
			[
				0,
				0,
				1,
				4,
				10
			],
			[
				0,
				3,
				4,
				7,
				9
			],
			[
				1,
				7,
				10,
				9,
				13
			]
		]
	],
	"texnames":[
		"\\text{FR}^{5,13,0}_{542}"
	],
	"barcode":[
		1,
		3,
		1,
		7,
		8,
		8,
		1,
		8,
		6,
		4,
		8,
		7,
		2,
		1,
		4,
		1,
		5,
		3,
		0,
		1,
		5,
		0,
		1,
		5,
		4,
		3,
		3,
		8,
		4,
		9,
		5,
		2,
		4,
		7,
		8,
		9,
		3,
		0,
		7,
		7,
		8,
		1,
		7,
		5,
		4,
		9,
		0,
		3,
		1,
		0,
		0,
		2,
		3,
		7,
		0,
		9,
		2,
		7,
		2,
		5,
		1,
		4,
		0,
		2,
		2,
		5,
		6,
		7,
		1,
		4,
		1,
		6,
		6,
		1,
		7,
		6,
		4,
		2,
		3,
		3,
		5,
		9,
		9,
		8,
		6,
		6,
		8,
		1,
		4,
		8,
		6,
		3,
		0,
		8,
		5,
		2,
		6,
		2,
		4,
		9,
		2,
		8,
		7,
		1,
		6,
		5,
		7,
		0,
		2,
		3,
		2,
		1,
		6,
		7,
		5,
		5,
		9,
		3,
		8,
		3,
		1,
		6,
		1,
		4,
		5,
		0,
		7,
		0,
		7,
		9,
		5,
		5,
		6,
		8,
		3,
		5,
		0,
		5,
		6,
		3,
		3,
		9,
		7
	],
	"formal_code":[
		5,
		13,
		0,
		542
	],
	"tensor_product_decompositions":{
		"identifiers":[
			"formal_code"
		],
		"value":[]
	},
	"sub_fusion_rings":{
		"identifiers":[
			"injection",
			"formal_code"
		],
		"value":[]
	},
	"numeric_characters":[
		[
			[
				1.0,
				0
			],
			[
				8.889425939738416,
				0
			],
			[
				1.3018340272443616e1,
				0
			],
			[
				1.642750923425333e1,
				0
			],
			[
				2.608333391971053e1,
				0
			]
		],
		[
			[
				1.0,
				0
			],
			[
				6.740243500237962,
				0
			],
			[
				8.435235174529643,
				0
			],
			[
				0.599438092488958,
				0
			],
			[
				-6.923077109193807,
				0
			]
		],
		[
			[
				1.0,
				0
			],
			[
				-6.1436312492862015e-2,
				0
			],
			[
				1.529845234184323,
				0
			],
			[
				-3.8101707979044774,
				0
			],
			[
				1.618723427908136,
				0
			]
		],
		[
			[
				1.0,
				0
			],
			[
				2.7302652470606996,
				0
			],
			[
				-2.007145927278466,
				0
			],
			[
				-0.4524208143784436,
				0
			],
			[
				0.31787980323625176,
				0
			]
		],
		[
			[
				1.0,
				0
			],
			[
				-0.2984983745442157,
				0
			],
			[
				2.3725246120883055e-2,
				0
			],
			[
				0.23564428554063552,
				0
			],
			[
				-9.68600416611114e-2,
				0
			]
		]
	],
	"numeric_frobenius_perron_dimensions":[
		1.0,
		8.889425939738416,
		1.3018340272443615e1,
		1.642750923425333e1,
		2.608333391971053e1
	],
	"numeric_frobenius_perron_dimension":1.199702444995822e3,
	"info":"Fusion ring. mult_tab provides structure constants. barcode and formal_code provide unique identifiers see (DOI: 10.1063\/5.0148848). sub_fusion_rings provides tuples where the first element corresponds to the elements of the ring that form the subring isomorphic to the ring identified by the second element of the tuple. software provides doi of original software used to represent fusion ring.",
	"comments":[
		""
	]
}