{
	"references":[
		""
	],
	"software":[
		"https:\/\/doi.org\/10.5281\/zenodo.15920400"
	],
	"mult_tab":[
		[
			[
				1,
				0,
				0,
				0,
				0
			],
			[
				0,
				1,
				0,
				0,
				0
			],
			[
				0,
				0,
				1,
				0,
				0
			],
			[
				0,
				0,
				0,
				1,
				0
			],
			[
				0,
				0,
				0,
				0,
				1
			]
		],
		[
			[
				0,
				1,
				0,
				0,
				0
			],
			[
				1,
				1,
				4,
				2,
				1
			],
			[
				0,
				4,
				2,
				1,
				3
			],
			[
				0,
				2,
				1,
				5,
				3
			],
			[
				0,
				1,
				3,
				3,
				6
			]
		],
		[
			[
				0,
				0,
				1,
				0,
				0
			],
			[
				0,
				4,
				2,
				1,
				3
			],
			[
				1,
				2,
				5,
				2,
				3
			],
			[
				0,
				1,
				2,
				5,
				5
			],
			[
				0,
				3,
				3,
				5,
				6
			]
		],
		[
			[
				0,
				0,
				0,
				1,
				0
			],
			[
				0,
				2,
				1,
				5,
				3
			],
			[
				0,
				1,
				2,
				5,
				5
			],
			[
				1,
				5,
				5,
				5,
				3
			],
			[
				0,
				3,
				5,
				3,
				9
			]
		],
		[
			[
				0,
				0,
				0,
				0,
				1
			],
			[
				0,
				1,
				3,
				3,
				6
			],
			[
				0,
				3,
				3,
				5,
				6
			],
			[
				0,
				3,
				5,
				3,
				9
			],
			[
				1,
				6,
				6,
				9,
				6
			]
		]
	],
	"texnames":[
		"\\text{FR}^{5,9,0}_{992}"
	],
	"barcode":[
		1,
		0,
		0,
		0,
		0,
		0,
		1,
		0,
		0,
		0,
		0,
		0,
		1,
		0,
		0,
		0,
		0,
		0,
		1,
		0,
		0,
		0,
		0,
		0,
		1,
		0,
		1,
		0,
		0,
		0,
		1,
		5,
		2,
		2,
		3,
		0,
		2,
		5,
		1,
		5,
		0,
		2,
		1,
		4,
		3,
		0,
		3,
		5,
		3,
		6,
		0,
		0,
		1,
		0,
		0,
		0,
		2,
		5,
		1,
		5,
		1,
		5,
		5,
		5,
		3,
		0,
		1,
		5,
		2,
		3,
		0,
		5,
		3,
		3,
		9,
		0,
		0,
		0,
		1,
		0,
		0,
		2,
		1,
		4,
		3,
		0,
		1,
		5,
		2,
		3,
		1,
		4,
		2,
		1,
		1,
		0,
		3,
		3,
		1,
		6,
		0,
		0,
		0,
		0,
		1,
		0,
		3,
		5,
		3,
		6,
		0,
		5,
		3,
		3,
		9,
		0,
		3,
		3,
		1,
		6,
		1,
		6,
		9,
		6,
		6
	],
	"formal_code":[
		5,
		9,
		0,
		992
	],
	"tensor_product_decompositions":{
		"identifiers":[
			"formal_code"
		],
		"value":[]
	},
	"sub_fusion_rings":{
		"identifiers":[
			"injection",
			"formal_code"
		],
		"value":[]
	},
	"numeric_characters":[
		[
			[
				1.0,
				0
			],
			[
				1.0926588562121891e1,
				0
			],
			[
				1.3593561114862856e1,
				0
			],
			[
				1.632614816700134e1,
				0
			],
			[
				2.043720825031692e1,
				0
			]
		],
		[
			[
				1.0,
				0
			],
			[
				2.8114090520683472,
				0
			],
			[
				-2.5006983670605724e-2,
				0
			],
			[
				4.76876926463728,
				0
			],
			[
				-5.344898788608641,
				0
			]
		],
		[
			[
				1.0,
				0
			],
			[
				-3.098582599718612,
				0
			],
			[
				2.765554602935003,
				0
			],
			[
				0.7237626247988652,
				0
			],
			[
				-0.8099469343401798,
				0
			]
		],
		[
			[
				1.0,
				0
			],
			[
				2.8375169424893057e-2,
				0
			],
			[
				-0.27024233047062646,
				0
			],
			[
				-5.182358064725723e-2,
				0
			],
			[
				0.15704646399201866,
				0
			]
		],
		[
			[
				1.0,
				0
			],
			[
				3.3322098161034814,
				0
			],
			[
				3.9361335963433723,
				0
			],
			[
				-3.7668564757902274,
				0
			],
			[
				-1.4394089913601198,
				0
			]
		]
	],
	"numeric_frobenius_perron_dimensions":[
		1.0,
		1.0926588562121891e1,
		1.3593561114862856e1,
		1.632614816700134e1,
		2.043720825031692e1
	],
	"numeric_frobenius_perron_dimension":9.893978364271077e2,
	"info":"Fusion ring. mult_tab provides structure constants. barcode and formal_code provide unique identifiers see (DOI: 10.1063\/5.0148848). sub_fusion_rings provides tuples where the first element corresponds to the elements of the ring that form the subring isomorphic to the ring identified by the second element of the tuple. software provides doi of original software used to represent fusion ring.",
	"comments":[
		""
	]
}