{
	"references":[
		""
	],
	"software":[
		"https:\/\/doi.org\/10.5281\/zenodo.15920400"
	],
	"mult_tab":[
		[
			[
				1,
				0,
				0,
				0,
				0
			],
			[
				0,
				1,
				0,
				0,
				0
			],
			[
				0,
				0,
				1,
				0,
				0
			],
			[
				0,
				0,
				0,
				1,
				0
			],
			[
				0,
				0,
				0,
				0,
				1
			]
		],
		[
			[
				0,
				1,
				0,
				0,
				0
			],
			[
				1,
				8,
				2,
				2,
				0
			],
			[
				0,
				2,
				2,
				4,
				5
			],
			[
				0,
				2,
				4,
				5,
				4
			],
			[
				0,
				0,
				5,
				4,
				8
			]
		],
		[
			[
				0,
				0,
				1,
				0,
				0
			],
			[
				0,
				2,
				2,
				4,
				5
			],
			[
				1,
				2,
				13,
				3,
				4
			],
			[
				0,
				4,
				3,
				7,
				9
			],
			[
				0,
				5,
				4,
				9,
				11
			]
		],
		[
			[
				0,
				0,
				0,
				1,
				0
			],
			[
				0,
				2,
				4,
				5,
				4
			],
			[
				0,
				4,
				3,
				7,
				9
			],
			[
				1,
				5,
				7,
				3,
				11
			],
			[
				0,
				4,
				9,
				11,
				9
			]
		],
		[
			[
				0,
				0,
				0,
				0,
				1
			],
			[
				0,
				0,
				5,
				4,
				8
			],
			[
				0,
				5,
				4,
				9,
				11
			],
			[
				0,
				4,
				9,
				11,
				9
			],
			[
				1,
				8,
				11,
				9,
				14
			]
		]
	],
	"texnames":[
		"\\text{FR}^{5,14,0}_{38}"
	],
	"barcode":[
		6,
		8,
		4,
		4,
		0,
		9,
		7,
		0,
		7,
		8,
		0,
		3,
		0,
		6,
		8,
		2,
		0,
		8,
		2,
		8,
		2,
		7,
		0,
		4,
		7,
		6,
		6,
		1,
		8,
		9,
		7,
		5,
		4,
		7,
		1,
		1,
		6,
		4,
		8,
		4,
		5,
		5,
		0,
		3,
		9,
		0,
		2,
		5,
		3,
		7,
		8,
		3,
		1,
		3,
		5,
		9,
		8,
		2,
		3,
		6,
		1,
		7,
		3,
		7,
		9,
		2,
		1,
		5,
		6,
		2,
		5,
		3,
		4,
		5,
		6,
		6,
		6,
		9,
		5,
		2,
		9,
		9,
		6,
		1,
		5,
		2,
		1,
		8,
		4,
		7,
		3,
		0,
		8,
		8,
		4,
		2,
		8,
		9,
		9,
		9,
		1,
		1,
		2,
		3,
		6,
		0,
		9,
		8,
		1,
		4,
		7,
		1,
		5,
		6,
		5,
		8,
		7,
		2,
		0,
		4,
		7,
		5,
		5,
		3,
		2,
		9,
		4,
		9,
		5,
		2,
		2,
		8,
		1,
		2,
		0,
		7,
		2,
		2,
		8,
		0,
		0,
		1,
		4,
		3,
		0,
		3
	],
	"formal_code":[
		5,
		14,
		0,
		38
	],
	"tensor_product_decompositions":{
		"identifiers":[
			"formal_code"
		],
		"value":[]
	},
	"sub_fusion_rings":{
		"identifiers":[
			"injection",
			"formal_code"
		],
		"value":[]
	},
	"numeric_characters":[
		[
			[
				1.0,
				0
			],
			[
				1.4746589809872994e1,
				0
			],
			[
				2.327048967133545e1,
				0
			],
			[
				2.597410659949759e1,
				0
			],
			[
				3.2645956099532576e1,
				0
			]
		],
		[
			[
				1.0,
				0
			],
			[
				8.112154619631152,
				0
			],
			[
				-0.2321746473336021,
				0
			],
			[
				0.18708245521051728,
				0
			],
			[
				-3.678345280673137,
				0
			]
		],
		[
			[
				1.0,
				0
			],
			[
				-1.5472108336669577,
				0
			],
			[
				1.026520067892374e1,
				0
			],
			[
				-3.3794266623477083,
				0
			],
			[
				-3.960140548263791,
				0
			]
		],
		[
			[
				1.0,
				0
			],
			[
				1.8219130177003173,
				0
			],
			[
				-0.222466832037904,
				0
			],
			[
				-5.905501716730427,
				0
			],
			[
				4.003559855660095,
				0
			]
		],
		[
			[
				1.0,
				0
			],
			[
				-0.1334466135375068,
				0
			],
			[
				-8.104887088768624e-2,
				0
			],
			[
				0.12373932437002784,
				0
			],
			[
				-1.1030126255744982e-2,
				0
			]
		]
	],
	"numeric_frobenius_perron_dimensions":[
		1.0,
		1.4746589809872996e1,
		2.327048967133545e1,
		2.597410659949759e1,
		3.2645956099532576e1
	],
	"numeric_frobenius_perron_dimension":2.5003902638590525e3,
	"info":"Fusion ring. mult_tab provides structure constants. barcode and formal_code provide unique identifiers see (DOI: 10.1063\/5.0148848). sub_fusion_rings provides tuples where the first element corresponds to the elements of the ring that form the subring isomorphic to the ring identified by the second element of the tuple. software provides doi of original software used to represent fusion ring.",
	"comments":[
		""
	]
}