{
	"references":[
		""
	],
	"software":[
		"https:\/\/doi.org\/10.5281\/zenodo.15920400"
	],
	"mult_tab":[
		[
			[
				1,
				0,
				0,
				0,
				0
			],
			[
				0,
				1,
				0,
				0,
				0
			],
			[
				0,
				0,
				1,
				0,
				0
			],
			[
				0,
				0,
				0,
				1,
				0
			],
			[
				0,
				0,
				0,
				0,
				1
			]
		],
		[
			[
				0,
				1,
				0,
				0,
				0
			],
			[
				1,
				0,
				0,
				1,
				1
			],
			[
				0,
				0,
				4,
				1,
				2
			],
			[
				0,
				1,
				1,
				4,
				2
			],
			[
				0,
				1,
				2,
				2,
				4
			]
		],
		[
			[
				0,
				0,
				1,
				0,
				0
			],
			[
				0,
				0,
				4,
				1,
				2
			],
			[
				1,
				4,
				0,
				11,
				9
			],
			[
				0,
				1,
				11,
				2,
				10
			],
			[
				0,
				2,
				9,
				10,
				8
			]
		],
		[
			[
				0,
				0,
				0,
				1,
				0
			],
			[
				0,
				1,
				1,
				4,
				2
			],
			[
				0,
				1,
				11,
				2,
				10
			],
			[
				1,
				4,
				2,
				10,
				11
			],
			[
				0,
				2,
				10,
				11,
				8
			]
		],
		[
			[
				0,
				0,
				0,
				0,
				1
			],
			[
				0,
				1,
				2,
				2,
				4
			],
			[
				0,
				2,
				9,
				10,
				8
			],
			[
				0,
				2,
				10,
				11,
				8
			],
			[
				1,
				4,
				8,
				8,
				16
			]
		]
	],
	"texnames":[
		"\\text{FR}^{5,16,0}_{1610}"
	],
	"barcode":[
		3,
		7,
		6,
		4,
		1,
		4,
		4,
		3,
		4,
		3,
		0,
		6,
		5,
		8,
		9,
		6,
		9,
		9,
		4,
		3,
		9,
		0,
		0,
		0,
		5,
		8,
		2,
		8,
		2,
		6,
		5,
		5,
		9,
		0,
		2,
		3,
		0,
		6,
		0,
		7,
		7,
		6,
		2,
		0,
		8,
		7,
		5,
		3,
		7,
		4,
		9,
		7,
		4,
		7,
		4,
		1,
		5,
		8,
		6,
		7,
		7,
		1,
		1,
		9,
		5,
		2,
		5,
		8,
		6,
		4,
		7,
		1,
		3,
		3,
		7,
		5,
		9,
		2,
		3,
		5,
		0,
		5,
		4,
		7,
		6,
		4,
		7,
		5,
		5,
		6,
		5,
		2,
		3,
		3,
		0,
		9,
		3,
		2,
		1,
		1,
		0,
		7,
		7,
		3,
		1,
		1,
		6,
		8,
		4,
		7,
		6,
		2,
		4,
		9,
		2,
		4,
		4,
		5,
		5,
		9,
		6,
		1,
		8,
		3,
		9,
		1,
		4,
		1,
		1,
		4,
		5,
		6,
		0,
		6,
		5,
		0,
		5,
		5,
		4,
		1,
		2,
		4,
		6,
		7,
		8,
		2,
		2,
		4,
		7,
		2,
		6,
		2,
		2
	],
	"formal_code":[
		5,
		16,
		0,
		1610
	],
	"tensor_product_decompositions":{
		"identifiers":[
			"formal_code"
		],
		"value":[]
	},
	"sub_fusion_rings":{
		"identifiers":[
			"injection",
			"formal_code"
		],
		"value":[]
	},
	"numeric_characters":[
		[
			[
				1.0,
				0
			],
			[
				7.564282449266637,
				0
			],
			[
				2.4270947670401842e1,
				0
			],
			[
				2.592822513588429e1,
				0
			],
			[
				3.0290143836398983e1,
				0
			]
		],
		[
			[
				1.0,
				0
			],
			[
				1.6843251468252083,
				0
			],
			[
				-3.765444798327537,
				0
			],
			[
				-5.045643430049383,
				0
			],
			[
				6.882594630277143,
				0
			]
		],
		[
			[
				1.0,
				0
			],
			[
				0.76281210233318,
				0
			],
			[
				0.2213789118073374,
				0
			],
			[
				-0.11959025896670547,
				0
			],
			[
				-0.29852743756732875,
				0
			]
		],
		[
			[
				1.0,
				0
			],
			[
				3.160574032936476,
				0
			],
			[
				-1.0615132030330653e1,
				0
			],
			[
				9.067838965277392,
				0
			],
			[
				-7.861074760504982e-2,
				0
			]
		],
		[
			[
				1.0,
				0
			],
			[
				-1.1719937313615019,
				0
			],
			[
				-0.11174975355098912,
				0
			],
			[
				0.16916958785440406,
				0
			],
			[
				0.20439971849625221,
				0
			]
		]
	],
	"numeric_frobenius_perron_dimensions":[
		1.0,
		7.564282449266638,
		2.4270947670401842e1,
		2.592822513588429e1,
		3.0290143836398986e1
	],
	"numeric_frobenius_perron_dimension":2.2370629421185095e3,
	"info":"Fusion ring. mult_tab provides structure constants. barcode and formal_code provide unique identifiers see (DOI: 10.1063\/5.0148848). sub_fusion_rings provides tuples where the first element corresponds to the elements of the ring that form the subring isomorphic to the ring identified by the second element of the tuple. software provides doi of original software used to represent fusion ring.",
	"comments":[
		""
	]
}