{
	"references":[
		""
	],
	"software":[
		"https:\/\/doi.org\/10.5281\/zenodo.15920400"
	],
	"mult_tab":[
		[
			[
				1,
				0,
				0,
				0,
				0
			],
			[
				0,
				1,
				0,
				0,
				0
			],
			[
				0,
				0,
				1,
				0,
				0
			],
			[
				0,
				0,
				0,
				1,
				0
			],
			[
				0,
				0,
				0,
				0,
				1
			]
		],
		[
			[
				0,
				1,
				0,
				0,
				0
			],
			[
				1,
				1,
				2,
				3,
				2
			],
			[
				0,
				2,
				3,
				2,
				5
			],
			[
				0,
				3,
				2,
				6,
				3
			],
			[
				0,
				2,
				5,
				3,
				5
			]
		],
		[
			[
				0,
				0,
				1,
				0,
				0
			],
			[
				0,
				2,
				3,
				2,
				5
			],
			[
				1,
				3,
				3,
				8,
				4
			],
			[
				0,
				2,
				8,
				1,
				9
			],
			[
				0,
				5,
				4,
				9,
				5
			]
		],
		[
			[
				0,
				0,
				0,
				1,
				0
			],
			[
				0,
				3,
				2,
				6,
				3
			],
			[
				0,
				2,
				8,
				1,
				9
			],
			[
				1,
				6,
				1,
				15,
				2
			],
			[
				0,
				3,
				9,
				2,
				11
			]
		],
		[
			[
				0,
				0,
				0,
				0,
				1
			],
			[
				0,
				2,
				5,
				3,
				5
			],
			[
				0,
				5,
				4,
				9,
				5
			],
			[
				0,
				3,
				9,
				2,
				11
			],
			[
				1,
				5,
				5,
				11,
				7
			]
		]
	],
	"texnames":[
		"\\text{FR}^{5,15,0}_{431}"
	],
	"barcode":[
		2,
		0,
		4,
		5,
		8,
		6,
		9,
		2,
		5,
		1,
		8,
		7,
		8,
		3,
		9,
		8,
		6,
		8,
		3,
		8,
		6,
		4,
		3,
		6,
		6,
		2,
		8,
		4,
		5,
		9,
		5,
		4,
		2,
		6,
		5,
		0,
		0,
		4,
		0,
		3,
		9,
		6,
		8,
		2,
		6,
		2,
		1,
		6,
		6,
		7,
		8,
		2,
		2,
		1,
		9,
		0,
		3,
		8,
		3,
		6,
		4,
		5,
		8,
		3,
		7,
		1,
		4,
		5,
		3,
		6,
		3,
		5,
		7,
		8,
		6,
		4,
		8,
		7,
		6,
		1,
		3,
		8,
		2,
		0,
		6,
		7,
		7,
		9,
		6,
		4,
		1,
		3,
		9,
		2,
		4,
		3,
		2,
		0,
		7,
		0,
		4,
		2,
		6,
		7,
		4,
		8,
		1,
		9,
		0,
		9,
		7,
		0,
		5,
		8,
		0,
		5,
		4,
		6,
		9,
		4,
		5,
		5,
		8,
		7,
		8,
		8,
		6,
		5,
		6,
		7,
		7,
		7,
		1,
		5,
		5,
		8,
		0,
		5,
		4,
		2,
		7,
		7,
		2,
		5,
		8,
		6,
		1,
		9,
		3,
		9
	],
	"formal_code":[
		5,
		15,
		0,
		431
	],
	"tensor_product_decompositions":{
		"identifiers":[
			"formal_code"
		],
		"value":[]
	},
	"sub_fusion_rings":{
		"identifiers":[
			"injection",
			"formal_code"
		],
		"value":[]
	},
	"numeric_characters":[
		[
			[
				1.0,
				0
			],
			[
				1.2831636055954501e1,
				0
			],
			[
				1.9114604036775017e1,
				0
			],
			[
				2.1674643859286537e1,
				0
			],
			[
				2.378305408255373e1,
				0
			]
		],
		[
			[
				1.0,
				0
			],
			[
				3.8476946792407984,
				0
			],
			[
				-8.400690962376554,
				0
			],
			[
				1.4856857157210932e1,
				0
			],
			[
				-8.906064940731266,
				0
			]
		],
		[
			[
				1.0,
				0
			],
			[
				-0.894585523737375,
				0
			],
			[
				-1.1234195746127447,
				0
			],
			[
				0.21633548559338175,
				0
			],
			[
				1.1463507377315965,
				0
			]
		],
		[
			[
				1.0,
				0
			],
			[
				0.71129536973669,
				0
			],
			[
				7.037243220164588e-2,
				0
			],
			[
				-0.3239264321693891,
				0
			],
			[
				-0.18715991731147993,
				0
			]
		],
		[
			[
				1.0,
				0
			],
			[
				-1.4960405811946154,
				0
			],
			[
				1.339134068012637,
				0
			],
			[
				0.5760899300785407,
				0
			],
			[
				-0.8361799622425793,
				0
			]
		]
	],
	"numeric_frobenius_perron_dimensions":[
		1.0,
		1.2831636055954501e1,
		1.9114604036775017e1,
		2.1674643859286537e1,
		2.3783054082553733e1
	],
	"numeric_frobenius_perron_dimension":1.5664428192757507e3,
	"info":"Fusion ring. mult_tab provides structure constants. barcode and formal_code provide unique identifiers see (DOI: 10.1063\/5.0148848). sub_fusion_rings provides tuples where the first element corresponds to the elements of the ring that form the subring isomorphic to the ring identified by the second element of the tuple. software provides doi of original software used to represent fusion ring.",
	"comments":[
		""
	]
}