{
	"references":[
		""
	],
	"software":[
		"https:\/\/doi.org\/10.5281\/zenodo.15920400"
	],
	"mult_tab":[
		[
			[
				1,
				0,
				0,
				0,
				0
			],
			[
				0,
				1,
				0,
				0,
				0
			],
			[
				0,
				0,
				1,
				0,
				0
			],
			[
				0,
				0,
				0,
				1,
				0
			],
			[
				0,
				0,
				0,
				0,
				1
			]
		],
		[
			[
				0,
				1,
				0,
				0,
				0
			],
			[
				1,
				1,
				1,
				0,
				0
			],
			[
				0,
				1,
				1,
				1,
				1
			],
			[
				0,
				0,
				1,
				1,
				2
			],
			[
				0,
				0,
				1,
				2,
				2
			]
		],
		[
			[
				0,
				0,
				1,
				0,
				0
			],
			[
				0,
				1,
				1,
				1,
				1
			],
			[
				1,
				1,
				2,
				3,
				4
			],
			[
				0,
				1,
				3,
				4,
				5
			],
			[
				0,
				1,
				4,
				5,
				6
			]
		],
		[
			[
				0,
				0,
				0,
				1,
				0
			],
			[
				0,
				0,
				1,
				1,
				2
			],
			[
				0,
				1,
				3,
				4,
				5
			],
			[
				1,
				1,
				4,
				7,
				5
			],
			[
				0,
				2,
				5,
				5,
				9
			]
		],
		[
			[
				0,
				0,
				0,
				0,
				1
			],
			[
				0,
				0,
				1,
				2,
				2
			],
			[
				0,
				1,
				4,
				5,
				6
			],
			[
				0,
				2,
				5,
				5,
				9
			],
			[
				1,
				2,
				6,
				9,
				9
			]
		]
	],
	"texnames":[
		"\\text{FR}^{5,9,0}_{1364}"
	],
	"barcode":[
		1,
		0,
		0,
		0,
		0,
		0,
		1,
		0,
		0,
		0,
		0,
		0,
		1,
		0,
		0,
		0,
		0,
		0,
		1,
		0,
		0,
		0,
		0,
		0,
		1,
		0,
		1,
		0,
		0,
		0,
		1,
		7,
		5,
		4,
		1,
		0,
		5,
		9,
		5,
		2,
		0,
		4,
		5,
		3,
		1,
		0,
		1,
		2,
		1,
		0,
		0,
		0,
		1,
		0,
		0,
		0,
		5,
		9,
		5,
		2,
		1,
		9,
		9,
		6,
		2,
		0,
		5,
		6,
		4,
		1,
		0,
		2,
		2,
		1,
		0,
		0,
		0,
		0,
		1,
		0,
		0,
		4,
		5,
		3,
		1,
		0,
		5,
		6,
		4,
		1,
		1,
		3,
		4,
		2,
		1,
		0,
		1,
		1,
		1,
		1,
		0,
		0,
		0,
		0,
		1,
		0,
		1,
		2,
		1,
		0,
		0,
		2,
		2,
		1,
		0,
		0,
		1,
		1,
		1,
		1,
		1,
		0,
		0,
		1,
		1
	],
	"formal_code":[
		5,
		9,
		0,
		1364
	],
	"tensor_product_decompositions":{
		"identifiers":[
			"formal_code"
		],
		"value":[]
	},
	"sub_fusion_rings":{
		"identifiers":[
			"injection",
			"formal_code"
		],
		"value":[]
	},
	"numeric_characters":[
		[
			[
				1.0,
				0
			],
			[
				4.240554338354978,
				0
			],
			[
				1.2741746758186252e1,
				0
			],
			[
				1.6571010993401483e1,
				0
			],
			[
				2.047875740370448e1,
				0
			]
		],
		[
			[
				1.0,
				0
			],
			[
				-0.5664358228642306,
				0
			],
			[
				-0.11271463571189155,
				0
			],
			[
				3.167414580626039,
				0
			],
			[
				-2.42441851462161,
				0
			]
		],
		[
			[
				1.0,
				0
			],
			[
				0.24057210481640254,
				0
			],
			[
				-1.1826971672006084,
				0
			],
			[
				0.10680964315227699,
				0
			],
			[
				0.5507914723580818,
				0
			]
		],
		[
			[
				1.0,
				0
			],
			[
				1.9656842397143217,
				0
			],
			[
				0.898230290546949,
				0
			],
			[
				-0.43778245204430455,
				0
			],
			[
				-0.6604949524548124,
				0
			]
		],
		[
			[
				1.0,
				0
			],
			[
				-0.8803748600214722,
				0
			],
			[
				0.6554347541792991,
				0
			],
			[
				-0.4074527651354937,
				0
			],
			[
				5.5364591013858384e-2,
				0
			]
		]
	],
	"numeric_frobenius_perron_dimensions":[
		1.0,
		4.240554338354978,
		1.2741746758186252e1,
		1.6571010993401483e1,
		2.047875740370448e1
	],
	"numeric_frobenius_perron_dimension":8.75312321689505e2,
	"info":"Fusion ring. mult_tab provides structure constants. barcode and formal_code provide unique identifiers see (DOI: 10.1063\/5.0148848). sub_fusion_rings provides tuples where the first element corresponds to the elements of the ring that form the subring isomorphic to the ring identified by the second element of the tuple. software provides doi of original software used to represent fusion ring.",
	"comments":[
		""
	]
}