{
	"references":[
		""
	],
	"software":[
		"https:\/\/doi.org\/10.5281\/zenodo.15920400"
	],
	"mult_tab":[
		[
			[
				1,
				0,
				0,
				0,
				0
			],
			[
				0,
				1,
				0,
				0,
				0
			],
			[
				0,
				0,
				1,
				0,
				0
			],
			[
				0,
				0,
				0,
				1,
				0
			],
			[
				0,
				0,
				0,
				0,
				1
			]
		],
		[
			[
				0,
				1,
				0,
				0,
				0
			],
			[
				1,
				2,
				2,
				3,
				2
			],
			[
				0,
				2,
				3,
				4,
				5
			],
			[
				0,
				3,
				4,
				6,
				6
			],
			[
				0,
				2,
				5,
				6,
				7
			]
		],
		[
			[
				0,
				0,
				1,
				0,
				0
			],
			[
				0,
				2,
				3,
				4,
				5
			],
			[
				1,
				3,
				5,
				7,
				8
			],
			[
				0,
				4,
				7,
				10,
				10
			],
			[
				0,
				5,
				8,
				10,
				11
			]
		],
		[
			[
				0,
				0,
				0,
				1,
				0
			],
			[
				0,
				3,
				4,
				6,
				6
			],
			[
				0,
				4,
				7,
				10,
				10
			],
			[
				1,
				6,
				10,
				12,
				14
			],
			[
				0,
				6,
				10,
				14,
				15
			]
		],
		[
			[
				0,
				0,
				0,
				0,
				1
			],
			[
				0,
				2,
				5,
				6,
				7
			],
			[
				0,
				5,
				8,
				10,
				11
			],
			[
				0,
				6,
				10,
				14,
				15
			],
			[
				1,
				7,
				11,
				15,
				16
			]
		]
	],
	"texnames":[
		"\\text{FR}^{5,16,0}_{212}"
	],
	"barcode":[
		3,
		7,
		6,
		4,
		1,
		4,
		4,
		3,
		4,
		3,
		0,
		6,
		5,
		8,
		9,
		6,
		9,
		9,
		4,
		3,
		9,
		0,
		0,
		0,
		5,
		8,
		2,
		8,
		2,
		6,
		5,
		5,
		9,
		0,
		2,
		3,
		0,
		6,
		1,
		9,
		5,
		3,
		8,
		8,
		1,
		5,
		6,
		1,
		1,
		8,
		3,
		4,
		4,
		2,
		1,
		5,
		1,
		1,
		3,
		8,
		9,
		3,
		0,
		1,
		1,
		3,
		4,
		3,
		7,
		0,
		1,
		6,
		3,
		6,
		3,
		7,
		8,
		4,
		1,
		6,
		3,
		8,
		2,
		2,
		0,
		2,
		1,
		4,
		6,
		2,
		6,
		4,
		0,
		1,
		9,
		1,
		0,
		5,
		3,
		6,
		4,
		2,
		8,
		8,
		5,
		9,
		0,
		9,
		0,
		0,
		8,
		3,
		2,
		8,
		1,
		3,
		0,
		4,
		5,
		7,
		9,
		2,
		2,
		4,
		2,
		0,
		5,
		1,
		0,
		2,
		1,
		9,
		9,
		3,
		0,
		1,
		7,
		6,
		9,
		1,
		5,
		7,
		1,
		0,
		4,
		0,
		1,
		5,
		5,
		7,
		3,
		9,
		0
	],
	"formal_code":[
		5,
		16,
		0,
		212
	],
	"tensor_product_decompositions":{
		"identifiers":[
			"formal_code"
		],
		"value":[]
	},
	"sub_fusion_rings":{
		"identifiers":[
			"injection",
			"formal_code"
		],
		"value":[]
	},
	"numeric_characters":[
		[
			[
				1.0,
				0
			],
			[
				1.682599137447508e1,
				0
			],
			[
				2.7841208038937125e1,
				0
			],
			[
				3.733389937581506e1,
				0
			],
			[
				4.038894438982011e1,
				0
			]
		],
		[
			[
				1.0,
				0
			],
			[
				1.92084171577027,
				0
			],
			[
				-0.271732569781589,
				0
			],
			[
				0.5791364258372819,
				0
			],
			[
				-1.1729973362229664,
				0
			]
		],
		[
			[
				1.0,
				0
			],
			[
				-0.2755351488220223,
				0
			],
			[
				-1.2024389117591623,
				0
			],
			[
				0.1685623231641072,
				0
			],
			[
				0.7630903849532108,
				0
			]
		],
		[
			[
				1.0,
				0
			],
			[
				-0.9460716885408462,
				0
			],
			[
				0.7323621510752458,
				0
			],
			[
				0.5154248457170089,
				0
			],
			[
				-0.6119019111806488,
				0
			]
		],
		[
			[
				1.0,
				0
			],
			[
				0.47477374711751785,
				0
			],
			[
				0.9006012915283805,
				0
			],
			[
				-1.5970229705334567,
				0
			],
			[
				0.6328644726302909,
				0
			]
		]
	],
	"numeric_frobenius_perron_dimensions":[
		1.0,
		1.682599137447508e1,
		2.7841208038937125e1,
		3.733389937581506e1,
		4.038894438982011e1
	],
	"numeric_frobenius_perron_dimension":4.0843337223287526e3,
	"info":"Fusion ring. mult_tab provides structure constants. barcode and formal_code provide unique identifiers see (DOI: 10.1063\/5.0148848). sub_fusion_rings provides tuples where the first element corresponds to the elements of the ring that form the subring isomorphic to the ring identified by the second element of the tuple. software provides doi of original software used to represent fusion ring.",
	"comments":[
		""
	]
}