{
	"references":[
		""
	],
	"software":[
		"https:\/\/doi.org\/10.5281\/zenodo.15920400"
	],
	"mult_tab":[
		[
			[
				1,
				0,
				0,
				0,
				0
			],
			[
				0,
				1,
				0,
				0,
				0
			],
			[
				0,
				0,
				1,
				0,
				0
			],
			[
				0,
				0,
				0,
				1,
				0
			],
			[
				0,
				0,
				0,
				0,
				1
			]
		],
		[
			[
				0,
				1,
				0,
				0,
				0
			],
			[
				1,
				7,
				1,
				2,
				3
			],
			[
				0,
				1,
				6,
				2,
				4
			],
			[
				0,
				2,
				2,
				8,
				3
			],
			[
				0,
				3,
				4,
				3,
				11
			]
		],
		[
			[
				0,
				0,
				1,
				0,
				0
			],
			[
				0,
				1,
				6,
				2,
				4
			],
			[
				1,
				6,
				10,
				2,
				0
			],
			[
				0,
				2,
				2,
				1,
				8
			],
			[
				0,
				4,
				0,
				8,
				11
			]
		],
		[
			[
				0,
				0,
				0,
				1,
				0
			],
			[
				0,
				2,
				2,
				8,
				3
			],
			[
				0,
				2,
				2,
				1,
				8
			],
			[
				1,
				8,
				1,
				7,
				3
			],
			[
				0,
				3,
				8,
				3,
				12
			]
		],
		[
			[
				0,
				0,
				0,
				0,
				1
			],
			[
				0,
				3,
				4,
				3,
				11
			],
			[
				0,
				4,
				0,
				8,
				11
			],
			[
				0,
				3,
				8,
				3,
				12
			],
			[
				1,
				11,
				11,
				12,
				14
			]
		]
	],
	"texnames":[
		"\\text{FR}^{5,14,0}_{412}"
	],
	"barcode":[
		6,
		8,
		4,
		4,
		0,
		9,
		7,
		0,
		7,
		8,
		0,
		3,
		0,
		6,
		8,
		2,
		0,
		8,
		2,
		8,
		2,
		7,
		0,
		4,
		7,
		6,
		6,
		1,
		8,
		9,
		7,
		5,
		4,
		7,
		1,
		0,
		1,
		8,
		7,
		9,
		6,
		5,
		4,
		7,
		1,
		6,
		6,
		6,
		1,
		2,
		7,
		3,
		4,
		3,
		5,
		4,
		5,
		8,
		8,
		0,
		6,
		6,
		2,
		4,
		9,
		1,
		0,
		5,
		6,
		5,
		0,
		1,
		6,
		6,
		6,
		4,
		5,
		6,
		4,
		6,
		9,
		0,
		4,
		4,
		7,
		8,
		1,
		2,
		1,
		4,
		0,
		6,
		4,
		0,
		3,
		8,
		9,
		3,
		9,
		4,
		1,
		6,
		6,
		7,
		8,
		0,
		4,
		2,
		4,
		1,
		4,
		0,
		4,
		5,
		1,
		4,
		5,
		6,
		3,
		0,
		3,
		4,
		5,
		2,
		1,
		7,
		1,
		8,
		9,
		4,
		7,
		5,
		8,
		8,
		0,
		4,
		1,
		8,
		3,
		1,
		9,
		5,
		9,
		3,
		7,
		9
	],
	"formal_code":[
		5,
		14,
		0,
		412
	],
	"tensor_product_decompositions":{
		"identifiers":[
			"formal_code"
		],
		"value":[]
	},
	"sub_fusion_rings":{
		"identifiers":[
			"injection",
			"formal_code"
		],
		"value":[]
	},
	"numeric_characters":[
		[
			[
				1.0,
				0
			],
			[
				1.648664104174896e1,
				0
			],
			[
				1.781579220038861e1,
				0
			],
			[
				1.96623417365239e1,
				0
			],
			[
				3.275412329126736e1,
				0
			]
		],
		[
			[
				1.0,
				0
			],
			[
				3.5782702256593946,
				0
			],
			[
				1.1554001867558448e1,
				0
			],
			[
				-2.257340436998379,
				0
			],
			[
				-6.7610649217789724,
				0
			]
		],
		[
			[
				1.0,
				0
			],
			[
				5.745774874171389,
				0
			],
			[
				-2.2150394942830687,
				0
			],
			[
				-4.208927170481926,
				0
			],
			[
				0.8087995402354801,
				0
			]
		],
		[
			[
				1.0,
				0
			],
			[
				6.351873335054426,
				0
			],
			[
				-4.1468212184357895,
				0
			],
			[
				9.776549195850315,
				0
			],
			[
				-6.841031884690128,
				0
			]
		],
		[
			[
				1.0,
				0
			],
			[
				-0.16255947663416886,
				0
			],
			[
				-7.93335522819934e-3,
				0
			],
			[
				2.7376675106091694e-2,
				0
			],
			[
				3.917397496625764e-2,
				0
			]
		]
	],
	"numeric_frobenius_perron_dimensions":[
		1.0,
		1.6486641041748957e1,
		1.781579220038861e1,
		1.96623417365239e1,
		3.275412329126736e1
	],
	"numeric_frobenius_perron_dimension":2.0496520597103017e3,
	"info":"Fusion ring. mult_tab provides structure constants. barcode and formal_code provide unique identifiers see (DOI: 10.1063\/5.0148848). sub_fusion_rings provides tuples where the first element corresponds to the elements of the ring that form the subring isomorphic to the ring identified by the second element of the tuple. software provides doi of original software used to represent fusion ring.",
	"comments":[
		""
	]
}