{
	"references":[
		""
	],
	"software":[
		"https:\/\/doi.org\/10.5281\/zenodo.15920400"
	],
	"mult_tab":[
		[
			[
				1,
				0,
				0,
				0,
				0
			],
			[
				0,
				1,
				0,
				0,
				0
			],
			[
				0,
				0,
				1,
				0,
				0
			],
			[
				0,
				0,
				0,
				1,
				0
			],
			[
				0,
				0,
				0,
				0,
				1
			]
		],
		[
			[
				0,
				1,
				0,
				0,
				0
			],
			[
				1,
				0,
				3,
				3,
				4
			],
			[
				0,
				3,
				5,
				5,
				5
			],
			[
				0,
				3,
				5,
				5,
				5
			],
			[
				0,
				4,
				5,
				5,
				5
			]
		],
		[
			[
				0,
				0,
				1,
				0,
				0
			],
			[
				0,
				3,
				5,
				5,
				5
			],
			[
				1,
				5,
				6,
				11,
				8
			],
			[
				0,
				5,
				11,
				5,
				9
			],
			[
				0,
				5,
				8,
				9,
				9
			]
		],
		[
			[
				0,
				0,
				0,
				1,
				0
			],
			[
				0,
				3,
				5,
				5,
				5
			],
			[
				0,
				5,
				11,
				5,
				9
			],
			[
				1,
				5,
				5,
				12,
				8
			],
			[
				0,
				5,
				9,
				8,
				9
			]
		],
		[
			[
				0,
				0,
				0,
				0,
				1
			],
			[
				0,
				4,
				5,
				5,
				5
			],
			[
				0,
				5,
				8,
				9,
				9
			],
			[
				0,
				5,
				9,
				8,
				9
			],
			[
				1,
				5,
				9,
				9,
				9
			]
		]
	],
	"texnames":[
		"\\text{FR}^{5,12,0}_{210}"
	],
	"barcode":[
		1,
		3,
		4,
		5,
		7,
		8,
		5,
		2,
		8,
		7,
		0,
		6,
		3,
		2,
		5,
		1,
		9,
		2,
		9,
		5,
		4,
		0,
		9,
		2,
		4,
		6,
		7,
		7,
		1,
		2,
		3,
		4,
		6,
		1,
		7,
		8,
		1,
		1,
		7,
		0,
		1,
		6,
		7,
		8,
		3,
		4,
		0,
		4,
		9,
		4,
		7,
		8,
		5,
		3,
		2,
		6,
		0,
		1,
		6,
		7,
		5,
		4,
		6,
		4,
		0,
		9,
		7,
		6,
		8,
		4,
		9,
		3,
		7,
		2,
		3,
		1,
		6,
		2,
		0,
		2,
		4,
		7,
		3,
		0,
		2,
		4,
		7,
		5,
		7,
		5,
		8,
		3,
		5,
		2,
		7,
		8,
		0,
		5,
		1,
		3,
		9,
		5,
		6,
		3,
		1,
		9,
		6,
		1,
		3,
		6,
		0,
		3,
		9,
		1,
		7,
		4,
		7,
		1,
		5,
		3,
		6,
		8,
		2,
		3,
		8,
		7,
		9,
		7,
		1,
		9,
		7,
		2,
		9,
		6,
		4,
		2,
		4,
		6,
		5
	],
	"formal_code":[
		5,
		12,
		0,
		210
	],
	"tensor_product_decompositions":{
		"identifiers":[
			"formal_code"
		],
		"value":[]
	},
	"sub_fusion_rings":{
		"identifiers":[
			"injection",
			"formal_code"
		],
		"value":[]
	},
	"numeric_characters":[
		[
			[
				1.0,
				0
			],
			[
				1.6975085931288575e1,
				0
			],
			[
				2.8315354237463126e1,
				0
			],
			[
				2.8315354237463126e1,
				0
			],
			[
				2.9315354237463126e1,
				0
			]
		],
		[
			[
				1.0,
				0
			],
			[
				0.0,
				0
			],
			[
				-5.701562118716424,
				0
			],
			[
				6.701562118716424,
				0
			],
			[
				-1.0,
				0
			]
		],
		[
			[
				1.0,
				0
			],
			[
				0.0,
				0
			],
			[
				0.7015621187164243,
				0
			],
			[
				0.29843788128357573,
				0
			],
			[
				-1.0,
				0
			]
		],
		[
			[
				1.0,
				0
			],
			[
				-2.552147613371902,
				0
			],
			[
				0.15134574404398957,
				0
			],
			[
				0.15134574404398957,
				0
			],
			[
				1.1513457440439896,
				0
			]
		],
		[
			[
				1.0,
				0
			],
			[
				0.5770616820833283,
				0
			],
			[
				-0.46669998150711595,
				0
			],
			[
				-0.46669998150711595,
				0
			],
			[
				0.533300018492884,
				0
			]
		]
	],
	"numeric_frobenius_perron_dimensions":[
		1.0,
		1.6975085931288575e1,
		2.8315354237463122e1,
		2.8315354237463122e1,
		2.9315354237463126e1
	],
	"numeric_frobenius_perron_dimension":2.75206210762862e3,
	"info":"Fusion ring. mult_tab provides structure constants. barcode and formal_code provide unique identifiers see (DOI: 10.1063\/5.0148848). sub_fusion_rings provides tuples where the first element corresponds to the elements of the ring that form the subring isomorphic to the ring identified by the second element of the tuple. software provides doi of original software used to represent fusion ring.",
	"comments":[
		""
	]
}