{
	"references":[
		""
	],
	"software":[
		"https:\/\/doi.org\/10.5281\/zenodo.15920400"
	],
	"mult_tab":[
		[
			[
				1,
				0,
				0,
				0,
				0
			],
			[
				0,
				1,
				0,
				0,
				0
			],
			[
				0,
				0,
				1,
				0,
				0
			],
			[
				0,
				0,
				0,
				1,
				0
			],
			[
				0,
				0,
				0,
				0,
				1
			]
		],
		[
			[
				0,
				1,
				0,
				0,
				0
			],
			[
				1,
				2,
				1,
				3,
				1
			],
			[
				0,
				1,
				2,
				0,
				5
			],
			[
				0,
				3,
				0,
				4,
				4
			],
			[
				0,
				1,
				5,
				4,
				4
			]
		],
		[
			[
				0,
				0,
				1,
				0,
				0
			],
			[
				0,
				1,
				2,
				0,
				5
			],
			[
				1,
				2,
				4,
				7,
				0
			],
			[
				0,
				0,
				7,
				4,
				4
			],
			[
				0,
				5,
				0,
				4,
				9
			]
		],
		[
			[
				0,
				0,
				0,
				1,
				0
			],
			[
				0,
				3,
				0,
				4,
				4
			],
			[
				0,
				0,
				7,
				4,
				4
			],
			[
				1,
				4,
				4,
				8,
				4
			],
			[
				0,
				4,
				4,
				4,
				11
			]
		],
		[
			[
				0,
				0,
				0,
				0,
				1
			],
			[
				0,
				1,
				5,
				4,
				4
			],
			[
				0,
				5,
				0,
				4,
				9
			],
			[
				0,
				4,
				4,
				4,
				11
			],
			[
				1,
				4,
				9,
				11,
				7
			]
		]
	],
	"texnames":[
		"\\text{FR}^{5,11,0}_{930}"
	],
	"barcode":[
		6,
		5,
		8,
		3,
		7,
		7,
		0,
		0,
		7,
		1,
		1,
		6,
		2,
		1,
		8,
		2,
		3,
		4,
		2,
		2,
		0,
		4,
		1,
		2,
		6,
		8,
		4,
		4,
		3,
		7,
		1,
		5,
		4,
		3,
		7,
		9,
		3,
		3,
		8,
		8,
		3,
		2,
		3,
		4,
		4,
		6,
		3,
		8,
		7,
		3,
		6,
		7,
		7,
		2,
		7,
		0,
		3,
		7,
		8,
		5,
		2,
		1,
		9,
		3,
		0,
		6,
		9,
		3,
		9,
		5,
		0,
		7,
		7,
		6,
		3,
		4,
		7,
		0,
		8,
		2,
		7,
		7,
		4,
		6,
		7,
		1,
		0,
		4,
		5,
		4,
		2,
		4,
		3,
		4,
		7,
		4,
		7,
		9,
		9,
		9,
		6,
		5,
		2,
		7,
		7,
		2,
		0,
		0,
		7,
		9,
		9,
		3,
		6,
		9,
		0,
		4,
		2,
		0,
		3,
		0,
		0,
		0,
		8,
		6,
		0,
		1,
		1,
		9,
		3,
		6,
		1,
		6,
		2,
		8
	],
	"formal_code":[
		5,
		11,
		0,
		930
	],
	"tensor_product_decompositions":{
		"identifiers":[
			"formal_code"
		],
		"value":[]
	},
	"sub_fusion_rings":{
		"identifiers":[
			"injection",
			"formal_code"
		],
		"value":[]
	},
	"numeric_characters":[
		[
			[
				1.0,
				0
			],
			[
				1.0764908886657219e1,
				0
			],
			[
				1.4499541679058296e1,
				0
			],
			[
				1.8529817773314438e1,
				0
			],
			[
				2.3264450565715517e1,
				0
			]
		],
		[
			[
				1.0,
				0
			],
			[
				-3.414213562373095,
				0
			],
			[
				8.242640687119286,
				0
			],
			[
				5.82842712474619,
				0
			],
			[
				-8.242640687119286,
				0
			]
		],
		[
			[
				1.0,
				0
			],
			[
				4.103083704863512,
				0
			],
			[
				-5.046228727327563,
				0
			],
			[
				5.2061674097270245,
				0
			],
			[
				-2.94314502246405,
				0
			]
		],
		[
			[
				1.0,
				0
			],
			[
				1.1320074084792686,
				0
			],
			[
				0.5466870482692657,
				0
			],
			[
				-0.7359851830414625,
				0
			],
			[
				-0.32130554325146554,
				0
			]
		],
		[
			[
				1.0,
				0
			],
			[
				-0.5857864376269049,
				0
			],
			[
				-0.24264068711928566,
				0
			],
			[
				0.1715728752538097,
				0
			],
			[
				0.24264068711928566,
				0
			]
		]
	],
	"numeric_frobenius_perron_dimensions":[
		1.0,
		1.076490888665722e1,
		1.4499541679058296e1,
		1.8529817773314438e1,
		2.3264450565715517e1
	],
	"numeric_frobenius_perron_dimension":1.2117087790776409e3,
	"info":"Fusion ring. mult_tab provides structure constants. barcode and formal_code provide unique identifiers see (DOI: 10.1063\/5.0148848). sub_fusion_rings provides tuples where the first element corresponds to the elements of the ring that form the subring isomorphic to the ring identified by the second element of the tuple. software provides doi of original software used to represent fusion ring.",
	"comments":[
		""
	]
}