{
	"references":[
		""
	],
	"software":[
		"https:\/\/doi.org\/10.5281\/zenodo.15920400"
	],
	"mult_tab":[
		[
			[
				1,
				0,
				0,
				0,
				0
			],
			[
				0,
				1,
				0,
				0,
				0
			],
			[
				0,
				0,
				1,
				0,
				0
			],
			[
				0,
				0,
				0,
				1,
				0
			],
			[
				0,
				0,
				0,
				0,
				1
			]
		],
		[
			[
				0,
				1,
				0,
				0,
				0
			],
			[
				1,
				5,
				1,
				1,
				4
			],
			[
				0,
				1,
				6,
				5,
				4
			],
			[
				0,
				1,
				5,
				8,
				4
			],
			[
				0,
				4,
				4,
				4,
				9
			]
		],
		[
			[
				0,
				0,
				1,
				0,
				0
			],
			[
				0,
				1,
				6,
				5,
				4
			],
			[
				1,
				6,
				10,
				5,
				8
			],
			[
				0,
				5,
				5,
				9,
				12
			],
			[
				0,
				4,
				8,
				12,
				11
			]
		],
		[
			[
				0,
				0,
				0,
				1,
				0
			],
			[
				0,
				1,
				5,
				8,
				4
			],
			[
				0,
				5,
				5,
				9,
				12
			],
			[
				1,
				8,
				9,
				8,
				12
			],
			[
				0,
				4,
				12,
				12,
				12
			]
		],
		[
			[
				0,
				0,
				0,
				0,
				1
			],
			[
				0,
				4,
				4,
				4,
				9
			],
			[
				0,
				4,
				8,
				12,
				11
			],
			[
				0,
				4,
				12,
				12,
				12
			],
			[
				1,
				9,
				11,
				12,
				15
			]
		]
	],
	"texnames":[
		"\\text{FR}^{5,15,0}_{579}"
	],
	"barcode":[
		2,
		0,
		4,
		5,
		8,
		6,
		9,
		2,
		5,
		1,
		8,
		7,
		8,
		3,
		9,
		8,
		6,
		8,
		3,
		8,
		6,
		4,
		3,
		6,
		6,
		2,
		8,
		4,
		5,
		9,
		5,
		4,
		2,
		6,
		5,
		0,
		0,
		4,
		5,
		9,
		4,
		6,
		5,
		1,
		3,
		2,
		2,
		8,
		1,
		8,
		0,
		9,
		8,
		5,
		9,
		3,
		5,
		3,
		0,
		2,
		0,
		7,
		3,
		6,
		5,
		0,
		9,
		1,
		6,
		2,
		8,
		9,
		3,
		7,
		1,
		0,
		0,
		4,
		3,
		6,
		6,
		6,
		9,
		4,
		4,
		1,
		1,
		5,
		0,
		2,
		0,
		8,
		0,
		7,
		7,
		5,
		3,
		1,
		7,
		5,
		8,
		0,
		8,
		6,
		3,
		0,
		5,
		8,
		0,
		2,
		3,
		7,
		1,
		8,
		2,
		9,
		4,
		8,
		2,
		2,
		7,
		2,
		7,
		9,
		3,
		0,
		1,
		9,
		3,
		6,
		5,
		7,
		3,
		9,
		9,
		5,
		2,
		6,
		8,
		2,
		4,
		3,
		1,
		0,
		0,
		6,
		5,
		5,
		4,
		4
	],
	"formal_code":[
		5,
		15,
		0,
		579
	],
	"tensor_product_decompositions":{
		"identifiers":[
			"formal_code"
		],
		"value":[]
	},
	"sub_fusion_rings":{
		"identifiers":[
			"injection",
			"formal_code"
		],
		"value":[]
	},
	"numeric_characters":[
		[
			[
				1.0,
				0
			],
			[
				1.744817102475029e1,
				0
			],
			[
				2.959616736767148e1,
				0
			],
			[
				3.369304126499344e1,
				0
			],
			[
				3.822715208812981e1,
				0
			]
		],
		[
			[
				1.0,
				0
			],
			[
				1.7515575217504515,
				0
			],
			[
				5.8756966184945005,
				0
			],
			[
				-3.537146537455886,
				0
			],
			[
				-2.257095984447572,
				0
			]
		],
		[
			[
				1.0,
				0
			],
			[
				2.4134886663764656,
				0
			],
			[
				-0.6846320144197902,
				0
			],
			[
				1.6499588968591277,
				0
			],
			[
				-2.051960667898504,
				0
			]
		],
		[
			[
				1.0,
				0
			],
			[
				6.6771357449304904,
				0
			],
			[
				-3.7514080077519245,
				0
			],
			[
				-5.791804810031432,
				0
			],
			[
				4.935418962339841,
				0
			]
		],
		[
			[
				1.0,
				0
			],
			[
				-0.2903529578076992,
				0
			],
			[
				-3.582396399426707e-2,
				0
			],
			[
				-1.404881436525225e-2,
				0
			],
			[
				0.1464856018764237,
				0
			]
		]
	],
	"numeric_frobenius_perron_dimensions":[
		1.0,
		1.744817102475029e1,
		2.959616736767148e1,
		3.369304126499344e1,
		3.822715208812981e1
	],
	"numeric_frobenius_perron_dimension":3.777907981417716e3,
	"info":"Fusion ring. mult_tab provides structure constants. barcode and formal_code provide unique identifiers see (DOI: 10.1063\/5.0148848). sub_fusion_rings provides tuples where the first element corresponds to the elements of the ring that form the subring isomorphic to the ring identified by the second element of the tuple. software provides doi of original software used to represent fusion ring.",
	"comments":[
		""
	]
}