{
	"references":[
		""
	],
	"software":[
		"https:\/\/doi.org\/10.5281\/zenodo.15920400"
	],
	"mult_tab":[
		[
			[
				1,
				0,
				0,
				0,
				0
			],
			[
				0,
				1,
				0,
				0,
				0
			],
			[
				0,
				0,
				1,
				0,
				0
			],
			[
				0,
				0,
				0,
				1,
				0
			],
			[
				0,
				0,
				0,
				0,
				1
			]
		],
		[
			[
				0,
				1,
				0,
				0,
				0
			],
			[
				1,
				5,
				0,
				1,
				0
			],
			[
				0,
				0,
				2,
				2,
				2
			],
			[
				0,
				1,
				2,
				2,
				2
			],
			[
				0,
				0,
				2,
				2,
				3
			]
		],
		[
			[
				0,
				0,
				1,
				0,
				0
			],
			[
				0,
				0,
				2,
				2,
				2
			],
			[
				1,
				2,
				1,
				1,
				4
			],
			[
				0,
				2,
				1,
				2,
				4
			],
			[
				0,
				2,
				4,
				4,
				0
			]
		],
		[
			[
				0,
				0,
				0,
				1,
				0
			],
			[
				0,
				1,
				2,
				2,
				2
			],
			[
				0,
				2,
				1,
				2,
				4
			],
			[
				1,
				2,
				2,
				2,
				4
			],
			[
				0,
				2,
				4,
				4,
				1
			]
		],
		[
			[
				0,
				0,
				0,
				0,
				1
			],
			[
				0,
				0,
				2,
				2,
				3
			],
			[
				0,
				2,
				4,
				4,
				0
			],
			[
				0,
				2,
				4,
				4,
				1
			],
			[
				1,
				3,
				0,
				1,
				7
			]
		]
	],
	"texnames":[
		"\\text{FR}^{5,7,0}_{279}"
	],
	"barcode":[
		9,
		6,
		1,
		9,
		6,
		6,
		7,
		1,
		1,
		5,
		1,
		5,
		9,
		4,
		6,
		1,
		3,
		2,
		2,
		9,
		6,
		4,
		4,
		3,
		8,
		9,
		2,
		0,
		5,
		8,
		3,
		8,
		0,
		8,
		9,
		3,
		2,
		5,
		9,
		7,
		7,
		0,
		9,
		7,
		5,
		9,
		7,
		9,
		3,
		0,
		7,
		7,
		9,
		3,
		8,
		9,
		5,
		6,
		6,
		7,
		5,
		0,
		6,
		5,
		2,
		1,
		5,
		3,
		3,
		4,
		1,
		6,
		2,
		3,
		2,
		8,
		9,
		3,
		2,
		5,
		4,
		1,
		1,
		3,
		9,
		8,
		8,
		2,
		6,
		9,
		0,
		7,
		3,
		9,
		6,
		1,
		0,
		0,
		8,
		3,
		1,
		2,
		3,
		5,
		9,
		5,
		3,
		5,
		2,
		2,
		0,
		1
	],
	"formal_code":[
		5,
		7,
		0,
		279
	],
	"tensor_product_decompositions":{
		"identifiers":[
			"formal_code"
		],
		"value":[]
	},
	"sub_fusion_rings":{
		"identifiers":[
			"injection",
			"formal_code"
		],
		"value":[]
	},
	"numeric_characters":[
		[
			[
				1.0,
				0
			],
			[
				6.592853270305,
				0
			],
			[
				8.501447892246327,
				0
			],
			[
				9.501447892246327,
				0
			],
			[
				1.0021503484869216e1,
				0
			]
		],
		[
			[
				1.0,
				0
			],
			[
				5.107664747091803,
				0
			],
			[
				-1.450084566774642,
				0
			],
			[
				-0.4500845667746419,
				0
			],
			[
				-1.8031037774590803,
				0
			]
		],
		[
			[
				1.0,
				0
			],
			[
				0.5976259422612911,
				0
			],
			[
				-4.630972944442759,
				0
			],
			[
				-3.630972944442759,
				0
			],
			[
				6.878151104130944,
				0
			]
		],
		[
			[
				1.0,
				0
			],
			[
				0.0,
				0
			],
			[
				1.0,
				0
			],
			[
				-1.0,
				0
			],
			[
				0.0,
				0
			]
		],
		[
			[
				1.0,
				0
			],
			[
				-0.2981439596580935,
				0
			],
			[
				-0.42039038102892584,
				0
			],
			[
				0.5796096189710741,
				0
			],
			[
				-9.655081154107897e-2,
				0
			]
		]
	],
	"numeric_frobenius_perron_dimensions":[
		1.0,
		6.592853270304999,
		8.501447892246327,
		9.501447892246327,
		1.0021503484869216e1
	],
	"numeric_frobenius_perron_dimension":3.0744837465466884e2,
	"info":"Fusion ring. mult_tab provides structure constants. barcode and formal_code provide unique identifiers see (DOI: 10.1063\/5.0148848). sub_fusion_rings provides tuples where the first element corresponds to the elements of the ring that form the subring isomorphic to the ring identified by the second element of the tuple. software provides doi of original software used to represent fusion ring.",
	"comments":[
		""
	]
}