{
	"references":[
		""
	],
	"software":[
		"https:\/\/doi.org\/10.5281\/zenodo.15920400"
	],
	"mult_tab":[
		[
			[
				1,
				0,
				0,
				0,
				0
			],
			[
				0,
				1,
				0,
				0,
				0
			],
			[
				0,
				0,
				1,
				0,
				0
			],
			[
				0,
				0,
				0,
				1,
				0
			],
			[
				0,
				0,
				0,
				0,
				1
			]
		],
		[
			[
				0,
				1,
				0,
				0,
				0
			],
			[
				1,
				0,
				3,
				3,
				3
			],
			[
				0,
				3,
				1,
				3,
				6
			],
			[
				0,
				3,
				3,
				1,
				6
			],
			[
				0,
				3,
				6,
				6,
				4
			]
		],
		[
			[
				0,
				0,
				1,
				0,
				0
			],
			[
				0,
				3,
				1,
				3,
				6
			],
			[
				1,
				1,
				12,
				2,
				4
			],
			[
				0,
				3,
				2,
				12,
				3
			],
			[
				0,
				6,
				4,
				3,
				12
			]
		],
		[
			[
				0,
				0,
				0,
				1,
				0
			],
			[
				0,
				3,
				3,
				1,
				6
			],
			[
				0,
				3,
				2,
				12,
				3
			],
			[
				1,
				1,
				12,
				2,
				4
			],
			[
				0,
				6,
				3,
				4,
				12
			]
		],
		[
			[
				0,
				0,
				0,
				0,
				1
			],
			[
				0,
				3,
				6,
				6,
				4
			],
			[
				0,
				6,
				4,
				3,
				12
			],
			[
				0,
				6,
				3,
				4,
				12
			],
			[
				1,
				4,
				12,
				12,
				8
			]
		]
	],
	"texnames":[
		"\\text{FR}^{5,12,0}_{1573}"
	],
	"barcode":[
		1,
		3,
		4,
		5,
		7,
		8,
		5,
		2,
		8,
		7,
		0,
		6,
		3,
		2,
		5,
		1,
		9,
		2,
		9,
		5,
		4,
		0,
		9,
		2,
		4,
		6,
		7,
		7,
		1,
		2,
		3,
		4,
		6,
		1,
		8,
		7,
		7,
		1,
		8,
		9,
		4,
		3,
		5,
		6,
		0,
		0,
		3,
		7,
		3,
		1,
		1,
		2,
		2,
		3,
		3,
		6,
		7,
		2,
		7,
		3,
		9,
		8,
		9,
		5,
		3,
		5,
		0,
		8,
		2,
		3,
		8,
		8,
		9,
		0,
		6,
		2,
		0,
		9,
		3,
		1,
		0,
		9,
		1,
		8,
		9,
		6,
		6,
		5,
		9,
		4,
		0,
		0,
		6,
		0,
		8,
		7,
		7,
		9,
		0,
		7,
		1,
		8,
		6,
		1,
		9,
		4,
		1,
		4,
		7,
		3,
		8,
		2,
		5,
		0,
		4,
		8,
		9,
		2,
		2,
		8,
		6,
		7,
		3,
		1,
		3,
		7,
		6,
		4,
		5,
		4,
		5,
		0,
		3,
		2,
		1,
		5,
		8,
		0,
		6
	],
	"formal_code":[
		5,
		12,
		0,
		1573
	],
	"tensor_product_decompositions":{
		"identifiers":[
			"formal_code"
		],
		"value":[]
	},
	"sub_fusion_rings":{
		"identifiers":[
			"injection",
			"formal_code"
		],
		"value":[]
	},
	"numeric_characters":[
		[
			[
				1.0,
				0
			],
			[
				1.4329846531235843e1,
				0
			],
			[
				2.0227570403559476e1,
				0
			],
			[
				2.0227570403559476e1,
				0
			],
			[
				2.7659693062471685e1,
				0
			]
		],
		[
			[
				1.0,
				0
			],
			[
				-4.741909189056441,
				0
			],
			[
				8.822859648599428,
				0
			],
			[
				8.822859648599428,
				0
			],
			[
				-1.0483818378112883e1,
				0
			]
		],
		[
			[
				1.0,
				0
			],
			[
				-2.0,
				0
			],
			[
				1.0291502622129181e1,
				0
			],
			[
				-1.0291502622129181e1,
				0
			],
			[
				1.0,
				0
			]
		],
		[
			[
				1.0,
				0
			],
			[
				0.4120626578205988,
				0
			],
			[
				-5.0430052158902845e-2,
				0
			],
			[
				-5.0430052158902845e-2,
				0
			],
			[
				-0.17587468435880235,
				0
			]
		],
		[
			[
				1.0,
				0
			],
			[
				-2.0,
				0
			],
			[
				-0.29150262212918143,
				0
			],
			[
				0.29150262212918143,
				0
			],
			[
				1.0,
				0
			]
		]
	],
	"numeric_frobenius_perron_dimensions":[
		1.0,
		1.4329846531235843e1,
		2.0227570403559476e1,
		2.0227570403559476e1,
		2.7659693062471685e1
	],
	"numeric_frobenius_perron_dimension":1.7897123307808267e3,
	"info":"Fusion ring. mult_tab provides structure constants. barcode and formal_code provide unique identifiers see (DOI: 10.1063\/5.0148848). sub_fusion_rings provides tuples where the first element corresponds to the elements of the ring that form the subring isomorphic to the ring identified by the second element of the tuple. software provides doi of original software used to represent fusion ring.",
	"comments":[
		""
	]
}