{
	"references":[
		""
	],
	"software":[
		"https:\/\/doi.org\/10.5281\/zenodo.15920400"
	],
	"mult_tab":[
		[
			[
				1,
				0,
				0,
				0,
				0
			],
			[
				0,
				1,
				0,
				0,
				0
			],
			[
				0,
				0,
				1,
				0,
				0
			],
			[
				0,
				0,
				0,
				1,
				0
			],
			[
				0,
				0,
				0,
				0,
				1
			]
		],
		[
			[
				0,
				1,
				0,
				0,
				0
			],
			[
				1,
				10,
				3,
				0,
				1
			],
			[
				0,
				3,
				4,
				2,
				4
			],
			[
				0,
				0,
				2,
				6,
				6
			],
			[
				0,
				1,
				4,
				6,
				7
			]
		],
		[
			[
				0,
				0,
				1,
				0,
				0
			],
			[
				0,
				3,
				4,
				2,
				4
			],
			[
				1,
				4,
				0,
				6,
				4
			],
			[
				0,
				2,
				6,
				3,
				6
			],
			[
				0,
				4,
				4,
				6,
				7
			]
		],
		[
			[
				0,
				0,
				0,
				1,
				0
			],
			[
				0,
				0,
				2,
				6,
				6
			],
			[
				0,
				2,
				6,
				3,
				6
			],
			[
				1,
				6,
				3,
				6,
				6
			],
			[
				0,
				6,
				6,
				6,
				8
			]
		],
		[
			[
				0,
				0,
				0,
				0,
				1
			],
			[
				0,
				1,
				4,
				6,
				7
			],
			[
				0,
				4,
				4,
				6,
				7
			],
			[
				0,
				6,
				6,
				6,
				8
			],
			[
				1,
				7,
				7,
				8,
				10
			]
		]
	],
	"texnames":[
		"\\text{FR}^{5,10,0}_{444}"
	],
	"barcode":[
		1,
		3,
		5,
		7,
		3,
		5,
		4,
		2,
		4,
		2,
		7,
		5,
		2,
		9,
		3,
		3,
		8,
		1,
		9,
		3,
		4,
		5,
		1,
		1,
		6,
		7,
		9,
		7,
		8,
		9,
		8,
		8,
		5,
		1,
		0,
		5,
		8,
		0,
		7,
		9,
		3,
		2,
		1,
		1,
		5,
		9,
		4,
		8,
		0,
		1,
		3,
		9,
		6,
		0,
		3,
		2,
		1,
		6,
		7,
		1,
		2,
		0,
		7,
		3,
		6,
		6,
		3,
		2,
		2,
		8,
		1,
		2,
		6,
		1,
		0,
		0,
		8,
		4,
		2,
		2,
		3,
		9,
		9,
		2,
		9,
		8,
		2,
		4,
		4,
		3,
		3,
		1,
		8,
		1,
		2,
		2,
		5,
		6,
		9,
		3,
		6,
		7,
		0,
		0,
		9,
		1,
		2,
		9,
		3,
		7,
		4,
		4,
		1,
		9,
		0,
		1,
		6,
		5,
		9,
		0,
		6,
		8,
		8,
		3,
		2,
		2,
		6,
		1,
		2,
		2
	],
	"formal_code":[
		5,
		10,
		0,
		444
	],
	"tensor_product_decompositions":{
		"identifiers":[
			"formal_code"
		],
		"value":[]
	},
	"sub_fusion_rings":{
		"identifiers":[
			"injection",
			"formal_code"
		],
		"value":[]
	},
	"numeric_characters":[
		[
			[
				1.0,
				0
			],
			[
				1.5099007904026717e1,
				0
			],
			[
				1.6887452937695077e1,
				0
			],
			[
				2.041327129612063e1,
				0
			],
			[
				2.532760183250886e1,
				0
			]
		],
		[
			[
				1.0,
				0
			],
			[
				1.0142737948969685e1,
				0
			],
			[
				1.2957080440081807,
				0
			],
			[
				-4.3557683965941285,
				0
			],
			[
				-3.4393705202516163,
				0
			]
		],
		[
			[
				1.0,
				0
			],
			[
				2.024748765823456,
				0
			],
			[
				-5.444896452292004,
				0
			],
			[
				3.966777543251331,
				0
			],
			[
				-0.813190736654941,
				0
			]
		],
		[
			[
				1.0,
				0
			],
			[
				-0.20292498530179431,
				0
			],
			[
				0.6072729395911944,
				0
			],
			[
				0.5310070047917558,
				0
			],
			[
				-0.7513904160959066,
				0
			]
		],
		[
			[
				1.0,
				0
			],
			[
				-6.35696335180635e-2,
				0
			],
			[
				-0.3455374690024489,
				0
			],
			[
				-0.5552874475695897,
				0
			],
			[
				0.6763498404936026,
				0
			]
		]
	],
	"numeric_frobenius_perron_dimensions":[
		1.0,
		1.5099007904026717e1,
		1.6887452937695077e1,
		2.041327129612063e1,
		2.532760183250886e1
	],
	"numeric_frobenius_perron_dimension":1.572355166003856e3,
	"info":"Fusion ring. mult_tab provides structure constants. barcode and formal_code provide unique identifiers see (DOI: 10.1063\/5.0148848). sub_fusion_rings provides tuples where the first element corresponds to the elements of the ring that form the subring isomorphic to the ring identified by the second element of the tuple. software provides doi of original software used to represent fusion ring.",
	"comments":[
		""
	]
}