{
	"references":[
		""
	],
	"software":[
		"https:\/\/doi.org\/10.5281\/zenodo.15920400"
	],
	"mult_tab":[
		[
			[
				1,
				0,
				0,
				0,
				0
			],
			[
				0,
				1,
				0,
				0,
				0
			],
			[
				0,
				0,
				1,
				0,
				0
			],
			[
				0,
				0,
				0,
				1,
				0
			],
			[
				0,
				0,
				0,
				0,
				1
			]
		],
		[
			[
				0,
				1,
				0,
				0,
				0
			],
			[
				1,
				2,
				0,
				0,
				1
			],
			[
				0,
				0,
				2,
				1,
				1
			],
			[
				0,
				0,
				1,
				4,
				2
			],
			[
				0,
				1,
				1,
				2,
				4
			]
		],
		[
			[
				0,
				0,
				1,
				0,
				0
			],
			[
				0,
				0,
				2,
				1,
				1
			],
			[
				1,
				2,
				0,
				4,
				1
			],
			[
				0,
				1,
				4,
				4,
				6
			],
			[
				0,
				1,
				1,
				6,
				6
			]
		],
		[
			[
				0,
				0,
				0,
				1,
				0
			],
			[
				0,
				0,
				1,
				4,
				2
			],
			[
				0,
				1,
				4,
				4,
				6
			],
			[
				1,
				4,
				4,
				12,
				12
			],
			[
				0,
				2,
				6,
				12,
				13
			]
		],
		[
			[
				0,
				0,
				0,
				0,
				1
			],
			[
				0,
				1,
				1,
				2,
				4
			],
			[
				0,
				1,
				1,
				6,
				6
			],
			[
				0,
				2,
				6,
				12,
				13
			],
			[
				1,
				4,
				6,
				13,
				13
			]
		]
	],
	"texnames":[
		"\\text{FR}^{5,13,0}_{1149}"
	],
	"barcode":[
		1,
		3,
		1,
		7,
		8,
		8,
		1,
		8,
		6,
		4,
		8,
		7,
		2,
		1,
		4,
		1,
		5,
		3,
		0,
		1,
		5,
		0,
		1,
		5,
		4,
		3,
		3,
		8,
		4,
		9,
		5,
		2,
		4,
		7,
		8,
		8,
		9,
		6,
		7,
		7,
		2,
		5,
		4,
		6,
		6,
		7,
		8,
		9,
		3,
		6,
		0,
		4,
		8,
		0,
		5,
		0,
		4,
		4,
		6,
		0,
		1,
		6,
		4,
		4,
		2,
		9,
		0,
		0,
		9,
		6,
		0,
		9,
		2,
		2,
		8,
		8,
		0,
		6,
		5,
		2,
		5,
		2,
		5,
		5,
		6,
		3,
		3,
		6,
		7,
		0,
		2,
		1,
		6,
		1,
		6,
		4,
		4,
		4,
		7,
		4,
		9,
		7,
		1,
		7,
		2,
		6,
		9,
		4,
		6,
		0,
		0,
		4,
		2,
		3,
		6,
		2,
		1,
		9,
		1,
		3,
		0,
		6,
		1,
		3,
		3,
		3,
		3,
		8,
		8,
		5,
		9,
		0,
		3,
		6,
		8,
		7,
		7,
		8,
		8,
		2,
		3,
		8,
		4
	],
	"formal_code":[
		5,
		13,
		0,
		1149
	],
	"tensor_product_decompositions":{
		"identifiers":[
			"formal_code"
		],
		"value":[]
	},
	"sub_fusion_rings":{
		"identifiers":[
			"injection",
			"formal_code"
		],
		"value":[]
	},
	"numeric_characters":[
		[
			[
				1.0,
				0
			],
			[
				6.55549379290906,
				0
			],
			[
				1.2356068251317323e1,
				0
			],
			[
				2.7424480940585674e1,
				0
			],
			[
				2.88635112830511e1,
				0
			]
		],
		[
			[
				1.0,
				0
			],
			[
				1.416501256123248,
				0
			],
			[
				2.10018260517262,
				0
			],
			[
				0.6010727916177282,
				0
			],
			[
				-1.8265267036477566,
				0
			]
		],
		[
			[
				1.0,
				0
			],
			[
				1.6399164864994358,
				0
			],
			[
				-3.8137077477121344,
				0
			],
			[
				2.9637601755667267,
				0
			],
			[
				-1.5905068903062176,
				0
			]
		],
		[
			[
				1.0,
				0
			],
			[
				2.8490693049711253,
				0
			],
			[
				-0.6093798547205236,
				0
			],
			[
				-1.9364630242973615,
				0
			],
			[
				1.419057294586401,
				0
			]
		],
		[
			[
				1.0,
				0
			],
			[
				-0.46098084050286975,
				0
			],
			[
				-3.316325405728428e-2,
				0
			],
			[
				-5.2850883472766064e-2,
				0
			],
			[
				0.13446501631647173,
				0
			]
		]
	],
	"numeric_frobenius_perron_dimensions":[
		1.0,
		6.555493792909061,
		1.2356068251317323e1,
		2.7424480940585674e1,
		2.88635112830511e1
	],
	"numeric_frobenius_perron_dimension":1.781851359947446e3,
	"info":"Fusion ring. mult_tab provides structure constants. barcode and formal_code provide unique identifiers see (DOI: 10.1063\/5.0148848). sub_fusion_rings provides tuples where the first element corresponds to the elements of the ring that form the subring isomorphic to the ring identified by the second element of the tuple. software provides doi of original software used to represent fusion ring.",
	"comments":[
		""
	]
}