{
	"references":[
		""
	],
	"software":[
		"https:\/\/doi.org\/10.5281\/zenodo.15920400"
	],
	"mult_tab":[
		[
			[
				1,
				0,
				0,
				0,
				0
			],
			[
				0,
				1,
				0,
				0,
				0
			],
			[
				0,
				0,
				1,
				0,
				0
			],
			[
				0,
				0,
				0,
				1,
				0
			],
			[
				0,
				0,
				0,
				0,
				1
			]
		],
		[
			[
				0,
				1,
				0,
				0,
				0
			],
			[
				1,
				0,
				3,
				4,
				2
			],
			[
				0,
				3,
				0,
				4,
				4
			],
			[
				0,
				4,
				4,
				2,
				4
			],
			[
				0,
				2,
				4,
				4,
				4
			]
		],
		[
			[
				0,
				0,
				1,
				0,
				0
			],
			[
				0,
				3,
				0,
				4,
				4
			],
			[
				1,
				0,
				0,
				8,
				4
			],
			[
				0,
				4,
				8,
				1,
				4
			],
			[
				0,
				4,
				4,
				4,
				5
			]
		],
		[
			[
				0,
				0,
				0,
				1,
				0
			],
			[
				0,
				4,
				4,
				2,
				4
			],
			[
				0,
				4,
				8,
				1,
				4
			],
			[
				1,
				2,
				1,
				9,
				6
			],
			[
				0,
				4,
				4,
				6,
				6
			]
		],
		[
			[
				0,
				0,
				0,
				0,
				1
			],
			[
				0,
				2,
				4,
				4,
				4
			],
			[
				0,
				4,
				4,
				4,
				5
			],
			[
				0,
				4,
				4,
				6,
				6
			],
			[
				1,
				4,
				5,
				6,
				6
			]
		]
	],
	"texnames":[
		"\\text{FR}^{5,9,0}_{392}"
	],
	"barcode":[
		1,
		0,
		0,
		0,
		0,
		0,
		1,
		0,
		0,
		0,
		0,
		0,
		1,
		0,
		0,
		0,
		0,
		0,
		1,
		0,
		0,
		0,
		0,
		0,
		1,
		0,
		1,
		0,
		0,
		0,
		1,
		9,
		6,
		1,
		2,
		0,
		6,
		6,
		4,
		4,
		0,
		1,
		4,
		8,
		4,
		0,
		2,
		4,
		4,
		4,
		0,
		0,
		1,
		0,
		0,
		0,
		6,
		6,
		4,
		4,
		1,
		6,
		6,
		5,
		4,
		0,
		4,
		5,
		4,
		4,
		0,
		4,
		4,
		4,
		2,
		0,
		0,
		0,
		1,
		0,
		0,
		1,
		4,
		8,
		4,
		0,
		4,
		5,
		4,
		4,
		1,
		8,
		4,
		0,
		0,
		0,
		4,
		4,
		0,
		3,
		0,
		0,
		0,
		0,
		1,
		0,
		2,
		4,
		4,
		4,
		0,
		4,
		4,
		4,
		2,
		0,
		4,
		4,
		0,
		3,
		1,
		4,
		2,
		3,
		0
	],
	"formal_code":[
		5,
		9,
		0,
		392
	],
	"tensor_product_decompositions":{
		"identifiers":[
			"formal_code"
		],
		"value":[]
	},
	"sub_fusion_rings":{
		"identifiers":[
			"injection",
			"formal_code"
		],
		"value":[]
	},
	"numeric_characters":[
		[
			[
				1.0,
				0
			],
			[
				1.233865447234692e1,
				0
			],
			[
				1.4677239274726508e1,
				0
			],
			[
				1.758498303145124e1,
				0
			],
			[
				1.8435372118991097e1,
				0
			]
		],
		[
			[
				1.0,
				0
			],
			[
				-3.212727514381605,
				0
			],
			[
				-8.351937608318059,
				0
			],
			[
				8.071044879362706,
				0
			],
			[
				1.0466256945839782,
				0
			]
		],
		[
			[
				1.0,
				0
			],
			[
				-3.5752634951693074,
				0
			],
			[
				2.793532438830433,
				0
			],
			[
				1.516411888102929,
				0
			],
			[
				-1.3318679045063815,
				0
			]
		],
		[
			[
				1.0,
				0
			],
			[
				0.7502760161881696,
				0
			],
			[
				2.089857508231833e-2,
				0
			],
			[
				0.3088962748370523,
				0
			],
			[
				-0.8676833620639868,
				0
			]
		],
		[
			[
				1.0,
				0
			],
			[
				-0.3009394789841788,
				0
			],
			[
				-0.13973268032120154,
				0
			],
			[
				-0.4813360737539286,
				0
			],
			[
				0.7175534529952939,
				0
			]
		]
	],
	"numeric_frobenius_perron_dimensions":[
		1.0,
		1.233865447234692e1,
		1.4677239274726507e1,
		1.758498303145124e1,
		1.8435372118991097e1
	],
	"numeric_frobenius_perron_dimension":1.0177583202976434e3,
	"info":"Fusion ring. mult_tab provides structure constants. barcode and formal_code provide unique identifiers see (DOI: 10.1063\/5.0148848). sub_fusion_rings provides tuples where the first element corresponds to the elements of the ring that form the subring isomorphic to the ring identified by the second element of the tuple. software provides doi of original software used to represent fusion ring.",
	"comments":[
		""
	]
}