{
	"references":[
		""
	],
	"software":[
		"https:\/\/doi.org\/10.5281\/zenodo.15920400"
	],
	"mult_tab":[
		[
			[
				1,
				0,
				0,
				0,
				0
			],
			[
				0,
				1,
				0,
				0,
				0
			],
			[
				0,
				0,
				1,
				0,
				0
			],
			[
				0,
				0,
				0,
				1,
				0
			],
			[
				0,
				0,
				0,
				0,
				1
			]
		],
		[
			[
				0,
				1,
				0,
				0,
				0
			],
			[
				1,
				6,
				3,
				1,
				2
			],
			[
				0,
				3,
				2,
				2,
				4
			],
			[
				0,
				1,
				2,
				4,
				5
			],
			[
				0,
				2,
				4,
				5,
				6
			]
		],
		[
			[
				0,
				0,
				1,
				0,
				0
			],
			[
				0,
				3,
				2,
				2,
				4
			],
			[
				1,
				2,
				4,
				4,
				2
			],
			[
				0,
				2,
				4,
				3,
				4
			],
			[
				0,
				4,
				2,
				4,
				7
			]
		],
		[
			[
				0,
				0,
				0,
				1,
				0
			],
			[
				0,
				1,
				2,
				4,
				5
			],
			[
				0,
				2,
				4,
				3,
				4
			],
			[
				1,
				4,
				3,
				4,
				4
			],
			[
				0,
				5,
				4,
				4,
				7
			]
		],
		[
			[
				0,
				0,
				0,
				0,
				1
			],
			[
				0,
				2,
				4,
				5,
				6
			],
			[
				0,
				4,
				2,
				4,
				7
			],
			[
				0,
				5,
				4,
				4,
				7
			],
			[
				1,
				6,
				7,
				7,
				8
			]
		]
	],
	"texnames":[
		"\\text{FR}^{5,8,0}_{149}"
	],
	"barcode":[
		2,
		1,
		1,
		8,
		7,
		1,
		2,
		2,
		9,
		9,
		1,
		3,
		9,
		8,
		3,
		2,
		0,
		3,
		2,
		5,
		8,
		3,
		1,
		9,
		3,
		6,
		7,
		6,
		2,
		0,
		8,
		0,
		4,
		3,
		6,
		2,
		1,
		8,
		9,
		1,
		4,
		2,
		7,
		4,
		9,
		9,
		8,
		2,
		5,
		2,
		2,
		0,
		7,
		8,
		4,
		8,
		5,
		0,
		6,
		6,
		7,
		0,
		2,
		0,
		0,
		7,
		8,
		4,
		0,
		4,
		8,
		9,
		3,
		3,
		1,
		5,
		3,
		1,
		5,
		7,
		1,
		4,
		0,
		3,
		1,
		0,
		1,
		3,
		6,
		5,
		1,
		7,
		9,
		4,
		2,
		5,
		0,
		2,
		1,
		5,
		4,
		3,
		6,
		1,
		6,
		3,
		3,
		2,
		7,
		5,
		2,
		2,
		8,
		1,
		7,
		9,
		7,
		0,
		0
	],
	"formal_code":[
		5,
		8,
		0,
		149
	],
	"tensor_product_decompositions":{
		"identifiers":[
			"formal_code"
		],
		"value":[]
	},
	"sub_fusion_rings":{
		"identifiers":[
			"injection",
			"formal_code"
		],
		"value":[]
	},
	"numeric_characters":[
		[
			[
				1.0,
				0
			],
			[
				1.3469044287893333e1,
				0
			],
			[
				1.3716200240758536e1,
				0
			],
			[
				1.5626323975389093e1,
				0
			],
			[
				2.1412981802103666e1,
				0
			]
		],
		[
			[
				1.0,
				0
			],
			[
				-1.1391563479613527,
				0
			],
			[
				3.7918050831345904,
				0
			],
			[
				1.5772260428015563,
				0
			],
			[
				-2.910013009668282,
				0
			]
		],
		[
			[
				1.0,
				0
			],
			[
				5.381609609314049,
				0
			],
			[
				0.798259339512609,
				0
			],
			[
				-2.5321083053995386,
				0
			],
			[
				-2.095302690980636,
				0
			]
		],
		[
			[
				1.0,
				0
			],
			[
				-0.23246482588742082,
				0
			],
			[
				5.315497116326085e-2,
				0
			],
			[
				-0.3447429063428153,
				0
			],
			[
				0.31705342172621326,
				0
			]
		],
		[
			[
				1.0,
				0
			],
			[
				0.5209672766413915,
				0
			],
			[
				-1.3594196345689955,
				0
			],
			[
				1.673301193551705,
				0
			],
			[
				-0.7247195231809598,
				0
			]
		]
	],
	"numeric_frobenius_perron_dimensions":[
		1.0,
		1.3469044287893333e1,
		1.3716200240758536e1,
		1.5626323975389091e1,
		2.1412981802103666e1
	],
	"numeric_frobenius_perron_dimension":1.0732470937148591e3,
	"info":"Fusion ring. mult_tab provides structure constants. barcode and formal_code provide unique identifiers see (DOI: 10.1063\/5.0148848). sub_fusion_rings provides tuples where the first element corresponds to the elements of the ring that form the subring isomorphic to the ring identified by the second element of the tuple. software provides doi of original software used to represent fusion ring.",
	"comments":[
		""
	]
}