{
	"references":[
		""
	],
	"software":[
		"https:\/\/doi.org\/10.5281\/zenodo.15920400"
	],
	"mult_tab":[
		[
			[
				1,
				0,
				0,
				0,
				0
			],
			[
				0,
				1,
				0,
				0,
				0
			],
			[
				0,
				0,
				1,
				0,
				0
			],
			[
				0,
				0,
				0,
				1,
				0
			],
			[
				0,
				0,
				0,
				0,
				1
			]
		],
		[
			[
				0,
				1,
				0,
				0,
				0
			],
			[
				1,
				6,
				0,
				1,
				1
			],
			[
				0,
				0,
				4,
				4,
				2
			],
			[
				0,
				1,
				4,
				4,
				2
			],
			[
				0,
				1,
				2,
				2,
				7
			]
		],
		[
			[
				0,
				0,
				1,
				0,
				0
			],
			[
				0,
				0,
				4,
				4,
				2
			],
			[
				1,
				4,
				7,
				7,
				4
			],
			[
				0,
				4,
				7,
				8,
				4
			],
			[
				0,
				2,
				4,
				4,
				14
			]
		],
		[
			[
				0,
				0,
				0,
				1,
				0
			],
			[
				0,
				1,
				4,
				4,
				2
			],
			[
				0,
				4,
				7,
				8,
				4
			],
			[
				1,
				4,
				8,
				8,
				4
			],
			[
				0,
				2,
				4,
				4,
				15
			]
		],
		[
			[
				0,
				0,
				0,
				0,
				1
			],
			[
				0,
				1,
				2,
				2,
				7
			],
			[
				0,
				2,
				4,
				4,
				14
			],
			[
				0,
				2,
				4,
				4,
				15
			],
			[
				1,
				7,
				14,
				15,
				0
			]
		]
	],
	"texnames":[
		"\\text{FR}^{5,15,0}_{476}"
	],
	"barcode":[
		2,
		0,
		4,
		5,
		8,
		6,
		9,
		2,
		5,
		1,
		8,
		7,
		8,
		3,
		9,
		8,
		6,
		8,
		3,
		8,
		6,
		4,
		3,
		6,
		6,
		2,
		8,
		4,
		5,
		9,
		5,
		4,
		2,
		6,
		4,
		9,
		9,
		7,
		6,
		5,
		9,
		8,
		7,
		1,
		9,
		7,
		3,
		0,
		7,
		1,
		5,
		3,
		8,
		2,
		6,
		8,
		1,
		5,
		5,
		5,
		0,
		6,
		4,
		7,
		9,
		2,
		5,
		1,
		5,
		2,
		4,
		7,
		6,
		9,
		4,
		3,
		7,
		3,
		0,
		2,
		2,
		8,
		3,
		2,
		6,
		4,
		9,
		3,
		5,
		4,
		7,
		9,
		7,
		1,
		2,
		4,
		9,
		9,
		6,
		5,
		5,
		7,
		5,
		0,
		9,
		9,
		0,
		9,
		5,
		3,
		8,
		3,
		8,
		3,
		9,
		0,
		2,
		1,
		0,
		0,
		8,
		4,
		4,
		9,
		5,
		6,
		0,
		9,
		1,
		9,
		2,
		1,
		8,
		5,
		2,
		2,
		7,
		2,
		6,
		5,
		8,
		6,
		0,
		2,
		9,
		1,
		7,
		4,
		8,
		8
	],
	"formal_code":[
		5,
		15,
		0,
		476
	],
	"tensor_product_decompositions":{
		"identifiers":[
			"formal_code"
		],
		"value":[]
	},
	"sub_fusion_rings":{
		"identifiers":[
			"injection",
			"formal_code"
		],
		"value":[]
	},
	"numeric_characters":[
		[
			[
				1.0,
				0
			],
			[
				1.0682238192749391e1,
				0
			],
			[
				2.1364476385498783e1,
				0
			],
			[
				2.2364476385498783e1,
				0
			],
			[
				2.6652307264638655e1,
				0
			]
		],
		[
			[
				1.0,
				0
			],
			[
				4.563902076223395,
				0
			],
			[
				9.12780415244679,
				0
			],
			[
				1.012780415244679e1,
				0
			],
			[
				-1.7682014448430944e1,
				0
			]
		],
		[
			[
				1.0,
				0
			],
			[
				6.0,
				0
			],
			[
				-2.0,
				0
			],
			[
				-1.0,
				0
			],
			[
				0.0,
				0
			]
		],
		[
			[
				1.0,
				0
			],
			[
				-0.24614026897278662,
				0
			],
			[
				-0.49228053794557325,
				0
			],
			[
				0.5077194620544268,
				0
			],
			[
				2.9707183792288816e-2,
				0
			]
		],
		[
			[
				1.0,
				0
			],
			[
				0.0,
				0
			],
			[
				1.0,
				0
			],
			[
				-1.0,
				0
			],
			[
				0.0,
				0
			]
		]
	],
	"numeric_frobenius_perron_dimensions":[
		1.0,
		1.0682238192749391e1,
		2.1364476385498783e1,
		2.2364476385498783e1,
		2.6652307264638655e1
	],
	"numeric_frobenius_perron_dimension":1.782066350559412e3,
	"info":"Fusion ring. mult_tab provides structure constants. barcode and formal_code provide unique identifiers see (DOI: 10.1063\/5.0148848). sub_fusion_rings provides tuples where the first element corresponds to the elements of the ring that form the subring isomorphic to the ring identified by the second element of the tuple. software provides doi of original software used to represent fusion ring.",
	"comments":[
		""
	]
}