{
	"references":[
		""
	],
	"software":[
		"https:\/\/doi.org\/10.5281\/zenodo.15920400"
	],
	"mult_tab":[
		[
			[
				1,
				0,
				0,
				0,
				0
			],
			[
				0,
				1,
				0,
				0,
				0
			],
			[
				0,
				0,
				1,
				0,
				0
			],
			[
				0,
				0,
				0,
				1,
				0
			],
			[
				0,
				0,
				0,
				0,
				1
			]
		],
		[
			[
				0,
				1,
				0,
				0,
				0
			],
			[
				1,
				3,
				3,
				3,
				3
			],
			[
				0,
				3,
				3,
				4,
				3
			],
			[
				0,
				3,
				4,
				6,
				6
			],
			[
				0,
				3,
				3,
				6,
				7
			]
		],
		[
			[
				0,
				0,
				1,
				0,
				0
			],
			[
				0,
				3,
				3,
				4,
				3
			],
			[
				1,
				3,
				3,
				4,
				4
			],
			[
				0,
				4,
				4,
				6,
				7
			],
			[
				0,
				3,
				4,
				7,
				7
			]
		],
		[
			[
				0,
				0,
				0,
				1,
				0
			],
			[
				0,
				3,
				4,
				6,
				6
			],
			[
				0,
				4,
				4,
				6,
				7
			],
			[
				1,
				6,
				6,
				10,
				10
			],
			[
				0,
				6,
				7,
				10,
				10
			]
		],
		[
			[
				0,
				0,
				0,
				0,
				1
			],
			[
				0,
				3,
				3,
				6,
				7
			],
			[
				0,
				3,
				4,
				7,
				7
			],
			[
				0,
				6,
				7,
				10,
				10
			],
			[
				1,
				7,
				7,
				10,
				10
			]
		]
	],
	"texnames":[
		"\\text{FR}^{5,10,0}_{238}"
	],
	"barcode":[
		1,
		3,
		5,
		7,
		3,
		5,
		4,
		2,
		4,
		2,
		7,
		5,
		2,
		9,
		3,
		3,
		8,
		1,
		9,
		3,
		4,
		5,
		1,
		1,
		6,
		7,
		9,
		7,
		8,
		9,
		8,
		8,
		5,
		7,
		2,
		1,
		0,
		9,
		6,
		7,
		0,
		9,
		4,
		9,
		5,
		9,
		9,
		3,
		4,
		4,
		4,
		9,
		8,
		1,
		9,
		9,
		8,
		0,
		5,
		2,
		8,
		9,
		1,
		8,
		7,
		6,
		8,
		2,
		0,
		5,
		7,
		3,
		1,
		8,
		9,
		9,
		6,
		7,
		3,
		2,
		8,
		9,
		3,
		6,
		8,
		6,
		5,
		5,
		5,
		8,
		1,
		7,
		2,
		5,
		9,
		4,
		8,
		5,
		0,
		0,
		5,
		9,
		0,
		1,
		3,
		5,
		8,
		1,
		1,
		8,
		1,
		2,
		9,
		8,
		5,
		8,
		2,
		8,
		3,
		3,
		3,
		3,
		3,
		8,
		9,
		0,
		4,
		6,
		5,
		7
	],
	"formal_code":[
		5,
		10,
		0,
		238
	],
	"tensor_product_decompositions":{
		"identifiers":[
			"formal_code"
		],
		"value":[]
	},
	"sub_fusion_rings":{
		"identifiers":[
			"injection",
			"formal_code"
		],
		"value":[]
	},
	"numeric_characters":[
		[
			[
				1.0,
				0
			],
			[
				1.6537138395330615e1,
				0
			],
			[
				1.815517238408051e1,
				0
			],
			[
				2.7757652000305832e1,
				0
			],
			[
				2.8375685989055725e1,
				0
			]
		],
		[
			[
				1.0,
				0
			],
			[
				1.0,
				0
			],
			[
				-1.0,
				0
			],
			[
				-1.0,
				0
			],
			[
				1.0,
				0
			]
		],
		[
			[
				1.0,
				0
			],
			[
				-0.12093990823495285,
				0
			],
			[
				-0.7389738969848477,
				0
			],
			[
				1.0747449738854942,
				0
			],
			[
				-0.5432890148644007,
				0
			]
		],
		[
			[
				1.0,
				0
			],
			[
				-0.8289344628312467,
				0
			],
			[
				0.7890995259186482,
				0
			],
			[
				-0.3412441353070936,
				0
			],
			[
				0.27678985344280127,
				0
			]
		],
		[
			[
				1.0,
				0
			],
			[
				2.412735975735584,
				0
			],
			[
				1.7947019869856888,
				0
			],
			[
				-0.49115283888423233,
				0
			],
			[
				-2.1091868276341272,
				0
			]
		]
	],
	"numeric_frobenius_perron_dimensions":[
		1.0,
		1.6537138395330615e1,
		1.815517238408051e1,
		2.7757652000305832e1,
		2.8375685989055725e1
	],
	"numeric_frobenius_perron_dimension":2.1797540305215734e3,
	"info":"Fusion ring. mult_tab provides structure constants. barcode and formal_code provide unique identifiers see (DOI: 10.1063\/5.0148848). sub_fusion_rings provides tuples where the first element corresponds to the elements of the ring that form the subring isomorphic to the ring identified by the second element of the tuple. software provides doi of original software used to represent fusion ring.",
	"comments":[
		""
	]
}