{
	"references":[
		""
	],
	"software":[
		"https:\/\/doi.org\/10.5281\/zenodo.15920400"
	],
	"mult_tab":[
		[
			[
				1,
				0,
				0,
				0,
				0
			],
			[
				0,
				1,
				0,
				0,
				0
			],
			[
				0,
				0,
				1,
				0,
				0
			],
			[
				0,
				0,
				0,
				1,
				0
			],
			[
				0,
				0,
				0,
				0,
				1
			]
		],
		[
			[
				0,
				1,
				0,
				0,
				0
			],
			[
				1,
				4,
				1,
				2,
				2
			],
			[
				0,
				1,
				3,
				3,
				4
			],
			[
				0,
				2,
				3,
				3,
				4
			],
			[
				0,
				2,
				4,
				4,
				5
			]
		],
		[
			[
				0,
				0,
				1,
				0,
				0
			],
			[
				0,
				1,
				3,
				3,
				4
			],
			[
				1,
				3,
				6,
				6,
				2
			],
			[
				0,
				3,
				6,
				7,
				2
			],
			[
				0,
				4,
				2,
				2,
				12
			]
		],
		[
			[
				0,
				0,
				0,
				1,
				0
			],
			[
				0,
				2,
				3,
				3,
				4
			],
			[
				0,
				3,
				6,
				7,
				2
			],
			[
				1,
				3,
				7,
				7,
				2
			],
			[
				0,
				4,
				2,
				2,
				13
			]
		],
		[
			[
				0,
				0,
				0,
				0,
				1
			],
			[
				0,
				2,
				4,
				4,
				5
			],
			[
				0,
				4,
				2,
				2,
				12
			],
			[
				0,
				4,
				2,
				2,
				13
			],
			[
				1,
				5,
				12,
				13,
				1
			]
		]
	],
	"texnames":[
		"\\text{FR}^{5,13,0}_{368}"
	],
	"barcode":[
		1,
		3,
		1,
		7,
		8,
		8,
		1,
		8,
		6,
		4,
		8,
		7,
		2,
		1,
		4,
		1,
		5,
		3,
		0,
		1,
		5,
		0,
		1,
		5,
		4,
		3,
		3,
		8,
		4,
		9,
		5,
		2,
		4,
		7,
		8,
		6,
		8,
		8,
		1,
		7,
		2,
		7,
		8,
		0,
		2,
		6,
		0,
		0,
		9,
		1,
		7,
		3,
		4,
		9,
		4,
		8,
		8,
		1,
		1,
		0,
		3,
		4,
		8,
		8,
		4,
		3,
		5,
		0,
		6,
		7,
		6,
		3,
		1,
		6,
		5,
		8,
		9,
		6,
		8,
		7,
		7,
		4,
		5,
		8,
		4,
		2,
		8,
		8,
		4,
		5,
		0,
		4,
		6,
		7,
		4,
		5,
		9,
		2,
		5,
		1,
		4,
		0,
		3,
		1,
		2,
		1,
		0,
		9,
		7,
		2,
		4,
		1,
		6,
		2,
		8,
		9,
		6,
		7,
		4,
		3,
		2,
		9,
		0,
		3,
		4,
		7,
		7,
		9,
		8,
		9,
		0,
		7,
		4,
		1,
		2,
		5,
		5,
		1,
		0,
		1,
		8,
		8,
		7
	],
	"formal_code":[
		5,
		13,
		0,
		368
	],
	"tensor_product_decompositions":{
		"identifiers":[
			"formal_code"
		],
		"value":[]
	},
	"sub_fusion_rings":{
		"identifiers":[
			"injection",
			"formal_code"
		],
		"value":[]
	},
	"numeric_characters":[
		[
			[
				1.0,
				0
			],
			[
				1.2227464777763398e1,
				0
			],
			[
				1.720958024931119e1,
				0
			],
			[
				1.820958024931119e1,
				0
			],
			[
				2.298614751622867e1,
				0
			]
		],
		[
			[
				1.0,
				0
			],
			[
				-0.17854135068268112,
				0
			],
			[
				9.445747503116822,
				0
			],
			[
				1.0445747503116822e1,
				0
			],
			[
				-1.5295600046358073e1,
				0
			]
		],
		[
			[
				1.0,
				0
			],
			[
				3.360054354981663,
				0
			],
			[
				-1.17273398930794,
				0
			],
			[
				-0.17273398930794004,
				0
			],
			[
				-0.8160250917857964,
				0
			]
		],
		[
			[
				1.0,
				0
			],
			[
				0.0,
				0
			],
			[
				1.0,
				0
			],
			[
				-1.0,
				0
			],
			[
				0.0,
				0
			]
		],
		[
			[
				1.0,
				0
			],
			[
				-0.4089777820623797,
				0
			],
			[
				-0.4825937631200723,
				0
			],
			[
				0.5174062368799277,
				0
			],
			[
				0.1254776219151995,
				0
			]
		]
	],
	"numeric_frobenius_perron_dimensions":[
		1.0,
		1.2227464777763398e1,
		1.7209580249311188e1,
		1.820958024931119e1,
		2.298614751622867e1
	],
	"numeric_frobenius_perron_dimension":1.3066323377428557e3,
	"info":"Fusion ring. mult_tab provides structure constants. barcode and formal_code provide unique identifiers see (DOI: 10.1063\/5.0148848). sub_fusion_rings provides tuples where the first element corresponds to the elements of the ring that form the subring isomorphic to the ring identified by the second element of the tuple. software provides doi of original software used to represent fusion ring.",
	"comments":[
		""
	]
}