{
	"references":[
		""
	],
	"software":[
		"https:\/\/doi.org\/10.5281\/zenodo.15920400"
	],
	"mult_tab":[
		[
			[
				1,
				0,
				0,
				0,
				0
			],
			[
				0,
				1,
				0,
				0,
				0
			],
			[
				0,
				0,
				1,
				0,
				0
			],
			[
				0,
				0,
				0,
				1,
				0
			],
			[
				0,
				0,
				0,
				0,
				1
			]
		],
		[
			[
				0,
				1,
				0,
				0,
				0
			],
			[
				1,
				0,
				1,
				4,
				2
			],
			[
				0,
				1,
				3,
				2,
				5
			],
			[
				0,
				4,
				2,
				7,
				3
			],
			[
				0,
				2,
				5,
				3,
				7
			]
		],
		[
			[
				0,
				0,
				1,
				0,
				0
			],
			[
				0,
				1,
				3,
				2,
				5
			],
			[
				1,
				3,
				6,
				7,
				2
			],
			[
				0,
				2,
				7,
				3,
				10
			],
			[
				0,
				5,
				2,
				10,
				8
			]
		],
		[
			[
				0,
				0,
				0,
				1,
				0
			],
			[
				0,
				4,
				2,
				7,
				3
			],
			[
				0,
				2,
				7,
				3,
				10
			],
			[
				1,
				7,
				3,
				16,
				5
			],
			[
				0,
				3,
				10,
				5,
				15
			]
		],
		[
			[
				0,
				0,
				0,
				0,
				1
			],
			[
				0,
				2,
				5,
				3,
				7
			],
			[
				0,
				5,
				2,
				10,
				8
			],
			[
				0,
				3,
				10,
				5,
				15
			],
			[
				1,
				7,
				8,
				15,
				9
			]
		]
	],
	"texnames":[
		"\\text{FR}^{5,16,0}_{492}"
	],
	"barcode":[
		3,
		7,
		6,
		4,
		1,
		4,
		4,
		3,
		4,
		3,
		0,
		6,
		5,
		8,
		9,
		6,
		9,
		9,
		4,
		3,
		9,
		0,
		0,
		0,
		5,
		8,
		2,
		8,
		2,
		6,
		5,
		5,
		9,
		0,
		2,
		3,
		0,
		6,
		0,
		2,
		8,
		9,
		4,
		0,
		8,
		4,
		4,
		5,
		3,
		8,
		4,
		2,
		0,
		9,
		7,
		5,
		1,
		5,
		1,
		4,
		7,
		8,
		9,
		4,
		3,
		0,
		1,
		9,
		9,
		0,
		0,
		0,
		0,
		9,
		2,
		2,
		5,
		9,
		2,
		1,
		3,
		3,
		9,
		6,
		6,
		8,
		4,
		3,
		4,
		3,
		8,
		1,
		4,
		7,
		8,
		7,
		8,
		3,
		5,
		4,
		9,
		9,
		6,
		9,
		7,
		3,
		1,
		8,
		3,
		5,
		5,
		4,
		2,
		8,
		2,
		6,
		4,
		4,
		6,
		1,
		3,
		6,
		0,
		6,
		9,
		5,
		6,
		5,
		0,
		9,
		7,
		6,
		4,
		2,
		9,
		4,
		4,
		2,
		4,
		8,
		0,
		2,
		7,
		6,
		3,
		9,
		8,
		2,
		5,
		7,
		2,
		2,
		0
	],
	"formal_code":[
		5,
		16,
		0,
		492
	],
	"tensor_product_decompositions":{
		"identifiers":[
			"formal_code"
		],
		"value":[]
	},
	"sub_fusion_rings":{
		"identifiers":[
			"injection",
			"formal_code"
		],
		"value":[]
	},
	"numeric_characters":[
		[
			[
				1.0,
				0
			],
			[
				1.3889331324938311e1,
				0
			],
			[
				2.047630240814343e1,
				0
			],
			[
				2.743864321343191e1,
				0
			],
			[
				3.084132469602078e1,
				0
			]
		],
		[
			[
				1.0,
				0
			],
			[
				5.360217596986441,
				0
			],
			[
				-7.0914607801977345,
				0
			],
			[
				1.3644511473356303e1,
				0
			],
			[
				-9.877326213092188,
				0
			]
		],
		[
			[
				1.0,
				0
			],
			[
				-0.3680119267436435,
				0
			],
			[
				4.937199471700657,
				0
			],
			[
				0.21951475562110812,
				0
			],
			[
				-3.3399128579797606,
				0
			]
		],
		[
			[
				1.0,
				0
			],
			[
				-2.253974336121044,
				0
			],
			[
				-0.20808345923677146,
				0
			],
			[
				0.9217462408875433,
				0
			],
			[
				0.3007494017894487,
				0
			]
		],
		[
			[
				1.0,
				0
			],
			[
				0.3724373409399344,
				0
			],
			[
				-0.11395764040958106,
				0
			],
			[
				-0.2244156832968625,
				0
			],
			[
				7.516497326172004e-2,
				0
			]
		]
	],
	"numeric_frobenius_perron_dimensions":[
		1.0,
		1.3889331324938311e1,
		2.047630240814343e1,
		2.743864321343191e1,
		3.084132469602078e1
	],
	"numeric_frobenius_perron_dimension":2.3172589353630474e3,
	"info":"Fusion ring. mult_tab provides structure constants. barcode and formal_code provide unique identifiers see (DOI: 10.1063\/5.0148848). sub_fusion_rings provides tuples where the first element corresponds to the elements of the ring that form the subring isomorphic to the ring identified by the second element of the tuple. software provides doi of original software used to represent fusion ring.",
	"comments":[
		""
	]
}