{
	"references":[
		""
	],
	"software":[
		"https:\/\/doi.org\/10.5281\/zenodo.15920400"
	],
	"mult_tab":[
		[
			[
				1,
				0,
				0,
				0,
				0
			],
			[
				0,
				1,
				0,
				0,
				0
			],
			[
				0,
				0,
				1,
				0,
				0
			],
			[
				0,
				0,
				0,
				1,
				0
			],
			[
				0,
				0,
				0,
				0,
				1
			]
		],
		[
			[
				0,
				1,
				0,
				0,
				0
			],
			[
				1,
				5,
				1,
				1,
				0
			],
			[
				0,
				1,
				2,
				3,
				2
			],
			[
				0,
				1,
				3,
				5,
				0
			],
			[
				0,
				0,
				2,
				0,
				7
			]
		],
		[
			[
				0,
				0,
				1,
				0,
				0
			],
			[
				0,
				1,
				2,
				3,
				2
			],
			[
				1,
				2,
				4,
				3,
				4
			],
			[
				0,
				3,
				3,
				4,
				4
			],
			[
				0,
				2,
				4,
				4,
				7
			]
		],
		[
			[
				0,
				0,
				0,
				1,
				0
			],
			[
				0,
				1,
				3,
				5,
				0
			],
			[
				0,
				3,
				3,
				4,
				4
			],
			[
				1,
				5,
				4,
				5,
				2
			],
			[
				0,
				0,
				4,
				2,
				10
			]
		],
		[
			[
				0,
				0,
				0,
				0,
				1
			],
			[
				0,
				0,
				2,
				0,
				7
			],
			[
				0,
				2,
				4,
				4,
				7
			],
			[
				0,
				0,
				4,
				2,
				10
			],
			[
				1,
				7,
				7,
				10,
				3
			]
		]
	],
	"texnames":[
		"\\text{FR}^{5,10,0}_{647}"
	],
	"barcode":[
		1,
		3,
		5,
		7,
		3,
		5,
		4,
		2,
		4,
		2,
		7,
		5,
		2,
		9,
		3,
		3,
		8,
		1,
		9,
		3,
		4,
		5,
		1,
		1,
		6,
		7,
		9,
		7,
		8,
		9,
		8,
		8,
		1,
		8,
		5,
		0,
		0,
		0,
		2,
		7,
		2,
		2,
		2,
		7,
		4,
		0,
		5,
		5,
		4,
		4,
		4,
		3,
		3,
		6,
		0,
		2,
		4,
		0,
		7,
		3,
		6,
		8,
		0,
		3,
		0,
		6,
		6,
		2,
		8,
		1,
		8,
		8,
		8,
		2,
		5,
		1,
		1,
		1,
		4,
		1,
		3,
		0,
		5,
		7,
		7,
		0,
		7,
		2,
		0,
		1,
		3,
		8,
		9,
		6,
		2,
		8,
		5,
		3,
		7,
		0,
		7,
		5,
		5,
		6,
		8,
		9,
		4,
		7,
		0,
		7,
		5,
		0,
		9,
		2,
		9,
		2,
		6,
		3,
		3,
		4,
		8,
		2,
		8,
		1,
		9,
		5,
		1,
		9,
		7,
		2
	],
	"formal_code":[
		5,
		10,
		0,
		647
	],
	"tensor_product_decompositions":{
		"identifiers":[
			"formal_code"
		],
		"value":[]
	},
	"sub_fusion_rings":{
		"identifiers":[
			"injection",
			"formal_code"
		],
		"value":[]
	},
	"numeric_characters":[
		[
			[
				1.0,
				0
			],
			[
				8.46524831243946,
				0
			],
			[
				1.3877231395402886e1,
				0
			],
			[
				1.445695603365894e1,
				0
			],
			[
				1.894181522352206e1,
				0
			]
		],
		[
			[
				1.0,
				0
			],
			[
				6.619259771232553,
				0
			],
			[
				1.9737348917718338,
				0
			],
			[
				7.744566171123034,
				0
			],
			[
				-1.0367882049980992e1,
				0
			]
		],
		[
			[
				1.0,
				0
			],
			[
				4.403640630172085,
				0
			],
			[
				-0.9323984088981813,
				0
			],
			[
				-2.6937539422598444,
				0
			],
			[
				0.7182352487359869,
				0
			]
		],
		[
			[
				1.0,
				0
			],
			[
				-0.3270674487038771,
				0
			],
			[
				1.5587300257913368,
				0
			],
			[
				-0.8164196662702878,
				0
			],
			[
				-0.425471728410817,
				0
			]
		],
		[
			[
				1.0,
				0
			],
			[
				-0.16108126514022167,
				0
			],
			[
				-0.47729790406787487,
				0
			],
			[
				0.3086514037481575,
				0
			],
			[
				0.1333033061337641,
				0
			]
		]
	],
	"numeric_frobenius_perron_dimensions":[
		1.0,
		8.46524831243947,
		1.3877231395402886e1,
		1.4456956033658942e1,
		1.894181522352206e1
	],
	"numeric_frobenius_perron_dimension":8.330339219140145e2,
	"info":"Fusion ring. mult_tab provides structure constants. barcode and formal_code provide unique identifiers see (DOI: 10.1063\/5.0148848). sub_fusion_rings provides tuples where the first element corresponds to the elements of the ring that form the subring isomorphic to the ring identified by the second element of the tuple. software provides doi of original software used to represent fusion ring.",
	"comments":[
		""
	]
}