{
	"references":[
		""
	],
	"software":[
		"https:\/\/doi.org\/10.5281\/zenodo.15920400"
	],
	"mult_tab":[
		[
			[
				1,
				0,
				0,
				0,
				0
			],
			[
				0,
				1,
				0,
				0,
				0
			],
			[
				0,
				0,
				1,
				0,
				0
			],
			[
				0,
				0,
				0,
				1,
				0
			],
			[
				0,
				0,
				0,
				0,
				1
			]
		],
		[
			[
				0,
				1,
				0,
				0,
				0
			],
			[
				1,
				1,
				3,
				1,
				1
			],
			[
				0,
				3,
				3,
				3,
				4
			],
			[
				0,
				1,
				3,
				4,
				4
			],
			[
				0,
				1,
				4,
				4,
				5
			]
		],
		[
			[
				0,
				0,
				1,
				0,
				0
			],
			[
				0,
				3,
				3,
				3,
				4
			],
			[
				1,
				3,
				8,
				7,
				8
			],
			[
				0,
				3,
				7,
				7,
				9
			],
			[
				0,
				4,
				8,
				9,
				10
			]
		],
		[
			[
				0,
				0,
				0,
				1,
				0
			],
			[
				0,
				1,
				3,
				4,
				4
			],
			[
				0,
				3,
				7,
				7,
				9
			],
			[
				1,
				4,
				7,
				9,
				7
			],
			[
				0,
				4,
				9,
				7,
				11
			]
		],
		[
			[
				0,
				0,
				0,
				0,
				1
			],
			[
				0,
				1,
				4,
				4,
				5
			],
			[
				0,
				4,
				8,
				9,
				10
			],
			[
				0,
				4,
				9,
				7,
				11
			],
			[
				1,
				5,
				10,
				11,
				11
			]
		]
	],
	"texnames":[
		"\\text{FR}^{5,11,0}_{1080}"
	],
	"barcode":[
		6,
		5,
		8,
		3,
		7,
		7,
		0,
		0,
		7,
		1,
		1,
		6,
		2,
		1,
		8,
		2,
		3,
		4,
		2,
		2,
		0,
		4,
		1,
		2,
		6,
		8,
		4,
		4,
		3,
		7,
		1,
		5,
		4,
		6,
		7,
		3,
		0,
		6,
		8,
		7,
		5,
		3,
		8,
		9,
		5,
		2,
		3,
		8,
		8,
		4,
		9,
		4,
		9,
		2,
		7,
		9,
		6,
		4,
		9,
		4,
		6,
		9,
		4,
		5,
		0,
		8,
		5,
		7,
		3,
		3,
		4,
		8,
		9,
		2,
		2,
		6,
		3,
		2,
		6,
		2,
		3,
		2,
		2,
		0,
		5,
		7,
		0,
		6,
		5,
		7,
		0,
		8,
		2,
		8,
		5,
		8,
		0,
		1,
		0,
		2,
		5,
		7,
		8,
		8,
		8,
		3,
		0,
		6,
		4,
		4,
		8,
		8,
		4,
		7,
		6,
		4,
		1,
		8,
		0,
		8,
		4,
		7,
		5,
		3,
		3,
		4,
		6,
		5,
		4,
		6,
		6,
		2,
		3,
		7
	],
	"formal_code":[
		5,
		11,
		0,
		1080
	],
	"tensor_product_decompositions":{
		"identifiers":[
			"formal_code"
		],
		"value":[]
	},
	"sub_fusion_rings":{
		"identifiers":[
			"injection",
			"formal_code"
		],
		"value":[]
	},
	"numeric_characters":[
		[
			[
				1.0,
				0
			],
			[
				1.2163547107807402e1,
				0
			],
			[
				2.5965932277873357e1,
				0
			],
			[
				2.61127349066823e1,
				0
			],
			[
				3.0777799395740047e1,
				0
			]
		],
		[
			[
				1.0,
				0
			],
			[
				0.5485435147121702,
				0
			],
			[
				-0.6929928465409105,
				0
			],
			[
				3.272128785999091,
				0
			],
			[
				-2.4407937735557486,
				0
			]
		],
		[
			[
				1.0,
				0
			],
			[
				2.246241637518806,
				0
			],
			[
				1.3442757562260517,
				0
			],
			[
				-1.1818856430026377,
				0
			],
			[
				-1.0515817690711557,
				0
			]
		],
		[
			[
				1.0,
				0
			],
			[
				-1.9236468482291267,
				0
			],
			[
				1.8154470374556027,
				0
			],
			[
				-0.12142873033550984,
				0
			],
			[
				-0.7008483371003185,
				0
			]
		],
		[
			[
				1.0,
				0
			],
			[
				-3.4685411809251936e-2,
				0
			],
			[
				-0.4326622250141021,
				0
			],
			[
				-8.154931934324072e-2,
				0
			],
			[
				0.4154244839871764,
				0
			]
		]
	],
	"numeric_frobenius_perron_dimensions":[
		1.0,
		1.2163547107807402e1,
		2.5965932277873357e1,
		2.61127349066823e1,
		3.0777799395740047e1
	],
	"numeric_frobenius_perron_dimension":2.4523293772540355e3,
	"info":"Fusion ring. mult_tab provides structure constants. barcode and formal_code provide unique identifiers see (DOI: 10.1063\/5.0148848). sub_fusion_rings provides tuples where the first element corresponds to the elements of the ring that form the subring isomorphic to the ring identified by the second element of the tuple. software provides doi of original software used to represent fusion ring.",
	"comments":[
		""
	]
}