{
	"references":[
		""
	],
	"software":[
		"https:\/\/doi.org\/10.5281\/zenodo.15920400"
	],
	"mult_tab":[
		[
			[
				1,
				0,
				0,
				0,
				0
			],
			[
				0,
				1,
				0,
				0,
				0
			],
			[
				0,
				0,
				1,
				0,
				0
			],
			[
				0,
				0,
				0,
				1,
				0
			],
			[
				0,
				0,
				0,
				0,
				1
			]
		],
		[
			[
				0,
				1,
				0,
				0,
				0
			],
			[
				1,
				5,
				1,
				1,
				1
			],
			[
				0,
				1,
				7,
				3,
				2
			],
			[
				0,
				1,
				3,
				4,
				5
			],
			[
				0,
				1,
				2,
				5,
				6
			]
		],
		[
			[
				0,
				0,
				1,
				0,
				0
			],
			[
				0,
				1,
				7,
				3,
				2
			],
			[
				1,
				7,
				12,
				8,
				7
			],
			[
				0,
				3,
				8,
				9,
				12
			],
			[
				0,
				2,
				7,
				12,
				13
			]
		],
		[
			[
				0,
				0,
				0,
				1,
				0
			],
			[
				0,
				1,
				3,
				4,
				5
			],
			[
				0,
				3,
				8,
				9,
				12
			],
			[
				1,
				4,
				9,
				14,
				7
			],
			[
				0,
				5,
				12,
				7,
				13
			]
		],
		[
			[
				0,
				0,
				0,
				0,
				1
			],
			[
				0,
				1,
				2,
				5,
				6
			],
			[
				0,
				2,
				7,
				12,
				13
			],
			[
				0,
				5,
				12,
				7,
				13
			],
			[
				1,
				6,
				13,
				13,
				9
			]
		]
	],
	"texnames":[
		"\\text{FR}^{5,14,0}_{918}"
	],
	"barcode":[
		6,
		8,
		4,
		4,
		0,
		9,
		7,
		0,
		7,
		8,
		0,
		3,
		0,
		6,
		8,
		2,
		0,
		8,
		2,
		8,
		2,
		7,
		0,
		4,
		7,
		6,
		6,
		1,
		8,
		9,
		7,
		5,
		4,
		7,
		1,
		1,
		9,
		7,
		1,
		0,
		8,
		2,
		5,
		2,
		7,
		8,
		7,
		6,
		3,
		7,
		8,
		6,
		8,
		8,
		1,
		7,
		8,
		2,
		2,
		6,
		5,
		3,
		3,
		6,
		7,
		5,
		7,
		3,
		9,
		7,
		2,
		6,
		8,
		5,
		9,
		5,
		0,
		1,
		7,
		9,
		9,
		5,
		3,
		0,
		8,
		2,
		4,
		6,
		2,
		8,
		3,
		7,
		3,
		0,
		8,
		4,
		7,
		7,
		6,
		7,
		4,
		2,
		2,
		4,
		6,
		0,
		8,
		2,
		5,
		0,
		8,
		5,
		4,
		7,
		2,
		5,
		0,
		9,
		9,
		1,
		7,
		5,
		4,
		7,
		6,
		2,
		0,
		7,
		8,
		5,
		9,
		9,
		4,
		5,
		6,
		0,
		7,
		1,
		6,
		0,
		8,
		7,
		6,
		1,
		2,
		0
	],
	"formal_code":[
		5,
		14,
		0,
		918
	],
	"tensor_product_decompositions":{
		"identifiers":[
			"formal_code"
		],
		"value":[]
	},
	"sub_fusion_rings":{
		"identifiers":[
			"injection",
			"formal_code"
		],
		"value":[]
	},
	"numeric_characters":[
		[
			[
				1.0,
				0
			],
			[
				1.2746942474557493e1,
				0
			],
			[
				3.1007836275659916e1,
				0
			],
			[
				3.1969321259696073e1,
				0
			],
			[
				3.477267254153443e1,
				0
			]
		],
		[
			[
				1.0,
				0
			],
			[
				4.957934759206949,
				0
			],
			[
				8.033254392980476,
				0
			],
			[
				-2.878742100634951,
				0
			],
			[
				-6.363069011827805,
				0
			]
		],
		[
			[
				1.0,
				0
			],
			[
				-0.2809772737026537,
				0
			],
			[
				-1.464515222355426,
				0
			],
			[
				7.047379686251959,
				0
			],
			[
				-5.099029867045888,
				0
			]
		],
		[
			[
				1.0,
				0
			],
			[
				4.776528114876817,
				0
			],
			[
				-2.6143227920261816,
				0
			],
			[
				-5.74609878714173e-2,
				0
			],
			[
				0.6043640377221953,
				0
			]
		],
		[
			[
				1.0,
				0
			],
			[
				-0.20042807493860454,
				0
			],
			[
				3.774734574121563e-2,
				0
			],
			[
				-8.049785744166256e-2,
				0
			],
			[
				8.50622996170645e-2,
				0
			]
		]
	],
	"numeric_frobenius_perron_dimensions":[
		1.0,
		1.2746942474557493e1,
		3.1007836275659916e1,
		3.1969321259696073e1,
		3.477267254153443e1
	],
	"numeric_frobenius_perron_dimension":3.356146710434247e3,
	"info":"Fusion ring. mult_tab provides structure constants. barcode and formal_code provide unique identifiers see (DOI: 10.1063\/5.0148848). sub_fusion_rings provides tuples where the first element corresponds to the elements of the ring that form the subring isomorphic to the ring identified by the second element of the tuple. software provides doi of original software used to represent fusion ring.",
	"comments":[
		""
	]
}