{
	"references":[
		""
	],
	"software":[
		"https:\/\/doi.org\/10.5281\/zenodo.15920400"
	],
	"mult_tab":[
		[
			[
				1,
				0,
				0,
				0,
				0
			],
			[
				0,
				1,
				0,
				0,
				0
			],
			[
				0,
				0,
				1,
				0,
				0
			],
			[
				0,
				0,
				0,
				1,
				0
			],
			[
				0,
				0,
				0,
				0,
				1
			]
		],
		[
			[
				0,
				1,
				0,
				0,
				0
			],
			[
				1,
				1,
				0,
				2,
				7
			],
			[
				0,
				0,
				5,
				4,
				6
			],
			[
				0,
				2,
				4,
				6,
				6
			],
			[
				0,
				7,
				6,
				6,
				4
			]
		],
		[
			[
				0,
				0,
				1,
				0,
				0
			],
			[
				0,
				0,
				5,
				4,
				6
			],
			[
				1,
				5,
				5,
				4,
				9
			],
			[
				0,
				4,
				4,
				10,
				8
			],
			[
				0,
				6,
				9,
				8,
				8
			]
		],
		[
			[
				0,
				0,
				0,
				1,
				0
			],
			[
				0,
				2,
				4,
				6,
				6
			],
			[
				0,
				4,
				4,
				10,
				8
			],
			[
				1,
				6,
				10,
				4,
				11
			],
			[
				0,
				6,
				8,
				11,
				10
			]
		],
		[
			[
				0,
				0,
				0,
				0,
				1
			],
			[
				0,
				7,
				6,
				6,
				4
			],
			[
				0,
				6,
				9,
				8,
				8
			],
			[
				0,
				6,
				8,
				11,
				10
			],
			[
				1,
				4,
				8,
				10,
				16
			]
		]
	],
	"texnames":[
		"\\text{FR}^{5,16,0}_{266}"
	],
	"barcode":[
		3,
		7,
		6,
		4,
		1,
		4,
		4,
		3,
		4,
		3,
		0,
		6,
		5,
		8,
		9,
		6,
		9,
		9,
		4,
		3,
		9,
		0,
		0,
		0,
		5,
		8,
		2,
		8,
		2,
		6,
		5,
		5,
		9,
		0,
		2,
		3,
		0,
		6,
		0,
		8,
		3,
		0,
		1,
		1,
		3,
		5,
		6,
		1,
		5,
		2,
		1,
		5,
		3,
		7,
		3,
		6,
		6,
		2,
		1,
		4,
		8,
		7,
		5,
		6,
		0,
		4,
		5,
		1,
		0,
		7,
		2,
		7,
		4,
		5,
		8,
		5,
		6,
		7,
		0,
		8,
		0,
		7,
		4,
		5,
		9,
		9,
		5,
		8,
		3,
		4,
		9,
		8,
		0,
		4,
		1,
		6,
		5,
		1,
		0,
		6,
		3,
		2,
		7,
		4,
		0,
		5,
		8,
		7,
		9,
		2,
		5,
		4,
		4,
		2,
		8,
		0,
		7,
		1,
		8,
		4,
		7,
		0,
		5,
		6,
		9,
		0,
		5,
		1,
		4,
		1,
		0,
		1,
		3,
		2,
		1,
		3,
		2,
		1,
		7,
		6,
		9,
		4,
		0,
		5,
		9,
		1,
		4,
		5,
		6,
		3,
		0,
		8,
		3
	],
	"formal_code":[
		5,
		16,
		0,
		266
	],
	"tensor_product_decompositions":{
		"identifiers":[
			"formal_code"
		],
		"value":[]
	},
	"sub_fusion_rings":{
		"identifiers":[
			"injection",
			"formal_code"
		],
		"value":[]
	},
	"numeric_characters":[
		[
			[
				1.0,
				0
			],
			[
				1.7527269501067188e1,
				0
			],
			[
				2.5023750028216135e1,
				0
			],
			[
				2.8892961483985697e1,
				0
			],
			[
				3.298456909914307e1,
				0
			]
		],
		[
			[
				1.0,
				0
			],
			[
				-6.348348712412908,
				0
			],
			[
				-3.1889120297649347,
				0
			],
			[
				-1.2860675269986672,
				0
			],
			[
				6.888859305829266,
				0
			]
		],
		[
			[
				1.0,
				0
			],
			[
				1.3648198154003182,
				0
			],
			[
				4.414915393600059,
				0
			],
			[
				-6.833160660446721,
				0
			],
			[
				1.8806049477146403,
				0
			]
		],
		[
			[
				1.0,
				0
			],
			[
				3.552642623115394,
				0
			],
			[
				-3.3381846228957994,
				0
			],
			[
				-0.911933683206754,
				0
			],
			[
				1.4132134786963346,
				0
			]
		],
		[
			[
				1.0,
				0
			],
			[
				-9.63832271699941e-2,
				0
			],
			[
				8.843123084453873e-2,
				0
			],
			[
				0.13820038666644277,
				0
			],
			[
				-0.16724683138331267,
				0
			]
		]
	],
	"numeric_frobenius_perron_dimensions":[
		1.0,
		1.7527269501067188e1,
		2.5023750028216135e1,
		2.88929614839857e1,
		3.298456909914307e1
	],
	"numeric_frobenius_perron_dimension":2.8571782636089124e3,
	"info":"Fusion ring. mult_tab provides structure constants. barcode and formal_code provide unique identifiers see (DOI: 10.1063\/5.0148848). sub_fusion_rings provides tuples where the first element corresponds to the elements of the ring that form the subring isomorphic to the ring identified by the second element of the tuple. software provides doi of original software used to represent fusion ring.",
	"comments":[
		""
	]
}