{
	"references":[
		""
	],
	"software":[
		"https:\/\/doi.org\/10.5281\/zenodo.15920400"
	],
	"mult_tab":[
		[
			[
				1,
				0,
				0,
				0,
				0
			],
			[
				0,
				1,
				0,
				0,
				0
			],
			[
				0,
				0,
				1,
				0,
				0
			],
			[
				0,
				0,
				0,
				1,
				0
			],
			[
				0,
				0,
				0,
				0,
				1
			]
		],
		[
			[
				0,
				1,
				0,
				0,
				0
			],
			[
				1,
				0,
				0,
				0,
				0
			],
			[
				0,
				0,
				1,
				0,
				0
			],
			[
				0,
				0,
				0,
				1,
				0
			],
			[
				0,
				0,
				0,
				0,
				1
			]
		],
		[
			[
				0,
				0,
				1,
				0,
				0
			],
			[
				0,
				0,
				1,
				0,
				0
			],
			[
				1,
				1,
				11,
				4,
				5
			],
			[
				0,
				0,
				4,
				8,
				9
			],
			[
				0,
				0,
				5,
				9,
				10
			]
		],
		[
			[
				0,
				0,
				0,
				1,
				0
			],
			[
				0,
				0,
				0,
				1,
				0
			],
			[
				0,
				0,
				4,
				8,
				9
			],
			[
				1,
				1,
				8,
				9,
				7
			],
			[
				0,
				0,
				9,
				7,
				11
			]
		],
		[
			[
				0,
				0,
				0,
				0,
				1
			],
			[
				0,
				0,
				0,
				0,
				1
			],
			[
				0,
				0,
				5,
				9,
				10
			],
			[
				0,
				0,
				9,
				7,
				11
			],
			[
				1,
				1,
				10,
				11,
				10
			]
		]
	],
	"texnames":[
		"\\text{FR}^{5,11,0}_{1419}"
	],
	"barcode":[
		6,
		5,
		8,
		3,
		7,
		7,
		0,
		0,
		7,
		1,
		1,
		6,
		2,
		1,
		8,
		2,
		3,
		4,
		2,
		2,
		0,
		4,
		1,
		2,
		6,
		8,
		4,
		4,
		3,
		7,
		1,
		5,
		2,
		4,
		4,
		6,
		2,
		9,
		7,
		6,
		2,
		5,
		1,
		1,
		6,
		9,
		4,
		5,
		8,
		7,
		0,
		1,
		4,
		6,
		6,
		7,
		9,
		8,
		0,
		8,
		4,
		3,
		8,
		0,
		1,
		9,
		0,
		1,
		1,
		7,
		4,
		2,
		8,
		4,
		8,
		8,
		1,
		4,
		1,
		9,
		0,
		9,
		7,
		4,
		0,
		4,
		6,
		4,
		3,
		7,
		7,
		7,
		6,
		8,
		5,
		0,
		9,
		4,
		1,
		3,
		0,
		6,
		8,
		9,
		6,
		4,
		5,
		5,
		5,
		6,
		7,
		5,
		3,
		8,
		3,
		3,
		8,
		4,
		9,
		3,
		1,
		4,
		1,
		6,
		4,
		9,
		9,
		0,
		9,
		2,
		3,
		2,
		4,
		6
	],
	"formal_code":[
		5,
		11,
		0,
		1419
	],
	"tensor_product_decompositions":{
		"identifiers":[
			"formal_code"
		],
		"value":[]
	},
	"sub_fusion_rings":{
		"identifiers":[
			"injection",
			"formal_code"
		],
		"value":[
			[
				[
					1,
					2
				],
				[
					2,
					1,
					0,
					1
				]
			]
		]
	},
	"numeric_characters":[
		[
			[
				1.0,
				0
			],
			[
				1.0,
				0
			],
			[
				2.1854948677643325e1,
				0
			],
			[
				2.4262306490446242e1,
				0
			],
			[
				2.7637024057312434e1,
				0
			]
		],
		[
			[
				1.0,
				0
			],
			[
				1.0,
				0
			],
			[
				-5.123874562263339e-2,
				0
			],
			[
				3.2725273575622333,
				0
			],
			[
				-2.904771563869397,
				0
			]
		],
		[
			[
				1.0,
				0
			],
			[
				1.0,
				0
			],
			[
				-0.24016823600762982,
				0
			],
			[
				-0.2869569800773956,
				0
			],
			[
				0.36947185959610546,
				0
			]
		],
		[
			[
				1.0,
				0
			],
			[
				-1.0,
				0
			],
			[
				0.0,
				0
			],
			[
				0.0,
				0
			],
			[
				0.0,
				0
			]
		],
		[
			[
				1.0,
				0
			],
			[
				1.0,
				0
			],
			[
				7.436458303986939,
				0
			],
			[
				-3.247876867931079,
				0
			],
			[
				-3.1017243530391427,
				0
			]
		]
	],
	"numeric_frobenius_perron_dimensions":[
		1.0,
		1.0,
		2.1854948677643325e1,
		2.4262306490446242e1,
		2.7637024057312434e1
	],
	"numeric_frobenius_perron_dimension":1.83210339668324e3,
	"info":"Fusion ring. mult_tab provides structure constants. barcode and formal_code provide unique identifiers see (DOI: 10.1063\/5.0148848). sub_fusion_rings provides tuples where the first element corresponds to the elements of the ring that form the subring isomorphic to the ring identified by the second element of the tuple. software provides doi of original software used to represent fusion ring.",
	"comments":[
		""
	]
}