{
	"references":[
		""
	],
	"software":[
		"https:\/\/doi.org\/10.5281\/zenodo.15920400"
	],
	"mult_tab":[
		[
			[
				1,
				0,
				0,
				0,
				0
			],
			[
				0,
				1,
				0,
				0,
				0
			],
			[
				0,
				0,
				1,
				0,
				0
			],
			[
				0,
				0,
				0,
				1,
				0
			],
			[
				0,
				0,
				0,
				0,
				1
			]
		],
		[
			[
				0,
				1,
				0,
				0,
				0
			],
			[
				1,
				0,
				0,
				0,
				0
			],
			[
				0,
				0,
				0,
				1,
				0
			],
			[
				0,
				0,
				1,
				0,
				0
			],
			[
				0,
				0,
				0,
				0,
				1
			]
		],
		[
			[
				0,
				0,
				1,
				0,
				0
			],
			[
				0,
				0,
				0,
				1,
				0
			],
			[
				1,
				0,
				1,
				8,
				5
			],
			[
				0,
				1,
				8,
				1,
				5
			],
			[
				0,
				0,
				5,
				5,
				7
			]
		],
		[
			[
				0,
				0,
				0,
				1,
				0
			],
			[
				0,
				0,
				1,
				0,
				0
			],
			[
				0,
				1,
				8,
				1,
				5
			],
			[
				1,
				0,
				1,
				8,
				5
			],
			[
				0,
				0,
				5,
				5,
				7
			]
		],
		[
			[
				0,
				0,
				0,
				0,
				1
			],
			[
				0,
				0,
				0,
				0,
				1
			],
			[
				0,
				0,
				5,
				5,
				7
			],
			[
				0,
				0,
				5,
				5,
				7
			],
			[
				1,
				1,
				7,
				7,
				7
			]
		]
	],
	"texnames":[
		"\\text{FR}^{5,8,0}_{534}"
	],
	"barcode":[
		2,
		1,
		1,
		8,
		7,
		1,
		2,
		2,
		9,
		9,
		1,
		3,
		9,
		8,
		3,
		2,
		0,
		3,
		2,
		5,
		8,
		3,
		1,
		9,
		3,
		6,
		7,
		6,
		1,
		7,
		2,
		7,
		8,
		8,
		4,
		4,
		9,
		7,
		8,
		7,
		7,
		1,
		8,
		5,
		6,
		7,
		4,
		1,
		1,
		2,
		6,
		7,
		9,
		0,
		2,
		6,
		2,
		2,
		5,
		4,
		6,
		1,
		9,
		1,
		3,
		6,
		6,
		6,
		4,
		1,
		4,
		0,
		7,
		4,
		5,
		8,
		3,
		4,
		8,
		0,
		7,
		0,
		1,
		0,
		2,
		0,
		1,
		8,
		1,
		5,
		0,
		7,
		4,
		1,
		5,
		3,
		5,
		5,
		5,
		5,
		2,
		0,
		9,
		9,
		6,
		4,
		1,
		7,
		0,
		6,
		4,
		0,
		3,
		1,
		9,
		2,
		5,
		3,
		5
	],
	"formal_code":[
		5,
		8,
		0,
		534
	],
	"tensor_product_decompositions":{
		"identifiers":[
			"formal_code"
		],
		"value":[]
	},
	"sub_fusion_rings":{
		"identifiers":[
			"injection",
			"formal_code"
		],
		"value":[
			[
				[
					1,
					2
				],
				[
					2,
					1,
					0,
					1
				]
			]
		]
	},
	"numeric_characters":[
		[
			[
				1.0,
				0
			],
			[
				1.0,
				0
			],
			[
				1.5179055525446737e1,
				0
			],
			[
				1.5179055525446737e1,
				0
			],
			[
				1.8558445383114897e1,
				0
			]
		],
		[
			[
				1.0,
				0
			],
			[
				1.0,
				0
			],
			[
				1.2039766292793241,
				0
			],
			[
				1.2039766292793241,
				0
			],
			[
				-2.077245987932623,
				0
			]
		],
		[
			[
				1.0,
				0
			],
			[
				1.0,
				0
			],
			[
				-0.3830321547260607,
				0
			],
			[
				-0.3830321547260607,
				0
			],
			[
				0.5188006048177272,
				0
			]
		],
		[
			[
				1.0,
				0
			],
			[
				-1.0,
				0
			],
			[
				0.14005494464025903,
				0
			],
			[
				-0.14005494464025903,
				0
			],
			[
				0.0,
				0
			]
		],
		[
			[
				1.0,
				0
			],
			[
				-1.0,
				0
			],
			[
				-7.140054944640259,
				0
			],
			[
				7.140054944640259,
				0
			],
			[
				0.0,
				0
			]
		]
	],
	"numeric_frobenius_perron_dimensions":[
		1.0,
		1.0,
		1.5179055525446737e1,
		1.5179055525446737e1,
		1.8558445383114897e1
	],
	"numeric_frobenius_perron_dimension":8.072233483272489e2,
	"info":"Fusion ring. mult_tab provides structure constants. barcode and formal_code provide unique identifiers see (DOI: 10.1063\/5.0148848). sub_fusion_rings provides tuples where the first element corresponds to the elements of the ring that form the subring isomorphic to the ring identified by the second element of the tuple. software provides doi of original software used to represent fusion ring.",
	"comments":[
		""
	]
}