{
	"references":[
		""
	],
	"software":[
		"https:\/\/doi.org\/10.5281\/zenodo.15920400"
	],
	"mult_tab":[
		[
			[
				1,
				0,
				0,
				0,
				0
			],
			[
				0,
				1,
				0,
				0,
				0
			],
			[
				0,
				0,
				1,
				0,
				0
			],
			[
				0,
				0,
				0,
				1,
				0
			],
			[
				0,
				0,
				0,
				0,
				1
			]
		],
		[
			[
				0,
				1,
				0,
				0,
				0
			],
			[
				1,
				1,
				1,
				1,
				1
			],
			[
				0,
				1,
				2,
				1,
				1
			],
			[
				0,
				1,
				1,
				1,
				3
			],
			[
				0,
				1,
				1,
				3,
				4
			]
		],
		[
			[
				0,
				0,
				1,
				0,
				0
			],
			[
				0,
				1,
				2,
				1,
				1
			],
			[
				1,
				2,
				2,
				1,
				1
			],
			[
				0,
				1,
				1,
				2,
				3
			],
			[
				0,
				1,
				1,
				3,
				5
			]
		],
		[
			[
				0,
				0,
				0,
				1,
				0
			],
			[
				0,
				1,
				1,
				1,
				3
			],
			[
				0,
				1,
				1,
				2,
				3
			],
			[
				1,
				1,
				2,
				4,
				4
			],
			[
				0,
				3,
				3,
				4,
				7
			]
		],
		[
			[
				0,
				0,
				0,
				0,
				1
			],
			[
				0,
				1,
				1,
				3,
				4
			],
			[
				0,
				1,
				1,
				3,
				5
			],
			[
				0,
				3,
				3,
				4,
				7
			],
			[
				1,
				4,
				5,
				7,
				10
			]
		]
	],
	"texnames":[
		"\\text{FR}^{5,10,0}_{1744}"
	],
	"barcode":[
		1,
		3,
		5,
		7,
		3,
		5,
		4,
		2,
		4,
		2,
		7,
		5,
		2,
		9,
		3,
		3,
		8,
		1,
		9,
		3,
		4,
		5,
		1,
		1,
		6,
		7,
		9,
		7,
		8,
		9,
		8,
		8,
		5,
		5,
		2,
		1,
		3,
		1,
		1,
		3,
		3,
		6,
		3,
		6,
		6,
		1,
		8,
		7,
		0,
		2,
		1,
		4,
		7,
		0,
		1,
		3,
		0,
		4,
		0,
		3,
		6,
		6,
		6,
		0,
		0,
		7,
		0,
		1,
		0,
		7,
		0,
		9,
		3,
		4,
		9,
		0,
		9,
		9,
		6,
		5,
		3,
		2,
		5,
		4,
		7,
		6,
		8,
		9,
		2,
		5,
		0,
		8,
		0,
		0,
		5,
		7,
		5,
		9,
		5,
		3,
		6,
		1,
		5,
		8,
		2,
		5,
		8,
		3,
		3,
		2,
		4,
		8,
		0,
		3,
		5,
		4,
		7,
		5,
		7,
		3,
		2,
		0,
		7,
		9,
		0,
		0,
		2,
		3,
		4,
		8
	],
	"formal_code":[
		5,
		10,
		0,
		1744
	],
	"tensor_product_decompositions":{
		"identifiers":[
			"formal_code"
		],
		"value":[]
	},
	"sub_fusion_rings":{
		"identifiers":[
			"injection",
			"formal_code"
		],
		"value":[]
	},
	"numeric_characters":[
		[
			[
				1.0,
				0
			],
			[
				6.769570596242208,
				0
			],
			[
				7.769570596242208,
				0
			],
			[
				1.2019171820421626e1,
				0
			],
			[
				1.8268773044601044e1,
				0
			]
		],
		[
			[
				1.0,
				0
			],
			[
				1.9221071388600417,
				0
			],
			[
				2.9221071388600417,
				0
			],
			[
				-0.40920376186776874,
				0
			],
			[
				-1.7405146625955792,
				0
			]
		],
		[
			[
				1.0,
				0
			],
			[
				1.0,
				0
			],
			[
				-1.0,
				0
			],
			[
				0.0,
				0
			],
			[
				0.0,
				0
			]
		],
		[
			[
				1.0,
				0
			],
			[
				-1.0,
				0
			],
			[
				0.0,
				0
			],
			[
				2.0,
				0
			],
			[
				-1.0,
				0
			]
		],
		[
			[
				1.0,
				0
			],
			[
				-0.6916777351022498,
				0
			],
			[
				0.3083222648977501,
				0
			],
			[
				-0.6099680585538574,
				0
			],
			[
				0.47174161799453523,
				0
			]
		]
	],
	"numeric_frobenius_perron_dimensions":[
		1.0,
		6.769570596242208,
		7.769570596242208,
		1.2019171820421626e1,
		1.8268773044601044e1
	],
	"numeric_frobenius_perron_dimension":5.854018731114576e2,
	"info":"Fusion ring. mult_tab provides structure constants. barcode and formal_code provide unique identifiers see (DOI: 10.1063\/5.0148848). sub_fusion_rings provides tuples where the first element corresponds to the elements of the ring that form the subring isomorphic to the ring identified by the second element of the tuple. software provides doi of original software used to represent fusion ring.",
	"comments":[
		""
	]
}