{
	"references":[
		""
	],
	"software":[
		"https:\/\/doi.org\/10.5281\/zenodo.15920400"
	],
	"mult_tab":[
		[
			[
				1,
				0,
				0,
				0,
				0
			],
			[
				0,
				1,
				0,
				0,
				0
			],
			[
				0,
				0,
				1,
				0,
				0
			],
			[
				0,
				0,
				0,
				1,
				0
			],
			[
				0,
				0,
				0,
				0,
				1
			]
		],
		[
			[
				0,
				1,
				0,
				0,
				0
			],
			[
				1,
				11,
				1,
				0,
				4
			],
			[
				0,
				1,
				5,
				7,
				3
			],
			[
				0,
				0,
				7,
				11,
				3
			],
			[
				0,
				4,
				3,
				3,
				12
			]
		],
		[
			[
				0,
				0,
				1,
				0,
				0
			],
			[
				0,
				1,
				5,
				7,
				3
			],
			[
				1,
				5,
				0,
				8,
				7
			],
			[
				0,
				7,
				8,
				5,
				9
			],
			[
				0,
				3,
				7,
				9,
				9
			]
		],
		[
			[
				0,
				0,
				0,
				1,
				0
			],
			[
				0,
				0,
				7,
				11,
				3
			],
			[
				0,
				7,
				8,
				5,
				9
			],
			[
				1,
				11,
				5,
				9,
				13
			],
			[
				0,
				3,
				9,
				13,
				12
			]
		],
		[
			[
				0,
				0,
				0,
				0,
				1
			],
			[
				0,
				4,
				3,
				3,
				12
			],
			[
				0,
				3,
				7,
				9,
				9
			],
			[
				0,
				3,
				9,
				13,
				12
			],
			[
				1,
				12,
				9,
				12,
				9
			]
		]
	],
	"texnames":[
		"\\text{FR}^{5,13,0}_{218}"
	],
	"barcode":[
		1,
		3,
		1,
		7,
		8,
		8,
		1,
		8,
		6,
		4,
		8,
		7,
		2,
		1,
		4,
		1,
		5,
		3,
		0,
		1,
		5,
		0,
		1,
		5,
		4,
		3,
		3,
		8,
		4,
		9,
		5,
		2,
		4,
		7,
		8,
		8,
		3,
		4,
		8,
		1,
		3,
		0,
		1,
		7,
		7,
		6,
		1,
		7,
		2,
		1,
		0,
		7,
		4,
		2,
		4,
		4,
		4,
		5,
		5,
		1,
		8,
		1,
		3,
		1,
		7,
		5,
		5,
		8,
		1,
		6,
		6,
		7,
		5,
		6,
		7,
		2,
		1,
		9,
		8,
		4,
		0,
		3,
		9,
		0,
		1,
		9,
		1,
		7,
		2,
		7,
		8,
		8,
		7,
		9,
		4,
		4,
		2,
		8,
		4,
		2,
		8,
		0,
		7,
		2,
		9,
		3,
		9,
		2,
		7,
		8,
		3,
		2,
		7,
		8,
		0,
		5,
		3,
		7,
		9,
		1,
		6,
		7,
		6,
		4,
		6,
		7,
		2,
		0,
		0,
		4,
		5,
		7,
		3,
		6,
		2,
		0,
		5,
		0,
		2,
		9,
		4,
		2,
		8
	],
	"formal_code":[
		5,
		13,
		0,
		218
	],
	"tensor_product_decompositions":{
		"identifiers":[
			"formal_code"
		],
		"value":[]
	},
	"sub_fusion_rings":{
		"identifiers":[
			"injection",
			"formal_code"
		],
		"value":[]
	},
	"numeric_characters":[
		[
			[
				1.0,
				0
			],
			[
				1.933454575736195e1,
				0
			],
			[
				2.4434360252123327e1,
				0
			],
			[
				3.273402675475033e1,
				0
			],
			[
				3.392757401510456e1,
				0
			]
		],
		[
			[
				1.0,
				0
			],
			[
				6.79952661517842,
				0
			],
			[
				1.6641685574463665,
				0
			],
			[
				2.802034049500908,
				0
			],
			[
				-7.806349783472321,
				0
			]
		],
		[
			[
				1.0,
				0
			],
			[
				0.29377288117751227,
				0
			],
			[
				-6.010536049576971,
				0
			],
			[
				3.799167461035294,
				0
			],
			[
				0.4663342155849182,
				0
			]
		],
		[
			[
				1.0,
				0
			],
			[
				1.2682402027894362e1,
				0
			],
			[
				-5.201269730230489,
				0
			],
			[
				-1.0256324802348754e1,
				0
			],
			[
				6.384542155132881,
				0
			]
		],
		[
			[
				1.0,
				0
			],
			[
				-0.11024728161224612,
				0
			],
			[
				0.11327697023776694,
				0
			],
			[
				-7.890346293777806e-2,
				0
			],
			[
				2.789939764995758e-2,
				0
			]
		]
	],
	"numeric_frobenius_perron_dimensions":[
		1.0,
		1.933454575736195e1,
		2.4434360252123327e1,
		3.273402675475033e1,
		3.392757401510456e1
	],
	"numeric_frobenius_perron_dimension":3.194459406705176e3,
	"info":"Fusion ring. mult_tab provides structure constants. barcode and formal_code provide unique identifiers see (DOI: 10.1063\/5.0148848). sub_fusion_rings provides tuples where the first element corresponds to the elements of the ring that form the subring isomorphic to the ring identified by the second element of the tuple. software provides doi of original software used to represent fusion ring.",
	"comments":[
		""
	]
}