{
	"references":[
		""
	],
	"software":[
		"https:\/\/doi.org\/10.5281\/zenodo.15920400"
	],
	"mult_tab":[
		[
			[
				1,
				0,
				0,
				0,
				0
			],
			[
				0,
				1,
				0,
				0,
				0
			],
			[
				0,
				0,
				1,
				0,
				0
			],
			[
				0,
				0,
				0,
				1,
				0
			],
			[
				0,
				0,
				0,
				0,
				1
			]
		],
		[
			[
				0,
				1,
				0,
				0,
				0
			],
			[
				1,
				10,
				2,
				0,
				0
			],
			[
				0,
				2,
				10,
				1,
				0
			],
			[
				0,
				0,
				1,
				10,
				2
			],
			[
				0,
				0,
				0,
				2,
				11
			]
		],
		[
			[
				0,
				0,
				1,
				0,
				0
			],
			[
				0,
				2,
				10,
				1,
				0
			],
			[
				1,
				10,
				2,
				5,
				1
			],
			[
				0,
				1,
				5,
				2,
				11
			],
			[
				0,
				0,
				1,
				11,
				7
			]
		],
		[
			[
				0,
				0,
				0,
				1,
				0
			],
			[
				0,
				0,
				1,
				10,
				2
			],
			[
				0,
				1,
				5,
				2,
				11
			],
			[
				1,
				10,
				2,
				7,
				11
			],
			[
				0,
				2,
				11,
				11,
				7
			]
		],
		[
			[
				0,
				0,
				0,
				0,
				1
			],
			[
				0,
				0,
				0,
				2,
				11
			],
			[
				0,
				0,
				1,
				11,
				7
			],
			[
				0,
				2,
				11,
				11,
				7
			],
			[
				1,
				11,
				7,
				7,
				11
			]
		]
	],
	"texnames":[
		"\\text{FR}^{5,11,0}_{1549}"
	],
	"barcode":[
		6,
		5,
		8,
		3,
		7,
		7,
		0,
		0,
		7,
		1,
		1,
		6,
		2,
		1,
		8,
		2,
		3,
		4,
		2,
		2,
		0,
		4,
		1,
		2,
		6,
		8,
		4,
		4,
		3,
		7,
		1,
		5,
		4,
		7,
		5,
		7,
		8,
		6,
		3,
		5,
		9,
		8,
		3,
		8,
		8,
		3,
		6,
		8,
		3,
		4,
		5,
		7,
		7,
		2,
		3,
		7,
		3,
		1,
		8,
		6,
		6,
		3,
		0,
		9,
		2,
		6,
		9,
		2,
		9,
		2,
		8,
		0,
		0,
		7,
		3,
		2,
		0,
		3,
		9,
		3,
		6,
		9,
		6,
		4,
		8,
		1,
		8,
		4,
		1,
		0,
		6,
		4,
		8,
		8,
		5,
		1,
		9,
		2,
		5,
		2,
		3,
		7,
		5,
		8,
		7,
		8,
		1,
		6,
		4,
		7,
		5,
		7,
		1,
		4,
		7,
		2,
		0,
		2,
		3,
		9,
		7,
		8,
		3,
		5,
		6,
		9,
		3,
		0,
		1,
		1,
		3,
		8,
		7,
		0
	],
	"formal_code":[
		5,
		11,
		0,
		1549
	],
	"tensor_product_decompositions":{
		"identifiers":[
			"formal_code"
		],
		"value":[]
	},
	"sub_fusion_rings":{
		"identifiers":[
			"injection",
			"formal_code"
		],
		"value":[]
	},
	"numeric_characters":[
		[
			[
				1.0,
				0
			],
			[
				1.2857808060741759e1,
				0
			],
			[
				1.787257375972908e1,
				0
			],
			[
				2.536076923527188e1,
				0
			],
			[
				2.7301818493721253e1,
				0
			]
		],
		[
			[
				1.0,
				0
			],
			[
				8.773131690236573,
				0
			],
			[
				-5.881738624066249,
				0
			],
			[
				-1.0330144656294728e1,
				0
			],
			[
				9.277732869073127,
				0
			]
		],
		[
			[
				1.0,
				0
			],
			[
				1.1871074871320657e1,
				0
			],
			[
				1.0605834943647084e1,
				0
			],
			[
				-3.8978384902087297,
				0
			],
			[
				-8.94949129757154,
				0
			]
		],
		[
			[
				1.0,
				0
			],
			[
				7.6010454699193994,
				0
			],
			[
				-9.617281231705885,
				0
			],
			[
				7.869329438021166,
				0
			],
			[
				-4.630441136165807,
				0
			]
		],
		[
			[
				1.0,
				0
			],
			[
				-0.1030600922183879,
				0
			],
			[
				2.0611152395970802e-2,
				0
			],
			[
				-2.1155267895882164e-3,
				0
			],
			[
				3.810709429683965e-4,
				0
			]
		]
	],
	"numeric_frobenius_perron_dimensions":[
		1.0,
		1.2857808060741556e1,
		1.787257375972908e1,
		2.536076923527188e1,
		2.7301818493721253e1
	],
	"numeric_frobenius_perron_dimension":1.8743100301926395e3,
	"info":"Fusion ring. mult_tab provides structure constants. barcode and formal_code provide unique identifiers see (DOI: 10.1063\/5.0148848). sub_fusion_rings provides tuples where the first element corresponds to the elements of the ring that form the subring isomorphic to the ring identified by the second element of the tuple. software provides doi of original software used to represent fusion ring.",
	"comments":[
		""
	]
}