{
	"references":[
		""
	],
	"software":[
		"https:\/\/doi.org\/10.5281\/zenodo.15920400"
	],
	"mult_tab":[
		[
			[
				1,
				0,
				0,
				0,
				0
			],
			[
				0,
				1,
				0,
				0,
				0
			],
			[
				0,
				0,
				1,
				0,
				0
			],
			[
				0,
				0,
				0,
				1,
				0
			],
			[
				0,
				0,
				0,
				0,
				1
			]
		],
		[
			[
				0,
				1,
				0,
				0,
				0
			],
			[
				1,
				4,
				3,
				6,
				2
			],
			[
				0,
				3,
				4,
				4,
				6
			],
			[
				0,
				6,
				4,
				7,
				5
			],
			[
				0,
				2,
				6,
				5,
				9
			]
		],
		[
			[
				0,
				0,
				1,
				0,
				0
			],
			[
				0,
				3,
				4,
				4,
				6
			],
			[
				1,
				4,
				4,
				6,
				6
			],
			[
				0,
				4,
				6,
				7,
				8
			],
			[
				0,
				6,
				6,
				8,
				7
			]
		],
		[
			[
				0,
				0,
				0,
				1,
				0
			],
			[
				0,
				6,
				4,
				7,
				5
			],
			[
				0,
				4,
				6,
				7,
				8
			],
			[
				1,
				7,
				7,
				10,
				8
			],
			[
				0,
				5,
				8,
				8,
				12
			]
		],
		[
			[
				0,
				0,
				0,
				0,
				1
			],
			[
				0,
				2,
				6,
				5,
				9
			],
			[
				0,
				6,
				6,
				8,
				7
			],
			[
				0,
				5,
				8,
				8,
				12
			],
			[
				1,
				9,
				7,
				12,
				8
			]
		]
	],
	"texnames":[
		"\\text{FR}^{5,12,0}_{265}"
	],
	"barcode":[
		1,
		3,
		4,
		5,
		7,
		8,
		5,
		2,
		8,
		7,
		0,
		6,
		3,
		2,
		5,
		1,
		9,
		2,
		9,
		5,
		4,
		0,
		9,
		2,
		4,
		6,
		7,
		7,
		1,
		2,
		3,
		4,
		6,
		1,
		8,
		1,
		7,
		2,
		1,
		1,
		3,
		0,
		6,
		9,
		1,
		7,
		0,
		2,
		2,
		8,
		7,
		8,
		9,
		9,
		3,
		4,
		5,
		5,
		0,
		1,
		7,
		2,
		1,
		3,
		9,
		3,
		7,
		1,
		1,
		0,
		3,
		2,
		9,
		3,
		8,
		6,
		3,
		9,
		4,
		4,
		8,
		3,
		7,
		7,
		7,
		1,
		4,
		7,
		0,
		3,
		1,
		0,
		6,
		7,
		2,
		9,
		0,
		2,
		9,
		7,
		5,
		7,
		4,
		7,
		0,
		3,
		3,
		6,
		4,
		1,
		2,
		4,
		5,
		2,
		2,
		9,
		9,
		4,
		4,
		1,
		9,
		7,
		5,
		0,
		0,
		3,
		1,
		0,
		2,
		0,
		4,
		5,
		8,
		9,
		8,
		4,
		7,
		4,
		4
	],
	"formal_code":[
		5,
		12,
		0,
		265
	],
	"tensor_product_decompositions":{
		"identifiers":[
			"formal_code"
		],
		"value":[]
	},
	"sub_fusion_rings":{
		"identifiers":[
			"injection",
			"formal_code"
		],
		"value":[]
	},
	"numeric_characters":[
		[
			[
				1.0,
				0
			],
			[
				1.9537826930273077e1,
				0
			],
			[
				2.294423849931404e1,
				0
			],
			[
				2.880984626831268e1,
				0
			],
			[
				3.044179016419668e1,
				0
			]
		],
		[
			[
				1.0,
				0
			],
			[
				5.621517853558393,
				0
			],
			[
				-2.0369053045171466,
				0
			],
			[
				4.488982450681315,
				0
			],
			[
				-6.3538936134471315,
				0
			]
		],
		[
			[
				1.0,
				0
			],
			[
				0.45918314126856363,
				0
			],
			[
				0.5855114742987669,
				0
			],
			[
				-0.6926082263751718,
				0
			],
			[
				-0.11338423624712925,
				0
			]
		],
		[
			[
				1.0,
				0
			],
			[
				-1.567943863901966,
				0
			],
			[
				0.7406604498633317,
				0
			],
			[
				1.1389178867458998,
				0
			],
			[
				-0.6626326270548515,
				0
			]
		],
		[
			[
				1.0,
				0
			],
			[
				-5.05840611980667e-2,
				0
			],
			[
				-1.2335051189589925,
				0
			],
			[
				0.25486162063527723,
				0
			],
			[
				0.6881203125524351,
				0
			]
		]
	],
	"numeric_frobenius_perron_dimensions":[
		1.0,
		1.9537826930273077e1,
		2.294423849931404e1,
		2.880984626831268e1,
		3.0441790164196675e1
	],
	"numeric_frobenius_perron_dimension":2.6658745918755e3,
	"info":"Fusion ring. mult_tab provides structure constants. barcode and formal_code provide unique identifiers see (DOI: 10.1063\/5.0148848). sub_fusion_rings provides tuples where the first element corresponds to the elements of the ring that form the subring isomorphic to the ring identified by the second element of the tuple. software provides doi of original software used to represent fusion ring.",
	"comments":[
		""
	]
}