{
	"references":[
		""
	],
	"software":[
		"https:\/\/doi.org\/10.5281\/zenodo.15920400"
	],
	"mult_tab":[
		[
			[
				1,
				0,
				0,
				0,
				0
			],
			[
				0,
				1,
				0,
				0,
				0
			],
			[
				0,
				0,
				1,
				0,
				0
			],
			[
				0,
				0,
				0,
				1,
				0
			],
			[
				0,
				0,
				0,
				0,
				1
			]
		],
		[
			[
				0,
				1,
				0,
				0,
				0
			],
			[
				1,
				11,
				0,
				4,
				1
			],
			[
				0,
				0,
				4,
				4,
				6
			],
			[
				0,
				4,
				4,
				11,
				0
			],
			[
				0,
				1,
				6,
				0,
				14
			]
		],
		[
			[
				0,
				0,
				1,
				0,
				0
			],
			[
				0,
				0,
				4,
				4,
				6
			],
			[
				1,
				4,
				3,
				4,
				7
			],
			[
				0,
				4,
				4,
				2,
				8
			],
			[
				0,
				6,
				7,
				8,
				10
			]
		],
		[
			[
				0,
				0,
				0,
				1,
				0
			],
			[
				0,
				4,
				4,
				11,
				0
			],
			[
				0,
				4,
				4,
				2,
				8
			],
			[
				1,
				11,
				2,
				7,
				3
			],
			[
				0,
				0,
				8,
				3,
				16
			]
		],
		[
			[
				0,
				0,
				0,
				0,
				1
			],
			[
				0,
				1,
				6,
				0,
				14
			],
			[
				0,
				6,
				7,
				8,
				10
			],
			[
				0,
				0,
				8,
				3,
				16
			],
			[
				1,
				14,
				10,
				16,
				14
			]
		]
	],
	"texnames":[
		"\\text{FR}^{5,16,0}_{348}"
	],
	"barcode":[
		3,
		7,
		6,
		4,
		1,
		4,
		4,
		3,
		4,
		3,
		0,
		6,
		5,
		8,
		9,
		6,
		9,
		9,
		4,
		3,
		9,
		0,
		0,
		0,
		5,
		8,
		2,
		8,
		2,
		6,
		5,
		5,
		9,
		0,
		2,
		3,
		0,
		4,
		6,
		5,
		9,
		5,
		8,
		8,
		7,
		4,
		7,
		2,
		3,
		9,
		1,
		7,
		5,
		7,
		1,
		9,
		3,
		0,
		0,
		2,
		5,
		5,
		5,
		9,
		7,
		2,
		6,
		3,
		4,
		7,
		0,
		2,
		5,
		5,
		1,
		1,
		9,
		0,
		3,
		0,
		8,
		9,
		0,
		2,
		9,
		1,
		4,
		8,
		4,
		7,
		6,
		6,
		8,
		6,
		9,
		5,
		5,
		6,
		8,
		7,
		5,
		3,
		2,
		2,
		6,
		8,
		6,
		2,
		2,
		2,
		6,
		8,
		9,
		1,
		0,
		7,
		1,
		1,
		6,
		9,
		2,
		8,
		2,
		4,
		7,
		7,
		2,
		0,
		1,
		7,
		1,
		8,
		4,
		2,
		3,
		8,
		6,
		2,
		5,
		0,
		0,
		6,
		5,
		8,
		8,
		3,
		0,
		6,
		7,
		3,
		4,
		5,
		6
	],
	"formal_code":[
		5,
		16,
		0,
		348
	],
	"tensor_product_decompositions":{
		"identifiers":[
			"formal_code"
		],
		"value":[]
	},
	"sub_fusion_rings":{
		"identifiers":[
			"injection",
			"formal_code"
		],
		"value":[]
	},
	"numeric_characters":[
		[
			[
				1.0,
				0
			],
			[
				1.8094935708078058e1,
				0
			],
			[
				2.2083145595890755e1,
				0
			],
			[
				2.265169577687555e1,
				0
			],
			[
				3.677562238311752e1,
				0
			]
		],
		[
			[
				1.0,
				0
			],
			[
				1.4155357987631625e1,
				0
			],
			[
				-2.7288634118309756,
				0
			],
			[
				1.4485195810542239e1,
				0
			],
			[
				-1.427556134811039e1,
				0
			]
		],
		[
			[
				1.0,
				0
			],
			[
				8.127735164073458,
				0
			],
			[
				-3.3849902875753783,
				0
			],
			[
				-6.604885200243948,
				0
			],
			[
				2.0745328934839624,
				0
			]
		],
		[
			[
				1.0,
				0
			],
			[
				-5.152857255343223e-3,
				0
			],
			[
				0.5053193120033423,
				0
			],
			[
				-0.18179355116117463,
				0
			],
			[
				-0.21611781360863205,
				0
			]
		],
		[
			[
				1.0,
				0
			],
			[
				-0.3728760025277976,
				0
			],
			[
				-1.4746112084877454,
				0
			],
			[
				0.6497871639873363,
				0
			],
			[
				0.6415238851175386,
				0
			]
		]
	],
	"numeric_frobenius_perron_dimensions":[
		1.0,
		1.8094935708078065e1,
		2.208314559589076e1,
		2.265169577687555e1,
		3.677562238311752e1
	],
	"numeric_frobenius_perron_dimension":2.6816377409225643e3,
	"info":"Fusion ring. mult_tab provides structure constants. barcode and formal_code provide unique identifiers see (DOI: 10.1063\/5.0148848). sub_fusion_rings provides tuples where the first element corresponds to the elements of the ring that form the subring isomorphic to the ring identified by the second element of the tuple. software provides doi of original software used to represent fusion ring.",
	"comments":[
		""
	]
}