{
	"references":[
		""
	],
	"software":[
		"https:\/\/doi.org\/10.5281\/zenodo.15920400"
	],
	"mult_tab":[
		[
			[
				1,
				0,
				0,
				0,
				0
			],
			[
				0,
				1,
				0,
				0,
				0
			],
			[
				0,
				0,
				1,
				0,
				0
			],
			[
				0,
				0,
				0,
				1,
				0
			],
			[
				0,
				0,
				0,
				0,
				1
			]
		],
		[
			[
				0,
				1,
				0,
				0,
				0
			],
			[
				1,
				0,
				0,
				0,
				0
			],
			[
				0,
				0,
				1,
				0,
				0
			],
			[
				0,
				0,
				0,
				1,
				0
			],
			[
				0,
				0,
				0,
				0,
				1
			]
		],
		[
			[
				0,
				0,
				1,
				0,
				0
			],
			[
				0,
				0,
				1,
				0,
				0
			],
			[
				1,
				1,
				1,
				2,
				1
			],
			[
				0,
				0,
				2,
				0,
				2
			],
			[
				0,
				0,
				1,
				2,
				4
			]
		],
		[
			[
				0,
				0,
				0,
				1,
				0
			],
			[
				0,
				0,
				0,
				1,
				0
			],
			[
				0,
				0,
				2,
				0,
				2
			],
			[
				1,
				1,
				0,
				2,
				2
			],
			[
				0,
				0,
				2,
				2,
				4
			]
		],
		[
			[
				0,
				0,
				0,
				0,
				1
			],
			[
				0,
				0,
				0,
				0,
				1
			],
			[
				0,
				0,
				1,
				2,
				4
			],
			[
				0,
				0,
				2,
				2,
				4
			],
			[
				1,
				1,
				4,
				4,
				7
			]
		]
	],
	"texnames":[
		"\\text{FR}^{5,7,0}_{333}"
	],
	"barcode":[
		9,
		6,
		1,
		9,
		6,
		6,
		7,
		1,
		1,
		5,
		1,
		5,
		9,
		4,
		6,
		1,
		3,
		2,
		2,
		9,
		6,
		4,
		4,
		3,
		8,
		9,
		1,
		3,
		4,
		0,
		4,
		9,
		5,
		4,
		0,
		2,
		5,
		5,
		0,
		8,
		0,
		7,
		5,
		8,
		7,
		3,
		6,
		3,
		0,
		7,
		6,
		4,
		2,
		5,
		5,
		7,
		1,
		4,
		8,
		2,
		5,
		3,
		9,
		1,
		0,
		2,
		5,
		3,
		3,
		9,
		5,
		7,
		7,
		0,
		1,
		8,
		4,
		5,
		4,
		1,
		8,
		7,
		7,
		6,
		7,
		8,
		2,
		4,
		4,
		8,
		5,
		1,
		4,
		2,
		3,
		2,
		7,
		8,
		6,
		3,
		2,
		8,
		8,
		8,
		3,
		0,
		9,
		5,
		6,
		1,
		1,
		3
	],
	"formal_code":[
		5,
		7,
		0,
		333
	],
	"tensor_product_decompositions":{
		"identifiers":[
			"formal_code"
		],
		"value":[]
	},
	"sub_fusion_rings":{
		"identifiers":[
			"injection",
			"formal_code"
		],
		"value":[
			[
				[
					1,
					2
				],
				[
					2,
					1,
					0,
					1
				]
			]
		]
	},
	"numeric_characters":[
		[
			[
				1.0,
				0
			],
			[
				1.0,
				0
			],
			[
				5.565660900618776,
				0
			],
			[
				6.058458806291616,
				0
			],
			[
				1.1294002747474597e1,
				0
			]
		],
		[
			[
				1.0,
				0
			],
			[
				1.0,
				0
			],
			[
				1.8838956536086837,
				0
			],
			[
				0.5265432716284236,
				0
			],
			[
				-1.3879193631798417,
				0
			]
		],
		[
			[
				1.0,
				0
			],
			[
				1.0,
				0
			],
			[
				-2.0833213015039913,
				0
			],
			[
				2.4419613440026535,
				0
			],
			[
				-0.46037374120103064,
				0
			]
		],
		[
			[
				1.0,
				0
			],
			[
				1.0,
				0
			],
			[
				-0.3662352527234681,
				0
			],
			[
				-1.0269634219226924,
				0
			],
			[
				0.5542903569062755,
				0
			]
		],
		[
			[
				1.0,
				0
			],
			[
				-1.0,
				0
			],
			[
				0.0,
				0
			],
			[
				0.0,
				0
			],
			[
				0.0,
				0
			]
		]
	],
	"numeric_frobenius_perron_dimensions":[
		1.0,
		1.0,
		5.565660900618776,
		6.058458806291616,
		1.1294002747474597e1
	],
	"numeric_frobenius_perron_dimension":1.9723600242817278e2,
	"info":"Fusion ring. mult_tab provides structure constants. barcode and formal_code provide unique identifiers see (DOI: 10.1063\/5.0148848). sub_fusion_rings provides tuples where the first element corresponds to the elements of the ring that form the subring isomorphic to the ring identified by the second element of the tuple. software provides doi of original software used to represent fusion ring.",
	"comments":[
		""
	]
}