{
	"references":[
		""
	],
	"software":[
		"https:\/\/doi.org\/10.5281\/zenodo.15920400"
	],
	"mult_tab":[
		[
			[
				1,
				0,
				0,
				0,
				0
			],
			[
				0,
				1,
				0,
				0,
				0
			],
			[
				0,
				0,
				1,
				0,
				0
			],
			[
				0,
				0,
				0,
				1,
				0
			],
			[
				0,
				0,
				0,
				0,
				1
			]
		],
		[
			[
				0,
				1,
				0,
				0,
				0
			],
			[
				1,
				4,
				4,
				0,
				0
			],
			[
				0,
				4,
				2,
				3,
				2
			],
			[
				0,
				0,
				3,
				6,
				2
			],
			[
				0,
				0,
				2,
				2,
				7
			]
		],
		[
			[
				0,
				0,
				1,
				0,
				0
			],
			[
				0,
				4,
				2,
				3,
				2
			],
			[
				1,
				2,
				6,
				4,
				4
			],
			[
				0,
				3,
				4,
				6,
				6
			],
			[
				0,
				2,
				4,
				6,
				7
			]
		],
		[
			[
				0,
				0,
				0,
				1,
				0
			],
			[
				0,
				0,
				3,
				6,
				2
			],
			[
				0,
				3,
				4,
				6,
				6
			],
			[
				1,
				6,
				6,
				0,
				12
			],
			[
				0,
				2,
				6,
				12,
				3
			]
		],
		[
			[
				0,
				0,
				0,
				0,
				1
			],
			[
				0,
				0,
				2,
				2,
				7
			],
			[
				0,
				2,
				4,
				6,
				7
			],
			[
				0,
				2,
				6,
				12,
				3
			],
			[
				1,
				7,
				7,
				3,
				9
			]
		]
	],
	"texnames":[
		"\\text{FR}^{5,12,0}_{193}"
	],
	"barcode":[
		1,
		3,
		4,
		5,
		7,
		8,
		5,
		2,
		8,
		7,
		0,
		6,
		3,
		2,
		5,
		1,
		9,
		2,
		9,
		5,
		4,
		0,
		9,
		2,
		4,
		6,
		7,
		7,
		1,
		2,
		3,
		4,
		6,
		1,
		7,
		7,
		4,
		5,
		8,
		7,
		5,
		4,
		0,
		2,
		8,
		0,
		1,
		9,
		1,
		4,
		4,
		4,
		2,
		3,
		6,
		2,
		1,
		7,
		2,
		4,
		3,
		8,
		8,
		8,
		7,
		3,
		6,
		4,
		6,
		4,
		3,
		6,
		2,
		3,
		9,
		5,
		9,
		1,
		9,
		1,
		5,
		3,
		1,
		4,
		4,
		3,
		9,
		5,
		3,
		3,
		0,
		6,
		6,
		4,
		1,
		3,
		8,
		8,
		6,
		7,
		2,
		7,
		7,
		0,
		6,
		6,
		0,
		3,
		9,
		6,
		9,
		1,
		9,
		8,
		1,
		1,
		6,
		6,
		1,
		1,
		7,
		9,
		3,
		5,
		3,
		0,
		1,
		5,
		3,
		9,
		9,
		2,
		6,
		9,
		4,
		8,
		9,
		4,
		7
	],
	"formal_code":[
		5,
		12,
		0,
		193
	],
	"tensor_product_decompositions":{
		"identifiers":[
			"formal_code"
		],
		"value":[]
	},
	"sub_fusion_rings":{
		"identifiers":[
			"injection",
			"formal_code"
		],
		"value":[]
	},
	"numeric_characters":[
		[
			[
				1.0,
				0
			],
			[
				1.0556914236516777e1,
				0
			],
			[
				1.7055195312775876e1,
				0
			],
			[
				2.0494843228777295e1,
				0
			],
			[
				2.1113828473033553e1,
				0
			]
		],
		[
			[
				1.0,
				0
			],
			[
				4.42166290710338,
				0
			],
			[
				0.2161128089100985,
				0
			],
			[
				-1.1616650294579845e1,
				0
			],
			[
				8.84332581420676,
				0
			]
		],
		[
			[
				1.0,
				0
			],
			[
				6.123105625617661,
				0
			],
			[
				3.0,
				0
			],
			[
				-1.0,
				0
			],
			[
				-4.561552812808831,
				0
			]
		],
		[
			[
				1.0,
				0
			],
			[
				2.1422856379842474e-2,
				0
			],
			[
				-0.2713081216859746,
				0
			],
			[
				0.12180706580254867,
				0
			],
			[
				4.284571275968495e-2,
				0
			]
		],
		[
			[
				1.0,
				0
			],
			[
				-2.1231056256176606,
				0
			],
			[
				3.0,
				0
			],
			[
				-1.0,
				0
			],
			[
				-0.4384471871911697,
				0
			]
		]
	],
	"numeric_frobenius_perron_dimensions":[
		1.0,
		1.0556914236516777e1,
		1.7055195312775876e1,
		2.0494843228777295e1,
		2.1113828473033553e1
	],
	"numeric_frobenius_perron_dimension":1.2691604771149437e3,
	"info":"Fusion ring. mult_tab provides structure constants. barcode and formal_code provide unique identifiers see (DOI: 10.1063\/5.0148848). sub_fusion_rings provides tuples where the first element corresponds to the elements of the ring that form the subring isomorphic to the ring identified by the second element of the tuple. software provides doi of original software used to represent fusion ring.",
	"comments":[
		""
	]
}