{
	"references":[
		""
	],
	"software":[
		"https:\/\/doi.org\/10.5281\/zenodo.15920400"
	],
	"mult_tab":[
		[
			[
				1,
				0,
				0,
				0,
				0
			],
			[
				0,
				1,
				0,
				0,
				0
			],
			[
				0,
				0,
				1,
				0,
				0
			],
			[
				0,
				0,
				0,
				1,
				0
			],
			[
				0,
				0,
				0,
				0,
				1
			]
		],
		[
			[
				0,
				1,
				0,
				0,
				0
			],
			[
				1,
				0,
				0,
				0,
				0
			],
			[
				0,
				0,
				1,
				0,
				0
			],
			[
				0,
				0,
				0,
				1,
				0
			],
			[
				0,
				0,
				0,
				0,
				1
			]
		],
		[
			[
				0,
				0,
				1,
				0,
				0
			],
			[
				0,
				0,
				1,
				0,
				0
			],
			[
				1,
				1,
				5,
				2,
				0
			],
			[
				0,
				0,
				2,
				4,
				4
			],
			[
				0,
				0,
				0,
				4,
				6
			]
		],
		[
			[
				0,
				0,
				0,
				1,
				0
			],
			[
				0,
				0,
				0,
				1,
				0
			],
			[
				0,
				0,
				2,
				4,
				4
			],
			[
				1,
				1,
				4,
				7,
				10
			],
			[
				0,
				0,
				4,
				10,
				10
			]
		],
		[
			[
				0,
				0,
				0,
				0,
				1
			],
			[
				0,
				0,
				0,
				0,
				1
			],
			[
				0,
				0,
				0,
				4,
				6
			],
			[
				0,
				0,
				4,
				10,
				10
			],
			[
				1,
				1,
				6,
				10,
				12
			]
		]
	],
	"texnames":[
		"\\text{FR}^{5,12,0}_{2168}"
	],
	"barcode":[
		1,
		3,
		4,
		5,
		7,
		8,
		5,
		2,
		8,
		7,
		0,
		6,
		3,
		2,
		5,
		1,
		9,
		2,
		9,
		5,
		4,
		0,
		9,
		2,
		4,
		6,
		7,
		7,
		1,
		2,
		3,
		4,
		6,
		1,
		3,
		9,
		6,
		0,
		1,
		0,
		1,
		3,
		3,
		2,
		6,
		1,
		6,
		5,
		6,
		2,
		3,
		4,
		8,
		4,
		6,
		0,
		6,
		4,
		3,
		8,
		1,
		2,
		4,
		9,
		6,
		8,
		1,
		0,
		3,
		8,
		8,
		0,
		4,
		9,
		9,
		6,
		9,
		1,
		7,
		3,
		1,
		8,
		9,
		4,
		3,
		1,
		5,
		2,
		9,
		6,
		1,
		4,
		3,
		7,
		1,
		3,
		9,
		9,
		8,
		4,
		4,
		2,
		5,
		4,
		4,
		9,
		2,
		5,
		2,
		7,
		0,
		1,
		1,
		4,
		2,
		8,
		7,
		8,
		2,
		1,
		1,
		4,
		2,
		4,
		5,
		7,
		9,
		7,
		1,
		9,
		9,
		1,
		1,
		7,
		8,
		4,
		7,
		6,
		6
	],
	"formal_code":[
		5,
		12,
		0,
		2168
	],
	"tensor_product_decompositions":{
		"identifiers":[
			"formal_code"
		],
		"value":[]
	},
	"sub_fusion_rings":{
		"identifiers":[
			"injection",
			"formal_code"
		],
		"value":[
			[
				[
					1,
					2
				],
				[
					2,
					1,
					0,
					1
				]
			]
		]
	},
	"numeric_characters":[
		[
			[
				1.0,
				0
			],
			[
				1.0,
				0
			],
			[
				9.501560293637564,
				0
			],
			[
				2.0385923272721058e1,
				0
			],
			[
				2.3287816359767245e1,
				0
			]
		],
		[
			[
				1.0,
				0
			],
			[
				1.0,
				0
			],
			[
				5.486931887677072,
				0
			],
			[
				0.3358810508110574,
				0
			],
			[
				-2.618607882609175,
				0
			]
		],
		[
			[
				1.0,
				0
			],
			[
				1.0,
				0
			],
			[
				0.5597684540150877,
				0
			],
			[
				-2.2427507739824986,
				0
			],
			[
				1.6490112636016236,
				0
			]
		],
		[
			[
				1.0,
				0
			],
			[
				-1.0,
				0
			],
			[
				0.0,
				0
			],
			[
				0.0,
				0
			],
			[
				0.0,
				0
			]
		],
		[
			[
				1.0,
				0
			],
			[
				1.0,
				0
			],
			[
				-0.5482606353297225,
				0
			],
			[
				0.5209464504503818,
				0
			],
			[
				-0.318219740759693,
				0
			]
		]
	],
	"numeric_frobenius_perron_dimensions":[
		1.0,
		1.0,
		9.501560293637564,
		2.0385923272721058e1,
		2.3287816359767245e1
	],
	"numeric_frobenius_perron_dimension":1.0501879065011428e3,
	"info":"Fusion ring. mult_tab provides structure constants. barcode and formal_code provide unique identifiers see (DOI: 10.1063\/5.0148848). sub_fusion_rings provides tuples where the first element corresponds to the elements of the ring that form the subring isomorphic to the ring identified by the second element of the tuple. software provides doi of original software used to represent fusion ring.",
	"comments":[
		""
	]
}