{
	"references":[
		""
	],
	"software":[
		"https:\/\/doi.org\/10.5281\/zenodo.15920400"
	],
	"mult_tab":[
		[
			[
				1,
				0,
				0,
				0,
				0
			],
			[
				0,
				1,
				0,
				0,
				0
			],
			[
				0,
				0,
				1,
				0,
				0
			],
			[
				0,
				0,
				0,
				1,
				0
			],
			[
				0,
				0,
				0,
				0,
				1
			]
		],
		[
			[
				0,
				1,
				0,
				0,
				0
			],
			[
				1,
				0,
				0,
				0,
				0
			],
			[
				0,
				0,
				1,
				0,
				0
			],
			[
				0,
				0,
				0,
				1,
				0
			],
			[
				0,
				0,
				0,
				0,
				1
			]
		],
		[
			[
				0,
				0,
				1,
				0,
				0
			],
			[
				0,
				0,
				1,
				0,
				0
			],
			[
				1,
				1,
				12,
				1,
				1
			],
			[
				0,
				0,
				1,
				5,
				7
			],
			[
				0,
				0,
				1,
				7,
				9
			]
		],
		[
			[
				0,
				0,
				0,
				1,
				0
			],
			[
				0,
				0,
				0,
				1,
				0
			],
			[
				0,
				0,
				1,
				5,
				7
			],
			[
				1,
				1,
				5,
				9,
				4
			],
			[
				0,
				0,
				7,
				4,
				11
			]
		],
		[
			[
				0,
				0,
				0,
				0,
				1
			],
			[
				0,
				0,
				0,
				0,
				1
			],
			[
				0,
				0,
				1,
				7,
				9
			],
			[
				0,
				0,
				7,
				4,
				11
			],
			[
				1,
				1,
				9,
				11,
				10
			]
		]
	],
	"texnames":[
		"\\text{FR}^{5,12,0}_{2725}"
	],
	"barcode":[
		1,
		3,
		4,
		5,
		7,
		8,
		5,
		2,
		8,
		7,
		0,
		6,
		3,
		2,
		5,
		1,
		9,
		2,
		9,
		5,
		4,
		0,
		9,
		2,
		4,
		6,
		7,
		7,
		1,
		2,
		3,
		4,
		6,
		1,
		3,
		9,
		6,
		0,
		1,
		0,
		1,
		3,
		3,
		2,
		6,
		1,
		6,
		5,
		6,
		2,
		3,
		4,
		8,
		4,
		6,
		0,
		6,
		4,
		3,
		8,
		1,
		2,
		4,
		9,
		6,
		8,
		1,
		0,
		3,
		7,
		9,
		6,
		7,
		5,
		1,
		3,
		6,
		3,
		6,
		0,
		7,
		4,
		7,
		8,
		7,
		5,
		5,
		4,
		4,
		0,
		6,
		5,
		9,
		5,
		2,
		4,
		7,
		4,
		9,
		6,
		2,
		7,
		4,
		0,
		3,
		1,
		5,
		2,
		2,
		0,
		4,
		8,
		7,
		5,
		8,
		4,
		2,
		2,
		6,
		1,
		5,
		2,
		2,
		8,
		9,
		6,
		9,
		3,
		0,
		4,
		7,
		6,
		7,
		0,
		4,
		1,
		9,
		6,
		4
	],
	"formal_code":[
		5,
		12,
		0,
		2725
	],
	"tensor_product_decompositions":{
		"identifiers":[
			"formal_code"
		],
		"value":[]
	},
	"sub_fusion_rings":{
		"identifiers":[
			"injection",
			"formal_code"
		],
		"value":[
			[
				[
					1,
					2
				],
				[
					2,
					1,
					0,
					1
				]
			]
		]
	},
	"numeric_characters":[
		[
			[
				1.0,
				0
			],
			[
				1.0,
				0
			],
			[
				1.4971829222715293e1,
				0
			],
			[
				1.8408614789473308e1,
				0
			],
			[
				2.4085104812094798e1,
				0
			]
		],
		[
			[
				1.0,
				0
			],
			[
				1.0,
				0
			],
			[
				1.147760632162651e1,
				0
			],
			[
				-3.30126845328014,
				0
			],
			[
				-4.694560531997159,
				0
			]
		],
		[
			[
				1.0,
				0
			],
			[
				1.0,
				0
			],
			[
				-0.28751386022043013,
				0
			],
			[
				6.097742746327746,
				0
			],
			[
				-4.564912203863731,
				0
			]
		],
		[
			[
				1.0,
				0
			],
			[
				1.0,
				0
			],
			[
				-0.16192168412137292,
				0
			],
			[
				-0.20508908252091443,
				0
			],
			[
				0.17436792376609125,
				0
			]
		],
		[
			[
				1.0,
				0
			],
			[
				-1.0,
				0
			],
			[
				0.0,
				0
			],
			[
				0.0,
				0
			],
			[
				0.0,
				0
			]
		]
	],
	"numeric_frobenius_perron_dimensions":[
		1.0,
		1.0,
		1.4971829222715296e1,
		1.8408614789473308e1,
		2.4085104812094798e1
	],
	"numeric_frobenius_perron_dimension":1.1451250425509593e3,
	"info":"Fusion ring. mult_tab provides structure constants. barcode and formal_code provide unique identifiers see (DOI: 10.1063\/5.0148848). sub_fusion_rings provides tuples where the first element corresponds to the elements of the ring that form the subring isomorphic to the ring identified by the second element of the tuple. software provides doi of original software used to represent fusion ring.",
	"comments":[
		""
	]
}