{
	"references":[
		""
	],
	"software":[
		"https:\/\/doi.org\/10.5281\/zenodo.15920400"
	],
	"mult_tab":[
		[
			[
				1,
				0,
				0,
				0,
				0
			],
			[
				0,
				1,
				0,
				0,
				0
			],
			[
				0,
				0,
				1,
				0,
				0
			],
			[
				0,
				0,
				0,
				1,
				0
			],
			[
				0,
				0,
				0,
				0,
				1
			]
		],
		[
			[
				0,
				1,
				0,
				0,
				0
			],
			[
				1,
				3,
				2,
				4,
				1
			],
			[
				0,
				2,
				1,
				4,
				4
			],
			[
				0,
				4,
				4,
				6,
				4
			],
			[
				0,
				1,
				4,
				4,
				8
			]
		],
		[
			[
				0,
				0,
				1,
				0,
				0
			],
			[
				0,
				2,
				1,
				4,
				4
			],
			[
				1,
				1,
				16,
				0,
				1
			],
			[
				0,
				4,
				0,
				8,
				8
			],
			[
				0,
				4,
				1,
				8,
				8
			]
		],
		[
			[
				0,
				0,
				0,
				1,
				0
			],
			[
				0,
				4,
				4,
				6,
				4
			],
			[
				0,
				4,
				0,
				8,
				8
			],
			[
				1,
				6,
				8,
				10,
				9
			],
			[
				0,
				4,
				8,
				9,
				12
			]
		],
		[
			[
				0,
				0,
				0,
				0,
				1
			],
			[
				0,
				1,
				4,
				4,
				8
			],
			[
				0,
				4,
				1,
				8,
				8
			],
			[
				0,
				4,
				8,
				9,
				12
			],
			[
				1,
				8,
				8,
				12,
				8
			]
		]
	],
	"texnames":[
		"\\text{FR}^{5,16,0}_{1395}"
	],
	"barcode":[
		3,
		7,
		6,
		4,
		1,
		4,
		4,
		3,
		4,
		3,
		0,
		6,
		5,
		8,
		9,
		6,
		9,
		9,
		4,
		3,
		9,
		0,
		0,
		0,
		5,
		8,
		2,
		8,
		2,
		6,
		5,
		5,
		9,
		0,
		2,
		3,
		0,
		5,
		9,
		6,
		2,
		2,
		1,
		8,
		8,
		2,
		2,
		5,
		7,
		6,
		7,
		8,
		8,
		2,
		3,
		3,
		0,
		3,
		1,
		4,
		7,
		5,
		7,
		6,
		3,
		0,
		2,
		0,
		0,
		4,
		6,
		3,
		1,
		8,
		2,
		5,
		2,
		7,
		6,
		8,
		8,
		3,
		9,
		8,
		5,
		0,
		6,
		9,
		7,
		9,
		5,
		8,
		6,
		5,
		6,
		1,
		3,
		0,
		7,
		2,
		2,
		4,
		9,
		4,
		9,
		1,
		8,
		1,
		0,
		4,
		9,
		2,
		7,
		9,
		6,
		1,
		0,
		8,
		3,
		8,
		7,
		6,
		4,
		7,
		8,
		1,
		5,
		7,
		3,
		7,
		1,
		7,
		1,
		8,
		8,
		4,
		8,
		1,
		1,
		9,
		4,
		5,
		7,
		6,
		5,
		4,
		7,
		9,
		7,
		1,
		6,
		7,
		8
	],
	"formal_code":[
		5,
		16,
		0,
		1395
	],
	"tensor_product_decompositions":{
		"identifiers":[
			"formal_code"
		],
		"value":[]
	},
	"sub_fusion_rings":{
		"identifiers":[
			"injection",
			"formal_code"
		],
		"value":[]
	},
	"numeric_characters":[
		[
			[
				1.0,
				0
			],
			[
				1.4932750443957836e1,
				0
			],
			[
				1.8430640025035544e1,
				0
			],
			[
				2.7865500887915672e1,
				0
			],
			[
				2.8865500887915672e1,
				0
			]
		],
		[
			[
				1.0,
				0
			],
			[
				-1.6017061171643847,
				0
			],
			[
				1.5693821004449404e1,
				0
			],
			[
				-5.203412234328769,
				0
			],
			[
				-4.203412234328769,
				0
			]
		],
		[
			[
				1.0,
				0
			],
			[
				0.668955673206548,
				0
			],
			[
				-0.12446102948494941,
				0
			],
			[
				-0.6620886535869038,
				0
			],
			[
				0.3379113464130961,
				0
			]
		],
		[
			[
				1.0,
				0
			],
			[
				-0.8284271247461903,
				0
			],
			[
				0.0,
				0
			],
			[
				0.5857864376269049,
				0
			],
			[
				-0.1715728752538097,
				0
			]
		],
		[
			[
				1.0,
				0
			],
			[
				4.82842712474619,
				0
			],
			[
				0.0,
				0
			],
			[
				3.414213562373095,
				0
			],
			[
				-5.82842712474619,
				0
			]
		]
	],
	"numeric_frobenius_perron_dimensions":[
		1.0,
		1.4932750443957836e1,
		1.8430640025035533e1,
		2.7865500887915672e1,
		2.886550088791567e1
	],
	"numeric_frobenius_perron_dimension":2.173378808798654e3,
	"info":"Fusion ring. mult_tab provides structure constants. barcode and formal_code provide unique identifiers see (DOI: 10.1063\/5.0148848). sub_fusion_rings provides tuples where the first element corresponds to the elements of the ring that form the subring isomorphic to the ring identified by the second element of the tuple. software provides doi of original software used to represent fusion ring.",
	"comments":[
		""
	]
}