{
	"references":[
		""
	],
	"software":[
		"https:\/\/doi.org\/10.5281\/zenodo.15920400"
	],
	"mult_tab":[
		[
			[
				1,
				0,
				0,
				0,
				0
			],
			[
				0,
				1,
				0,
				0,
				0
			],
			[
				0,
				0,
				1,
				0,
				0
			],
			[
				0,
				0,
				0,
				1,
				0
			],
			[
				0,
				0,
				0,
				0,
				1
			]
		],
		[
			[
				0,
				1,
				0,
				0,
				0
			],
			[
				1,
				3,
				2,
				1,
				0
			],
			[
				0,
				2,
				3,
				2,
				1
			],
			[
				0,
				1,
				2,
				4,
				2
			],
			[
				0,
				0,
				1,
				2,
				7
			]
		],
		[
			[
				0,
				0,
				1,
				0,
				0
			],
			[
				0,
				2,
				3,
				2,
				1
			],
			[
				1,
				3,
				2,
				4,
				3
			],
			[
				0,
				2,
				4,
				4,
				5
			],
			[
				0,
				1,
				3,
				5,
				10
			]
		],
		[
			[
				0,
				0,
				0,
				1,
				0
			],
			[
				0,
				1,
				2,
				4,
				2
			],
			[
				0,
				2,
				4,
				4,
				5
			],
			[
				1,
				4,
				4,
				4,
				8
			],
			[
				0,
				2,
				5,
				8,
				12
			]
		],
		[
			[
				0,
				0,
				0,
				0,
				1
			],
			[
				0,
				0,
				1,
				2,
				7
			],
			[
				0,
				1,
				3,
				5,
				10
			],
			[
				0,
				2,
				5,
				8,
				12
			],
			[
				1,
				7,
				10,
				12,
				15
			]
		]
	],
	"texnames":[
		"\\text{FR}^{5,15,0}_{1066}"
	],
	"barcode":[
		2,
		0,
		4,
		5,
		8,
		6,
		9,
		2,
		5,
		1,
		8,
		7,
		8,
		3,
		9,
		8,
		6,
		8,
		3,
		8,
		6,
		4,
		3,
		6,
		6,
		2,
		8,
		4,
		5,
		9,
		5,
		4,
		2,
		6,
		5,
		0,
		0,
		4,
		6,
		5,
		7,
		3,
		5,
		8,
		3,
		2,
		8,
		5,
		2,
		2,
		3,
		7,
		8,
		7,
		0,
		0,
		5,
		2,
		7,
		2,
		5,
		5,
		0,
		9,
		2,
		6,
		9,
		5,
		5,
		2,
		6,
		5,
		9,
		4,
		8,
		9,
		5,
		2,
		4,
		8,
		6,
		6,
		6,
		3,
		7,
		0,
		3,
		1,
		2,
		7,
		8,
		3,
		5,
		1,
		0,
		6,
		7,
		4,
		2,
		0,
		5,
		2,
		8,
		4,
		0,
		9,
		3,
		3,
		9,
		9,
		6,
		0,
		4,
		2,
		9,
		8,
		5,
		4,
		7,
		3,
		0,
		9,
		5,
		2,
		9,
		2,
		3,
		5,
		4,
		0,
		5,
		6,
		7,
		4,
		1,
		9,
		8,
		8,
		4,
		0,
		8,
		2,
		9,
		7,
		0,
		6,
		2,
		6,
		9,
		1
	],
	"formal_code":[
		5,
		15,
		0,
		1066
	],
	"tensor_product_decompositions":{
		"identifiers":[
			"formal_code"
		],
		"value":[]
	},
	"sub_fusion_rings":{
		"identifiers":[
			"injection",
			"formal_code"
		],
		"value":[]
	},
	"numeric_characters":[
		[
			[
				1.0,
				0
			],
			[
				8.859379721266652,
				0
			],
			[
				1.5192462400764372e1,
				0
			],
			[
				2.052554508026209e1,
				0
			],
			[
				3.024855650408736e1,
				0
			]
		],
		[
			[
				1.0,
				0
			],
			[
				5.29831299957625,
				0
			],
			[
				4.368873660581546,
				0
			],
			[
				2.4394343215868415,
				0
			],
			[
				-5.434455514705338,
				0
			]
		],
		[
			[
				1.0,
				0
			],
			[
				1.0,
				0
			],
			[
				-2.0,
				0
			],
			[
				1.0,
				0
			],
			[
				0.0,
				0
			]
		],
		[
			[
				1.0,
				0
			],
			[
				2.2890392812739546,
				0
			],
			[
				0.1654055671668185,
				0
			],
			[
				-2.9582281469403178,
				0
			],
			[
				1.2207808704185155,
				0
			]
		],
		[
			[
				1.0,
				0
			],
			[
				-0.44673200211685815,
				0
			],
			[
				0.2732583714872632,
				0
			],
			[
				-6.751254908615473e-3,
				0
			],
			[
				-3.4881859800539664e-2,
				0
			]
		]
	],
	"numeric_frobenius_perron_dimensions":[
		1.0,
		8.859379721266652,
		1.5192462400764372e1,
		2.052554508026209e1,
		3.024855650408736e1
	],
	"numeric_frobenius_perron_dimension":1.6465726942670672e3,
	"info":"Fusion ring. mult_tab provides structure constants. barcode and formal_code provide unique identifiers see (DOI: 10.1063\/5.0148848). sub_fusion_rings provides tuples where the first element corresponds to the elements of the ring that form the subring isomorphic to the ring identified by the second element of the tuple. software provides doi of original software used to represent fusion ring.",
	"comments":[
		""
	]
}