{
	"references":[
		""
	],
	"software":[
		"https:\/\/doi.org\/10.5281\/zenodo.15920400"
	],
	"mult_tab":[
		[
			[
				1,
				0,
				0,
				0,
				0
			],
			[
				0,
				1,
				0,
				0,
				0
			],
			[
				0,
				0,
				1,
				0,
				0
			],
			[
				0,
				0,
				0,
				1,
				0
			],
			[
				0,
				0,
				0,
				0,
				1
			]
		],
		[
			[
				0,
				1,
				0,
				0,
				0
			],
			[
				1,
				7,
				4,
				5,
				6
			],
			[
				0,
				4,
				8,
				8,
				6
			],
			[
				0,
				5,
				8,
				8,
				6
			],
			[
				0,
				6,
				6,
				6,
				10
			]
		],
		[
			[
				0,
				0,
				1,
				0,
				0
			],
			[
				0,
				4,
				8,
				8,
				6
			],
			[
				1,
				8,
				7,
				7,
				10
			],
			[
				0,
				8,
				7,
				8,
				10
			],
			[
				0,
				6,
				10,
				10,
				8
			]
		],
		[
			[
				0,
				0,
				0,
				1,
				0
			],
			[
				0,
				5,
				8,
				8,
				6
			],
			[
				0,
				8,
				7,
				8,
				10
			],
			[
				1,
				8,
				8,
				8,
				10
			],
			[
				0,
				6,
				10,
				10,
				9
			]
		],
		[
			[
				0,
				0,
				0,
				0,
				1
			],
			[
				0,
				6,
				6,
				6,
				10
			],
			[
				0,
				6,
				10,
				10,
				8
			],
			[
				0,
				6,
				10,
				10,
				9
			],
			[
				1,
				10,
				8,
				9,
				10
			]
		]
	],
	"texnames":[
		"\\text{FR}^{5,10,0}_{247}"
	],
	"barcode":[
		1,
		3,
		5,
		7,
		3,
		5,
		4,
		2,
		4,
		2,
		7,
		5,
		2,
		9,
		3,
		3,
		8,
		1,
		9,
		3,
		4,
		5,
		1,
		1,
		6,
		7,
		9,
		7,
		8,
		9,
		8,
		8,
		5,
		7,
		3,
		9,
		6,
		9,
		0,
		6,
		5,
		5,
		7,
		2,
		8,
		5,
		8,
		2,
		0,
		0,
		9,
		0,
		2,
		0,
		5,
		5,
		8,
		8,
		2,
		2,
		5,
		4,
		5,
		0,
		3,
		6,
		5,
		4,
		6,
		3,
		1,
		6,
		8,
		9,
		7,
		7,
		9,
		9,
		9,
		3,
		8,
		4,
		7,
		5,
		8,
		4,
		3,
		6,
		8,
		2,
		8,
		6,
		9,
		8,
		8,
		4,
		5,
		4,
		5,
		3,
		7,
		3,
		0,
		0,
		1,
		7,
		5,
		3,
		0,
		4,
		9,
		9,
		9,
		2,
		2,
		9,
		5,
		5,
		4,
		7,
		3,
		4,
		2,
		2,
		2,
		5,
		6,
		6,
		9,
		4
	],
	"formal_code":[
		5,
		10,
		0,
		247
	],
	"tensor_product_decompositions":{
		"identifiers":[
			"formal_code"
		],
		"value":[]
	},
	"sub_fusion_rings":{
		"identifiers":[
			"injection",
			"formal_code"
		],
		"value":[]
	},
	"numeric_characters":[
		[
			[
				1.0,
				0
			],
			[
				2.5978293596859267e1,
				0
			],
			[
				3.1559046884655633e1,
				0
			],
			[
				3.2559046884655636e1,
				0
			],
			[
				3.383204351078394e1,
				0
			]
		],
		[
			[
				1.0,
				0
			],
			[
				0.0,
				0
			],
			[
				1.0,
				0
			],
			[
				-1.0,
				0
			],
			[
				0.0,
				0
			]
		],
		[
			[
				1.0,
				0
			],
			[
				4.807425484455101,
				0
			],
			[
				-4.875119755082357,
				0
			],
			[
				-3.8751197550823577,
				0
			],
			[
				4.555906532190646,
				0
			]
		],
		[
			[
				1.0,
				0
			],
			[
				-0.40372055566895,
				0
			],
			[
				-0.45573734566372087,
				0
			],
			[
				0.5442626543362792,
				0
			],
			[
				0.18177838128763057,
				0
			]
		],
		[
			[
				1.0,
				0
			],
			[
				2.6180014743545805,
				0
			],
			[
				-0.22818978390955486,
				0
			],
			[
				0.7718102160904452,
				0
			],
			[
				-2.5697284242622187,
				0
			]
		]
	],
	"numeric_frobenius_perron_dimensions":[
		1.0,
		2.5978293596859267e1,
		3.1559046884655633e1,
		3.2559046884655636e1,
		3.383204351078394e1
	],
	"numeric_frobenius_perron_dimension":3.8765438806252932e3,
	"info":"Fusion ring. mult_tab provides structure constants. barcode and formal_code provide unique identifiers see (DOI: 10.1063\/5.0148848). sub_fusion_rings provides tuples where the first element corresponds to the elements of the ring that form the subring isomorphic to the ring identified by the second element of the tuple. software provides doi of original software used to represent fusion ring.",
	"comments":[
		""
	]
}