{
	"references":[
		""
	],
	"software":[
		"https:\/\/doi.org\/10.5281\/zenodo.15920400"
	],
	"mult_tab":[
		[
			[
				1,
				0,
				0,
				0,
				0
			],
			[
				0,
				1,
				0,
				0,
				0
			],
			[
				0,
				0,
				1,
				0,
				0
			],
			[
				0,
				0,
				0,
				1,
				0
			],
			[
				0,
				0,
				0,
				0,
				1
			]
		],
		[
			[
				0,
				1,
				0,
				0,
				0
			],
			[
				1,
				1,
				1,
				1,
				3
			],
			[
				0,
				1,
				2,
				1,
				3
			],
			[
				0,
				1,
				1,
				2,
				3
			],
			[
				0,
				3,
				3,
				3,
				0
			]
		],
		[
			[
				0,
				0,
				1,
				0,
				0
			],
			[
				0,
				1,
				2,
				1,
				3
			],
			[
				1,
				2,
				1,
				2,
				3
			],
			[
				0,
				1,
				2,
				2,
				3
			],
			[
				0,
				3,
				3,
				3,
				1
			]
		],
		[
			[
				0,
				0,
				0,
				1,
				0
			],
			[
				0,
				1,
				1,
				2,
				3
			],
			[
				0,
				1,
				2,
				2,
				3
			],
			[
				1,
				2,
				2,
				1,
				3
			],
			[
				0,
				3,
				3,
				3,
				1
			]
		],
		[
			[
				0,
				0,
				0,
				0,
				1
			],
			[
				0,
				3,
				3,
				3,
				0
			],
			[
				0,
				3,
				3,
				3,
				1
			],
			[
				0,
				3,
				3,
				3,
				1
			],
			[
				1,
				0,
				1,
				1,
				8
			]
		]
	],
	"texnames":[
		"\\text{FR}^{5,8,0}_{639}"
	],
	"barcode":[
		2,
		1,
		1,
		8,
		7,
		1,
		2,
		2,
		9,
		9,
		1,
		3,
		9,
		8,
		3,
		2,
		0,
		3,
		2,
		5,
		8,
		3,
		1,
		9,
		3,
		6,
		7,
		6,
		2,
		1,
		7,
		9,
		0,
		0,
		7,
		9,
		4,
		1,
		1,
		8,
		1,
		2,
		1,
		7,
		8,
		3,
		9,
		3,
		9,
		0,
		3,
		6,
		0,
		6,
		0,
		7,
		2,
		1,
		6,
		3,
		6,
		8,
		8,
		8,
		4,
		6,
		0,
		2,
		6,
		5,
		3,
		2,
		4,
		1,
		9,
		7,
		2,
		3,
		5,
		6,
		4,
		5,
		6,
		4,
		9,
		0,
		8,
		1,
		6,
		5,
		8,
		3,
		2,
		5,
		2,
		3,
		1,
		3,
		0,
		5,
		8,
		2,
		8,
		3,
		6,
		4,
		9,
		6,
		2,
		6,
		2,
		4,
		0,
		9,
		8,
		1,
		2,
		0,
		3
	],
	"formal_code":[
		5,
		8,
		0,
		639
	],
	"tensor_product_decompositions":{
		"identifiers":[
			"formal_code"
		],
		"value":[]
	},
	"sub_fusion_rings":{
		"identifiers":[
			"injection",
			"formal_code"
		],
		"value":[]
	},
	"numeric_characters":[
		[
			[
				1.0,
				0
			],
			[
				7.389473449574574,
				0
			],
			[
				8.389473449574574,
				0
			],
			[
				8.389473449574574,
				0
			],
			[
				9.811965837747943,
				0
			]
		],
		[
			[
				1.0,
				0
			],
			[
				-3.7377765097203257,
				0
			],
			[
				-2.7377765097203257,
				0
			],
			[
				-2.7377765097203257,
				0
			],
			[
				7.3947675885926785,
				0
			]
		],
		[
			[
				1.0,
				0
			],
			[
				1.0,
				0
			],
			[
				0.6180339887498949,
				0
			],
			[
				-1.618033988749895,
				0
			],
			[
				0.0,
				0
			]
		],
		[
			[
				1.0,
				0
			],
			[
				1.0,
				0
			],
			[
				-1.618033988749895,
				0
			],
			[
				0.6180339887498949,
				0
			],
			[
				0.0,
				0
			]
		],
		[
			[
				1.0,
				0
			],
			[
				-0.6516969398542481,
				0
			],
			[
				0.34830306014575185,
				0
			],
			[
				0.34830306014575185,
				0
			],
			[
				-0.20673342634062133,
				0
			]
		]
	],
	"numeric_frobenius_perron_dimensions":[
		1.0,
		7.389473449574574,
		8.389473449574574,
		8.389473449574574,
		9.811965837747945
	],
	"numeric_frobenius_perron_dimension":2.9264552098533363e2,
	"info":"Fusion ring. mult_tab provides structure constants. barcode and formal_code provide unique identifiers see (DOI: 10.1063\/5.0148848). sub_fusion_rings provides tuples where the first element corresponds to the elements of the ring that form the subring isomorphic to the ring identified by the second element of the tuple. software provides doi of original software used to represent fusion ring.",
	"comments":[
		""
	]
}