{
	"references":[
		""
	],
	"software":[
		"https:\/\/doi.org\/10.5281\/zenodo.15920400"
	],
	"mult_tab":[
		[
			[
				1,
				0,
				0,
				0,
				0
			],
			[
				0,
				1,
				0,
				0,
				0
			],
			[
				0,
				0,
				1,
				0,
				0
			],
			[
				0,
				0,
				0,
				1,
				0
			],
			[
				0,
				0,
				0,
				0,
				1
			]
		],
		[
			[
				0,
				1,
				0,
				0,
				0
			],
			[
				1,
				1,
				2,
				2,
				1
			],
			[
				0,
				2,
				1,
				3,
				4
			],
			[
				0,
				2,
				3,
				2,
				5
			],
			[
				0,
				1,
				4,
				5,
				2
			]
		],
		[
			[
				0,
				0,
				1,
				0,
				0
			],
			[
				0,
				2,
				1,
				3,
				4
			],
			[
				1,
				1,
				9,
				3,
				4
			],
			[
				0,
				3,
				3,
				10,
				4
			],
			[
				0,
				4,
				4,
				4,
				9
			]
		],
		[
			[
				0,
				0,
				0,
				1,
				0
			],
			[
				0,
				2,
				3,
				2,
				5
			],
			[
				0,
				3,
				3,
				10,
				4
			],
			[
				1,
				2,
				10,
				7,
				5
			],
			[
				0,
				5,
				4,
				5,
				11
			]
		],
		[
			[
				0,
				0,
				0,
				0,
				1
			],
			[
				0,
				1,
				4,
				5,
				2
			],
			[
				0,
				4,
				4,
				4,
				9
			],
			[
				0,
				5,
				4,
				5,
				11
			],
			[
				1,
				2,
				9,
				11,
				3
			]
		]
	],
	"texnames":[
		"\\text{FR}^{5,11,0}_{1072}"
	],
	"barcode":[
		6,
		5,
		8,
		3,
		7,
		7,
		0,
		0,
		7,
		1,
		1,
		6,
		2,
		1,
		8,
		2,
		3,
		4,
		2,
		2,
		0,
		4,
		1,
		2,
		6,
		8,
		4,
		4,
		3,
		7,
		1,
		5,
		4,
		5,
		9,
		0,
		8,
		0,
		5,
		5,
		1,
		2,
		1,
		2,
		9,
		3,
		3,
		1,
		6,
		7,
		5,
		6,
		5,
		7,
		3,
		2,
		9,
		6,
		8,
		5,
		9,
		7,
		8,
		8,
		6,
		0,
		8,
		0,
		8,
		2,
		2,
		5,
		4,
		7,
		2,
		6,
		4,
		0,
		6,
		3,
		5,
		2,
		2,
		6,
		7,
		0,
		3,
		2,
		2,
		4,
		0,
		7,
		8,
		7,
		2,
		0,
		3,
		5,
		3,
		1,
		1,
		3,
		4,
		1,
		4,
		2,
		5,
		9,
		1,
		0,
		6,
		8,
		2,
		8,
		4,
		3,
		1,
		7,
		9,
		1,
		3,
		5,
		3,
		6,
		1,
		4,
		8,
		2,
		8,
		2,
		0,
		5,
		2,
		5
	],
	"formal_code":[
		5,
		11,
		0,
		1072
	],
	"tensor_product_decompositions":{
		"identifiers":[
			"formal_code"
		],
		"value":[]
	},
	"sub_fusion_rings":{
		"identifiers":[
			"injection",
			"formal_code"
		],
		"value":[]
	},
	"numeric_characters":[
		[
			[
				1.0,
				0
			],
			[
				1.0632537166082955e1,
				0
			],
			[
				1.810036347923213e1,
				0
			],
			[
				2.1556596050640863e1,
				0
			],
			[
				2.2104390362306393e1,
				0
			]
		],
		[
			[
				1.0,
				0
			],
			[
				-1.5942880133064363,
				0
			],
			[
				6.787904741610023,
				0
			],
			[
				-5.467572984430435,
				0
			],
			[
				0.49537876831984246,
				0
			]
		],
		[
			[
				1.0,
				0
			],
			[
				1.1880839157427123,
				0
			],
			[
				2.051622874948195e-2,
				0
			],
			[
				-0.1795965741469222,
				0
			],
			[
				-0.4583798341012955,
				0
			]
		],
		[
			[
				1.0,
				0
			],
			[
				-3.5388085209827826,
				0
			],
			[
				5.315132313144385,
				0
			],
			[
				6.95471787251651,
				0
			],
			[
				-9.477726102158657,
				0
			]
		],
		[
			[
				1.0,
				0
			],
			[
				-0.687524547536447,
				0
			],
			[
				-0.22391676273602207,
				0
			],
			[
				0.13585563541998477,
				0
			],
			[
				0.3363368056337178,
				0
			]
		]
	],
	"numeric_frobenius_perron_dimensions":[
		1.0,
		1.0632537166082953e1,
		1.810036347923213e1,
		2.1556596050640863e1,
		2.2104390362306393e1
	],
	"numeric_frobenius_perron_dimension":1.3949649112481848e3,
	"info":"Fusion ring. mult_tab provides structure constants. barcode and formal_code provide unique identifiers see (DOI: 10.1063\/5.0148848). sub_fusion_rings provides tuples where the first element corresponds to the elements of the ring that form the subring isomorphic to the ring identified by the second element of the tuple. software provides doi of original software used to represent fusion ring.",
	"comments":[
		""
	]
}