{
	"references":[
		""
	],
	"software":[
		"https:\/\/doi.org\/10.5281\/zenodo.15920400"
	],
	"mult_tab":[
		[
			[
				1,
				0,
				0,
				0,
				0
			],
			[
				0,
				1,
				0,
				0,
				0
			],
			[
				0,
				0,
				1,
				0,
				0
			],
			[
				0,
				0,
				0,
				1,
				0
			],
			[
				0,
				0,
				0,
				0,
				1
			]
		],
		[
			[
				0,
				1,
				0,
				0,
				0
			],
			[
				1,
				11,
				0,
				1,
				2
			],
			[
				0,
				0,
				5,
				5,
				5
			],
			[
				0,
				1,
				5,
				5,
				5
			],
			[
				0,
				2,
				5,
				5,
				5
			]
		],
		[
			[
				0,
				0,
				1,
				0,
				0
			],
			[
				0,
				0,
				5,
				5,
				5
			],
			[
				1,
				5,
				6,
				5,
				7
			],
			[
				0,
				5,
				5,
				8,
				6
			],
			[
				0,
				5,
				7,
				6,
				7
			]
		],
		[
			[
				0,
				0,
				0,
				1,
				0
			],
			[
				0,
				1,
				5,
				5,
				5
			],
			[
				0,
				5,
				5,
				8,
				6
			],
			[
				1,
				5,
				8,
				4,
				8
			],
			[
				0,
				5,
				6,
				8,
				7
			]
		],
		[
			[
				0,
				0,
				0,
				0,
				1
			],
			[
				0,
				2,
				5,
				5,
				5
			],
			[
				0,
				5,
				7,
				6,
				7
			],
			[
				0,
				5,
				6,
				8,
				7
			],
			[
				1,
				5,
				7,
				7,
				8
			]
		]
	],
	"texnames":[
		"\\text{FR}^{5,11,0}_{673}"
	],
	"barcode":[
		6,
		5,
		8,
		3,
		7,
		7,
		0,
		0,
		7,
		1,
		1,
		6,
		2,
		1,
		8,
		2,
		3,
		4,
		2,
		2,
		0,
		4,
		1,
		2,
		6,
		8,
		4,
		4,
		3,
		7,
		1,
		5,
		5,
		0,
		2,
		8,
		8,
		5,
		3,
		9,
		6,
		5,
		6,
		6,
		3,
		2,
		6,
		2,
		8,
		9,
		4,
		2,
		4,
		2,
		1,
		7,
		4,
		8,
		9,
		6,
		8,
		3,
		2,
		8,
		1,
		6,
		9,
		4,
		4,
		5,
		9,
		5,
		3,
		3,
		8,
		6,
		7,
		2,
		2,
		0,
		5,
		7,
		5,
		4,
		8,
		9,
		6,
		0,
		4,
		1,
		0,
		9,
		9,
		4,
		9,
		8,
		9,
		2,
		9,
		6,
		0,
		7,
		3,
		7,
		6,
		5,
		3,
		4,
		2,
		0,
		4,
		5,
		1,
		1,
		7,
		1,
		9,
		7,
		8,
		6,
		1,
		7,
		4,
		0,
		4,
		0,
		6,
		3,
		5,
		7,
		6,
		8,
		1,
		8
	],
	"formal_code":[
		5,
		11,
		0,
		673
	],
	"tensor_product_decompositions":{
		"identifiers":[
			"formal_code"
		],
		"value":[]
	},
	"sub_fusion_rings":{
		"identifiers":[
			"injection",
			"formal_code"
		],
		"value":[]
	},
	"numeric_characters":[
		[
			[
				1.0,
				0
			],
			[
				1.5669877939415647e1,
				0
			],
			[
				2.2392139100871013e1,
				0
			],
			[
				2.3392139100871013e1,
				0
			],
			[
				2.4392139100871013e1,
				0
			]
		],
		[
			[
				1.0,
				0
			],
			[
				1.0601016073820825e1,
				0
			],
			[
				-3.409878338207193,
				0
			],
			[
				-2.409878338207193,
				0
			],
			[
				-1.409878338207193,
				0
			]
		],
		[
			[
				1.0,
				0
			],
			[
				0.0,
				0
			],
			[
				2.618033988749895,
				0
			],
			[
				-4.23606797749979,
				0
			],
			[
				1.618033988749895,
				0
			]
		],
		[
			[
				1.0,
				0
			],
			[
				-0.2708940132364711,
				0
			],
			[
				-0.9822607626638188,
				0
			],
			[
				1.7739237336181247e-2,
				0
			],
			[
				1.0177392373361813,
				0
			]
		],
		[
			[
				1.0,
				0
			],
			[
				0.0,
				0
			],
			[
				0.3819660112501051,
				0
			],
			[
				0.2360679774997898,
				0
			],
			[
				-0.6180339887498949,
				0
			]
		]
	],
	"numeric_frobenius_perron_dimensions":[
		1.0,
		1.5669877939415647e1,
		2.2392139100871013e1,
		2.339213910087101e1,
		2.4392139100871013e1
	],
	"numeric_frobenius_perron_dimension":1.8901215897796806e3,
	"info":"Fusion ring. mult_tab provides structure constants. barcode and formal_code provide unique identifiers see (DOI: 10.1063\/5.0148848). sub_fusion_rings provides tuples where the first element corresponds to the elements of the ring that form the subring isomorphic to the ring identified by the second element of the tuple. software provides doi of original software used to represent fusion ring.",
	"comments":[
		""
	]
}