{
	"references":[
		""
	],
	"software":[
		"https:\/\/doi.org\/10.5281\/zenodo.15920400"
	],
	"mult_tab":[
		[
			[
				1,
				0,
				0,
				0,
				0
			],
			[
				0,
				1,
				0,
				0,
				0
			],
			[
				0,
				0,
				1,
				0,
				0
			],
			[
				0,
				0,
				0,
				1,
				0
			],
			[
				0,
				0,
				0,
				0,
				1
			]
		],
		[
			[
				0,
				1,
				0,
				0,
				0
			],
			[
				1,
				3,
				3,
				1,
				1
			],
			[
				0,
				3,
				2,
				2,
				2
			],
			[
				0,
				1,
				2,
				2,
				4
			],
			[
				0,
				1,
				2,
				4,
				4
			]
		],
		[
			[
				0,
				0,
				1,
				0,
				0
			],
			[
				0,
				3,
				2,
				2,
				2
			],
			[
				1,
				2,
				3,
				2,
				3
			],
			[
				0,
				2,
				2,
				4,
				3
			],
			[
				0,
				2,
				3,
				3,
				5
			]
		],
		[
			[
				0,
				0,
				0,
				1,
				0
			],
			[
				0,
				1,
				2,
				2,
				4
			],
			[
				0,
				2,
				2,
				4,
				3
			],
			[
				1,
				2,
				4,
				2,
				4
			],
			[
				0,
				4,
				3,
				4,
				4
			]
		],
		[
			[
				0,
				0,
				0,
				0,
				1
			],
			[
				0,
				1,
				2,
				4,
				4
			],
			[
				0,
				2,
				3,
				3,
				5
			],
			[
				0,
				4,
				3,
				4,
				4
			],
			[
				1,
				4,
				5,
				4,
				5
			]
		]
	],
	"texnames":[
		"\\text{FR}^{5,5,0}_{37}"
	],
	"barcode":[
		3,
		0,
		9,
		5,
		7,
		3,
		9,
		1,
		2,
		6,
		0,
		0,
		3,
		9,
		5,
		8,
		7,
		8,
		8,
		6,
		2,
		2,
		6,
		3,
		9,
		6,
		7,
		5,
		9,
		5,
		0,
		5,
		3,
		4,
		6,
		4,
		0,
		0,
		9,
		9,
		0,
		3,
		3,
		5,
		3,
		0,
		1,
		0,
		9,
		1,
		8,
		0,
		8,
		5,
		1,
		0,
		6,
		3,
		1,
		4,
		1,
		0,
		6,
		9,
		1,
		5,
		0,
		4,
		6,
		9,
		4,
		9,
		9,
		3,
		7,
		5,
		0,
		3,
		2,
		0,
		6,
		3,
		2,
		1,
		0,
		1,
		1,
		6,
		2,
		1,
		4,
		9,
		1,
		7,
		9,
		0,
		2
	],
	"formal_code":[
		5,
		5,
		0,
		37
	],
	"tensor_product_decompositions":{
		"identifiers":[
			"formal_code"
		],
		"value":[]
	},
	"sub_fusion_rings":{
		"identifiers":[
			"injection",
			"formal_code"
		],
		"value":[]
	},
	"numeric_characters":[
		[
			[
				1.0,
				0
			],
			[
				9.442926437348579,
				0
			],
			[
				1.1010172582592835e1,
				0
			],
			[
				1.212115824805411e1,
				0
			],
			[
				1.4688404393298367e1,
				0
			]
		],
		[
			[
				1.0,
				0
			],
			[
				3.6339089061500838,
				0
			],
			[
				1.7695863710215929,
				0
			],
			[
				-1.5704346790948207,
				0
			],
			[
				-2.4347572142233114,
				0
			]
		],
		[
			[
				1.0,
				0
			],
			[
				-1.0,
				0
			],
			[
				1.0,
				0
			],
			[
				1.0,
				0
			],
			[
				-1.0,
				0
			]
		],
		[
			[
				1.0,
				0
			],
			[
				-1.2616255195090338,
				0
			],
			[
				1.8143152066583723,
				0
			],
			[
				-2.571155418069491,
				0
			],
			[
				1.504785308097915,
				0
			]
		],
		[
			[
				1.0,
				0
			],
			[
				0.1847901760103715,
				0
			],
			[
				-0.5940741602728005,
				0
			],
			[
				2.0431849110201485e-2,
				0
			],
			[
				0.24156751282702948,
				0
			]
		]
	],
	"numeric_frobenius_perron_dimensions":[
		1.0,
		9.442926437348579,
		1.1010172582592835e1,
		1.212115824805411e1,
		1.4688404393298367e1
	],
	"numeric_frobenius_perron_dimension":5.740644608950927e2,
	"info":"Fusion ring. mult_tab provides structure constants. barcode and formal_code provide unique identifiers see (DOI: 10.1063\/5.0148848). sub_fusion_rings provides tuples where the first element corresponds to the elements of the ring that form the subring isomorphic to the ring identified by the second element of the tuple. software provides doi of original software used to represent fusion ring.",
	"comments":[
		""
	]
}