{
	"references":[
		""
	],
	"software":[
		"https:\/\/doi.org\/10.5281\/zenodo.15920400"
	],
	"mult_tab":[
		[
			[
				1,
				0,
				0,
				0,
				0
			],
			[
				0,
				1,
				0,
				0,
				0
			],
			[
				0,
				0,
				1,
				0,
				0
			],
			[
				0,
				0,
				0,
				1,
				0
			],
			[
				0,
				0,
				0,
				0,
				1
			]
		],
		[
			[
				0,
				1,
				0,
				0,
				0
			],
			[
				1,
				2,
				3,
				1,
				4
			],
			[
				0,
				3,
				2,
				4,
				3
			],
			[
				0,
				1,
				4,
				5,
				5
			],
			[
				0,
				4,
				3,
				5,
				4
			]
		],
		[
			[
				0,
				0,
				1,
				0,
				0
			],
			[
				0,
				3,
				2,
				4,
				3
			],
			[
				1,
				2,
				3,
				4,
				5
			],
			[
				0,
				4,
				4,
				6,
				5
			],
			[
				0,
				3,
				5,
				5,
				6
			]
		],
		[
			[
				0,
				0,
				0,
				1,
				0
			],
			[
				0,
				1,
				4,
				5,
				5
			],
			[
				0,
				4,
				4,
				6,
				5
			],
			[
				1,
				5,
				6,
				6,
				8
			],
			[
				0,
				5,
				5,
				8,
				7
			]
		],
		[
			[
				0,
				0,
				0,
				0,
				1
			],
			[
				0,
				4,
				3,
				5,
				4
			],
			[
				0,
				3,
				5,
				5,
				6
			],
			[
				0,
				5,
				5,
				8,
				7
			],
			[
				1,
				4,
				6,
				7,
				8
			]
		]
	],
	"texnames":[
		"\\text{FR}^{5,8,0}_{198}"
	],
	"barcode":[
		2,
		1,
		1,
		8,
		7,
		1,
		2,
		2,
		9,
		9,
		1,
		3,
		9,
		8,
		3,
		2,
		0,
		3,
		2,
		5,
		8,
		3,
		1,
		9,
		3,
		6,
		7,
		6,
		2,
		2,
		1,
		9,
		7,
		6,
		9,
		0,
		1,
		3,
		5,
		1,
		5,
		6,
		2,
		9,
		1,
		3,
		3,
		2,
		6,
		1,
		2,
		3,
		1,
		8,
		5,
		7,
		3,
		2,
		0,
		5,
		1,
		6,
		2,
		5,
		4,
		0,
		0,
		3,
		8,
		3,
		5,
		6,
		3,
		7,
		9,
		7,
		0,
		9,
		1,
		2,
		3,
		6,
		3,
		0,
		4,
		7,
		4,
		0,
		5,
		5,
		8,
		6,
		7,
		8,
		4,
		6,
		8,
		2,
		3,
		5,
		3,
		4,
		5,
		0,
		3,
		6,
		9,
		7,
		7,
		7,
		7,
		2,
		6,
		4,
		5,
		5,
		6,
		6,
		7
	],
	"formal_code":[
		5,
		8,
		0,
		198
	],
	"tensor_product_decompositions":{
		"identifiers":[
			"formal_code"
		],
		"value":[]
	},
	"sub_fusion_rings":{
		"identifiers":[
			"injection",
			"formal_code"
		],
		"value":[]
	},
	"numeric_characters":[
		[
			[
				1.0,
				0
			],
			[
				1.3713748675075502e1,
				0
			],
			[
				1.659919896088924e1,
				0
			],
			[
				2.182038228998991e1,
				0
			],
			[
				2.200535655008161e1,
				0
			]
		],
		[
			[
				1.0,
				0
			],
			[
				2.4916304376649454,
				0
			],
			[
				0.1423546947896617,
				0
			],
			[
				-2.2317933448435023,
				0
			],
			[
				0.5074226557607584,
				0
			]
		],
		[
			[
				1.0,
				0
			],
			[
				-0.21300717008245787,
				0
			],
			[
				-1.3177475005441028,
				0
			],
			[
				0.30361061694827374,
				0
			],
			[
				0.7802545698388719,
				0
			]
		],
		[
			[
				1.0,
				0
			],
			[
				-4.664154930243959e-2,
				0
			],
			[
				0.4539856710596158,
				0
			],
			[
				0.28020079109791884,
				0
			],
			[
				-0.6366748178876388,
				0
			]
		],
		[
			[
				1.0,
				0
			],
			[
				-2.9457303933555496,
				0
			],
			[
				2.1222081738055856,
				0
			],
			[
				-2.1724003531926,
				0
			],
			[
				2.343641042206396,
				0
			]
		]
	],
	"numeric_frobenius_perron_dimensions":[
		1.0,
		1.3713748675075502e1,
		1.659919896088924e1,
		2.182038228998991e1,
		2.200535655008161e1
	],
	"numeric_frobenius_perron_dimension":1.4249651090438465e3,
	"info":"Fusion ring. mult_tab provides structure constants. barcode and formal_code provide unique identifiers see (DOI: 10.1063\/5.0148848). sub_fusion_rings provides tuples where the first element corresponds to the elements of the ring that form the subring isomorphic to the ring identified by the second element of the tuple. software provides doi of original software used to represent fusion ring.",
	"comments":[
		""
	]
}