{
	"references":[
		""
	],
	"software":[
		"https:\/\/doi.org\/10.5281\/zenodo.15920400"
	],
	"mult_tab":[
		[
			[
				1,
				0,
				0,
				0,
				0
			],
			[
				0,
				1,
				0,
				0,
				0
			],
			[
				0,
				0,
				1,
				0,
				0
			],
			[
				0,
				0,
				0,
				1,
				0
			],
			[
				0,
				0,
				0,
				0,
				1
			]
		],
		[
			[
				0,
				1,
				0,
				0,
				0
			],
			[
				1,
				6,
				2,
				3,
				3
			],
			[
				0,
				2,
				3,
				4,
				5
			],
			[
				0,
				3,
				4,
				6,
				5
			],
			[
				0,
				3,
				5,
				5,
				8
			]
		],
		[
			[
				0,
				0,
				1,
				0,
				0
			],
			[
				0,
				2,
				3,
				4,
				5
			],
			[
				1,
				3,
				1,
				5,
				6
			],
			[
				0,
				4,
				5,
				5,
				6
			],
			[
				0,
				5,
				6,
				6,
				7
			]
		],
		[
			[
				0,
				0,
				0,
				1,
				0
			],
			[
				0,
				3,
				4,
				6,
				5
			],
			[
				0,
				4,
				5,
				5,
				6
			],
			[
				1,
				6,
				5,
				0,
				13
			],
			[
				0,
				5,
				6,
				13,
				6
			]
		],
		[
			[
				0,
				0,
				0,
				0,
				1
			],
			[
				0,
				3,
				5,
				5,
				8
			],
			[
				0,
				5,
				6,
				6,
				7
			],
			[
				0,
				5,
				6,
				13,
				6
			],
			[
				1,
				8,
				7,
				6,
				14
			]
		]
	],
	"texnames":[
		"\\text{FR}^{5,14,0}_{131}"
	],
	"barcode":[
		6,
		8,
		4,
		4,
		0,
		9,
		7,
		0,
		7,
		8,
		0,
		3,
		0,
		6,
		8,
		2,
		0,
		8,
		2,
		8,
		2,
		7,
		0,
		4,
		7,
		6,
		6,
		1,
		8,
		9,
		7,
		5,
		4,
		7,
		1,
		1,
		9,
		5,
		5,
		3,
		5,
		9,
		7,
		2,
		4,
		5,
		1,
		7,
		1,
		7,
		5,
		2,
		4,
		1,
		6,
		1,
		2,
		7,
		5,
		2,
		5,
		2,
		4,
		9,
		0,
		2,
		5,
		3,
		2,
		1,
		7,
		9,
		0,
		9,
		0,
		0,
		0,
		4,
		7,
		5,
		9,
		4,
		2,
		4,
		1,
		5,
		5,
		4,
		6,
		6,
		5,
		0,
		0,
		4,
		9,
		7,
		1,
		0,
		3,
		5,
		4,
		7,
		4,
		7,
		9,
		8,
		0,
		6,
		5,
		1,
		7,
		5,
		2,
		3,
		9,
		5,
		8,
		9,
		5,
		3,
		0,
		8,
		1,
		4,
		8,
		2,
		1,
		8,
		4,
		7,
		4,
		0,
		4,
		2,
		1,
		3,
		9,
		5,
		0,
		0,
		5,
		3,
		3,
		4,
		2,
		5
	],
	"formal_code":[
		5,
		14,
		0,
		131
	],
	"tensor_product_decompositions":{
		"identifiers":[
			"formal_code"
		],
		"value":[]
	},
	"sub_fusion_rings":{
		"identifiers":[
			"injection",
			"formal_code"
		],
		"value":[]
	},
	"numeric_characters":[
		[
			[
				1.0,
				0
			],
			[
				1.7337987872586616e1,
				0
			],
			[
				1.905498381006339e1,
				0
			],
			[
				2.391239665467353e1,
				0
			],
			[
				2.8576912883431167e1,
				0
			]
		],
		[
			[
				1.0,
				0
			],
			[
				-0.3194407893058753,
				0
			],
			[
				-3.2956438172514457,
				0
			],
			[
				1.1047152210642555,
				0
			],
			[
				1.431943041672579,
				0
			]
		],
		[
			[
				1.0,
				0
			],
			[
				4.342546658943495,
				0
			],
			[
				-0.9819960668096008,
				0
			],
			[
				-0.38582503508955374,
				0
			],
			[
				-1.6920337432239316,
				0
			]
		],
		[
			[
				1.0,
				0
			],
			[
				1.8420517222219157,
				0
			],
			[
				-5.7816411862036086e-2,
				0
			],
			[
				-1.0622049907210283e1,
				0
			],
			[
				7.77420891978805,
				0
			]
		],
		[
			[
				1.0,
				0
			],
			[
				-0.20314546444615134,
				0
			],
			[
				0.28047248585969337,
				0
			],
			[
				-9.236933437948847e-3,
				0
			],
			[
				-9.10311016678632e-2,
				0
			]
		]
	],
	"numeric_frobenius_perron_dimensions":[
		1.0,
		1.7337987872586616e1,
		1.905498381006339e1,
		2.391239665467353e1,
		2.8576912883431167e1
	],
	"numeric_frobenius_perron_dimension":2.0531408951893945e3,
	"info":"Fusion ring. mult_tab provides structure constants. barcode and formal_code provide unique identifiers see (DOI: 10.1063\/5.0148848). sub_fusion_rings provides tuples where the first element corresponds to the elements of the ring that form the subring isomorphic to the ring identified by the second element of the tuple. software provides doi of original software used to represent fusion ring.",
	"comments":[
		""
	]
}