{
	"references":[
		""
	],
	"software":[
		"https:\/\/doi.org\/10.5281\/zenodo.15920400"
	],
	"mult_tab":[
		[
			[
				1,
				0,
				0,
				0,
				0
			],
			[
				0,
				1,
				0,
				0,
				0
			],
			[
				0,
				0,
				1,
				0,
				0
			],
			[
				0,
				0,
				0,
				1,
				0
			],
			[
				0,
				0,
				0,
				0,
				1
			]
		],
		[
			[
				0,
				1,
				0,
				0,
				0
			],
			[
				1,
				4,
				4,
				0,
				0
			],
			[
				0,
				4,
				6,
				0,
				1
			],
			[
				0,
				0,
				0,
				5,
				4
			],
			[
				0,
				0,
				1,
				4,
				6
			]
		],
		[
			[
				0,
				0,
				1,
				0,
				0
			],
			[
				0,
				4,
				6,
				0,
				1
			],
			[
				1,
				6,
				7,
				1,
				2
			],
			[
				0,
				0,
				1,
				5,
				7
			],
			[
				0,
				1,
				2,
				7,
				7
			]
		],
		[
			[
				0,
				0,
				0,
				1,
				0
			],
			[
				0,
				0,
				0,
				5,
				4
			],
			[
				0,
				0,
				1,
				5,
				7
			],
			[
				1,
				5,
				5,
				3,
				3
			],
			[
				0,
				4,
				7,
				3,
				5
			]
		],
		[
			[
				0,
				0,
				0,
				0,
				1
			],
			[
				0,
				0,
				1,
				4,
				6
			],
			[
				0,
				1,
				2,
				7,
				7
			],
			[
				0,
				4,
				7,
				3,
				5
			],
			[
				1,
				6,
				7,
				5,
				6
			]
		]
	],
	"texnames":[
		"\\text{FR}^{5,7,0}_{246}"
	],
	"barcode":[
		9,
		6,
		1,
		9,
		6,
		6,
		7,
		1,
		1,
		5,
		1,
		5,
		9,
		4,
		6,
		1,
		3,
		2,
		2,
		9,
		6,
		4,
		4,
		3,
		8,
		9,
		2,
		0,
		9,
		6,
		5,
		2,
		3,
		6,
		7,
		5,
		9,
		7,
		9,
		1,
		3,
		9,
		6,
		5,
		1,
		5,
		2,
		3,
		9,
		1,
		7,
		3,
		3,
		0,
		6,
		5,
		6,
		5,
		1,
		1,
		2,
		5,
		4,
		7,
		3,
		0,
		1,
		5,
		0,
		5,
		7,
		9,
		3,
		5,
		5,
		4,
		1,
		1,
		7,
		6,
		5,
		1,
		4,
		2,
		3,
		9,
		4,
		3,
		4,
		2,
		5,
		9,
		6,
		4,
		7,
		5,
		9,
		6,
		1,
		8,
		1,
		4,
		7,
		4,
		6,
		1,
		7,
		3,
		3,
		2,
		1,
		1
	],
	"formal_code":[
		5,
		7,
		0,
		246
	],
	"tensor_product_decompositions":{
		"identifiers":[
			"formal_code"
		],
		"value":[]
	},
	"sub_fusion_rings":{
		"identifiers":[
			"injection",
			"formal_code"
		],
		"value":[]
	},
	"numeric_characters":[
		[
			[
				1.0,
				0
			],
			[
				9.99065188643975,
				0
			],
			[
				1.4712629392565786e1,
				0
			],
			[
				1.5028397188046535e1,
				0
			],
			[
				1.875037469417257e1,
				0
			]
		],
		[
			[
				1.0,
				0
			],
			[
				8.765602351734524,
				0
			],
			[
				1.0193343795448932e1,
				0
			],
			[
				-7.299415277920417,
				0
			],
			[
				-6.8716738342060095,
				0
			]
		],
		[
			[
				1.0,
				0
			],
			[
				1.7571346426256196,
				0
			],
			[
				-1.2352541045468537,
				0
			],
			[
				2.2048670244063513,
				0
			],
			[
				-1.7875217227661222,
				0
			]
		],
		[
			[
				1.0,
				0
			],
			[
				1.0,
				0
			],
			[
				-1.0,
				0
			],
			[
				-1.0,
				0
			],
			[
				1.0,
				0
			]
		],
		[
			[
				1.0,
				0
			],
			[
				-0.5133888807998944,
				0
			],
			[
				0.3292809165321364,
				0
			],
			[
				6.615106546753115e-2,
				0
			],
			[
				-9.117913720043802e-2,
				0
			]
		]
	],
	"numeric_frobenius_perron_dimensions":[
		1.0,
		9.990651886439744,
		1.4712629392565784e1,
		1.5028397188046535e1,
		1.875037469417257e1
	],
	"numeric_frobenius_perron_dimension":8.947038619725648e2,
	"info":"Fusion ring. mult_tab provides structure constants. barcode and formal_code provide unique identifiers see (DOI: 10.1063\/5.0148848). sub_fusion_rings provides tuples where the first element corresponds to the elements of the ring that form the subring isomorphic to the ring identified by the second element of the tuple. software provides doi of original software used to represent fusion ring.",
	"comments":[
		""
	]
}