{
	"references":[
		""
	],
	"software":[
		"https:\/\/doi.org\/10.5281\/zenodo.15920400"
	],
	"mult_tab":[
		[
			[
				1,
				0,
				0,
				0,
				0
			],
			[
				0,
				1,
				0,
				0,
				0
			],
			[
				0,
				0,
				1,
				0,
				0
			],
			[
				0,
				0,
				0,
				1,
				0
			],
			[
				0,
				0,
				0,
				0,
				1
			]
		],
		[
			[
				0,
				1,
				0,
				0,
				0
			],
			[
				1,
				0,
				0,
				0,
				0
			],
			[
				0,
				0,
				1,
				0,
				0
			],
			[
				0,
				0,
				0,
				1,
				0
			],
			[
				0,
				0,
				0,
				0,
				1
			]
		],
		[
			[
				0,
				0,
				1,
				0,
				0
			],
			[
				0,
				0,
				1,
				0,
				0
			],
			[
				1,
				1,
				3,
				6,
				5
			],
			[
				0,
				0,
				6,
				4,
				8
			],
			[
				0,
				0,
				5,
				8,
				6
			]
		],
		[
			[
				0,
				0,
				0,
				1,
				0
			],
			[
				0,
				0,
				0,
				1,
				0
			],
			[
				0,
				0,
				6,
				4,
				8
			],
			[
				1,
				1,
				4,
				12,
				6
			],
			[
				0,
				0,
				8,
				6,
				10
			]
		],
		[
			[
				0,
				0,
				0,
				0,
				1
			],
			[
				0,
				0,
				0,
				0,
				1
			],
			[
				0,
				0,
				5,
				8,
				6
			],
			[
				0,
				0,
				8,
				6,
				10
			],
			[
				1,
				1,
				6,
				10,
				9
			]
		]
	],
	"texnames":[
		"\\text{FR}^{5,12,0}_{2092}"
	],
	"barcode":[
		1,
		3,
		4,
		5,
		7,
		8,
		5,
		2,
		8,
		7,
		0,
		6,
		3,
		2,
		5,
		1,
		9,
		2,
		9,
		5,
		4,
		0,
		9,
		2,
		4,
		6,
		7,
		7,
		1,
		2,
		3,
		4,
		6,
		1,
		3,
		9,
		6,
		0,
		1,
		0,
		1,
		3,
		3,
		2,
		6,
		1,
		6,
		5,
		6,
		2,
		3,
		4,
		8,
		4,
		6,
		0,
		6,
		4,
		3,
		8,
		1,
		2,
		4,
		9,
		6,
		8,
		1,
		0,
		3,
		8,
		4,
		3,
		4,
		3,
		0,
		8,
		1,
		2,
		6,
		1,
		9,
		9,
		7,
		1,
		6,
		7,
		4,
		2,
		3,
		1,
		2,
		6,
		0,
		2,
		4,
		1,
		1,
		8,
		6,
		7,
		9,
		1,
		1,
		2,
		0,
		4,
		9,
		1,
		2,
		8,
		1,
		8,
		5,
		0,
		7,
		9,
		6,
		9,
		2,
		7,
		5,
		9,
		7,
		9,
		5,
		2,
		2,
		5,
		6,
		0,
		3,
		5,
		7,
		0,
		0,
		0,
		2,
		1,
		7
	],
	"formal_code":[
		5,
		12,
		0,
		2092
	],
	"tensor_product_decompositions":{
		"identifiers":[
			"formal_code"
		],
		"value":[]
	},
	"sub_fusion_rings":{
		"identifiers":[
			"injection",
			"formal_code"
		],
		"value":[
			[
				[
					1,
					2
				],
				[
					2,
					1,
					0,
					1
				]
			]
		]
	},
	"numeric_characters":[
		[
			[
				1.0,
				0
			],
			[
				1.0,
				0
			],
			[
				1.7287520537924717e1,
				0
			],
			[
				2.1658895291116064e1,
				0
			],
			[
				2.300848659773967e1,
				0
			]
		],
		[
			[
				1.0,
				0
			],
			[
				1.0,
				0
			],
			[
				-3.6267050739805176,
				0
			],
			[
				6.837668937941522,
				0
			],
			[
				-3.798581742414309,
				0
			]
		],
		[
			[
				1.0,
				0
			],
			[
				1.0,
				0
			],
			[
				0.8465173757771548,
				0
			],
			[
				-0.16096016199042634,
				0
			],
			[
				-0.5714398975792531,
				0
			]
		],
		[
			[
				1.0,
				0
			],
			[
				1.0,
				0
			],
			[
				-1.5073328397213541,
				0
			],
			[
				-0.3356040670671602,
				0
			],
			[
				1.361535042253893,
				0
			]
		],
		[
			[
				1.0,
				0
			],
			[
				-1.0,
				0
			],
			[
				0.0,
				0
			],
			[
				0.0,
				0
			],
			[
				0.0,
				0
			]
		]
	],
	"numeric_frobenius_perron_dimensions":[
		1.0,
		1.0,
		1.7287520537924717e1,
		2.1658895291116067e1,
		2.300848659773967e1
	],
	"numeric_frobenius_perron_dimension":1.2993565670990647e3,
	"info":"Fusion ring. mult_tab provides structure constants. barcode and formal_code provide unique identifiers see (DOI: 10.1063\/5.0148848). sub_fusion_rings provides tuples where the first element corresponds to the elements of the ring that form the subring isomorphic to the ring identified by the second element of the tuple. software provides doi of original software used to represent fusion ring.",
	"comments":[
		""
	]
}