{
	"references":[
		""
	],
	"software":[
		"https:\/\/doi.org\/10.5281\/zenodo.15920400"
	],
	"mult_tab":[
		[
			[
				1,
				0,
				0,
				0,
				0
			],
			[
				0,
				1,
				0,
				0,
				0
			],
			[
				0,
				0,
				1,
				0,
				0
			],
			[
				0,
				0,
				0,
				1,
				0
			],
			[
				0,
				0,
				0,
				0,
				1
			]
		],
		[
			[
				0,
				1,
				0,
				0,
				0
			],
			[
				1,
				0,
				0,
				0,
				0
			],
			[
				0,
				0,
				1,
				0,
				0
			],
			[
				0,
				0,
				0,
				1,
				0
			],
			[
				0,
				0,
				0,
				0,
				1
			]
		],
		[
			[
				0,
				0,
				1,
				0,
				0
			],
			[
				0,
				0,
				1,
				0,
				0
			],
			[
				1,
				1,
				4,
				10,
				6
			],
			[
				0,
				0,
				10,
				6,
				8
			],
			[
				0,
				0,
				6,
				8,
				10
			]
		],
		[
			[
				0,
				0,
				0,
				1,
				0
			],
			[
				0,
				0,
				0,
				1,
				0
			],
			[
				0,
				0,
				10,
				6,
				8
			],
			[
				1,
				1,
				6,
				12,
				9
			],
			[
				0,
				0,
				8,
				9,
				11
			]
		],
		[
			[
				0,
				0,
				0,
				0,
				1
			],
			[
				0,
				0,
				0,
				0,
				1
			],
			[
				0,
				0,
				6,
				8,
				10
			],
			[
				0,
				0,
				8,
				9,
				11
			],
			[
				1,
				1,
				10,
				11,
				8
			]
		]
	],
	"texnames":[
		"\\text{FR}^{5,12,0}_{2152}"
	],
	"barcode":[
		1,
		3,
		4,
		5,
		7,
		8,
		5,
		2,
		8,
		7,
		0,
		6,
		3,
		2,
		5,
		1,
		9,
		2,
		9,
		5,
		4,
		0,
		9,
		2,
		4,
		6,
		7,
		7,
		1,
		2,
		3,
		4,
		6,
		1,
		3,
		9,
		6,
		0,
		1,
		0,
		1,
		3,
		3,
		2,
		6,
		1,
		6,
		5,
		6,
		2,
		3,
		4,
		8,
		4,
		6,
		0,
		6,
		4,
		3,
		8,
		1,
		2,
		4,
		9,
		6,
		8,
		1,
		0,
		3,
		8,
		7,
		1,
		5,
		7,
		5,
		7,
		2,
		0,
		3,
		9,
		3,
		6,
		2,
		9,
		7,
		5,
		4,
		0,
		8,
		7,
		4,
		0,
		9,
		9,
		2,
		8,
		7,
		1,
		5,
		2,
		2,
		2,
		7,
		9,
		2,
		2,
		8,
		1,
		2,
		4,
		2,
		9,
		4,
		5,
		7,
		4,
		0,
		1,
		9,
		8,
		5,
		5,
		4,
		8,
		9,
		5,
		6,
		2,
		7,
		4,
		0,
		8,
		0,
		2,
		7,
		2,
		2,
		4,
		2
	],
	"formal_code":[
		5,
		12,
		0,
		2152
	],
	"tensor_product_decompositions":{
		"identifiers":[
			"formal_code"
		],
		"value":[]
	},
	"sub_fusion_rings":{
		"identifiers":[
			"injection",
			"formal_code"
		],
		"value":[
			[
				[
					1,
					2
				],
				[
					2,
					1,
					0,
					1
				]
			]
		]
	},
	"numeric_characters":[
		[
			[
				1.0,
				0
			],
			[
				1.0,
				0
			],
			[
				2.2832390099109862e1,
				0
			],
			[
				2.6486194033074508e1,
				0
			],
			[
				2.7187756151790932e1,
				0
			]
		],
		[
			[
				1.0,
				0
			],
			[
				1.0,
				0
			],
			[
				-2.6141624244166228e-2,
				0
			],
			[
				-0.38150767692523485,
				0
			],
			[
				0.32005444179118947,
				0
			]
		],
		[
			[
				1.0,
				0
			],
			[
				1.0,
				0
			],
			[
				-5.3238233923163705,
				0
			],
			[
				5.115485112133689,
				0
			],
			[
				-0.586077006582736,
				0
			]
		],
		[
			[
				1.0,
				0
			],
			[
				-1.0,
				0
			],
			[
				0.0,
				0
			],
			[
				0.0,
				0
			],
			[
				0.0,
				0
			]
		],
		[
			[
				1.0,
				0
			],
			[
				1.0,
				0
			],
			[
				2.517574917450673,
				0
			],
			[
				1.7798285317170386,
				0
			],
			[
				-3.9217335869993857,
				0
			]
		]
	],
	"numeric_frobenius_perron_dimensions":[
		1.0,
		1.0,
		2.2832390099109862e1,
		2.6486194033074508e1,
		2.7187756151790932e1
	],
	"numeric_frobenius_perron_dimension":1.9640105965648472e3,
	"info":"Fusion ring. mult_tab provides structure constants. barcode and formal_code provide unique identifiers see (DOI: 10.1063\/5.0148848). sub_fusion_rings provides tuples where the first element corresponds to the elements of the ring that form the subring isomorphic to the ring identified by the second element of the tuple. software provides doi of original software used to represent fusion ring.",
	"comments":[
		""
	]
}