{
	"references":[
		""
	],
	"software":[
		"https:\/\/doi.org\/10.5281\/zenodo.15920400"
	],
	"mult_tab":[
		[
			[
				1,
				0,
				0,
				0,
				0
			],
			[
				0,
				1,
				0,
				0,
				0
			],
			[
				0,
				0,
				1,
				0,
				0
			],
			[
				0,
				0,
				0,
				1,
				0
			],
			[
				0,
				0,
				0,
				0,
				1
			]
		],
		[
			[
				0,
				1,
				0,
				0,
				0
			],
			[
				1,
				0,
				0,
				3,
				2
			],
			[
				0,
				0,
				1,
				3,
				2
			],
			[
				0,
				3,
				3,
				0,
				3
			],
			[
				0,
				2,
				2,
				3,
				4
			]
		],
		[
			[
				0,
				0,
				1,
				0,
				0
			],
			[
				0,
				0,
				1,
				3,
				2
			],
			[
				1,
				1,
				1,
				3,
				2
			],
			[
				0,
				3,
				3,
				1,
				3
			],
			[
				0,
				2,
				2,
				3,
				5
			]
		],
		[
			[
				0,
				0,
				0,
				1,
				0
			],
			[
				0,
				3,
				3,
				0,
				3
			],
			[
				0,
				3,
				3,
				1,
				3
			],
			[
				1,
				0,
				1,
				6,
				4
			],
			[
				0,
				3,
				3,
				4,
				6
			]
		],
		[
			[
				0,
				0,
				0,
				0,
				1
			],
			[
				0,
				2,
				2,
				3,
				4
			],
			[
				0,
				2,
				2,
				3,
				5
			],
			[
				0,
				3,
				3,
				4,
				6
			],
			[
				1,
				4,
				5,
				6,
				7
			]
		]
	],
	"texnames":[
		"\\text{FR}^{5,7,0}_{151}"
	],
	"barcode":[
		9,
		6,
		1,
		9,
		6,
		6,
		7,
		1,
		1,
		5,
		1,
		5,
		9,
		4,
		6,
		1,
		3,
		2,
		2,
		9,
		6,
		4,
		4,
		3,
		8,
		9,
		1,
		9,
		7,
		3,
		3,
		9,
		4,
		3,
		6,
		8,
		8,
		2,
		6,
		6,
		5,
		1,
		2,
		7,
		3,
		1,
		0,
		0,
		1,
		2,
		3,
		2,
		4,
		9,
		6,
		4,
		6,
		5,
		3,
		1,
		6,
		4,
		3,
		9,
		5,
		2,
		1,
		2,
		1,
		6,
		6,
		5,
		4,
		5,
		4,
		6,
		0,
		3,
		7,
		0,
		7,
		6,
		0,
		4,
		0,
		2,
		8,
		8,
		8,
		3,
		6,
		0,
		3,
		1,
		9,
		2,
		4,
		1,
		3,
		2,
		7,
		9,
		6,
		6,
		1,
		7,
		2,
		0,
		1,
		2,
		8,
		0
	],
	"formal_code":[
		5,
		7,
		0,
		151
	],
	"tensor_product_decompositions":{
		"identifiers":[
			"formal_code"
		],
		"value":[]
	},
	"sub_fusion_rings":{
		"identifiers":[
			"injection",
			"formal_code"
		],
		"value":[]
	},
	"numeric_characters":[
		[
			[
				1.0,
				0
			],
			[
				8.398749804643625,
				0
			],
			[
				9.398749804643625,
				0
			],
			[
				1.2226068311875501e1,
				0
			],
			[
				1.6430396672687408e1,
				0
			]
		],
		[
			[
				1.0,
				0
			],
			[
				1.0,
				0
			],
			[
				-1.0,
				0
			],
			[
				0.0,
				0
			],
			[
				0.0,
				0
			]
		],
		[
			[
				1.0,
				0
			],
			[
				-0.6783432482948528,
				0
			],
			[
				0.3216567517051471,
				0
			],
			[
				-0.4918901063444679,
				0
			],
			[
				0.46790994077030806,
				0
			]
		],
		[
			[
				1.0,
				0
			],
			[
				-4.10521326526019,
				0
			],
			[
				-3.10521326526019,
				0
			],
			[
				5.440619325157409,
				0
			],
			[
				-0.2345410111020003,
				0
			]
		],
		[
			[
				1.0,
				0
			],
			[
				0.3848067089114179,
				0
			],
			[
				1.3848067089114178,
				0
			],
			[
				0.825202469311557,
				0
			],
			[
				-1.6637656023557172,
				0
			]
		]
	],
	"numeric_frobenius_perron_dimensions":[
		1.0,
		8.398749804643625,
		9.398749804643625,
		1.2226068311875501e1,
		1.6430396672687408e1
	],
	"numeric_frobenius_perron_dimension":5.793101773597937e2,
	"info":"Fusion ring. mult_tab provides structure constants. barcode and formal_code provide unique identifiers see (DOI: 10.1063\/5.0148848). sub_fusion_rings provides tuples where the first element corresponds to the elements of the ring that form the subring isomorphic to the ring identified by the second element of the tuple. software provides doi of original software used to represent fusion ring.",
	"comments":[
		""
	]
}