{
	"references":[
		""
	],
	"software":[
		"https:\/\/doi.org\/10.5281\/zenodo.15920400"
	],
	"mult_tab":[
		[
			[
				1,
				0,
				0,
				0,
				0
			],
			[
				0,
				1,
				0,
				0,
				0
			],
			[
				0,
				0,
				1,
				0,
				0
			],
			[
				0,
				0,
				0,
				1,
				0
			],
			[
				0,
				0,
				0,
				0,
				1
			]
		],
		[
			[
				0,
				1,
				0,
				0,
				0
			],
			[
				1,
				5,
				1,
				2,
				1
			],
			[
				0,
				1,
				4,
				4,
				4
			],
			[
				0,
				2,
				4,
				4,
				4
			],
			[
				0,
				1,
				4,
				4,
				6
			]
		],
		[
			[
				0,
				0,
				1,
				0,
				0
			],
			[
				0,
				1,
				4,
				4,
				4
			],
			[
				1,
				4,
				6,
				6,
				10
			],
			[
				0,
				4,
				6,
				7,
				10
			],
			[
				0,
				4,
				10,
				10,
				7
			]
		],
		[
			[
				0,
				0,
				0,
				1,
				0
			],
			[
				0,
				2,
				4,
				4,
				4
			],
			[
				0,
				4,
				6,
				7,
				10
			],
			[
				1,
				4,
				7,
				7,
				10
			],
			[
				0,
				4,
				10,
				10,
				8
			]
		],
		[
			[
				0,
				0,
				0,
				0,
				1
			],
			[
				0,
				1,
				4,
				4,
				6
			],
			[
				0,
				4,
				10,
				10,
				7
			],
			[
				0,
				4,
				10,
				10,
				8
			],
			[
				1,
				6,
				7,
				8,
				15
			]
		]
	],
	"texnames":[
		"\\text{FR}^{5,15,0}_{557}"
	],
	"barcode":[
		2,
		0,
		4,
		5,
		8,
		6,
		9,
		2,
		5,
		1,
		8,
		7,
		8,
		3,
		9,
		8,
		6,
		8,
		3,
		8,
		6,
		4,
		3,
		6,
		6,
		2,
		8,
		4,
		5,
		9,
		5,
		4,
		2,
		6,
		5,
		0,
		0,
		4,
		4,
		0,
		5,
		3,
		5,
		6,
		1,
		7,
		2,
		8,
		3,
		1,
		4,
		7,
		1,
		7,
		6,
		5,
		0,
		2,
		3,
		5,
		4,
		4,
		4,
		8,
		9,
		4,
		6,
		8,
		7,
		5,
		0,
		6,
		1,
		5,
		8,
		9,
		2,
		9,
		8,
		4,
		5,
		9,
		6,
		4,
		2,
		5,
		4,
		7,
		3,
		2,
		9,
		9,
		5,
		4,
		3,
		5,
		2,
		1,
		1,
		1,
		0,
		9,
		3,
		5,
		1,
		1,
		1,
		4,
		2,
		1,
		7,
		4,
		9,
		2,
		7,
		1,
		7,
		5,
		4,
		1,
		5,
		6,
		8,
		5,
		6,
		5,
		2,
		2,
		0,
		7,
		4,
		2,
		1,
		1,
		3,
		1,
		1,
		7,
		0,
		6,
		6,
		6,
		8,
		3,
		8,
		1,
		4,
		4,
		2,
		1
	],
	"formal_code":[
		5,
		15,
		0,
		557
	],
	"tensor_product_decompositions":{
		"identifiers":[
			"formal_code"
		],
		"value":[]
	},
	"sub_fusion_rings":{
		"identifiers":[
			"injection",
			"formal_code"
		],
		"value":[]
	},
	"numeric_characters":[
		[
			[
				1.0,
				0
			],
			[
				1.336968706969708e1,
				0
			],
			[
				2.607819434078937e1,
				0
			],
			[
				2.707819434078937e1,
				0
			],
			[
				3.066551397077179e1,
				0
			]
		],
		[
			[
				1.0,
				0
			],
			[
				1.1787691396714193,
				0
			],
			[
				-4.796241393522734,
				0
			],
			[
				-3.7962413935227333,
				0
			],
			[
				6.884375166852801,
				0
			]
		],
		[
			[
				1.0,
				0
			],
			[
				4.770752240404693,
				0
			],
			[
				-0.8669706545071343,
				0
			],
			[
				0.1330293454928657,
				0
			],
			[
				-1.4927722991756633,
				0
			]
		],
		[
			[
				1.0,
				0
			],
			[
				0.0,
				0
			],
			[
				1.0,
				0
			],
			[
				-1.0,
				0
			],
			[
				0.0,
				0
			]
		],
		[
			[
				1.0,
				0
			],
			[
				-0.31920844977319274,
				0
			],
			[
				-0.41498229275950094,
				0
			],
			[
				0.5850177072404991,
				0
			],
			[
				-5.711683844892857e-2,
				0
			]
		]
	],
	"numeric_frobenius_perron_dimensions":[
		1.0,
		1.336968706969708e1,
		2.607819434078937e1,
		2.707819434078937e1,
		3.066551397077179e1
	],
	"numeric_frobenius_perron_dimension":2.5334231082667616e3,
	"info":"Fusion ring. mult_tab provides structure constants. barcode and formal_code provide unique identifiers see (DOI: 10.1063\/5.0148848). sub_fusion_rings provides tuples where the first element corresponds to the elements of the ring that form the subring isomorphic to the ring identified by the second element of the tuple. software provides doi of original software used to represent fusion ring.",
	"comments":[
		""
	]
}