{
	"references":[
		""
	],
	"software":[
		"https:\/\/doi.org\/10.5281\/zenodo.15920400"
	],
	"mult_tab":[
		[
			[
				1,
				0,
				0,
				0,
				0
			],
			[
				0,
				1,
				0,
				0,
				0
			],
			[
				0,
				0,
				1,
				0,
				0
			],
			[
				0,
				0,
				0,
				1,
				0
			],
			[
				0,
				0,
				0,
				0,
				1
			]
		],
		[
			[
				0,
				1,
				0,
				0,
				0
			],
			[
				1,
				0,
				0,
				0,
				0
			],
			[
				0,
				0,
				1,
				0,
				0
			],
			[
				0,
				0,
				0,
				0,
				1
			],
			[
				0,
				0,
				0,
				1,
				0
			]
		],
		[
			[
				0,
				0,
				1,
				0,
				0
			],
			[
				0,
				0,
				1,
				0,
				0
			],
			[
				1,
				1,
				1,
				0,
				0
			],
			[
				0,
				0,
				0,
				1,
				1
			],
			[
				0,
				0,
				0,
				1,
				1
			]
		],
		[
			[
				0,
				0,
				0,
				1,
				0
			],
			[
				0,
				0,
				0,
				0,
				1
			],
			[
				0,
				0,
				0,
				1,
				1
			],
			[
				1,
				0,
				1,
				4,
				7
			],
			[
				0,
				1,
				1,
				7,
				4
			]
		],
		[
			[
				0,
				0,
				0,
				0,
				1
			],
			[
				0,
				0,
				0,
				1,
				0
			],
			[
				0,
				0,
				0,
				1,
				1
			],
			[
				0,
				1,
				1,
				7,
				4
			],
			[
				1,
				0,
				1,
				4,
				7
			]
		]
	],
	"texnames":[
		"\\text{FR}^{5,7,0}_{410}"
	],
	"barcode":[
		9,
		6,
		1,
		9,
		6,
		6,
		7,
		1,
		1,
		5,
		1,
		5,
		9,
		4,
		6,
		1,
		3,
		2,
		2,
		9,
		6,
		4,
		4,
		3,
		8,
		9,
		1,
		3,
		4,
		0,
		4,
		9,
		5,
		4,
		0,
		2,
		5,
		4,
		9,
		5,
		7,
		0,
		8,
		3,
		2,
		1,
		6,
		1,
		6,
		5,
		6,
		8,
		9,
		0,
		4,
		8,
		7,
		3,
		0,
		3,
		8,
		9,
		1,
		2,
		7,
		8,
		3,
		9,
		9,
		9,
		0,
		8,
		8,
		2,
		3,
		1,
		5,
		5,
		0,
		3,
		5,
		7,
		8,
		5,
		3,
		6,
		6,
		8,
		1,
		5,
		6,
		2,
		5,
		5,
		4,
		2,
		7,
		6,
		5,
		8,
		2,
		1,
		9,
		3,
		0,
		7,
		3,
		7,
		2,
		6,
		6,
		8
	],
	"formal_code":[
		5,
		7,
		0,
		410
	],
	"tensor_product_decompositions":{
		"identifiers":[
			"formal_code"
		],
		"value":[]
	},
	"sub_fusion_rings":{
		"identifiers":[
			"injection",
			"formal_code"
		],
		"value":[
			[
				[
					1,
					2
				],
				[
					2,
					1,
					0,
					1
				]
			],
			[
				[
					1,
					2,
					3
				],
				[
					3,
					1,
					0,
					2
				]
			]
		]
	},
	"numeric_characters":[
		[
			[
				1.0,
				0
			],
			[
				1.0,
				0
			],
			[
				2.0,
				0
			],
			[
				1.1266281297335398e1,
				0
			],
			[
				1.1266281297335398e1,
				0
			]
		],
		[
			[
				1.0,
				0
			],
			[
				1.0,
				0
			],
			[
				2.0,
				0
			],
			[
				-0.2662812973353983,
				0
			],
			[
				-0.2662812973353983,
				0
			]
		],
		[
			[
				1.0,
				0
			],
			[
				-1.0,
				0
			],
			[
				0.0,
				0
			],
			[
				-3.302775637731995,
				0
			],
			[
				3.302775637731995,
				0
			]
		],
		[
			[
				1.0,
				0
			],
			[
				1.0,
				0
			],
			[
				-1.0,
				0
			],
			[
				0.0,
				0
			],
			[
				0.0,
				0
			]
		],
		[
			[
				1.0,
				0
			],
			[
				-1.0,
				0
			],
			[
				0.0,
				0
			],
			[
				0.30277563773199456,
				0
			],
			[
				-0.30277563773199456,
				0
			]
		]
	],
	"numeric_frobenius_perron_dimensions":[
		1.0,
		1.0,
		2.0,
		1.1266281297335398e1,
		1.1266281297335398e1
	],
	"numeric_frobenius_perron_dimension":2.598581885413788e2,
	"info":"Fusion ring. mult_tab provides structure constants. barcode and formal_code provide unique identifiers see (DOI: 10.1063\/5.0148848). sub_fusion_rings provides tuples where the first element corresponds to the elements of the ring that form the subring isomorphic to the ring identified by the second element of the tuple. software provides doi of original software used to represent fusion ring.",
	"comments":[
		""
	]
}