{
	"references":[
		""
	],
	"software":[
		"https:\/\/doi.org\/10.5281\/zenodo.15920400"
	],
	"mult_tab":[
		[
			[
				1,
				0,
				0,
				0,
				0
			],
			[
				0,
				1,
				0,
				0,
				0
			],
			[
				0,
				0,
				1,
				0,
				0
			],
			[
				0,
				0,
				0,
				1,
				0
			],
			[
				0,
				0,
				0,
				0,
				1
			]
		],
		[
			[
				0,
				1,
				0,
				0,
				0
			],
			[
				1,
				0,
				1,
				1,
				0
			],
			[
				0,
				1,
				3,
				2,
				1
			],
			[
				0,
				1,
				2,
				2,
				2
			],
			[
				0,
				0,
				1,
				2,
				5
			]
		],
		[
			[
				0,
				0,
				1,
				0,
				0
			],
			[
				0,
				1,
				3,
				2,
				1
			],
			[
				1,
				3,
				8,
				6,
				5
			],
			[
				0,
				2,
				6,
				7,
				7
			],
			[
				0,
				1,
				5,
				7,
				15
			]
		],
		[
			[
				0,
				0,
				0,
				1,
				0
			],
			[
				0,
				1,
				2,
				2,
				2
			],
			[
				0,
				2,
				6,
				7,
				7
			],
			[
				1,
				2,
				7,
				5,
				9
			],
			[
				0,
				2,
				7,
				9,
				14
			]
		],
		[
			[
				0,
				0,
				0,
				0,
				1
			],
			[
				0,
				0,
				1,
				2,
				5
			],
			[
				0,
				1,
				5,
				7,
				15
			],
			[
				0,
				2,
				7,
				9,
				14
			],
			[
				1,
				5,
				15,
				14,
				16
			]
		]
	],
	"texnames":[
		"\\text{FR}^{5,16,0}_{1627}"
	],
	"barcode":[
		3,
		7,
		6,
		4,
		1,
		4,
		4,
		3,
		4,
		3,
		0,
		6,
		5,
		8,
		9,
		6,
		9,
		9,
		4,
		3,
		9,
		0,
		0,
		0,
		5,
		8,
		2,
		8,
		2,
		6,
		5,
		5,
		9,
		0,
		2,
		3,
		0,
		6,
		1,
		9,
		8,
		0,
		8,
		3,
		3,
		0,
		2,
		8,
		7,
		2,
		5,
		8,
		4,
		5,
		2,
		5,
		3,
		7,
		2,
		2,
		5,
		7,
		8,
		8,
		4,
		3,
		4,
		2,
		2,
		9,
		4,
		2,
		2,
		9,
		3,
		7,
		2,
		6,
		4,
		0,
		5,
		5,
		7,
		8,
		6,
		0,
		6,
		9,
		4,
		0,
		2,
		6,
		4,
		0,
		7,
		4,
		1,
		5,
		8,
		1,
		1,
		6,
		9,
		7,
		3,
		1,
		4,
		2,
		5,
		5,
		8,
		3,
		7,
		3,
		4,
		1,
		8,
		5,
		9,
		5,
		8,
		8,
		2,
		2,
		2,
		7,
		4,
		7,
		4,
		2,
		7,
		4,
		9,
		4,
		1,
		4,
		6,
		7,
		4,
		6,
		2,
		5,
		6,
		9,
		3,
		1,
		1,
		4,
		3,
		3,
		7,
		2,
		6
	],
	"formal_code":[
		5,
		16,
		0,
		1627
	],
	"tensor_product_decompositions":{
		"identifiers":[
			"formal_code"
		],
		"value":[]
	},
	"sub_fusion_rings":{
		"identifiers":[
			"injection",
			"formal_code"
		],
		"value":[]
	},
	"numeric_characters":[
		[
			[
				1.0,
				0
			],
			[
				7.023636286488425,
				0
			],
			[
				2.3236921538923212e1,
				0
			],
			[
				2.50945451459537e1,
				0
			],
			[
				3.6284194111900064e1,
				0
			]
		],
		[
			[
				1.0,
				0
			],
			[
				3.23606797749979,
				0
			],
			[
				6.854101966249685,
				0
			],
			[
				2.618033988749895,
				0
			],
			[
				-6.854101966249685,
				0
			]
		],
		[
			[
				1.0,
				0
			],
			[
				0.17843174409072932,
				0
			],
			[
				1.3181109109363423,
				0
			],
			[
				-2.286273023637083,
				0
			],
			[
				0.6749743991178009,
				0
			]
		],
		[
			[
				1.0,
				0
			],
			[
				0.7979319694208459,
				0
			],
			[
				-0.5550324498595537,
				0
			],
			[
				0.19172787768338337,
				0
			],
			[
				4.083148898213798e-2,
				0
			]
		],
		[
			[
				1.0,
				0
			],
			[
				-1.2360679774997898,
				0
			],
			[
				0.1458980337503153,
				0
			],
			[
				0.3819660112501051,
				0
			],
			[
				-0.1458980337503153,
				0
			]
		]
	],
	"numeric_frobenius_perron_dimensions":[
		1.0,
		7.023636286488425,
		2.3236921538923212e1,
		2.50945451459537e1,
		3.6284194111900064e1
	],
	"numeric_frobenius_perron_dimension":2.536564927723302e3,
	"info":"Fusion ring. mult_tab provides structure constants. barcode and formal_code provide unique identifiers see (DOI: 10.1063\/5.0148848). sub_fusion_rings provides tuples where the first element corresponds to the elements of the ring that form the subring isomorphic to the ring identified by the second element of the tuple. software provides doi of original software used to represent fusion ring.",
	"comments":[
		""
	]
}