{
	"references":[
		""
	],
	"software":[
		"https:\/\/doi.org\/10.5281\/zenodo.15920400"
	],
	"mult_tab":[
		[
			[
				1,
				0,
				0,
				0,
				0
			],
			[
				0,
				1,
				0,
				0,
				0
			],
			[
				0,
				0,
				1,
				0,
				0
			],
			[
				0,
				0,
				0,
				1,
				0
			],
			[
				0,
				0,
				0,
				0,
				1
			]
		],
		[
			[
				0,
				1,
				0,
				0,
				0
			],
			[
				1,
				1,
				0,
				1,
				1
			],
			[
				0,
				0,
				3,
				1,
				2
			],
			[
				0,
				1,
				1,
				3,
				2
			],
			[
				0,
				1,
				2,
				2,
				4
			]
		],
		[
			[
				0,
				0,
				1,
				0,
				0
			],
			[
				0,
				0,
				3,
				1,
				2
			],
			[
				1,
				3,
				2,
				5,
				5
			],
			[
				0,
				1,
				5,
				3,
				6
			],
			[
				0,
				2,
				5,
				6,
				8
			]
		],
		[
			[
				0,
				0,
				0,
				1,
				0
			],
			[
				0,
				1,
				1,
				3,
				2
			],
			[
				0,
				1,
				5,
				3,
				6
			],
			[
				1,
				3,
				3,
				4,
				7
			],
			[
				0,
				2,
				6,
				7,
				8
			]
		],
		[
			[
				0,
				0,
				0,
				0,
				1
			],
			[
				0,
				1,
				2,
				2,
				4
			],
			[
				0,
				2,
				5,
				6,
				8
			],
			[
				0,
				2,
				6,
				7,
				8
			],
			[
				1,
				4,
				8,
				8,
				12
			]
		]
	],
	"texnames":[
		"\\text{FR}^{5,12,0}_{2666}"
	],
	"barcode":[
		1,
		3,
		4,
		5,
		7,
		8,
		5,
		2,
		8,
		7,
		0,
		6,
		3,
		2,
		5,
		1,
		9,
		2,
		9,
		5,
		4,
		0,
		9,
		2,
		4,
		6,
		7,
		7,
		1,
		2,
		3,
		4,
		6,
		1,
		8,
		9,
		6,
		4,
		1,
		5,
		6,
		1,
		3,
		3,
		5,
		0,
		9,
		8,
		8,
		2,
		2,
		2,
		8,
		5,
		3,
		1,
		0,
		4,
		4,
		5,
		6,
		4,
		8,
		0,
		0,
		7,
		8,
		6,
		0,
		8,
		6,
		8,
		9,
		8,
		7,
		8,
		2,
		2,
		4,
		7,
		0,
		8,
		7,
		2,
		4,
		0,
		3,
		7,
		8,
		5,
		6,
		5,
		4,
		6,
		4,
		5,
		4,
		4,
		2,
		1,
		6,
		4,
		4,
		0,
		5,
		1,
		6,
		0,
		0,
		6,
		6,
		9,
		5,
		8,
		8,
		8,
		2,
		2,
		7,
		5,
		6,
		1,
		8,
		6,
		9,
		7,
		8,
		6,
		6,
		0,
		7,
		3,
		2,
		2,
		4,
		9,
		9,
		5,
		4
	],
	"formal_code":[
		5,
		12,
		0,
		2666
	],
	"tensor_product_decompositions":{
		"identifiers":[
			"formal_code"
		],
		"value":[]
	},
	"sub_fusion_rings":{
		"identifiers":[
			"injection",
			"formal_code"
		],
		"value":[]
	},
	"numeric_characters":[
		[
			[
				1.0,
				0
			],
			[
				7.078303656824095,
				0
			],
			[
				1.627597152319284e1,
				0
			],
			[
				1.7669803821368326e1,
				0
			],
			[
				2.4354275180016934e1,
				0
			]
		],
		[
			[
				1.0,
				0
			],
			[
				2.3938322981754845,
				0
			],
			[
				-3.5677675906934714,
				0
			],
			[
				2.5105360661306237,
				0
			],
			[
				-0.17393529251798673,
				0
			]
		],
		[
			[
				1.0,
				0
			],
			[
				1.0,
				0
			],
			[
				1.0,
				0
			],
			[
				0.0,
				0
			],
			[
				-1.0,
				0
			]
		],
		[
			[
				1.0,
				0
			],
			[
				-0.7430098936499767,
				0
			],
			[
				-0.11639522464434707,
				0
			],
			[
				0.15447871400605026,
				0
			],
			[
				0.1405948817056762,
				0
			]
		],
		[
			[
				1.0,
				0
			],
			[
				1.2708739386503973,
				0
			],
			[
				-0.591808707855022,
				0
			],
			[
				-2.3348186015049985,
				0
			],
			[
				1.6790652307953753,
				0
			]
		]
	],
	"numeric_frobenius_perron_dimensions":[
		1.0,
		7.078303656824096,
		1.627597152319284e1,
		1.7669803821368326e1,
		2.4354275180016934e1
	],
	"numeric_frobenius_perron_dimension":1.2213623183116251e3,
	"info":"Fusion ring. mult_tab provides structure constants. barcode and formal_code provide unique identifiers see (DOI: 10.1063\/5.0148848). sub_fusion_rings provides tuples where the first element corresponds to the elements of the ring that form the subring isomorphic to the ring identified by the second element of the tuple. software provides doi of original software used to represent fusion ring.",
	"comments":[
		""
	]
}