{
	"references":[
		""
	],
	"software":[
		"https:\/\/doi.org\/10.5281\/zenodo.15920400"
	],
	"mult_tab":[
		[
			[
				1,
				0,
				0,
				0,
				0
			],
			[
				0,
				1,
				0,
				0,
				0
			],
			[
				0,
				0,
				1,
				0,
				0
			],
			[
				0,
				0,
				0,
				1,
				0
			],
			[
				0,
				0,
				0,
				0,
				1
			]
		],
		[
			[
				0,
				1,
				0,
				0,
				0
			],
			[
				1,
				6,
				4,
				1,
				0
			],
			[
				0,
				4,
				5,
				2,
				0
			],
			[
				0,
				1,
				2,
				5,
				5
			],
			[
				0,
				0,
				0,
				5,
				7
			]
		],
		[
			[
				0,
				0,
				1,
				0,
				0
			],
			[
				0,
				4,
				5,
				2,
				0
			],
			[
				1,
				5,
				3,
				2,
				1
			],
			[
				0,
				2,
				2,
				4,
				6
			],
			[
				0,
				0,
				1,
				6,
				6
			]
		],
		[
			[
				0,
				0,
				0,
				1,
				0
			],
			[
				0,
				1,
				2,
				5,
				5
			],
			[
				0,
				2,
				2,
				4,
				6
			],
			[
				1,
				5,
				4,
				8,
				6
			],
			[
				0,
				5,
				6,
				6,
				7
			]
		],
		[
			[
				0,
				0,
				0,
				0,
				1
			],
			[
				0,
				0,
				0,
				5,
				7
			],
			[
				0,
				0,
				1,
				6,
				6
			],
			[
				0,
				5,
				6,
				6,
				7
			],
			[
				1,
				7,
				6,
				7,
				5
			]
		]
	],
	"texnames":[
		"\\text{FR}^{5,8,0}_{244}"
	],
	"barcode":[
		2,
		1,
		1,
		8,
		7,
		1,
		2,
		2,
		9,
		9,
		1,
		3,
		9,
		8,
		3,
		2,
		0,
		3,
		2,
		5,
		8,
		3,
		1,
		9,
		3,
		6,
		7,
		6,
		2,
		0,
		6,
		9,
		9,
		9,
		8,
		3,
		5,
		6,
		1,
		3,
		4,
		7,
		8,
		3,
		6,
		4,
		1,
		3,
		0,
		9,
		2,
		2,
		1,
		6,
		8,
		1,
		6,
		2,
		8,
		1,
		8,
		1,
		9,
		7,
		9,
		6,
		2,
		7,
		0,
		7,
		0,
		3,
		6,
		8,
		7,
		2,
		9,
		4,
		1,
		5,
		9,
		9,
		6,
		2,
		7,
		5,
		6,
		5,
		5,
		8,
		2,
		9,
		7,
		5,
		1,
		8,
		0,
		6,
		9,
		8,
		0,
		2,
		8,
		7,
		8,
		6,
		2,
		9,
		6,
		6,
		9,
		6,
		7,
		8,
		6,
		2,
		9,
		6,
		1
	],
	"formal_code":[
		5,
		8,
		0,
		244
	],
	"tensor_product_decompositions":{
		"identifiers":[
			"formal_code"
		],
		"value":[]
	},
	"sub_fusion_rings":{
		"identifiers":[
			"injection",
			"formal_code"
		],
		"value":[]
	},
	"numeric_characters":[
		[
			[
				1.0,
				0
			],
			[
				1.1940801433442145e1,
				0
			],
			[
				1.255883542219204e1,
				0
			],
			[
				1.9702588583472963e1,
				0
			],
			[
				1.9938656560972753e1,
				0
			]
		],
		[
			[
				1.0,
				0
			],
			[
				2.0,
				0
			],
			[
				-2.0,
				0
			],
			[
				-1.0,
				0
			],
			[
				1.0,
				0
			]
		],
		[
			[
				1.0,
				0
			],
			[
				9.067193648728669,
				0
			],
			[
				7.449159659978774,
				0
			],
			[
				-2.9857998687415974,
				0
			],
			[
				-7.221867846241387,
				0
			]
		],
		[
			[
				1.0,
				0
			],
			[
				-0.3227674446922506,
				0
			],
			[
				0.29526654405764424,
				0
			],
			[
				-0.14028268472390817,
				0
			],
			[
				9.57852927758815e-2,
				0
			]
		],
		[
			[
				1.0,
				0
			],
			[
				0.3147723625214362,
				0
			],
			[
				-1.3032616262284586,
				0
			],
			[
				2.4234939699925437,
				0
			],
			[
				-1.812574007507246,
				0
			]
		]
	],
	"numeric_frobenius_perron_dimensions":[
		1.0,
		1.1940801433442143e1,
		1.255883542219204e1,
		1.9702588583472963e1,
		1.9938656560972753e1
	],
	"numeric_frobenius_perron_dimension":1.0870491083806203e3,
	"info":"Fusion ring. mult_tab provides structure constants. barcode and formal_code provide unique identifiers see (DOI: 10.1063\/5.0148848). sub_fusion_rings provides tuples where the first element corresponds to the elements of the ring that form the subring isomorphic to the ring identified by the second element of the tuple. software provides doi of original software used to represent fusion ring.",
	"comments":[
		""
	]
}