{
	"references":[
		""
	],
	"software":[
		"https:\/\/doi.org\/10.5281\/zenodo.15920400"
	],
	"mult_tab":[
		[
			[
				1,
				0,
				0,
				0,
				0
			],
			[
				0,
				1,
				0,
				0,
				0
			],
			[
				0,
				0,
				1,
				0,
				0
			],
			[
				0,
				0,
				0,
				1,
				0
			],
			[
				0,
				0,
				0,
				0,
				1
			]
		],
		[
			[
				0,
				1,
				0,
				0,
				0
			],
			[
				1,
				2,
				2,
				11,
				10
			],
			[
				0,
				2,
				3,
				11,
				10
			],
			[
				0,
				11,
				11,
				2,
				5
			],
			[
				0,
				10,
				10,
				5,
				5
			]
		],
		[
			[
				0,
				0,
				1,
				0,
				0
			],
			[
				0,
				2,
				3,
				11,
				10
			],
			[
				1,
				3,
				3,
				11,
				10
			],
			[
				0,
				11,
				11,
				3,
				5
			],
			[
				0,
				10,
				10,
				5,
				6
			]
		],
		[
			[
				0,
				0,
				0,
				1,
				0
			],
			[
				0,
				11,
				11,
				2,
				5
			],
			[
				0,
				11,
				11,
				3,
				5
			],
			[
				1,
				2,
				3,
				10,
				15
			],
			[
				0,
				5,
				5,
				15,
				7
			]
		],
		[
			[
				0,
				0,
				0,
				0,
				1
			],
			[
				0,
				10,
				10,
				5,
				5
			],
			[
				0,
				10,
				10,
				5,
				6
			],
			[
				0,
				5,
				5,
				15,
				7
			],
			[
				1,
				5,
				6,
				7,
				15
			]
		]
	],
	"texnames":[
		"\\text{FR}^{5,15,0}_{89}"
	],
	"barcode":[
		2,
		0,
		4,
		5,
		8,
		6,
		9,
		2,
		5,
		1,
		8,
		7,
		8,
		3,
		9,
		8,
		6,
		8,
		3,
		8,
		6,
		4,
		3,
		6,
		6,
		2,
		8,
		4,
		5,
		9,
		5,
		4,
		2,
		6,
		5,
		0,
		0,
		4,
		3,
		4,
		1,
		2,
		4,
		0,
		3,
		1,
		1,
		9,
		1,
		4,
		4,
		9,
		6,
		2,
		3,
		1,
		6,
		2,
		8,
		7,
		2,
		0,
		2,
		4,
		6,
		9,
		2,
		1,
		1,
		4,
		8,
		4,
		6,
		5,
		3,
		8,
		8,
		7,
		1,
		7,
		0,
		2,
		7,
		7,
		5,
		7,
		0,
		6,
		6,
		3,
		3,
		4,
		0,
		4,
		4,
		2,
		9,
		2,
		4,
		2,
		6,
		1,
		4,
		9,
		3,
		0,
		8,
		0,
		0,
		3,
		4,
		7,
		4,
		7,
		5,
		9,
		8,
		4,
		9,
		9,
		5,
		6,
		7,
		3,
		0,
		4,
		7,
		4,
		1,
		3,
		7,
		8,
		2,
		7,
		0,
		8,
		2,
		8,
		7,
		3,
		3,
		5,
		8,
		5,
		7,
		9,
		5,
		8,
		7,
		4
	],
	"formal_code":[
		5,
		15,
		0,
		89
	],
	"tensor_product_decompositions":{
		"identifiers":[
			"formal_code"
		],
		"value":[]
	},
	"sub_fusion_rings":{
		"identifiers":[
			"injection",
			"formal_code"
		],
		"value":[]
	},
	"numeric_characters":[
		[
			[
				1.0,
				0
			],
			[
				2.7613662112578485e1,
				0
			],
			[
				2.8613662112578485e1,
				0
			],
			[
				3.030920649820106e1,
				0
			],
			[
				3.156584153371269e1,
				0
			]
		],
		[
			[
				1.0,
				0
			],
			[
				-1.4852741248206454e1,
				0
			],
			[
				-1.3852741248206454e1,
				0
			],
			[
				1.5613221493887691e1,
				0
			],
			[
				1.0526945114623462e1,
				0
			]
		],
		[
			[
				1.0,
				0
			],
			[
				1.0,
				0
			],
			[
				-1.0,
				0
			],
			[
				0.0,
				0
			],
			[
				0.0,
				0
			]
		],
		[
			[
				1.0,
				0
			],
			[
				-1.287474560247757,
				0
			],
			[
				-0.2874745602477572,
				0
			],
			[
				-6.969725887101829,
				0
			],
			[
				8.047447374239631,
				0
			]
		],
		[
			[
				1.0,
				0
			],
			[
				-0.4734463041242747,
				0
			],
			[
				0.5265536958757253,
				0
			],
			[
				4.7297895013078343e-2,
				0
			],
			[
				-0.1402340225757828,
				0
			]
		]
	],
	"numeric_frobenius_perron_dimensions":[
		1.0,
		2.7613662112578485e1,
		2.8613662112578485e1,
		3.030920649820106e1,
		3.1565841533712693e1
	],
	"numeric_frobenius_perron_dimension":3.4973063450425166e3,
	"info":"Fusion ring. mult_tab provides structure constants. barcode and formal_code provide unique identifiers see (DOI: 10.1063\/5.0148848). sub_fusion_rings provides tuples where the first element corresponds to the elements of the ring that form the subring isomorphic to the ring identified by the second element of the tuple. software provides doi of original software used to represent fusion ring.",
	"comments":[
		""
	]
}