{
	"references":[
		""
	],
	"software":[
		"https:\/\/doi.org\/10.5281\/zenodo.15920400"
	],
	"mult_tab":[
		[
			[
				1,
				0,
				0,
				0,
				0
			],
			[
				0,
				1,
				0,
				0,
				0
			],
			[
				0,
				0,
				1,
				0,
				0
			],
			[
				0,
				0,
				0,
				1,
				0
			],
			[
				0,
				0,
				0,
				0,
				1
			]
		],
		[
			[
				0,
				1,
				0,
				0,
				0
			],
			[
				1,
				6,
				1,
				1,
				1
			],
			[
				0,
				1,
				4,
				4,
				1
			],
			[
				0,
				1,
				4,
				4,
				2
			],
			[
				0,
				1,
				1,
				2,
				8
			]
		],
		[
			[
				0,
				0,
				1,
				0,
				0
			],
			[
				0,
				1,
				4,
				4,
				1
			],
			[
				1,
				4,
				0,
				7,
				2
			],
			[
				0,
				4,
				7,
				0,
				4
			],
			[
				0,
				1,
				2,
				4,
				9
			]
		],
		[
			[
				0,
				0,
				0,
				1,
				0
			],
			[
				0,
				1,
				4,
				4,
				2
			],
			[
				0,
				4,
				7,
				0,
				4
			],
			[
				1,
				4,
				0,
				8,
				4
			],
			[
				0,
				2,
				4,
				4,
				9
			]
		],
		[
			[
				0,
				0,
				0,
				0,
				1
			],
			[
				0,
				1,
				1,
				2,
				8
			],
			[
				0,
				1,
				2,
				4,
				9
			],
			[
				0,
				2,
				4,
				4,
				9
			],
			[
				1,
				8,
				9,
				9,
				3
			]
		]
	],
	"texnames":[
		"\\text{FR}^{5,9,0}_{1222}"
	],
	"barcode":[
		1,
		0,
		0,
		0,
		0,
		0,
		1,
		0,
		0,
		0,
		0,
		0,
		1,
		0,
		0,
		0,
		0,
		0,
		1,
		0,
		0,
		0,
		0,
		0,
		1,
		0,
		1,
		0,
		0,
		0,
		1,
		8,
		4,
		4,
		0,
		0,
		4,
		1,
		2,
		4,
		0,
		4,
		2,
		9,
		4,
		0,
		0,
		4,
		4,
		7,
		0,
		0,
		1,
		0,
		0,
		0,
		4,
		1,
		2,
		4,
		1,
		1,
		6,
		1,
		1,
		0,
		2,
		1,
		8,
		1,
		0,
		4,
		1,
		1,
		4,
		0,
		0,
		0,
		1,
		0,
		0,
		4,
		2,
		9,
		4,
		0,
		2,
		1,
		8,
		1,
		1,
		9,
		8,
		3,
		9,
		0,
		4,
		1,
		9,
		2,
		0,
		0,
		0,
		0,
		1,
		0,
		0,
		4,
		4,
		7,
		0,
		4,
		1,
		1,
		4,
		0,
		4,
		1,
		9,
		2,
		1,
		7,
		4,
		2,
		0
	],
	"formal_code":[
		5,
		9,
		0,
		1222
	],
	"tensor_product_decompositions":{
		"identifiers":[
			"formal_code"
		],
		"value":[]
	},
	"sub_fusion_rings":{
		"identifiers":[
			"injection",
			"formal_code"
		],
		"value":[]
	},
	"numeric_characters":[
		[
			[
				1.0,
				0
			],
			[
				1.0769166537509303e1,
				0
			],
			[
				1.4011443431691662e1,
				0
			],
			[
				1.5909374075546594e1,
				0
			],
			[
				2.043913118031603e1,
				0
			]
		],
		[
			[
				1.0,
				0
			],
			[
				5.394273742127475,
				0
			],
			[
				-2.6317035494367285,
				0
			],
			[
				-2.475946399949539,
				0
			],
			[
				0.8401967016273721,
				0
			]
		],
		[
			[
				1.0,
				0
			],
			[
				-6.621789471206695e-2,
				0
			],
			[
				-7.200091961560189,
				0
			],
			[
				7.580525510989309,
				0
			],
			[
				-0.9787413715766197,
				0
			]
		],
		[
			[
				1.0,
				0
			],
			[
				-0.17119716295915566,
				0
			],
			[
				8.404653360318527e-2,
				0
			],
			[
				-5.060747077333816e-2,
				0
			],
			[
				2.305238353035054e-2,
				0
			]
		],
		[
			[
				1.0,
				0
			],
			[
				6.073974778034445,
				0
			],
			[
				5.73630554570207,
				0
			],
			[
				4.036654284186972,
				0
			],
			[
				-1.032363889389713e1,
				0
			]
		]
	],
	"numeric_frobenius_perron_dimensions":[
		1.0,
		1.0769166537509301e1,
		1.4011443431691662e1,
		1.5909374075546596e1,
		2.043913118031603e1
	],
	"numeric_frobenius_perron_dimension":9.841617618339465e2,
	"info":"Fusion ring. mult_tab provides structure constants. barcode and formal_code provide unique identifiers see (DOI: 10.1063\/5.0148848). sub_fusion_rings provides tuples where the first element corresponds to the elements of the ring that form the subring isomorphic to the ring identified by the second element of the tuple. software provides doi of original software used to represent fusion ring.",
	"comments":[
		""
	]
}