{
	"references":[
		""
	],
	"software":[
		"https:\/\/doi.org\/10.5281\/zenodo.15920400"
	],
	"mult_tab":[
		[
			[
				1,
				0,
				0,
				0,
				0
			],
			[
				0,
				1,
				0,
				0,
				0
			],
			[
				0,
				0,
				1,
				0,
				0
			],
			[
				0,
				0,
				0,
				1,
				0
			],
			[
				0,
				0,
				0,
				0,
				1
			]
		],
		[
			[
				0,
				1,
				0,
				0,
				0
			],
			[
				1,
				0,
				0,
				1,
				1
			],
			[
				0,
				0,
				1,
				1,
				1
			],
			[
				0,
				1,
				1,
				3,
				2
			],
			[
				0,
				1,
				1,
				2,
				4
			]
		],
		[
			[
				0,
				0,
				1,
				0,
				0
			],
			[
				0,
				0,
				1,
				1,
				1
			],
			[
				1,
				1,
				1,
				1,
				1
			],
			[
				0,
				1,
				1,
				4,
				2
			],
			[
				0,
				1,
				1,
				2,
				5
			]
		],
		[
			[
				0,
				0,
				0,
				1,
				0
			],
			[
				0,
				1,
				1,
				3,
				2
			],
			[
				0,
				1,
				1,
				4,
				2
			],
			[
				1,
				3,
				4,
				13,
				1
			],
			[
				0,
				2,
				2,
				1,
				15
			]
		],
		[
			[
				0,
				0,
				0,
				0,
				1
			],
			[
				0,
				1,
				1,
				2,
				4
			],
			[
				0,
				1,
				1,
				2,
				5
			],
			[
				0,
				2,
				2,
				1,
				15
			],
			[
				1,
				4,
				5,
				15,
				6
			]
		]
	],
	"texnames":[
		"\\text{FR}^{5,15,0}_{1496}"
	],
	"barcode":[
		2,
		0,
		4,
		5,
		8,
		6,
		9,
		2,
		5,
		1,
		8,
		7,
		8,
		3,
		9,
		8,
		6,
		8,
		3,
		8,
		6,
		4,
		3,
		6,
		6,
		2,
		8,
		4,
		5,
		9,
		5,
		4,
		2,
		6,
		5,
		0,
		0,
		2,
		2,
		1,
		7,
		6,
		8,
		4,
		5,
		4,
		1,
		9,
		9,
		6,
		3,
		4,
		5,
		6,
		1,
		4,
		9,
		8,
		3,
		1,
		2,
		1,
		1,
		3,
		1,
		7,
		7,
		4,
		0,
		6,
		7,
		6,
		0,
		5,
		8,
		8,
		1,
		9,
		4,
		8,
		3,
		1,
		1,
		2,
		8,
		1,
		9,
		4,
		4,
		7,
		3,
		8,
		4,
		1,
		1,
		6,
		4,
		7,
		2,
		2,
		9,
		5,
		1,
		2,
		6,
		0,
		5,
		3,
		5,
		6,
		9,
		5,
		8,
		5,
		4,
		5,
		2,
		8,
		2,
		5,
		4,
		6,
		2,
		0,
		2,
		2,
		6,
		7,
		9,
		9,
		1,
		1,
		9,
		6,
		2,
		8,
		6,
		9,
		7,
		2,
		2,
		1,
		0,
		1,
		3,
		8,
		7,
		2,
		8,
		0
	],
	"formal_code":[
		5,
		15,
		0,
		1496
	],
	"tensor_product_decompositions":{
		"identifiers":[
			"formal_code"
		],
		"value":[]
	},
	"sub_fusion_rings":{
		"identifiers":[
			"injection",
			"formal_code"
		],
		"value":[]
	},
	"numeric_characters":[
		[
			[
				1.0,
				0
			],
			[
				6.260530787405119,
				0
			],
			[
				7.260530787405119,
				0
			],
			[
				1.7091346232621323e1,
				0
			],
			[
				2.1102899507426038e1,
				0
			]
		],
		[
			[
				1.0,
				0
			],
			[
				1.476680432243553,
				0
			],
			[
				2.476680432243553,
				0
			],
			[
				1.3246885408551448e1,
				0
			],
			[
				-1.2066300309580441e1,
				0
			]
		],
		[
			[
				1.0,
				0
			],
			[
				0.4540209669994655,
				0
			],
			[
				1.4540209669994655,
				0
			],
			[
				-0.5866745636528444,
				0
			],
			[
				-0.20719039787202584,
				0
			]
		],
		[
			[
				1.0,
				0
			],
			[
				1.0,
				0
			],
			[
				-1.0,
				0
			],
			[
				0.0,
				0
			],
			[
				0.0,
				0
			]
		],
		[
			[
				1.0,
				0
			],
			[
				-1.1912321866481377,
				0
			],
			[
				-0.1912321866481376,
				0
			],
			[
				0.24844292248007505,
				0
			],
			[
				0.17059120002642827,
				0
			]
		]
	],
	"numeric_frobenius_perron_dimensions":[
		1.0,
		6.260530787405119,
		7.260530787405119,
		1.7091346232621326e1,
		2.1102899507426038e1
	],
	"numeric_frobenius_perron_dimension":8.303560367187663e2,
	"info":"Fusion ring. mult_tab provides structure constants. barcode and formal_code provide unique identifiers see (DOI: 10.1063\/5.0148848). sub_fusion_rings provides tuples where the first element corresponds to the elements of the ring that form the subring isomorphic to the ring identified by the second element of the tuple. software provides doi of original software used to represent fusion ring.",
	"comments":[
		""
	]
}