{
	"references":[
		""
	],
	"software":[
		"https:\/\/doi.org\/10.5281\/zenodo.15920400"
	],
	"mult_tab":[
		[
			[
				1,
				0,
				0,
				0,
				0
			],
			[
				0,
				1,
				0,
				0,
				0
			],
			[
				0,
				0,
				1,
				0,
				0
			],
			[
				0,
				0,
				0,
				1,
				0
			],
			[
				0,
				0,
				0,
				0,
				1
			]
		],
		[
			[
				0,
				1,
				0,
				0,
				0
			],
			[
				1,
				2,
				1,
				2,
				2
			],
			[
				0,
				1,
				4,
				4,
				5
			],
			[
				0,
				2,
				4,
				4,
				5
			],
			[
				0,
				2,
				5,
				5,
				5
			]
		],
		[
			[
				0,
				0,
				1,
				0,
				0
			],
			[
				0,
				1,
				4,
				4,
				5
			],
			[
				1,
				4,
				9,
				9,
				11
			],
			[
				0,
				4,
				9,
				10,
				11
			],
			[
				0,
				5,
				11,
				11,
				12
			]
		],
		[
			[
				0,
				0,
				0,
				1,
				0
			],
			[
				0,
				2,
				4,
				4,
				5
			],
			[
				0,
				4,
				9,
				10,
				11
			],
			[
				1,
				4,
				10,
				10,
				11
			],
			[
				0,
				5,
				11,
				11,
				13
			]
		],
		[
			[
				0,
				0,
				0,
				0,
				1
			],
			[
				0,
				2,
				5,
				5,
				5
			],
			[
				0,
				5,
				11,
				11,
				12
			],
			[
				0,
				5,
				11,
				11,
				13
			],
			[
				1,
				5,
				12,
				13,
				15
			]
		]
	],
	"texnames":[
		"\\text{FR}^{5,15,0}_{377}"
	],
	"barcode":[
		2,
		0,
		4,
		5,
		8,
		6,
		9,
		2,
		5,
		1,
		8,
		7,
		8,
		3,
		9,
		8,
		6,
		8,
		3,
		8,
		6,
		4,
		3,
		6,
		6,
		2,
		8,
		4,
		5,
		9,
		5,
		4,
		2,
		6,
		5,
		0,
		0,
		4,
		7,
		2,
		4,
		5,
		2,
		7,
		7,
		5,
		7,
		9,
		7,
		7,
		1,
		3,
		1,
		9,
		5,
		5,
		4,
		0,
		7,
		6,
		9,
		0,
		8,
		8,
		3,
		3,
		7,
		7,
		5,
		5,
		1,
		5,
		9,
		3,
		4,
		0,
		4,
		7,
		2,
		0,
		4,
		6,
		8,
		1,
		9,
		3,
		5,
		0,
		7,
		9,
		5,
		8,
		6,
		4,
		7,
		9,
		9,
		7,
		5,
		5,
		0,
		8,
		6,
		5,
		5,
		6,
		9,
		1,
		0,
		4,
		9,
		4,
		0,
		4,
		4,
		2,
		9,
		8,
		2,
		4,
		2,
		5,
		5,
		7,
		9,
		0,
		4,
		9,
		5,
		4,
		5,
		8,
		0,
		2,
		1,
		5,
		4,
		1,
		1,
		1,
		8,
		1,
		2,
		2,
		9,
		9,
		2,
		1,
		4,
		6
	],
	"formal_code":[
		5,
		15,
		0,
		377
	],
	"tensor_product_decompositions":{
		"identifiers":[
			"formal_code"
		],
		"value":[]
	},
	"sub_fusion_rings":{
		"identifiers":[
			"injection",
			"formal_code"
		],
		"value":[]
	},
	"numeric_characters":[
		[
			[
				1.0,
				0
			],
			[
				1.4415141568184955e1,
				0
			],
			[
				3.2937516126476446e1,
				0
			],
			[
				3.3937516126476446e1,
				0
			],
			[
				3.857673745750728e1,
				0
			]
		],
		[
			[
				1.0,
				0
			],
			[
				2.0326212167746136,
				0
			],
			[
				-0.8492720351555008,
				0
			],
			[
				0.15072796484449924,
				0
			],
			[
				-0.19293865860020687,
				0
			]
		],
		[
			[
				1.0,
				0
			],
			[
				0.0,
				0
			],
			[
				1.0,
				0
			],
			[
				-1.0,
				0
			],
			[
				0.0,
				0
			]
		],
		[
			[
				1.0,
				0
			],
			[
				-0.6140269033886592,
				0
			],
			[
				9.094914218364339e-2,
				0
			],
			[
				1.0909491421836435,
				0
			],
			[
				-0.8338822908442731,
				0
			]
		],
		[
			[
				1.0,
				0
			],
			[
				-0.8337358815709096,
				0
			],
			[
				-1.1791932335045878,
				0
			],
			[
				-0.1791932335045878,
				0
			],
			[
				1.450083491937202,
				0
			]
		]
	],
	"numeric_frobenius_perron_dimensions":[
		1.0,
		1.4415141568184955e1,
		3.2937516126476446e1,
		3.3937516126476446e1,
		3.857673745750728e1
	],
	"numeric_frobenius_perron_dimension":3.933595948713004e3,
	"info":"Fusion ring. mult_tab provides structure constants. barcode and formal_code provide unique identifiers see (DOI: 10.1063\/5.0148848). sub_fusion_rings provides tuples where the first element corresponds to the elements of the ring that form the subring isomorphic to the ring identified by the second element of the tuple. software provides doi of original software used to represent fusion ring.",
	"comments":[
		""
	]
}