{
	"references":[
		""
	],
	"software":[
		"https:\/\/doi.org\/10.5281\/zenodo.15920400"
	],
	"mult_tab":[
		[
			[
				1,
				0,
				0,
				0,
				0
			],
			[
				0,
				1,
				0,
				0,
				0
			],
			[
				0,
				0,
				1,
				0,
				0
			],
			[
				0,
				0,
				0,
				1,
				0
			],
			[
				0,
				0,
				0,
				0,
				1
			]
		],
		[
			[
				0,
				1,
				0,
				0,
				0
			],
			[
				1,
				3,
				3,
				0,
				0
			],
			[
				0,
				3,
				2,
				3,
				0
			],
			[
				0,
				0,
				3,
				2,
				3
			],
			[
				0,
				0,
				0,
				3,
				5
			]
		],
		[
			[
				0,
				0,
				1,
				0,
				0
			],
			[
				0,
				3,
				2,
				3,
				0
			],
			[
				1,
				2,
				5,
				1,
				3
			],
			[
				0,
				3,
				1,
				5,
				4
			],
			[
				0,
				0,
				3,
				4,
				6
			]
		],
		[
			[
				0,
				0,
				0,
				1,
				0
			],
			[
				0,
				0,
				3,
				2,
				3
			],
			[
				0,
				3,
				1,
				5,
				4
			],
			[
				1,
				2,
				5,
				3,
				6
			],
			[
				0,
				3,
				4,
				6,
				5
			]
		],
		[
			[
				0,
				0,
				0,
				0,
				1
			],
			[
				0,
				0,
				0,
				3,
				5
			],
			[
				0,
				0,
				3,
				4,
				6
			],
			[
				0,
				3,
				4,
				6,
				5
			],
			[
				1,
				5,
				6,
				5,
				5
			]
		]
	],
	"texnames":[
		"\\text{FR}^{5,6,0}_{43}"
	],
	"barcode":[
		6,
		1,
		9,
		6,
		7,
		0,
		2,
		5,
		9,
		6,
		9,
		5,
		7,
		2,
		7,
		7,
		0,
		5,
		5,
		2,
		5,
		0,
		6,
		7,
		0,
		6,
		3,
		1,
		5,
		4,
		8,
		8,
		8,
		0,
		2,
		8,
		5,
		5,
		1,
		8,
		1,
		8,
		1,
		7,
		6,
		3,
		5,
		8,
		1,
		9,
		3,
		5,
		8,
		4,
		7,
		3,
		9,
		2,
		7,
		4,
		1,
		4,
		5,
		5,
		1,
		1,
		8,
		9,
		6,
		3,
		7,
		1,
		7,
		4,
		9,
		1,
		9,
		5,
		2,
		0,
		3,
		7,
		7,
		8,
		5,
		3,
		4,
		5,
		4,
		6,
		6,
		1,
		5,
		9,
		5,
		5,
		0,
		1,
		5,
		5,
		2,
		4,
		2,
		1,
		3
	],
	"formal_code":[
		5,
		6,
		0,
		43
	],
	"tensor_product_decompositions":{
		"identifiers":[
			"formal_code"
		],
		"value":[]
	},
	"sub_fusion_rings":{
		"identifiers":[
			"injection",
			"formal_code"
		],
		"value":[]
	},
	"numeric_characters":[
		[
			[
				1.0,
				0
			],
			[
				7.714516913778562,
				0
			],
			[
				1.179007349054661e1,
				0
			],
			[
				1.4743674545028387e1,
				0
			],
			[
				1.6294252362390445e1,
				0
			]
		],
		[
			[
				1.0,
				0
			],
			[
				1.5945733796525003,
				0
			],
			[
				-1.080351958620368,
				0
			],
			[
				-1.4485722318627479,
				0
			],
			[
				1.276115206718151,
				0
			]
		],
		[
			[
				1.0,
				0
			],
			[
				-2.4966034855537735,
				0
			],
			[
				4.24094647358019,
				0
			],
			[
				-3.8600147461621157,
				0
			],
			[
				1.5447054470469876,
				0
			]
		],
		[
			[
				1.0,
				0
			],
			[
				5.444667766251095,
				0
			],
			[
				4.103467928700135,
				0
			],
			[
				-0.7329731983049281,
				0
			],
			[
				-4.945084311942454,
				0
			]
		],
		[
			[
				1.0,
				0
			],
			[
				-0.2571545741283842,
				0
			],
			[
				-5.4135934206565595e-2,
				0
			],
			[
				0.2978856313014051,
				0
			],
			[
				-0.1699887042131304,
				0
			]
		]
	],
	"numeric_frobenius_perron_dimensions":[
		1.0,
		7.714516913778563,
		1.1790073490546607e1,
		1.4743674545028385e1,
		1.6294252362390445e1
	],
	"numeric_frobenius_perron_dimension":6.8239820326445e2,
	"info":"Fusion ring. mult_tab provides structure constants. barcode and formal_code provide unique identifiers see (DOI: 10.1063\/5.0148848). sub_fusion_rings provides tuples where the first element corresponds to the elements of the ring that form the subring isomorphic to the ring identified by the second element of the tuple. software provides doi of original software used to represent fusion ring.",
	"comments":[
		""
	]
}