{
	"references":[
		""
	],
	"software":[
		"https:\/\/doi.org\/10.5281\/zenodo.15920400"
	],
	"mult_tab":[
		[
			[
				1,
				0,
				0,
				0,
				0
			],
			[
				0,
				1,
				0,
				0,
				0
			],
			[
				0,
				0,
				1,
				0,
				0
			],
			[
				0,
				0,
				0,
				1,
				0
			],
			[
				0,
				0,
				0,
				0,
				1
			]
		],
		[
			[
				0,
				1,
				0,
				0,
				0
			],
			[
				1,
				0,
				0,
				0,
				0
			],
			[
				0,
				0,
				1,
				0,
				0
			],
			[
				0,
				0,
				0,
				1,
				0
			],
			[
				0,
				0,
				0,
				0,
				1
			]
		],
		[
			[
				0,
				0,
				1,
				0,
				0
			],
			[
				0,
				0,
				1,
				0,
				0
			],
			[
				1,
				1,
				1,
				1,
				1
			],
			[
				0,
				0,
				1,
				2,
				3
			],
			[
				0,
				0,
				1,
				3,
				3
			]
		],
		[
			[
				0,
				0,
				0,
				1,
				0
			],
			[
				0,
				0,
				0,
				1,
				0
			],
			[
				0,
				0,
				1,
				2,
				3
			],
			[
				1,
				1,
				2,
				0,
				10
			],
			[
				0,
				0,
				3,
				10,
				3
			]
		],
		[
			[
				0,
				0,
				0,
				0,
				1
			],
			[
				0,
				0,
				0,
				0,
				1
			],
			[
				0,
				0,
				1,
				3,
				3
			],
			[
				0,
				0,
				3,
				10,
				3
			],
			[
				1,
				1,
				3,
				3,
				11
			]
		]
	],
	"texnames":[
		"\\text{FR}^{5,11,0}_{2042}"
	],
	"barcode":[
		6,
		5,
		8,
		3,
		7,
		7,
		0,
		0,
		7,
		1,
		1,
		6,
		2,
		1,
		8,
		2,
		3,
		4,
		2,
		2,
		0,
		4,
		1,
		2,
		6,
		8,
		4,
		4,
		3,
		7,
		1,
		5,
		2,
		4,
		4,
		6,
		2,
		9,
		7,
		6,
		2,
		5,
		1,
		1,
		6,
		9,
		4,
		5,
		8,
		7,
		0,
		1,
		4,
		6,
		6,
		7,
		9,
		8,
		0,
		8,
		4,
		3,
		8,
		0,
		1,
		9,
		0,
		0,
		3,
		8,
		5,
		3,
		6,
		6,
		6,
		9,
		1,
		3,
		0,
		9,
		8,
		6,
		4,
		2,
		8,
		8,
		5,
		4,
		8,
		9,
		0,
		9,
		8,
		0,
		4,
		6,
		8,
		5,
		7,
		4,
		8,
		4,
		8,
		4,
		6,
		2,
		7,
		9,
		2,
		1,
		0,
		1,
		2,
		2,
		3,
		0,
		7,
		4,
		9,
		7,
		3,
		7,
		0,
		2,
		2,
		3,
		3,
		3,
		5,
		0,
		2,
		8,
		4,
		0
	],
	"formal_code":[
		5,
		11,
		0,
		2042
	],
	"tensor_product_decompositions":{
		"identifiers":[
			"formal_code"
		],
		"value":[]
	},
	"sub_fusion_rings":{
		"identifiers":[
			"injection",
			"formal_code"
		],
		"value":[
			[
				[
					1,
					2
				],
				[
					2,
					1,
					0,
					1
				]
			]
		]
	},
	"numeric_characters":[
		[
			[
				1.0,
				0
			],
			[
				1.0,
				0
			],
			[
				5.970126884014094,
				0
			],
			[
				1.2766911240847849e1,
				0
			],
			[
				1.4905376886365895e1,
				0
			]
		],
		[
			[
				1.0,
				0
			],
			[
				1.0,
				0
			],
			[
				-0.5359869481176606,
				0
			],
			[
				-8.763072636884136,
				0
			],
			[
				7.5863415935542795,
				0
			]
		],
		[
			[
				1.0,
				0
			],
			[
				1.0,
				0
			],
			[
				1.6811796832489563,
				0
			],
			[
				-0.3294311044907005,
				0
			],
			[
				-0.525383451389195,
				0
			]
		],
		[
			[
				1.0,
				0
			],
			[
				1.0,
				0
			],
			[
				-1.11531961914539,
				0
			],
			[
				0.32559250052698785,
				0
			],
			[
				3.366497146901964e-2,
				0
			]
		],
		[
			[
				1.0,
				0
			],
			[
				-1.0,
				0
			],
			[
				0.0,
				0
			],
			[
				0.0,
				0
			],
			[
				0.0,
				0
			]
		]
	],
	"numeric_frobenius_perron_dimensions":[
		1.0,
		1.0,
		5.970126884014094,
		1.2766911240847849e1,
		1.4905376886365895e1
	],
	"numeric_frobenius_perron_dimension":4.2280669776752563e2,
	"info":"Fusion ring. mult_tab provides structure constants. barcode and formal_code provide unique identifiers see (DOI: 10.1063\/5.0148848). sub_fusion_rings provides tuples where the first element corresponds to the elements of the ring that form the subring isomorphic to the ring identified by the second element of the tuple. software provides doi of original software used to represent fusion ring.",
	"comments":[
		""
	]
}