{
	"references":[
		""
	],
	"software":[
		"https:\/\/doi.org\/10.5281\/zenodo.15920400"
	],
	"mult_tab":[
		[
			[
				1,
				0,
				0,
				0,
				0
			],
			[
				0,
				1,
				0,
				0,
				0
			],
			[
				0,
				0,
				1,
				0,
				0
			],
			[
				0,
				0,
				0,
				1,
				0
			],
			[
				0,
				0,
				0,
				0,
				1
			]
		],
		[
			[
				0,
				1,
				0,
				0,
				0
			],
			[
				1,
				6,
				2,
				0,
				0
			],
			[
				0,
				2,
				5,
				2,
				0
			],
			[
				0,
				0,
				2,
				3,
				4
			],
			[
				0,
				0,
				0,
				4,
				5
			]
		],
		[
			[
				0,
				0,
				1,
				0,
				0
			],
			[
				0,
				2,
				5,
				2,
				0
			],
			[
				1,
				5,
				1,
				2,
				4
			],
			[
				0,
				2,
				2,
				5,
				4
			],
			[
				0,
				0,
				4,
				4,
				5
			]
		],
		[
			[
				0,
				0,
				0,
				1,
				0
			],
			[
				0,
				0,
				2,
				3,
				4
			],
			[
				0,
				2,
				2,
				5,
				4
			],
			[
				1,
				3,
				5,
				2,
				6
			],
			[
				0,
				4,
				4,
				6,
				3
			]
		],
		[
			[
				0,
				0,
				0,
				0,
				1
			],
			[
				0,
				0,
				0,
				4,
				5
			],
			[
				0,
				0,
				4,
				4,
				5
			],
			[
				0,
				4,
				4,
				6,
				3
			],
			[
				1,
				5,
				5,
				3,
				5
			]
		]
	],
	"texnames":[
		"\\text{FR}^{5,6,0}_{31}"
	],
	"barcode":[
		6,
		1,
		9,
		6,
		7,
		0,
		2,
		5,
		9,
		6,
		9,
		5,
		7,
		2,
		7,
		7,
		0,
		5,
		5,
		2,
		5,
		0,
		6,
		7,
		0,
		6,
		5,
		3,
		8,
		6,
		9,
		9,
		6,
		7,
		2,
		7,
		0,
		0,
		5,
		3,
		1,
		0,
		2,
		3,
		2,
		9,
		3,
		7,
		0,
		0,
		9,
		8,
		6,
		9,
		6,
		7,
		1,
		6,
		4,
		8,
		5,
		1,
		5,
		9,
		0,
		0,
		8,
		5,
		3,
		2,
		1,
		0,
		7,
		4,
		9,
		9,
		4,
		4,
		9,
		3,
		5,
		2,
		7,
		4,
		5,
		7,
		0,
		8,
		2,
		4,
		9,
		6,
		0,
		7,
		8,
		4,
		6,
		7,
		9,
		1,
		6,
		1,
		9,
		4,
		7
	],
	"formal_code":[
		5,
		6,
		0,
		31
	],
	"tensor_product_decompositions":{
		"identifiers":[
			"formal_code"
		],
		"value":[]
	},
	"sub_fusion_rings":{
		"identifiers":[
			"injection",
			"formal_code"
		],
		"value":[]
	},
	"numeric_characters":[
		[
			[
				1.0,
				0
			],
			[
				8.843842371542221,
				0
			],
			[
				1.207524683171611e1,
				0
			],
			[
				1.4363830337748453e1,
				0
			],
			[
				1.4947366670486453e1,
				0
			]
		],
		[
			[
				1.0,
				0
			],
			[
				7.24192492594744,
				0
			],
			[
				3.996963538687094,
				0
			],
			[
				-2.7614788332046003,
				0
			],
			[
				-4.926978243105258,
				0
			]
		],
		[
			[
				1.0,
				0
			],
			[
				-0.6520740073974682,
				0
			],
			[
				1.6688222777541013,
				0
			],
			[
				-4.0640795021324285,
				0
			],
			[
				2.876168639556621,
				0
			]
		],
		[
			[
				1.0,
				0
			],
			[
				3.7269258710377056,
				0
			],
			[
				-4.735789389008036,
				0
			],
			[
				-0.7124203953575645,
				0
			],
			[
				2.2384254903939373,
				0
			]
		],
		[
			[
				1.0,
				0
			],
			[
				-0.16061916112989852,
				0
			],
			[
				-5.243259149268327e-3,
				0
			],
			[
				0.1741483929461404,
				0
			],
			[
				-0.13498255733175338,
				0
			]
		]
	],
	"numeric_frobenius_perron_dimensions":[
		1.0,
		8.843842371542218,
		1.207524683171611e1,
		1.4363830337748453e1,
		1.4947366670486453e1
	],
	"numeric_frobenius_perron_dimension":6.547685262931475e2,
	"info":"Fusion ring. mult_tab provides structure constants. barcode and formal_code provide unique identifiers see (DOI: 10.1063\/5.0148848). sub_fusion_rings provides tuples where the first element corresponds to the elements of the ring that form the subring isomorphic to the ring identified by the second element of the tuple. software provides doi of original software used to represent fusion ring.",
	"comments":[
		""
	]
}