{
	"references":[
		""
	],
	"software":[
		"https:\/\/doi.org\/10.5281\/zenodo.15920400"
	],
	"mult_tab":[
		[
			[
				1,
				0,
				0,
				0,
				0
			],
			[
				0,
				1,
				0,
				0,
				0
			],
			[
				0,
				0,
				1,
				0,
				0
			],
			[
				0,
				0,
				0,
				1,
				0
			],
			[
				0,
				0,
				0,
				0,
				1
			]
		],
		[
			[
				0,
				1,
				0,
				0,
				0
			],
			[
				1,
				6,
				3,
				0,
				0
			],
			[
				0,
				3,
				5,
				3,
				0
			],
			[
				0,
				0,
				3,
				4,
				3
			],
			[
				0,
				0,
				0,
				3,
				8
			]
		],
		[
			[
				0,
				0,
				1,
				0,
				0
			],
			[
				0,
				3,
				5,
				3,
				0
			],
			[
				1,
				5,
				4,
				3,
				3
			],
			[
				0,
				3,
				3,
				3,
				6
			],
			[
				0,
				0,
				3,
				6,
				8
			]
		],
		[
			[
				0,
				0,
				0,
				1,
				0
			],
			[
				0,
				0,
				3,
				4,
				3
			],
			[
				0,
				3,
				3,
				3,
				6
			],
			[
				1,
				4,
				3,
				4,
				6
			],
			[
				0,
				3,
				6,
				6,
				6
			]
		],
		[
			[
				0,
				0,
				0,
				0,
				1
			],
			[
				0,
				0,
				0,
				3,
				8
			],
			[
				0,
				0,
				3,
				6,
				8
			],
			[
				0,
				3,
				6,
				6,
				6
			],
			[
				1,
				8,
				8,
				6,
				6
			]
		]
	],
	"texnames":[
		"\\text{FR}^{5,8,0}_{22}"
	],
	"barcode":[
		2,
		1,
		1,
		8,
		7,
		1,
		2,
		2,
		9,
		9,
		1,
		3,
		9,
		8,
		3,
		2,
		0,
		3,
		2,
		5,
		8,
		3,
		1,
		9,
		3,
		6,
		7,
		6,
		2,
		0,
		7,
		9,
		5,
		9,
		8,
		5,
		5,
		7,
		0,
		4,
		2,
		7,
		4,
		4,
		1,
		3,
		6,
		5,
		3,
		2,
		1,
		4,
		1,
		5,
		4,
		9,
		8,
		8,
		8,
		6,
		6,
		6,
		7,
		4,
		5,
		4,
		2,
		7,
		8,
		2,
		0,
		1,
		0,
		6,
		9,
		7,
		8,
		5,
		6,
		2,
		5,
		7,
		6,
		4,
		7,
		7,
		0,
		2,
		3,
		5,
		1,
		8,
		0,
		3,
		0,
		3,
		8,
		8,
		9,
		5,
		5,
		4,
		3,
		5,
		0,
		8,
		2,
		1,
		9,
		6,
		4,
		3,
		7,
		6,
		8,
		6,
		0,
		4,
		4
	],
	"formal_code":[
		5,
		8,
		0,
		22
	],
	"tensor_product_decompositions":{
		"identifiers":[
			"formal_code"
		],
		"value":[]
	},
	"sub_fusion_rings":{
		"identifiers":[
			"injection",
			"formal_code"
		],
		"value":[]
	},
	"numeric_characters":[
		[
			[
				1.0,
				0
			],
			[
				1.0418593453497039e1,
				0
			],
			[
				1.5011842942756369e1,
				0
			],
			[
				1.669576451135142e1,
				0
			],
			[
				2.070926532180643e1,
				0
			]
		],
		[
			[
				1.0,
				0
			],
			[
				8.411194422471542,
				0
			],
			[
				6.427008359262379,
				0
			],
			[
				-1.10326939970694,
				0
			],
			[
				-8.049253633419307,
				0
			]
		],
		[
			[
				1.0,
				0
			],
			[
				4.1796931453450155,
				0
			],
			[
				-2.8694413609419946,
				0
			],
			[
				-3.3950856728746,
				0
			],
			[
				2.6660834865171164,
				0
			]
		],
		[
			[
				1.0,
				0
			],
			[
				-0.3474058751201383,
				0
			],
			[
				0.401708697596273,
				0
			],
			[
				-0.36862727475091805,
				0
			],
			[
				0.13248209573094924,
				0
			]
		],
		[
			[
				1.0,
				0
			],
			[
				0.3379248538065419,
				0
			],
			[
				-0.9711186386730263,
				0
			],
			[
				1.1712178359810383,
				0
			],
			[
				-0.4585772706351893,
				0
			]
		]
	],
	"numeric_frobenius_perron_dimensions":[
		1.0,
		1.041859345349705e1,
		1.501184294275637e1,
		1.669576451135142e1,
		2.070926532180643e1
	],
	"numeric_frobenius_perron_dimension":1.0425247408747118e3,
	"info":"Fusion ring. mult_tab provides structure constants. barcode and formal_code provide unique identifiers see (DOI: 10.1063\/5.0148848). sub_fusion_rings provides tuples where the first element corresponds to the elements of the ring that form the subring isomorphic to the ring identified by the second element of the tuple. software provides doi of original software used to represent fusion ring.",
	"comments":[
		""
	]
}