{
	"references":[
		""
	],
	"software":[
		"https:\/\/doi.org\/10.5281\/zenodo.15920400"
	],
	"mult_tab":[
		[
			[
				1,
				0,
				0,
				0,
				0
			],
			[
				0,
				1,
				0,
				0,
				0
			],
			[
				0,
				0,
				1,
				0,
				0
			],
			[
				0,
				0,
				0,
				1,
				0
			],
			[
				0,
				0,
				0,
				0,
				1
			]
		],
		[
			[
				0,
				1,
				0,
				0,
				0
			],
			[
				1,
				2,
				3,
				2,
				4
			],
			[
				0,
				3,
				2,
				4,
				5
			],
			[
				0,
				2,
				4,
				3,
				5
			],
			[
				0,
				4,
				5,
				5,
				5
			]
		],
		[
			[
				0,
				0,
				1,
				0,
				0
			],
			[
				0,
				3,
				2,
				4,
				5
			],
			[
				1,
				2,
				5,
				3,
				7
			],
			[
				0,
				4,
				3,
				5,
				6
			],
			[
				0,
				5,
				7,
				6,
				6
			]
		],
		[
			[
				0,
				0,
				0,
				1,
				0
			],
			[
				0,
				2,
				4,
				3,
				5
			],
			[
				0,
				4,
				3,
				5,
				6
			],
			[
				1,
				3,
				5,
				4,
				6
			],
			[
				0,
				5,
				6,
				6,
				7
			]
		],
		[
			[
				0,
				0,
				0,
				0,
				1
			],
			[
				0,
				4,
				5,
				5,
				5
			],
			[
				0,
				5,
				7,
				6,
				6
			],
			[
				0,
				5,
				6,
				6,
				7
			],
			[
				1,
				5,
				6,
				7,
				12
			]
		]
	],
	"texnames":[
		"\\text{FR}^{5,12,0}_{443}"
	],
	"barcode":[
		1,
		3,
		4,
		5,
		7,
		8,
		5,
		2,
		8,
		7,
		0,
		6,
		3,
		2,
		5,
		1,
		9,
		2,
		9,
		5,
		4,
		0,
		9,
		2,
		4,
		6,
		7,
		7,
		1,
		2,
		3,
		4,
		6,
		1,
		8,
		9,
		0,
		1,
		2,
		0,
		7,
		7,
		7,
		2,
		5,
		8,
		9,
		2,
		4,
		7,
		6,
		9,
		5,
		2,
		4,
		9,
		6,
		3,
		4,
		8,
		8,
		1,
		3,
		3,
		9,
		1,
		1,
		8,
		3,
		6,
		4,
		7,
		4,
		6,
		8,
		0,
		7,
		9,
		9,
		7,
		9,
		7,
		8,
		3,
		4,
		0,
		9,
		1,
		3,
		2,
		5,
		7,
		7,
		6,
		2,
		0,
		1,
		5,
		4,
		3,
		5,
		2,
		6,
		1,
		4,
		2,
		1,
		2,
		0,
		8,
		5,
		8,
		6,
		8,
		5,
		3,
		4,
		5,
		2,
		3,
		3,
		9,
		5,
		1,
		5,
		8,
		9,
		0,
		4,
		2,
		8,
		9,
		1,
		6,
		2,
		5,
		1,
		2,
		7
	],
	"formal_code":[
		5,
		12,
		0,
		443
	],
	"tensor_product_decompositions":{
		"identifiers":[
			"formal_code"
		],
		"value":[]
	},
	"sub_fusion_rings":{
		"identifiers":[
			"injection",
			"formal_code"
		],
		"value":[]
	},
	"numeric_characters":[
		[
			[
				1.0,
				0
			],
			[
				1.5034047167850561e1,
				0
			],
			[
				1.8918986436676878e1,
				0
			],
			[
				1.9161279553826734e1,
				0
			],
			[
				2.4968740372942563e1,
				0
			]
		],
		[
			[
				1.0,
				0
			],
			[
				-0.47807094496935226,
				0
			],
			[
				-5.499895819738154e-2,
				0
			],
			[
				0.7555939426847659,
				0
			],
			[
				-0.29037432310369826,
				0
			]
		],
		[
			[
				1.0,
				0
			],
			[
				1.0672759340833022,
				0
			],
			[
				-0.1131045632234812,
				0
			],
			[
				-0.6840880869252665,
				0
			],
			[
				-7.199602129306067e-2,
				0
			]
		],
		[
			[
				1.0,
				0
			],
			[
				-1.6602690329355425,
				0
			],
			[
				-2.7930693485914784,
				0
			],
			[
				-1.0774045829435588,
				0
			],
			[
				3.9027621348143398,
				0
			]
		],
		[
			[
				1.0,
				0
			],
			[
				-1.9629831240289686,
				0
			],
			[
				3.0421864333354636,
				0
			],
			[
				-2.155380826642673,
				0
			],
			[
				0.4908678366398553,
				0
			]
		]
	],
	"numeric_frobenius_perron_dimensions":[
		1.0,
		1.5034047167850561e1,
		1.8918986436676878e1,
		1.9161279553826734e1,
		2.4968740372942563e1
	],
	"numeric_frobenius_perron_dimension":1.5755432519876297e3,
	"info":"Fusion ring. mult_tab provides structure constants. barcode and formal_code provide unique identifiers see (DOI: 10.1063\/5.0148848). sub_fusion_rings provides tuples where the first element corresponds to the elements of the ring that form the subring isomorphic to the ring identified by the second element of the tuple. software provides doi of original software used to represent fusion ring.",
	"comments":[
		""
	]
}