{
	"references":[
		""
	],
	"software":[
		"https:\/\/doi.org\/10.5281\/zenodo.15920400"
	],
	"mult_tab":[
		[
			[
				1,
				0,
				0,
				0,
				0
			],
			[
				0,
				1,
				0,
				0,
				0
			],
			[
				0,
				0,
				1,
				0,
				0
			],
			[
				0,
				0,
				0,
				1,
				0
			],
			[
				0,
				0,
				0,
				0,
				1
			]
		],
		[
			[
				0,
				1,
				0,
				0,
				0
			],
			[
				1,
				0,
				0,
				0,
				0
			],
			[
				0,
				0,
				1,
				0,
				0
			],
			[
				0,
				0,
				0,
				0,
				1
			],
			[
				0,
				0,
				0,
				1,
				0
			]
		],
		[
			[
				0,
				0,
				1,
				0,
				0
			],
			[
				0,
				0,
				1,
				0,
				0
			],
			[
				1,
				1,
				2,
				3,
				3
			],
			[
				0,
				0,
				3,
				5,
				5
			],
			[
				0,
				0,
				3,
				5,
				5
			]
		],
		[
			[
				0,
				0,
				0,
				1,
				0
			],
			[
				0,
				0,
				0,
				0,
				1
			],
			[
				0,
				0,
				3,
				5,
				5
			],
			[
				1,
				0,
				5,
				4,
				12
			],
			[
				0,
				1,
				5,
				12,
				4
			]
		],
		[
			[
				0,
				0,
				0,
				0,
				1
			],
			[
				0,
				0,
				0,
				1,
				0
			],
			[
				0,
				0,
				3,
				5,
				5
			],
			[
				0,
				1,
				5,
				12,
				4
			],
			[
				1,
				0,
				5,
				4,
				12
			]
		]
	],
	"texnames":[
		"\\text{FR}^{5,12,0}_{1777}"
	],
	"barcode":[
		1,
		3,
		4,
		5,
		7,
		8,
		5,
		2,
		8,
		7,
		0,
		6,
		3,
		2,
		5,
		1,
		9,
		2,
		9,
		5,
		4,
		0,
		9,
		2,
		4,
		6,
		7,
		7,
		1,
		2,
		3,
		4,
		6,
		1,
		3,
		9,
		6,
		0,
		1,
		0,
		1,
		2,
		5,
		7,
		0,
		5,
		3,
		7,
		0,
		4,
		5,
		3,
		0,
		7,
		3,
		1,
		3,
		5,
		8,
		5,
		9,
		2,
		5,
		8,
		4,
		1,
		6,
		9,
		5,
		4,
		0,
		6,
		0,
		8,
		5,
		6,
		2,
		3,
		8,
		0,
		0,
		1,
		0,
		0,
		4,
		2,
		9,
		5,
		0,
		5,
		0,
		9,
		5,
		8,
		8,
		9,
		2,
		3,
		6,
		1,
		1,
		8,
		6,
		1,
		2,
		8,
		4,
		1,
		0,
		0,
		8,
		5,
		0,
		8,
		6,
		4,
		8,
		4,
		6,
		9,
		1,
		1,
		8,
		0,
		5,
		9,
		8,
		1,
		6,
		6,
		6,
		0,
		0,
		4,
		8,
		0,
		9,
		3,
		4
	],
	"formal_code":[
		5,
		12,
		0,
		1777
	],
	"tensor_product_decompositions":{
		"identifiers":[
			"formal_code"
		],
		"value":[]
	},
	"sub_fusion_rings":{
		"identifiers":[
			"injection",
			"formal_code"
		],
		"value":[
			[
				[
					1,
					2
				],
				[
					2,
					1,
					0,
					1
				]
			]
		]
	},
	"numeric_characters":[
		[
			[
				1.0,
				0
			],
			[
				1.0,
				0
			],
			[
				1.185775901341793e1,
				0
			],
			[
				1.914848846557638e1,
				0
			],
			[
				1.914848846557638e1,
				0
			]
		],
		[
			[
				1.0,
				0
			],
			[
				-1.0,
				0
			],
			[
				0.0,
				0
			],
			[
				-8.123105625617661,
				0
			],
			[
				8.123105625617661,
				0
			]
		],
		[
			[
				1.0,
				0
			],
			[
				1.0,
				0
			],
			[
				-1.2295399025413905,
				0
			],
			[
				0.3284746961707121,
				0
			],
			[
				0.3284746961707121,
				0
			]
		],
		[
			[
				1.0,
				0
			],
			[
				1.0,
				0
			],
			[
				1.3717808891234606,
				0
			],
			[
				-0.47696316174709485,
				0
			],
			[
				-0.47696316174709485,
				0
			]
		],
		[
			[
				1.0,
				0
			],
			[
				-1.0,
				0
			],
			[
				0.0,
				0
			],
			[
				0.12310562561766059,
				0
			],
			[
				-0.12310562561766059,
				0
			]
		]
	],
	"numeric_frobenius_perron_dimensions":[
		1.0,
		1.0,
		1.185775901341793e1,
		1.914848846557638e1,
		1.914848846557638e1
	],
	"numeric_frobenius_perron_dimension":8.759356698529176e2,
	"info":"Fusion ring. mult_tab provides structure constants. barcode and formal_code provide unique identifiers see (DOI: 10.1063\/5.0148848). sub_fusion_rings provides tuples where the first element corresponds to the elements of the ring that form the subring isomorphic to the ring identified by the second element of the tuple. software provides doi of original software used to represent fusion ring.",
	"comments":[
		""
	]
}