{
	"references":[
		""
	],
	"software":[
		"https:\/\/doi.org\/10.5281\/zenodo.15920400"
	],
	"mult_tab":[
		[
			[
				1,
				0,
				0,
				0,
				0
			],
			[
				0,
				1,
				0,
				0,
				0
			],
			[
				0,
				0,
				1,
				0,
				0
			],
			[
				0,
				0,
				0,
				1,
				0
			],
			[
				0,
				0,
				0,
				0,
				1
			]
		],
		[
			[
				0,
				1,
				0,
				0,
				0
			],
			[
				1,
				0,
				0,
				0,
				0
			],
			[
				0,
				0,
				1,
				0,
				0
			],
			[
				0,
				0,
				0,
				1,
				0
			],
			[
				0,
				0,
				0,
				0,
				1
			]
		],
		[
			[
				0,
				0,
				1,
				0,
				0
			],
			[
				0,
				0,
				1,
				0,
				0
			],
			[
				1,
				1,
				12,
				1,
				3
			],
			[
				0,
				0,
				1,
				8,
				8
			],
			[
				0,
				0,
				3,
				8,
				8
			]
		],
		[
			[
				0,
				0,
				0,
				1,
				0
			],
			[
				0,
				0,
				0,
				1,
				0
			],
			[
				0,
				0,
				1,
				8,
				8
			],
			[
				1,
				1,
				8,
				7,
				8
			],
			[
				0,
				0,
				8,
				8,
				9
			]
		],
		[
			[
				0,
				0,
				0,
				0,
				1
			],
			[
				0,
				0,
				0,
				0,
				1
			],
			[
				0,
				0,
				3,
				8,
				8
			],
			[
				0,
				0,
				8,
				8,
				9
			],
			[
				1,
				1,
				8,
				9,
				10
			]
		]
	],
	"texnames":[
		"\\text{FR}^{5,12,0}_{2541}"
	],
	"barcode":[
		1,
		3,
		4,
		5,
		7,
		8,
		5,
		2,
		8,
		7,
		0,
		6,
		3,
		2,
		5,
		1,
		9,
		2,
		9,
		5,
		4,
		0,
		9,
		2,
		4,
		6,
		7,
		7,
		1,
		2,
		3,
		4,
		6,
		1,
		3,
		9,
		6,
		0,
		1,
		0,
		1,
		3,
		3,
		2,
		6,
		1,
		6,
		5,
		6,
		2,
		3,
		4,
		8,
		4,
		6,
		0,
		6,
		4,
		3,
		8,
		1,
		2,
		4,
		9,
		6,
		8,
		1,
		0,
		3,
		8,
		1,
		4,
		5,
		9,
		9,
		4,
		4,
		3,
		0,
		9,
		4,
		1,
		3,
		4,
		9,
		5,
		2,
		4,
		1,
		7,
		2,
		6,
		1,
		0,
		4,
		0,
		0,
		3,
		1,
		1,
		5,
		9,
		7,
		5,
		0,
		1,
		4,
		5,
		9,
		5,
		3,
		5,
		5,
		5,
		6,
		2,
		2,
		5,
		9,
		3,
		3,
		7,
		4,
		6,
		8,
		7,
		9,
		9,
		2,
		1,
		8,
		7,
		3,
		7,
		3,
		6,
		5,
		3,
		8
	],
	"formal_code":[
		5,
		12,
		0,
		2541
	],
	"tensor_product_decompositions":{
		"identifiers":[
			"formal_code"
		],
		"value":[]
	},
	"sub_fusion_rings":{
		"identifiers":[
			"injection",
			"formal_code"
		],
		"value":[
			[
				[
					1,
					2
				],
				[
					2,
					1,
					0,
					1
				]
			]
		]
	},
	"numeric_characters":[
		[
			[
				1.0,
				0
			],
			[
				1.0,
				0
			],
			[
				1.751364577166731e1,
				0
			],
			[
				2.2141009738858127e1,
				0
			],
			[
				2.4141009738858127e1,
				0
			]
		],
		[
			[
				1.0,
				0
			],
			[
				1.0,
				0
			],
			[
				1.0823965556829458e1,
				0
			],
			[
				-5.182339076630764,
				0
			],
			[
				-3.182339076630764,
				0
			]
		],
		[
			[
				1.0,
				0
			],
			[
				1.0,
				0
			],
			[
				0.0,
				0
			],
			[
				1.0,
				0
			],
			[
				-1.0,
				0
			]
		],
		[
			[
				1.0,
				0
			],
			[
				1.0,
				0
			],
			[
				-0.33761132849676695,
				0
			],
			[
				-0.9586706622273612,
				0
			],
			[
				1.041329337772639,
				0
			]
		],
		[
			[
				1.0,
				0
			],
			[
				-1.0,
				0
			],
			[
				0.0,
				0
			],
			[
				0.0,
				0
			],
			[
				0.0,
				0
			]
		]
	],
	"numeric_frobenius_perron_dimensions":[
		1.0,
		1.0,
		1.751364577166731e1,
		2.2141009738858124e1,
		2.4141009738858124e1
	],
	"numeric_frobenius_perron_dimension":1.3817404516832935e3,
	"info":"Fusion ring. mult_tab provides structure constants. barcode and formal_code provide unique identifiers see (DOI: 10.1063\/5.0148848). sub_fusion_rings provides tuples where the first element corresponds to the elements of the ring that form the subring isomorphic to the ring identified by the second element of the tuple. software provides doi of original software used to represent fusion ring.",
	"comments":[
		""
	]
}