{
	"references":[
		""
	],
	"software":[
		"https:\/\/doi.org\/10.5281\/zenodo.15920400"
	],
	"mult_tab":[
		[
			[
				1,
				0,
				0,
				0,
				0
			],
			[
				0,
				1,
				0,
				0,
				0
			],
			[
				0,
				0,
				1,
				0,
				0
			],
			[
				0,
				0,
				0,
				1,
				0
			],
			[
				0,
				0,
				0,
				0,
				1
			]
		],
		[
			[
				0,
				1,
				0,
				0,
				0
			],
			[
				1,
				1,
				3,
				3,
				2
			],
			[
				0,
				3,
				3,
				3,
				3
			],
			[
				0,
				3,
				3,
				4,
				5
			],
			[
				0,
				2,
				3,
				5,
				7
			]
		],
		[
			[
				0,
				0,
				1,
				0,
				0
			],
			[
				0,
				3,
				3,
				3,
				3
			],
			[
				1,
				3,
				4,
				4,
				4
			],
			[
				0,
				3,
				4,
				6,
				6
			],
			[
				0,
				3,
				4,
				6,
				9
			]
		],
		[
			[
				0,
				0,
				0,
				1,
				0
			],
			[
				0,
				3,
				3,
				4,
				5
			],
			[
				0,
				3,
				4,
				6,
				6
			],
			[
				1,
				4,
				6,
				6,
				9
			],
			[
				0,
				5,
				6,
				9,
				10
			]
		],
		[
			[
				0,
				0,
				0,
				0,
				1
			],
			[
				0,
				2,
				3,
				5,
				7
			],
			[
				0,
				3,
				4,
				6,
				9
			],
			[
				0,
				5,
				6,
				9,
				10
			],
			[
				1,
				7,
				9,
				10,
				11
			]
		]
	],
	"texnames":[
		"\\text{FR}^{5,11,0}_{474}"
	],
	"barcode":[
		6,
		5,
		8,
		3,
		7,
		7,
		0,
		0,
		7,
		1,
		1,
		6,
		2,
		1,
		8,
		2,
		3,
		4,
		2,
		2,
		0,
		4,
		1,
		2,
		6,
		8,
		4,
		4,
		3,
		7,
		1,
		5,
		5,
		1,
		9,
		6,
		7,
		2,
		5,
		0,
		5,
		6,
		5,
		0,
		7,
		0,
		8,
		9,
		2,
		5,
		7,
		7,
		3,
		8,
		4,
		2,
		1,
		7,
		5,
		3,
		5,
		1,
		2,
		6,
		6,
		7,
		5,
		0,
		5,
		0,
		5,
		9,
		5,
		5,
		9,
		4,
		7,
		3,
		6,
		1,
		3,
		3,
		6,
		6,
		0,
		9,
		7,
		7,
		0,
		4,
		3,
		0,
		3,
		3,
		5,
		2,
		6,
		8,
		2,
		9,
		8,
		4,
		8,
		1,
		3,
		2,
		0,
		5,
		2,
		9,
		9,
		4,
		9,
		9,
		5,
		2,
		7,
		0,
		3,
		7,
		7,
		7,
		0,
		8,
		8,
		9,
		4,
		8,
		1,
		2,
		2,
		7,
		0,
		9
	],
	"formal_code":[
		5,
		11,
		0,
		474
	],
	"tensor_product_decompositions":{
		"identifiers":[
			"formal_code"
		],
		"value":[]
	},
	"sub_fusion_rings":{
		"identifiers":[
			"injection",
			"formal_code"
		],
		"value":[]
	},
	"numeric_characters":[
		[
			[
				1.0,
				0
			],
			[
				1.4047646937230606e1,
				0
			],
			[
				1.8005550077608177e1,
				0
			],
			[
				2.3754741065463666e1,
				0
			],
			[
				2.8503932053319158e1,
				0
			]
		],
		[
			[
				1.0,
				0
			],
			[
				2.4765347551775636,
				0
			],
			[
				2.768763190467548,
				0
			],
			[
				0.26970377827961195,
				0
			],
			[
				-3.229355633908324,
				0
			]
		],
		[
			[
				1.0,
				0
			],
			[
				-1.8503982976113236,
				0
			],
			[
				0.8573732670986922,
				0
			],
			[
				0.773856984330788,
				0
			],
			[
				-0.30965929843711615,
				0
			]
		],
		[
			[
				1.0,
				0
			],
			[
				0.0,
				0
			],
			[
				1.0,
				0
			],
			[
				-2.0,
				0
			],
			[
				1.0,
				0
			]
		],
		[
			[
				1.0,
				0
			],
			[
				0.3262166052031531,
				0
			],
			[
				-0.6316865351744168,
				0
			],
			[
				0.20169817192593337,
				0
			],
			[
				3.508287902628348e-2,
				0
			]
		]
	],
	"numeric_frobenius_perron_dimensions":[
		1.0,
		1.4047646937230606e1,
		1.8005550077608177e1,
		2.3754741065463666e1,
		2.8503932053319158e1
	],
	"numeric_frobenius_perron_dimension":1.8992980836578015e3,
	"info":"Fusion ring. mult_tab provides structure constants. barcode and formal_code provide unique identifiers see (DOI: 10.1063\/5.0148848). sub_fusion_rings provides tuples where the first element corresponds to the elements of the ring that form the subring isomorphic to the ring identified by the second element of the tuple. software provides doi of original software used to represent fusion ring.",
	"comments":[
		""
	]
}