{
	"references":[
		""
	],
	"software":[
		"https:\/\/doi.org\/10.5281\/zenodo.15920400"
	],
	"mult_tab":[
		[
			[
				1,
				0,
				0,
				0,
				0
			],
			[
				0,
				1,
				0,
				0,
				0
			],
			[
				0,
				0,
				1,
				0,
				0
			],
			[
				0,
				0,
				0,
				1,
				0
			],
			[
				0,
				0,
				0,
				0,
				1
			]
		],
		[
			[
				0,
				1,
				0,
				0,
				0
			],
			[
				1,
				0,
				2,
				2,
				3
			],
			[
				0,
				2,
				4,
				4,
				4
			],
			[
				0,
				2,
				4,
				4,
				4
			],
			[
				0,
				3,
				4,
				4,
				4
			]
		],
		[
			[
				0,
				0,
				1,
				0,
				0
			],
			[
				0,
				2,
				4,
				4,
				4
			],
			[
				1,
				4,
				14,
				1,
				7
			],
			[
				0,
				4,
				1,
				13,
				8
			],
			[
				0,
				4,
				7,
				8,
				8
			]
		],
		[
			[
				0,
				0,
				0,
				1,
				0
			],
			[
				0,
				2,
				4,
				4,
				4
			],
			[
				0,
				4,
				1,
				13,
				8
			],
			[
				1,
				4,
				13,
				2,
				7
			],
			[
				0,
				4,
				8,
				7,
				8
			]
		],
		[
			[
				0,
				0,
				0,
				0,
				1
			],
			[
				0,
				3,
				4,
				4,
				4
			],
			[
				0,
				4,
				7,
				8,
				8
			],
			[
				0,
				4,
				8,
				7,
				8
			],
			[
				1,
				4,
				8,
				8,
				8
			]
		]
	],
	"texnames":[
		"\\text{FR}^{5,14,0}_{247}"
	],
	"barcode":[
		6,
		8,
		4,
		4,
		0,
		9,
		7,
		0,
		7,
		8,
		0,
		3,
		0,
		6,
		8,
		2,
		0,
		8,
		2,
		8,
		2,
		7,
		0,
		4,
		7,
		6,
		6,
		1,
		8,
		9,
		7,
		5,
		4,
		7,
		1,
		1,
		8,
		4,
		1,
		2,
		1,
		1,
		8,
		7,
		9,
		0,
		4,
		4,
		9,
		1,
		9,
		9,
		8,
		0,
		1,
		4,
		6,
		7,
		7,
		9,
		5,
		9,
		0,
		0,
		4,
		2,
		2,
		9,
		4,
		5,
		7,
		7,
		7,
		4,
		4,
		5,
		2,
		7,
		4,
		4,
		9,
		0,
		3,
		6,
		9,
		8,
		0,
		5,
		0,
		5,
		2,
		0,
		7,
		1,
		4,
		3,
		6,
		6,
		2,
		7,
		8,
		3,
		0,
		4,
		8,
		5,
		2,
		5,
		3,
		4,
		1,
		4,
		9,
		3,
		4,
		7,
		0,
		2,
		2,
		4,
		1,
		2,
		5,
		3,
		1,
		4,
		9,
		0,
		8,
		1,
		5,
		9,
		9,
		8,
		2,
		3,
		9,
		8,
		0,
		0,
		4,
		1,
		3,
		8,
		6,
		8
	],
	"formal_code":[
		5,
		14,
		0,
		247
	],
	"tensor_product_decompositions":{
		"identifiers":[
			"formal_code"
		],
		"value":[]
	},
	"sub_fusion_rings":{
		"identifiers":[
			"injection",
			"formal_code"
		],
		"value":[]
	},
	"numeric_characters":[
		[
			[
				1.0,
				0
			],
			[
				1.3244997998398398e1,
				0
			],
			[
				2.4489995996796797e1,
				0
			],
			[
				2.4489995996796797e1,
				0
			],
			[
				2.5489995996796797e1,
				0
			]
		],
		[
			[
				1.0,
				0
			],
			[
				0.0,
				0
			],
			[
				1.2603277807866851e1,
				0
			],
			[
				-1.1603277807866851e1,
				0
			],
			[
				-1.0,
				0
			]
		],
		[
			[
				1.0,
				0
			],
			[
				0.0,
				0
			],
			[
				0.39672219213314897,
				0
			],
			[
				0.603277807866851,
				0
			],
			[
				-1.0,
				0
			]
		],
		[
			[
				1.0,
				0
			],
			[
				0.7550020016016017,
				0
			],
			[
				-0.4899959967967966,
				0
			],
			[
				-0.4899959967967966,
				0
			],
			[
				0.5100040032032034,
				0
			]
		],
		[
			[
				1.0,
				0
			],
			[
				-2.0,
				0
			],
			[
				0.0,
				0
			],
			[
				0.0,
				0
			],
			[
				1.0,
				0
			]
		]
	],
	"numeric_frobenius_perron_dimensions":[
		1.0,
		1.3244997998398398e1,
		2.4489995996796797e1,
		2.4489995996796797e1,
		2.5489995996796797e1
	],
	"numeric_frobenius_perron_dimension":2.0256896757405407e3,
	"info":"Fusion ring. mult_tab provides structure constants. barcode and formal_code provide unique identifiers see (DOI: 10.1063\/5.0148848). sub_fusion_rings provides tuples where the first element corresponds to the elements of the ring that form the subring isomorphic to the ring identified by the second element of the tuple. software provides doi of original software used to represent fusion ring.",
	"comments":[
		""
	]
}