{
	"references":[
		""
	],
	"software":[
		"https:\/\/doi.org\/10.5281\/zenodo.15920400"
	],
	"mult_tab":[
		[
			[
				1,
				0,
				0,
				0,
				0
			],
			[
				0,
				1,
				0,
				0,
				0
			],
			[
				0,
				0,
				1,
				0,
				0
			],
			[
				0,
				0,
				0,
				1,
				0
			],
			[
				0,
				0,
				0,
				0,
				1
			]
		],
		[
			[
				0,
				1,
				0,
				0,
				0
			],
			[
				1,
				2,
				0,
				0,
				1
			],
			[
				0,
				0,
				2,
				1,
				1
			],
			[
				0,
				0,
				1,
				3,
				3
			],
			[
				0,
				1,
				1,
				3,
				3
			]
		],
		[
			[
				0,
				0,
				1,
				0,
				0
			],
			[
				0,
				0,
				2,
				1,
				1
			],
			[
				1,
				2,
				9,
				0,
				1
			],
			[
				0,
				1,
				0,
				6,
				6
			],
			[
				0,
				1,
				1,
				6,
				6
			]
		],
		[
			[
				0,
				0,
				0,
				1,
				0
			],
			[
				0,
				0,
				1,
				3,
				3
			],
			[
				0,
				1,
				0,
				6,
				6
			],
			[
				1,
				3,
				6,
				12,
				12
			],
			[
				0,
				3,
				6,
				12,
				13
			]
		],
		[
			[
				0,
				0,
				0,
				0,
				1
			],
			[
				0,
				1,
				1,
				3,
				3
			],
			[
				0,
				1,
				1,
				6,
				6
			],
			[
				0,
				3,
				6,
				12,
				13
			],
			[
				1,
				3,
				6,
				13,
				13
			]
		]
	],
	"texnames":[
		"\\text{FR}^{5,13,0}_{1161}"
	],
	"barcode":[
		1,
		3,
		1,
		7,
		8,
		8,
		1,
		8,
		6,
		4,
		8,
		7,
		2,
		1,
		4,
		1,
		5,
		3,
		0,
		1,
		5,
		0,
		1,
		5,
		4,
		3,
		3,
		8,
		4,
		9,
		5,
		2,
		4,
		7,
		8,
		9,
		3,
		8,
		8,
		2,
		9,
		8,
		5,
		4,
		1,
		2,
		6,
		0,
		7,
		1,
		0,
		1,
		7,
		4,
		5,
		3,
		6,
		9,
		0,
		1,
		0,
		1,
		5,
		4,
		8,
		6,
		9,
		4,
		1,
		0,
		8,
		1,
		2,
		1,
		0,
		1,
		8,
		0,
		8,
		0,
		5,
		1,
		8,
		1,
		6,
		3,
		0,
		2,
		1,
		2,
		4,
		3,
		3,
		8,
		9,
		2,
		3,
		4,
		6,
		2,
		0,
		3,
		9,
		5,
		3,
		9,
		7,
		8,
		4,
		0,
		7,
		4,
		6,
		2,
		6,
		5,
		9,
		7,
		3,
		9,
		6,
		6,
		2,
		0,
		1,
		4,
		0,
		3,
		2,
		2,
		0,
		5,
		8,
		6,
		4,
		5,
		4,
		9,
		5,
		3,
		4,
		1,
		8
	],
	"formal_code":[
		5,
		13,
		0,
		1161
	],
	"tensor_product_decompositions":{
		"identifiers":[
			"formal_code"
		],
		"value":[]
	},
	"sub_fusion_rings":{
		"identifiers":[
			"injection",
			"formal_code"
		],
		"value":[]
	},
	"numeric_characters":[
		[
			[
				1.0,
				0
			],
			[
				6.554691905612934,
				0
			],
			[
				1.2450722355705029e1,
				0
			],
			[
				2.7854602166281843e1,
				0
			],
			[
				2.8854602166281843e1,
				0
			]
		],
		[
			[
				1.0,
				0
			],
			[
				2.525320435887334,
				0
			],
			[
				-0.6601592324181427,
				0
			],
			[
				-0.6733975678644732,
				0
			],
			[
				0.32660243213552675,
				0
			]
		],
		[
			[
				1.0,
				0
			],
			[
				1.5172502013484652,
				0
			],
			[
				9.248899680293526,
				0
			],
			[
				-2.732452229204972,
				0
			],
			[
				-1.7324522292049722,
				0
			]
		],
		[
			[
				1.0,
				0
			],
			[
				0.0,
				0
			],
			[
				0.0,
				0
			],
			[
				1.0,
				0
			],
			[
				-1.0,
				0
			]
		],
		[
			[
				1.0,
				0
			],
			[
				-0.5972625428487329,
				0
			],
			[
				-3.946280358041204e-2,
				0
			],
			[
				-0.44875236921239947,
				0
			],
			[
				0.5512476307876005,
				0
			]
		]
	],
	"numeric_frobenius_perron_dimensions":[
		1.0,
		6.554691905612934,
		1.2450722355705027e1,
		2.7854602166281843e1,
		2.8854602166281843e1
	],
	"numeric_frobenius_perron_dimension":1.8074514011725905e3,
	"info":"Fusion ring. mult_tab provides structure constants. barcode and formal_code provide unique identifiers see (DOI: 10.1063\/5.0148848). sub_fusion_rings provides tuples where the first element corresponds to the elements of the ring that form the subring isomorphic to the ring identified by the second element of the tuple. software provides doi of original software used to represent fusion ring.",
	"comments":[
		""
	]
}