{
	"references":[
		""
	],
	"software":[
		"https:\/\/doi.org\/10.5281\/zenodo.15920400"
	],
	"mult_tab":[
		[
			[
				1,
				0,
				0,
				0,
				0
			],
			[
				0,
				1,
				0,
				0,
				0
			],
			[
				0,
				0,
				1,
				0,
				0
			],
			[
				0,
				0,
				0,
				1,
				0
			],
			[
				0,
				0,
				0,
				0,
				1
			]
		],
		[
			[
				0,
				1,
				0,
				0,
				0
			],
			[
				1,
				0,
				2,
				3,
				3
			],
			[
				0,
				2,
				3,
				4,
				4
			],
			[
				0,
				3,
				4,
				4,
				6
			],
			[
				0,
				3,
				4,
				6,
				4
			]
		],
		[
			[
				0,
				0,
				1,
				0,
				0
			],
			[
				0,
				2,
				3,
				4,
				4
			],
			[
				1,
				3,
				7,
				5,
				5
			],
			[
				0,
				4,
				5,
				8,
				8
			],
			[
				0,
				4,
				5,
				8,
				8
			]
		],
		[
			[
				0,
				0,
				0,
				1,
				0
			],
			[
				0,
				3,
				4,
				4,
				6
			],
			[
				0,
				4,
				5,
				8,
				8
			],
			[
				1,
				4,
				8,
				6,
				14
			],
			[
				0,
				6,
				8,
				14,
				5
			]
		],
		[
			[
				0,
				0,
				0,
				0,
				1
			],
			[
				0,
				3,
				4,
				6,
				4
			],
			[
				0,
				4,
				5,
				8,
				8
			],
			[
				0,
				6,
				8,
				14,
				5
			],
			[
				1,
				4,
				8,
				5,
				15
			]
		]
	],
	"texnames":[
		"\\text{FR}^{5,15,0}_{83}"
	],
	"barcode":[
		2,
		0,
		4,
		5,
		8,
		6,
		9,
		2,
		5,
		1,
		8,
		7,
		8,
		3,
		9,
		8,
		6,
		8,
		3,
		8,
		6,
		4,
		3,
		6,
		6,
		2,
		8,
		4,
		5,
		9,
		5,
		4,
		2,
		6,
		5,
		0,
		0,
		4,
		2,
		2,
		8,
		2,
		7,
		3,
		5,
		3,
		2,
		5,
		2,
		3,
		3,
		6,
		1,
		3,
		7,
		2,
		3,
		2,
		1,
		9,
		5,
		2,
		7,
		1,
		3,
		1,
		5,
		6,
		6,
		8,
		3,
		3,
		2,
		2,
		0,
		7,
		9,
		8,
		6,
		2,
		1,
		9,
		6,
		0,
		4,
		4,
		0,
		0,
		6,
		4,
		1,
		1,
		5,
		9,
		2,
		9,
		6,
		1,
		5,
		9,
		3,
		2,
		2,
		8,
		2,
		3,
		8,
		8,
		2,
		0,
		5,
		3,
		5,
		3,
		6,
		4,
		1,
		1,
		6,
		6,
		7,
		8,
		9,
		2,
		1,
		7,
		2,
		8,
		3,
		5,
		1,
		0,
		9,
		9,
		8,
		8,
		4,
		3,
		3,
		4,
		8,
		2,
		3,
		8,
		8,
		0,
		7,
		8,
		4,
		0
	],
	"formal_code":[
		5,
		15,
		0,
		83
	],
	"tensor_product_decompositions":{
		"identifiers":[
			"formal_code"
		],
		"value":[]
	},
	"sub_fusion_rings":{
		"identifiers":[
			"injection",
			"formal_code"
		],
		"value":[]
	},
	"numeric_characters":[
		[
			[
				1.0,
				0
			],
			[
				1.4654142849554898e1,
				0
			],
			[
				2.194709423025108e1,
				0
			],
			[
				2.8308285699109796e1,
				0
			],
			[
				2.8308285699109796e1,
				0
			]
		],
		[
			[
				1.0,
				0
			],
			[
				-2.0,
				0
			],
			[
				0.0,
				0
			],
			[
				-8.79583152331272,
				0
			],
			[
				9.79583152331272,
				0
			]
		],
		[
			[
				1.0,
				0
			],
			[
				-0.140351459715898,
				0
			],
			[
				3.3519580244175797,
				0
			],
			[
				-1.280702919431796,
				0
			],
			[
				-1.280702919431796,
				0
			]
		],
		[
			[
				1.0,
				0
			],
			[
				0.48620861016100075,
				0
			],
			[
				-0.29905225466865837,
				0
			],
			[
				-2.7582779677998544e-2,
				0
			],
			[
				-2.7582779677998544e-2,
				0
			]
		],
		[
			[
				1.0,
				0
			],
			[
				-2.0,
				0
			],
			[
				0.0,
				0
			],
			[
				0.7958315233127191,
				0
			],
			[
				0.2041684766872809,
				0
			]
		]
	],
	"numeric_frobenius_perron_dimensions":[
		1.0,
		1.4654142849554898e1,
		2.194709423025108e1,
		2.8308285699109796e1,
		2.8308285699109796e1
	],
	"numeric_frobenius_perron_dimension":2.3001369262515295e3,
	"info":"Fusion ring. mult_tab provides structure constants. barcode and formal_code provide unique identifiers see (DOI: 10.1063\/5.0148848). sub_fusion_rings provides tuples where the first element corresponds to the elements of the ring that form the subring isomorphic to the ring identified by the second element of the tuple. software provides doi of original software used to represent fusion ring.",
	"comments":[
		""
	]
}