{
	"references":[
		""
	],
	"software":[
		"https:\/\/doi.org\/10.5281\/zenodo.15920400"
	],
	"mult_tab":[
		[
			[
				1,
				0,
				0,
				0,
				0
			],
			[
				0,
				1,
				0,
				0,
				0
			],
			[
				0,
				0,
				1,
				0,
				0
			],
			[
				0,
				0,
				0,
				1,
				0
			],
			[
				0,
				0,
				0,
				0,
				1
			]
		],
		[
			[
				0,
				1,
				0,
				0,
				0
			],
			[
				1,
				6,
				0,
				1,
				2
			],
			[
				0,
				0,
				5,
				2,
				2
			],
			[
				0,
				1,
				2,
				6,
				3
			],
			[
				0,
				2,
				2,
				3,
				7
			]
		],
		[
			[
				0,
				0,
				1,
				0,
				0
			],
			[
				0,
				0,
				5,
				2,
				2
			],
			[
				1,
				5,
				6,
				0,
				1
			],
			[
				0,
				2,
				0,
				4,
				6
			],
			[
				0,
				2,
				1,
				6,
				6
			]
		],
		[
			[
				0,
				0,
				0,
				1,
				0
			],
			[
				0,
				1,
				2,
				6,
				3
			],
			[
				0,
				2,
				0,
				4,
				6
			],
			[
				1,
				6,
				4,
				11,
				1
			],
			[
				0,
				3,
				6,
				1,
				13
			]
		],
		[
			[
				0,
				0,
				0,
				0,
				1
			],
			[
				0,
				2,
				2,
				3,
				7
			],
			[
				0,
				2,
				1,
				6,
				6
			],
			[
				0,
				3,
				6,
				1,
				13
			],
			[
				1,
				7,
				6,
				13,
				5
			]
		]
	],
	"texnames":[
		"\\text{FR}^{5,13,0}_{848}"
	],
	"barcode":[
		1,
		3,
		1,
		7,
		8,
		8,
		1,
		8,
		6,
		4,
		8,
		7,
		2,
		1,
		4,
		1,
		5,
		3,
		0,
		1,
		5,
		0,
		1,
		5,
		4,
		3,
		3,
		8,
		4,
		9,
		5,
		2,
		4,
		7,
		8,
		8,
		4,
		1,
		1,
		6,
		3,
		5,
		0,
		7,
		3,
		1,
		0,
		1,
		2,
		2,
		9,
		8,
		8,
		2,
		2,
		2,
		1,
		1,
		6,
		1,
		4,
		9,
		4,
		8,
		0,
		8,
		5,
		1,
		1,
		4,
		3,
		5,
		6,
		6,
		8,
		1,
		3,
		3,
		3,
		7,
		3,
		0,
		2,
		4,
		2,
		0,
		0,
		1,
		6,
		5,
		3,
		8,
		2,
		0,
		6,
		7,
		6,
		0,
		7,
		4,
		3,
		2,
		0,
		4,
		1,
		3,
		3,
		2,
		5,
		3,
		1,
		8,
		1,
		8,
		8,
		7,
		3,
		1,
		0,
		1,
		1,
		7,
		0,
		0,
		6,
		9,
		6,
		1,
		4,
		0,
		4,
		2,
		8,
		2,
		6,
		7,
		7,
		4,
		1,
		6,
		3,
		4,
		9
	],
	"formal_code":[
		5,
		13,
		0,
		848
	],
	"tensor_product_decompositions":{
		"identifiers":[
			"formal_code"
		],
		"value":[]
	},
	"sub_fusion_rings":{
		"identifiers":[
			"injection",
			"formal_code"
		],
		"value":[]
	},
	"numeric_characters":[
		[
			[
				1.0,
				0
			],
			[
				1.1601979980383566e1,
				0
			],
			[
				1.2522021428839171e1,
				0
			],
			[
				1.867607520421057e1,
				0
			],
			[
				2.2658992189354542e1,
				0
			]
		],
		[
			[
				1.0,
				0
			],
			[
				3.298983455639206,
				0
			],
			[
				7.820328001424546,
				0
			],
			[
				-3.3918984194970956,
				0
			],
			[
				-3.2593552368784717,
				0
			]
		],
		[
			[
				1.0,
				0
			],
			[
				3.331756311540605,
				0
			],
			[
				-0.9926045020862244,
				0
			],
			[
				1.1545843945494697e1,
				0
			],
			[
				-1.0717890847623835e1,
				0
			]
		],
		[
			[
				1.0,
				0
			],
			[
				5.947902502356685,
				0
			],
			[
				-3.324992163737912,
				0
			],
			[
				-1.8418975557243396,
				0
			],
			[
				0.26601335956257205,
				0
			]
		],
		[
			[
				1.0,
				0
			],
			[
				-0.1806222499200616,
				0
			],
			[
				-2.4752764439580733e-2,
				0
			],
			[
				1.1876825516167294e-2,
				0
			],
			[
				5.224053558519372e-2,
				0
			]
		]
	],
	"numeric_frobenius_perron_dimensions":[
		1.0,
		1.1601979980383595e1,
		1.2522021428839171e1,
		1.8676075204210573e1,
		2.2658992189354542e1
	],
	"numeric_frobenius_perron_dimension":1.1546326722000883e3,
	"info":"Fusion ring. mult_tab provides structure constants. barcode and formal_code provide unique identifiers see (DOI: 10.1063\/5.0148848). sub_fusion_rings provides tuples where the first element corresponds to the elements of the ring that form the subring isomorphic to the ring identified by the second element of the tuple. software provides doi of original software used to represent fusion ring.",
	"comments":[
		""
	]
}