{
	"references":[
		""
	],
	"software":[
		"https:\/\/doi.org\/10.5281\/zenodo.15920400"
	],
	"mult_tab":[
		[
			[
				1,
				0,
				0,
				0,
				0
			],
			[
				0,
				1,
				0,
				0,
				0
			],
			[
				0,
				0,
				1,
				0,
				0
			],
			[
				0,
				0,
				0,
				1,
				0
			],
			[
				0,
				0,
				0,
				0,
				1
			]
		],
		[
			[
				0,
				1,
				0,
				0,
				0
			],
			[
				1,
				0,
				0,
				3,
				3
			],
			[
				0,
				0,
				1,
				3,
				3
			],
			[
				0,
				3,
				3,
				1,
				6
			],
			[
				0,
				3,
				3,
				6,
				4
			]
		],
		[
			[
				0,
				0,
				1,
				0,
				0
			],
			[
				0,
				0,
				1,
				3,
				3
			],
			[
				1,
				1,
				1,
				3,
				3
			],
			[
				0,
				3,
				3,
				2,
				6
			],
			[
				0,
				3,
				3,
				6,
				5
			]
		],
		[
			[
				0,
				0,
				0,
				1,
				0
			],
			[
				0,
				3,
				3,
				1,
				6
			],
			[
				0,
				3,
				3,
				2,
				6
			],
			[
				1,
				1,
				2,
				13,
				5
			],
			[
				0,
				6,
				6,
				5,
				11
			]
		],
		[
			[
				0,
				0,
				0,
				0,
				1
			],
			[
				0,
				3,
				3,
				6,
				4
			],
			[
				0,
				3,
				3,
				6,
				5
			],
			[
				0,
				6,
				6,
				5,
				11
			],
			[
				1,
				4,
				5,
				11,
				12
			]
		]
	],
	"texnames":[
		"\\text{FR}^{5,13,0}_{527}"
	],
	"barcode":[
		1,
		3,
		1,
		7,
		8,
		8,
		1,
		8,
		6,
		4,
		8,
		7,
		2,
		1,
		4,
		1,
		5,
		3,
		0,
		1,
		5,
		0,
		1,
		5,
		4,
		3,
		3,
		8,
		4,
		9,
		5,
		2,
		4,
		7,
		8,
		9,
		1,
		5,
		7,
		8,
		0,
		7,
		1,
		2,
		8,
		5,
		2,
		6,
		8,
		8,
		5,
		4,
		2,
		5,
		9,
		9,
		2,
		6,
		1,
		7,
		8,
		2,
		9,
		2,
		9,
		4,
		4,
		2,
		9,
		7,
		8,
		7,
		0,
		6,
		5,
		8,
		7,
		8,
		5,
		5,
		9,
		7,
		7,
		2,
		5,
		4,
		3,
		5,
		2,
		1,
		6,
		0,
		2,
		1,
		8,
		1,
		5,
		3,
		9,
		4,
		5,
		9,
		4,
		7,
		1,
		2,
		1,
		0,
		3,
		8,
		3,
		7,
		5,
		6,
		3,
		3,
		0,
		2,
		0,
		3,
		0,
		5,
		5,
		8,
		1,
		4,
		5,
		1,
		0,
		3,
		1,
		0,
		9,
		9,
		3,
		0,
		5,
		4,
		7,
		7,
		7,
		0,
		0
	],
	"formal_code":[
		5,
		13,
		0,
		527
	],
	"tensor_product_decompositions":{
		"identifiers":[
			"formal_code"
		],
		"value":[]
	},
	"sub_fusion_rings":{
		"identifiers":[
			"injection",
			"formal_code"
		],
		"value":[]
	},
	"numeric_characters":[
		[
			[
				1.0,
				0
			],
			[
				1.183875177455231e1,
				0
			],
			[
				1.283875177455231e1,
				0
			],
			[
				2.0924626868051362e1,
				0
			],
			[
				2.546072099177047e1,
				0
			]
		],
		[
			[
				1.0,
				0
			],
			[
				-4.034860053895592,
				0
			],
			[
				-3.0348600538955917,
				0
			],
			[
				9.688782464568652,
				0
			],
			[
				-4.59541724639454,
				0
			]
		],
		[
			[
				1.0,
				0
			],
			[
				-2.5493246938939165,
				0
			],
			[
				-1.5493246938939165,
				0
			],
			[
				-0.5295827522867677,
				0
			],
			[
				2.3626015505858713,
				0
			]
		],
		[
			[
				1.0,
				0
			],
			[
				-0.25456702676280285,
				0
			],
			[
				0.7454329732371971,
				0
			],
			[
				-8.382658033324762e-2,
				0
			],
			[
				-0.22790529596180117,
				0
			]
		],
		[
			[
				1.0,
				0
			],
			[
				1.0,
				0
			],
			[
				-1.0,
				0
			],
			[
				0.0,
				0
			],
			[
				0.0,
				0
			]
		]
	],
	"numeric_frobenius_perron_dimensions":[
		1.0,
		1.183875177455231e1,
		1.283875177455231e1,
		2.0924626868051362e1,
		2.546072099177047e1
	],
	"numeric_frobenius_perron_dimension":1.3920779136959939e3,
	"info":"Fusion ring. mult_tab provides structure constants. barcode and formal_code provide unique identifiers see (DOI: 10.1063\/5.0148848). sub_fusion_rings provides tuples where the first element corresponds to the elements of the ring that form the subring isomorphic to the ring identified by the second element of the tuple. software provides doi of original software used to represent fusion ring.",
	"comments":[
		""
	]
}