{
	"references":[
		""
	],
	"software":[
		"https:\/\/doi.org\/10.5281\/zenodo.15920400"
	],
	"mult_tab":[
		[
			[
				1,
				0,
				0,
				0,
				0
			],
			[
				0,
				1,
				0,
				0,
				0
			],
			[
				0,
				0,
				1,
				0,
				0
			],
			[
				0,
				0,
				0,
				1,
				0
			],
			[
				0,
				0,
				0,
				0,
				1
			]
		],
		[
			[
				0,
				1,
				0,
				0,
				0
			],
			[
				1,
				0,
				0,
				0,
				0
			],
			[
				0,
				0,
				1,
				0,
				0
			],
			[
				0,
				0,
				0,
				1,
				0
			],
			[
				0,
				0,
				0,
				0,
				1
			]
		],
		[
			[
				0,
				0,
				1,
				0,
				0
			],
			[
				0,
				0,
				1,
				0,
				0
			],
			[
				1,
				1,
				8,
				2,
				1
			],
			[
				0,
				0,
				2,
				6,
				6
			],
			[
				0,
				0,
				1,
				6,
				7
			]
		],
		[
			[
				0,
				0,
				0,
				1,
				0
			],
			[
				0,
				0,
				0,
				1,
				0
			],
			[
				0,
				0,
				2,
				6,
				6
			],
			[
				1,
				1,
				6,
				7,
				12
			],
			[
				0,
				0,
				6,
				12,
				8
			]
		],
		[
			[
				0,
				0,
				0,
				0,
				1
			],
			[
				0,
				0,
				0,
				0,
				1
			],
			[
				0,
				0,
				1,
				6,
				7
			],
			[
				0,
				0,
				6,
				12,
				8
			],
			[
				1,
				1,
				7,
				8,
				12
			]
		]
	],
	"texnames":[
		"\\text{FR}^{5,12,0}_{2556}"
	],
	"barcode":[
		1,
		3,
		4,
		5,
		7,
		8,
		5,
		2,
		8,
		7,
		0,
		6,
		3,
		2,
		5,
		1,
		9,
		2,
		9,
		5,
		4,
		0,
		9,
		2,
		4,
		6,
		7,
		7,
		1,
		2,
		3,
		4,
		6,
		1,
		3,
		9,
		6,
		0,
		1,
		0,
		1,
		3,
		3,
		2,
		6,
		1,
		6,
		5,
		6,
		2,
		3,
		4,
		8,
		4,
		6,
		0,
		6,
		4,
		3,
		8,
		1,
		2,
		4,
		9,
		6,
		8,
		1,
		0,
		3,
		8,
		5,
		5,
		1,
		0,
		0,
		3,
		4,
		6,
		2,
		5,
		5,
		7,
		2,
		1,
		5,
		5,
		5,
		6,
		7,
		1,
		4,
		5,
		1,
		8,
		3,
		0,
		3,
		7,
		8,
		6,
		2,
		0,
		0,
		3,
		7,
		3,
		8,
		3,
		1,
		2,
		8,
		7,
		1,
		1,
		6,
		8,
		8,
		6,
		7,
		7,
		6,
		0,
		9,
		1,
		5,
		6,
		1,
		6,
		3,
		9,
		4,
		1,
		1,
		5,
		5,
		3,
		1,
		3,
		7
	],
	"formal_code":[
		5,
		12,
		0,
		2556
	],
	"tensor_product_decompositions":{
		"identifiers":[
			"formal_code"
		],
		"value":[]
	},
	"sub_fusion_rings":{
		"identifiers":[
			"injection",
			"formal_code"
		],
		"value":[
			[
				[
					1,
					2
				],
				[
					2,
					1,
					0,
					1
				]
			]
		]
	},
	"numeric_characters":[
		[
			[
				1.0,
				0
			],
			[
				1.0,
				0
			],
			[
				1.336617469127003e1,
				0
			],
			[
				2.298253147884184e1,
				0
			],
			[
				2.376016538970358e1,
				0
			]
		],
		[
			[
				1.0,
				0
			],
			[
				1.0,
				0
			],
			[
				7.488967030727402,
				0
			],
			[
				-1.481560466713575,
				0
			],
			[
				-2.86398812507007,
				0
			]
		],
		[
			[
				1.0,
				0
			],
			[
				1.0,
				0
			],
			[
				0.42616277804171415,
				0
			],
			[
				-4.7483701492678545,
				0
			],
			[
				4.269052787590226,
				0
			]
		],
		[
			[
				1.0,
				0
			],
			[
				1.0,
				0
			],
			[
				-0.28130450003914637,
				0
			],
			[
				0.24739913713959108,
				0
			],
			[
				-0.1652300522237371,
				0
			]
		],
		[
			[
				1.0,
				0
			],
			[
				-1.0,
				0
			],
			[
				0.0,
				0
			],
			[
				0.0,
				0
			],
			[
				0.0,
				0
			]
		]
	],
	"numeric_frobenius_perron_dimensions":[
		1.0,
		1.0,
		1.3366174691270032e1,
		2.298253147884184e1,
		2.376016538970358e1
	],
	"numeric_frobenius_perron_dimension":1.2733968383995716e3,
	"info":"Fusion ring. mult_tab provides structure constants. barcode and formal_code provide unique identifiers see (DOI: 10.1063\/5.0148848). sub_fusion_rings provides tuples where the first element corresponds to the elements of the ring that form the subring isomorphic to the ring identified by the second element of the tuple. software provides doi of original software used to represent fusion ring.",
	"comments":[
		""
	]
}