{
	"references":[
		""
	],
	"software":[
		"https:\/\/doi.org\/10.5281\/zenodo.15920400"
	],
	"mult_tab":[
		[
			[
				1,
				0,
				0,
				0,
				0
			],
			[
				0,
				1,
				0,
				0,
				0
			],
			[
				0,
				0,
				1,
				0,
				0
			],
			[
				0,
				0,
				0,
				1,
				0
			],
			[
				0,
				0,
				0,
				0,
				1
			]
		],
		[
			[
				0,
				1,
				0,
				0,
				0
			],
			[
				1,
				0,
				0,
				0,
				0
			],
			[
				0,
				0,
				1,
				0,
				0
			],
			[
				0,
				0,
				0,
				1,
				0
			],
			[
				0,
				0,
				0,
				0,
				1
			]
		],
		[
			[
				0,
				0,
				1,
				0,
				0
			],
			[
				0,
				0,
				1,
				0,
				0
			],
			[
				1,
				1,
				12,
				2,
				0
			],
			[
				0,
				0,
				2,
				3,
				7
			],
			[
				0,
				0,
				0,
				7,
				9
			]
		],
		[
			[
				0,
				0,
				0,
				1,
				0
			],
			[
				0,
				0,
				0,
				1,
				0
			],
			[
				0,
				0,
				2,
				3,
				7
			],
			[
				1,
				1,
				3,
				12,
				0
			],
			[
				0,
				0,
				7,
				0,
				10
			]
		],
		[
			[
				0,
				0,
				0,
				0,
				1
			],
			[
				0,
				0,
				0,
				0,
				1
			],
			[
				0,
				0,
				0,
				7,
				9
			],
			[
				0,
				0,
				7,
				0,
				10
			],
			[
				1,
				1,
				9,
				10,
				6
			]
		]
	],
	"texnames":[
		"\\text{FR}^{5,12,0}_{2041}"
	],
	"barcode":[
		1,
		3,
		4,
		5,
		7,
		8,
		5,
		2,
		8,
		7,
		0,
		6,
		3,
		2,
		5,
		1,
		9,
		2,
		9,
		5,
		4,
		0,
		9,
		2,
		4,
		6,
		7,
		7,
		1,
		2,
		3,
		4,
		6,
		1,
		3,
		9,
		6,
		0,
		1,
		0,
		1,
		3,
		3,
		2,
		6,
		1,
		6,
		5,
		6,
		2,
		3,
		4,
		8,
		4,
		6,
		0,
		6,
		4,
		3,
		8,
		1,
		2,
		4,
		9,
		6,
		8,
		1,
		0,
		3,
		8,
		1,
		3,
		9,
		1,
		2,
		8,
		5,
		9,
		3,
		2,
		2,
		6,
		3,
		2,
		5,
		7,
		0,
		6,
		8,
		2,
		7,
		4,
		5,
		1,
		5,
		7,
		1,
		6,
		9,
		9,
		7,
		6,
		7,
		3,
		8,
		6,
		7,
		0,
		4,
		2,
		1,
		8,
		9,
		3,
		7,
		5,
		5,
		6,
		5,
		5,
		5,
		2,
		5,
		5,
		1,
		2,
		1,
		3,
		6,
		1,
		7,
		1,
		0,
		8,
		9,
		3,
		1,
		7,
		8
	],
	"formal_code":[
		5,
		12,
		0,
		2041
	],
	"tensor_product_decompositions":{
		"identifiers":[
			"formal_code"
		],
		"value":[]
	},
	"sub_fusion_rings":{
		"identifiers":[
			"injection",
			"formal_code"
		],
		"value":[
			[
				[
					1,
					2
				],
				[
					2,
					1,
					0,
					1
				]
			]
		]
	},
	"numeric_characters":[
		[
			[
				1.0,
				0
			],
			[
				1.0,
				0
			],
			[
				1.4244412364297862e1,
				0
			],
			[
				1.4985167616293731e1,
				0
			],
			[
				2.0001511328161918e1,
				0
			]
		],
		[
			[
				1.0,
				0
			],
			[
				1.0,
				0
			],
			[
				-1.83584287528574,
				0
			],
			[
				1.1700216783083146e1,
				0
			],
			[
				-7.5583891741714,
				0
			]
		],
		[
			[
				1.0,
				0
			],
			[
				1.0,
				0
			],
			[
				-0.1433826005600606,
				0
			],
			[
				-0.12942511156795342,
				0
			],
			[
				9.908540641405295e-2,
				0
			]
		],
		[
			[
				1.0,
				0
			],
			[
				1.0,
				0
			],
			[
				1.1734813111547938e1,
				0
			],
			[
				-2.5559592878089257,
				0
			],
			[
				-6.542207560404573,
				0
			]
		],
		[
			[
				1.0,
				0
			],
			[
				-1.0,
				0
			],
			[
				0.0,
				0
			],
			[
				0.0,
				0
			],
			[
				0.0,
				0
			]
		]
	],
	"numeric_frobenius_perron_dimensions":[
		1.0,
		1.0,
		1.4244412364297865e1,
		1.4985167616293735e1,
		2.000151132816192e1
	],
	"numeric_frobenius_perron_dimension":8.2951898750317e2,
	"info":"Fusion ring. mult_tab provides structure constants. barcode and formal_code provide unique identifiers see (DOI: 10.1063\/5.0148848). sub_fusion_rings provides tuples where the first element corresponds to the elements of the ring that form the subring isomorphic to the ring identified by the second element of the tuple. software provides doi of original software used to represent fusion ring.",
	"comments":[
		""
	]
}