{
	"references":[
		""
	],
	"software":[
		"https:\/\/doi.org\/10.5281\/zenodo.15920400"
	],
	"mult_tab":[
		[
			[
				1,
				0,
				0,
				0,
				0
			],
			[
				0,
				1,
				0,
				0,
				0
			],
			[
				0,
				0,
				1,
				0,
				0
			],
			[
				0,
				0,
				0,
				1,
				0
			],
			[
				0,
				0,
				0,
				0,
				1
			]
		],
		[
			[
				0,
				1,
				0,
				0,
				0
			],
			[
				1,
				10,
				0,
				0,
				1
			],
			[
				0,
				0,
				2,
				2,
				4
			],
			[
				0,
				0,
				2,
				2,
				4
			],
			[
				0,
				1,
				4,
				4,
				8
			]
		],
		[
			[
				0,
				0,
				1,
				0,
				0
			],
			[
				0,
				0,
				2,
				2,
				4
			],
			[
				1,
				2,
				3,
				2,
				3
			],
			[
				0,
				2,
				2,
				1,
				4
			],
			[
				0,
				4,
				3,
				4,
				8
			]
		],
		[
			[
				0,
				0,
				0,
				1,
				0
			],
			[
				0,
				0,
				2,
				2,
				4
			],
			[
				0,
				2,
				2,
				1,
				4
			],
			[
				1,
				2,
				1,
				4,
				3
			],
			[
				0,
				4,
				4,
				3,
				8
			]
		],
		[
			[
				0,
				0,
				0,
				0,
				1
			],
			[
				0,
				1,
				4,
				4,
				8
			],
			[
				0,
				4,
				3,
				4,
				8
			],
			[
				0,
				4,
				4,
				3,
				8
			],
			[
				1,
				8,
				8,
				8,
				16
			]
		]
	],
	"texnames":[
		"\\text{FR}^{5,16,0}_{825}"
	],
	"barcode":[
		3,
		7,
		6,
		4,
		1,
		4,
		4,
		3,
		4,
		3,
		0,
		6,
		5,
		8,
		9,
		6,
		9,
		9,
		4,
		3,
		9,
		0,
		0,
		0,
		5,
		8,
		2,
		8,
		2,
		6,
		5,
		5,
		9,
		0,
		2,
		3,
		0,
		6,
		0,
		8,
		1,
		3,
		6,
		1,
		1,
		1,
		1,
		0,
		0,
		4,
		6,
		2,
		9,
		9,
		5,
		9,
		6,
		9,
		3,
		9,
		6,
		3,
		0,
		4,
		0,
		2,
		2,
		6,
		2,
		3,
		7,
		3,
		7,
		4,
		0,
		3,
		2,
		1,
		9,
		5,
		3,
		3,
		5,
		0,
		0,
		8,
		0,
		3,
		9,
		3,
		8,
		1,
		0,
		7,
		5,
		7,
		5,
		2,
		2,
		5,
		8,
		7,
		1,
		2,
		3,
		2,
		1,
		7,
		5,
		3,
		2,
		4,
		0,
		9,
		7,
		5,
		0,
		7,
		5,
		5,
		0,
		9,
		8,
		7,
		1,
		8,
		1,
		6,
		0,
		3,
		0,
		2,
		2,
		4,
		9,
		7,
		4,
		8,
		6,
		6,
		7,
		3,
		5,
		9,
		1,
		2,
		4,
		3,
		2,
		4,
		2,
		9,
		2
	],
	"formal_code":[
		5,
		16,
		0,
		825
	],
	"tensor_product_decompositions":{
		"identifiers":[
			"formal_code"
		],
		"value":[]
	},
	"sub_fusion_rings":{
		"identifiers":[
			"injection",
			"formal_code"
		],
		"value":[]
	},
	"numeric_characters":[
		[
			[
				1.0,
				0
			],
			[
				1.2303677809216547e1,
				0
			],
			[
				1.3171854770421106e1,
				0
			],
			[
				1.3171854770421106e1,
				0
			],
			[
				2.7343709540842212e1,
				0
			]
		],
		[
			[
				1.0,
				0
			],
			[
				9.828631974397672,
				0
			],
			[
				-1.8421566279122201,
				0
			],
			[
				-1.8421566279122201,
				0
			],
			[
				-2.6843132558244402,
				0
			]
		],
		[
			[
				1.0,
				0
			],
			[
				0.0,
				0
			],
			[
				2.0,
				0
			],
			[
				0.0,
				0
			],
			[
				-1.0,
				0
			]
		],
		[
			[
				1.0,
				0
			],
			[
				-0.13230978361421855,
				0
			],
			[
				-0.3296981425088866,
				0
			],
			[
				-0.3296981425088866,
				0
			],
			[
				0.34060371498222675,
				0
			]
		],
		[
			[
				1.0,
				0
			],
			[
				0.0,
				0
			],
			[
				-1.0,
				0
			],
			[
				3.0,
				0
			],
			[
				-1.0,
				0
			]
		]
	],
	"numeric_frobenius_perron_dimensions":[
		1.0,
		1.230367780921655e1,
		1.3171854770421106e1,
		1.3171854770421106e1,
		2.7343709540842212e1
	],
	"numeric_frobenius_perron_dimension":1.2470544552730837e3,
	"info":"Fusion ring. mult_tab provides structure constants. barcode and formal_code provide unique identifiers see (DOI: 10.1063\/5.0148848). sub_fusion_rings provides tuples where the first element corresponds to the elements of the ring that form the subring isomorphic to the ring identified by the second element of the tuple. software provides doi of original software used to represent fusion ring.",
	"comments":[
		""
	]
}