{
	"references":[
		""
	],
	"software":[
		"https:\/\/doi.org\/10.5281\/zenodo.15920400"
	],
	"mult_tab":[
		[
			[
				1,
				0,
				0,
				0,
				0
			],
			[
				0,
				1,
				0,
				0,
				0
			],
			[
				0,
				0,
				1,
				0,
				0
			],
			[
				0,
				0,
				0,
				1,
				0
			],
			[
				0,
				0,
				0,
				0,
				1
			]
		],
		[
			[
				0,
				1,
				0,
				0,
				0
			],
			[
				1,
				2,
				1,
				2,
				2
			],
			[
				0,
				1,
				1,
				2,
				3
			],
			[
				0,
				2,
				2,
				2,
				4
			],
			[
				0,
				2,
				3,
				4,
				5
			]
		],
		[
			[
				0,
				0,
				1,
				0,
				0
			],
			[
				0,
				1,
				1,
				2,
				3
			],
			[
				1,
				1,
				0,
				2,
				4
			],
			[
				0,
				2,
				2,
				3,
				4
			],
			[
				0,
				3,
				4,
				4,
				5
			]
		],
		[
			[
				0,
				0,
				0,
				1,
				0
			],
			[
				0,
				2,
				2,
				2,
				4
			],
			[
				0,
				2,
				2,
				3,
				4
			],
			[
				1,
				2,
				3,
				5,
				5
			],
			[
				0,
				4,
				4,
				5,
				8
			]
		],
		[
			[
				0,
				0,
				0,
				0,
				1
			],
			[
				0,
				2,
				3,
				4,
				5
			],
			[
				0,
				3,
				4,
				4,
				5
			],
			[
				0,
				4,
				4,
				5,
				8
			],
			[
				1,
				5,
				5,
				8,
				11
			]
		]
	],
	"texnames":[
		"\\text{FR}^{5,11,0}_{899}"
	],
	"barcode":[
		6,
		5,
		8,
		3,
		7,
		7,
		0,
		0,
		7,
		1,
		1,
		6,
		2,
		1,
		8,
		2,
		3,
		4,
		2,
		2,
		0,
		4,
		1,
		2,
		6,
		8,
		4,
		4,
		3,
		7,
		1,
		5,
		2,
		9,
		4,
		8,
		9,
		5,
		3,
		3,
		1,
		7,
		3,
		4,
		9,
		4,
		9,
		8,
		6,
		5,
		0,
		7,
		6,
		2,
		5,
		0,
		4,
		5,
		7,
		7,
		8,
		7,
		4,
		5,
		6,
		6,
		8,
		7,
		8,
		9,
		9,
		8,
		2,
		1,
		0,
		4,
		9,
		0,
		3,
		0,
		9,
		4,
		4,
		3,
		3,
		3,
		9,
		9,
		6,
		3,
		0,
		1,
		7,
		4,
		1,
		9,
		6,
		1,
		8,
		3,
		3,
		5,
		0,
		9,
		1,
		1,
		9,
		2,
		1,
		0,
		7,
		5,
		4,
		3,
		1,
		7,
		7,
		0,
		8,
		7,
		2,
		0,
		6,
		6,
		3,
		0,
		5,
		9,
		4,
		7,
		7,
		3,
		8,
		3
	],
	"formal_code":[
		5,
		11,
		0,
		899
	],
	"tensor_product_decompositions":{
		"identifiers":[
			"formal_code"
		],
		"value":[]
	},
	"sub_fusion_rings":{
		"identifiers":[
			"injection",
			"formal_code"
		],
		"value":[]
	},
	"numeric_characters":[
		[
			[
				1.0,
				0
			],
			[
				1.0385164807134505e1,
				0
			],
			[
				1.1385164807134505e1,
				0
			],
			[
				1.5577747210701755e1,
				0
			],
			[
				2.177032961426901e1,
				0
			]
		],
		[
			[
				1.0,
				0
			],
			[
				-1.0,
				0
			],
			[
				0.0,
				0
			],
			[
				2.0,
				0
			],
			[
				-1.0,
				0
			]
		],
		[
			[
				1.0,
				0
			],
			[
				-0.6180339887498949,
				0
			],
			[
				-2.618033988749895,
				0
			],
			[
				0.0,
				0
			],
			[
				1.618033988749895,
				0
			]
		],
		[
			[
				1.0,
				0
			],
			[
				-0.38516480713450374,
				0
			],
			[
				0.6148351928654963,
				0
			],
			[
				-0.5777472107017552,
				0
			],
			[
				0.22967038573099252,
				0
			]
		],
		[
			[
				1.0,
				0
			],
			[
				1.618033988749895,
				0
			],
			[
				-0.3819660112501051,
				0
			],
			[
				0.0,
				0
			],
			[
				-0.6180339887498949,
				0
			]
		]
	],
	"numeric_frobenius_perron_dimensions":[
		1.0,
		1.0385164807134505e1,
		1.1385164807134505e1,
		1.5577747210701757e1,
		2.177032961426901e1
	],
	"numeric_frobenius_perron_dimension":9.550870854314037e2,
	"info":"Fusion ring. mult_tab provides structure constants. barcode and formal_code provide unique identifiers see (DOI: 10.1063\/5.0148848). sub_fusion_rings provides tuples where the first element corresponds to the elements of the ring that form the subring isomorphic to the ring identified by the second element of the tuple. software provides doi of original software used to represent fusion ring.",
	"comments":[
		""
	]
}