{
	"references":[
		""
	],
	"software":[
		"https:\/\/doi.org\/10.5281\/zenodo.15920400"
	],
	"mult_tab":[
		[
			[
				1,
				0,
				0,
				0,
				0
			],
			[
				0,
				1,
				0,
				0,
				0
			],
			[
				0,
				0,
				1,
				0,
				0
			],
			[
				0,
				0,
				0,
				1,
				0
			],
			[
				0,
				0,
				0,
				0,
				1
			]
		],
		[
			[
				0,
				1,
				0,
				0,
				0
			],
			[
				1,
				3,
				4,
				0,
				3
			],
			[
				0,
				4,
				1,
				5,
				4
			],
			[
				0,
				0,
				5,
				4,
				5
			],
			[
				0,
				3,
				4,
				5,
				7
			]
		],
		[
			[
				0,
				0,
				1,
				0,
				0
			],
			[
				0,
				4,
				1,
				5,
				4
			],
			[
				1,
				1,
				9,
				3,
				6
			],
			[
				0,
				5,
				3,
				8,
				6
			],
			[
				0,
				4,
				6,
				6,
				11
			]
		],
		[
			[
				0,
				0,
				0,
				1,
				0
			],
			[
				0,
				0,
				5,
				4,
				5
			],
			[
				0,
				5,
				3,
				8,
				6
			],
			[
				1,
				4,
				8,
				5,
				7
			],
			[
				0,
				5,
				6,
				7,
				12
			]
		],
		[
			[
				0,
				0,
				0,
				0,
				1
			],
			[
				0,
				3,
				4,
				5,
				7
			],
			[
				0,
				4,
				6,
				6,
				11
			],
			[
				0,
				5,
				6,
				7,
				12
			],
			[
				1,
				7,
				11,
				12,
				11
			]
		]
	],
	"texnames":[
		"\\text{FR}^{5,12,0}_{904}"
	],
	"barcode":[
		1,
		3,
		4,
		5,
		7,
		8,
		5,
		2,
		8,
		7,
		0,
		6,
		3,
		2,
		5,
		1,
		9,
		2,
		9,
		5,
		4,
		0,
		9,
		2,
		4,
		6,
		7,
		7,
		1,
		2,
		3,
		4,
		6,
		1,
		7,
		7,
		0,
		5,
		7,
		6,
		9,
		1,
		9,
		2,
		4,
		6,
		6,
		1,
		1,
		9,
		0,
		8,
		3,
		4,
		8,
		8,
		6,
		4,
		5,
		5,
		4,
		5,
		0,
		4,
		1,
		5,
		0,
		8,
		4,
		4,
		9,
		7,
		6,
		2,
		5,
		8,
		8,
		3,
		7,
		1,
		0,
		2,
		4,
		0,
		8,
		0,
		6,
		7,
		1,
		5,
		8,
		2,
		2,
		0,
		2,
		9,
		9,
		4,
		5,
		7,
		2,
		0,
		0,
		7,
		8,
		6,
		8,
		5,
		5,
		7,
		3,
		9,
		3,
		6,
		3,
		3,
		6,
		1,
		4,
		5,
		9,
		5,
		4,
		0,
		4,
		9,
		1,
		0,
		9,
		2,
		0,
		0,
		3,
		6,
		1,
		9,
		5,
		3,
		5
	],
	"formal_code":[
		5,
		12,
		0,
		904
	],
	"tensor_product_decompositions":{
		"identifiers":[
			"formal_code"
		],
		"value":[]
	},
	"sub_fusion_rings":{
		"identifiers":[
			"injection",
			"formal_code"
		],
		"value":[]
	},
	"numeric_characters":[
		[
			[
				1.0,
				0
			],
			[
				1.5054952469342808e1,
				0
			],
			[
				2.1691957843865463e1,
				0
			],
			[
				2.3940217298180933e1,
				0
			],
			[
				3.123963502356028e1,
				0
			]
		],
		[
			[
				1.0,
				0
			],
			[
				-4.326041181818178,
				0
			],
			[
				7.14597851426448,
				0
			],
			[
				-4.713480036866474,
				0
			],
			[
				0.7029472650611445,
				0
			]
		],
		[
			[
				1.0,
				0
			],
			[
				0.8640762132371403,
				0
			],
			[
				2.8440610511501903,
				0
			],
			[
				3.023915957713521,
				0
			],
			[
				-4.740615047343315,
				0
			]
		],
		[
			[
				1.0,
				0
			],
			[
				3.5854306704948655,
				0
			],
			[
				0.5158695393325126,
				0
			],
			[
				-2.344406997032522,
				0
			],
			[
				-0.32148569196312876,
				0
			]
		],
		[
			[
				1.0,
				0
			],
			[
				-0.1784181712566357,
				0
			],
			[
				-0.19786694861264792,
				0
			],
			[
				9.375377800454175e-2,
				0
			],
			[
				0.11951845068502033,
				0
			]
		]
	],
	"numeric_frobenius_perron_dimensions":[
		1.0,
		1.5054952469342808e1,
		2.1691957843865467e1,
		2.3940217298180933e1,
		3.123963502356028e1
	],
	"numeric_frobenius_perron_dimension":2.247241429643583e3,
	"info":"Fusion ring. mult_tab provides structure constants. barcode and formal_code provide unique identifiers see (DOI: 10.1063\/5.0148848). sub_fusion_rings provides tuples where the first element corresponds to the elements of the ring that form the subring isomorphic to the ring identified by the second element of the tuple. software provides doi of original software used to represent fusion ring.",
	"comments":[
		""
	]
}