{
	"references":[
		""
	],
	"software":[
		"https:\/\/doi.org\/10.5281\/zenodo.15920400"
	],
	"mult_tab":[
		[
			[
				1,
				0,
				0,
				0,
				0
			],
			[
				0,
				1,
				0,
				0,
				0
			],
			[
				0,
				0,
				1,
				0,
				0
			],
			[
				0,
				0,
				0,
				1,
				0
			],
			[
				0,
				0,
				0,
				0,
				1
			]
		],
		[
			[
				0,
				1,
				0,
				0,
				0
			],
			[
				1,
				4,
				3,
				1,
				1
			],
			[
				0,
				3,
				7,
				3,
				2
			],
			[
				0,
				1,
				3,
				6,
				4
			],
			[
				0,
				1,
				2,
				4,
				8
			]
		],
		[
			[
				0,
				0,
				1,
				0,
				0
			],
			[
				0,
				3,
				7,
				3,
				2
			],
			[
				1,
				7,
				10,
				7,
				5
			],
			[
				0,
				3,
				7,
				7,
				10
			],
			[
				0,
				2,
				5,
				10,
				12
			]
		],
		[
			[
				0,
				0,
				0,
				1,
				0
			],
			[
				0,
				1,
				3,
				6,
				4
			],
			[
				0,
				3,
				7,
				7,
				10
			],
			[
				1,
				6,
				7,
				7,
				9
			],
			[
				0,
				4,
				10,
				9,
				8
			]
		],
		[
			[
				0,
				0,
				0,
				0,
				1
			],
			[
				0,
				1,
				2,
				4,
				8
			],
			[
				0,
				2,
				5,
				10,
				12
			],
			[
				0,
				4,
				10,
				9,
				8
			],
			[
				1,
				8,
				12,
				8,
				8
			]
		]
	],
	"texnames":[
		"\\text{FR}^{5,12,0}_{1509}"
	],
	"barcode":[
		1,
		3,
		4,
		5,
		7,
		8,
		5,
		2,
		8,
		7,
		0,
		6,
		3,
		2,
		5,
		1,
		9,
		2,
		9,
		5,
		4,
		0,
		9,
		2,
		4,
		6,
		7,
		7,
		1,
		2,
		3,
		4,
		6,
		1,
		8,
		0,
		8,
		0,
		9,
		2,
		7,
		7,
		4,
		2,
		5,
		8,
		3,
		1,
		3,
		2,
		4,
		7,
		3,
		8,
		6,
		7,
		4,
		2,
		8,
		5,
		7,
		5,
		0,
		0,
		9,
		3,
		1,
		9,
		5,
		8,
		7,
		1,
		3,
		3,
		7,
		0,
		6,
		1,
		4,
		5,
		0,
		0,
		8,
		7,
		8,
		7,
		7,
		9,
		2,
		8,
		0,
		1,
		6,
		5,
		1,
		8,
		7,
		3,
		6,
		9,
		5,
		1,
		9,
		8,
		8,
		3,
		2,
		2,
		0,
		7,
		2,
		9,
		7,
		8,
		1,
		0,
		8,
		7,
		5,
		4,
		3,
		7,
		8,
		1,
		8,
		4,
		2,
		4,
		1,
		1,
		7,
		4,
		1,
		7,
		2,
		5,
		9,
		4,
		2
	],
	"formal_code":[
		5,
		12,
		0,
		1509
	],
	"tensor_product_decompositions":{
		"identifiers":[
			"formal_code"
		],
		"value":[]
	},
	"sub_fusion_rings":{
		"identifiers":[
			"injection",
			"formal_code"
		],
		"value":[]
	},
	"numeric_characters":[
		[
			[
				1.0,
				0
			],
			[
				1.3874062330564588e1,
				0
			],
			[
				2.6451642614896453e1,
				0
			],
			[
				2.693119631803577e1,
				0
			],
			[
				2.970723206740781e1,
				0
			]
		],
		[
			[
				1.0,
				0
			],
			[
				6.419431768954754,
				0
			],
			[
				8.439747954010063,
				0
			],
			[
				-2.58241144382434,
				0
			],
			[
				-8.205455257759297,
				0
			]
		],
		[
			[
				1.0,
				0
			],
			[
				3.032345430819471,
				0
			],
			[
				-1.030489638653582,
				0
			],
			[
				-3.3228213781505067,
				0
			],
			[
				2.4800273826450923,
				0
			]
		],
		[
			[
				1.0,
				0
			],
			[
				2.0,
				0
			],
			[
				-2.0,
				0
			],
			[
				2.0,
				0
			],
			[
				-1.0,
				0
			]
		],
		[
			[
				1.0,
				0
			],
			[
				-0.3258395303388137,
				0
			],
			[
				0.13909906974706587,
				0
			],
			[
				-2.596349606092164e-2,
				0
			],
			[
				1.8195807706397574e-2,
				0
			]
		]
	],
	"numeric_frobenius_perron_dimensions":[
		1.0,
		1.387406233056459e1,
		2.6451642614896453e1,
		2.693119631803577e1,
		2.970723206740781e1
	],
	"numeric_frobenius_perron_dimension":2.500987974806004e3,
	"info":"Fusion ring. mult_tab provides structure constants. barcode and formal_code provide unique identifiers see (DOI: 10.1063\/5.0148848). sub_fusion_rings provides tuples where the first element corresponds to the elements of the ring that form the subring isomorphic to the ring identified by the second element of the tuple. software provides doi of original software used to represent fusion ring.",
	"comments":[
		""
	]
}