{
	"references":[
		""
	],
	"software":[
		"https:\/\/doi.org\/10.5281\/zenodo.15920400"
	],
	"mult_tab":[
		[
			[
				1,
				0,
				0,
				0,
				0
			],
			[
				0,
				1,
				0,
				0,
				0
			],
			[
				0,
				0,
				1,
				0,
				0
			],
			[
				0,
				0,
				0,
				1,
				0
			],
			[
				0,
				0,
				0,
				0,
				1
			]
		],
		[
			[
				0,
				1,
				0,
				0,
				0
			],
			[
				1,
				1,
				1,
				1,
				1
			],
			[
				0,
				1,
				2,
				1,
				1
			],
			[
				0,
				1,
				1,
				3,
				4
			],
			[
				0,
				1,
				1,
				4,
				4
			]
		],
		[
			[
				0,
				0,
				1,
				0,
				0
			],
			[
				0,
				1,
				2,
				1,
				1
			],
			[
				1,
				2,
				2,
				1,
				1
			],
			[
				0,
				1,
				1,
				4,
				4
			],
			[
				0,
				1,
				1,
				4,
				5
			]
		],
		[
			[
				0,
				0,
				0,
				1,
				0
			],
			[
				0,
				1,
				1,
				3,
				4
			],
			[
				0,
				1,
				1,
				4,
				4
			],
			[
				1,
				3,
				4,
				6,
				13
			],
			[
				0,
				4,
				4,
				13,
				9
			]
		],
		[
			[
				0,
				0,
				0,
				0,
				1
			],
			[
				0,
				1,
				1,
				4,
				4
			],
			[
				0,
				1,
				1,
				4,
				5
			],
			[
				0,
				4,
				4,
				13,
				9
			],
			[
				1,
				4,
				5,
				9,
				15
			]
		]
	],
	"texnames":[
		"\\text{FR}^{5,15,0}_{1494}"
	],
	"barcode":[
		2,
		0,
		4,
		5,
		8,
		6,
		9,
		2,
		5,
		1,
		8,
		7,
		8,
		3,
		9,
		8,
		6,
		8,
		3,
		8,
		6,
		4,
		3,
		6,
		6,
		2,
		8,
		4,
		5,
		9,
		5,
		4,
		2,
		6,
		5,
		0,
		0,
		4,
		4,
		5,
		7,
		4,
		9,
		4,
		8,
		8,
		6,
		0,
		7,
		7,
		2,
		3,
		4,
		6,
		4,
		4,
		1,
		8,
		3,
		2,
		4,
		9,
		0,
		0,
		9,
		3,
		0,
		0,
		8,
		5,
		5,
		0,
		1,
		0,
		7,
		2,
		2,
		4,
		9,
		7,
		0,
		6,
		8,
		5,
		2,
		3,
		8,
		2,
		5,
		1,
		6,
		5,
		3,
		4,
		5,
		8,
		9,
		4,
		5,
		2,
		2,
		1,
		0,
		0,
		0,
		2,
		7,
		1,
		4,
		5,
		0,
		6,
		4,
		5,
		8,
		6,
		1,
		9,
		3,
		2,
		8,
		3,
		5,
		3,
		1,
		7,
		4,
		1,
		8,
		3,
		5,
		8,
		7,
		3,
		6,
		1,
		3,
		4,
		0,
		4,
		4,
		5,
		0,
		8,
		0,
		3,
		3,
		2,
		9,
		7
	],
	"formal_code":[
		5,
		15,
		0,
		1494
	],
	"tensor_product_decompositions":{
		"identifiers":[
			"formal_code"
		],
		"value":[]
	},
	"sub_fusion_rings":{
		"identifiers":[
			"injection",
			"formal_code"
		],
		"value":[]
	},
	"numeric_characters":[
		[
			[
				1.0,
				0
			],
			[
				8.236498524650653,
				0
			],
			[
				9.236498524650653,
				0
			],
			[
				2.327079250483778e1,
				0
			],
			[
				2.6096118392433294e1,
				0
			]
		],
		[
			[
				1.0,
				0
			],
			[
				-0.530430364098505,
				0
			],
			[
				0.46956963590149503,
				0
			],
			[
				-5.732892685043627,
				0
			],
			[
				5.075109784398309,
				0
			]
		],
		[
			[
				1.0,
				0
			],
			[
				2.068515405268045,
				0
			],
			[
				3.068515405268045,
				0
			],
			[
				-0.7482668981688885,
				0
			],
			[
				-1.1100079305359767,
				0
			]
		],
		[
			[
				1.0,
				0
			],
			[
				1.0,
				0
			],
			[
				-1.0,
				0
			],
			[
				0.0,
				0
			],
			[
				0.0,
				0
			]
		],
		[
			[
				1.0,
				0
			],
			[
				-0.7745835658201928,
				0
			],
			[
				0.22541643417980714,
				0
			],
			[
				0.21036707837473817,
				0
			],
			[
				-6.122024629562736e-2,
				0
			]
		]
	],
	"numeric_frobenius_perron_dimensions":[
		1.0,
		8.236498524650653,
		9.236498524650653,
		2.327079250483778e1,
		2.6096118392433286e1
	],
	"numeric_frobenius_perron_dimension":1.376689991897555e3,
	"info":"Fusion ring. mult_tab provides structure constants. barcode and formal_code provide unique identifiers see (DOI: 10.1063\/5.0148848). sub_fusion_rings provides tuples where the first element corresponds to the elements of the ring that form the subring isomorphic to the ring identified by the second element of the tuple. software provides doi of original software used to represent fusion ring.",
	"comments":[
		""
	]
}