{
	"references":[
		""
	],
	"software":[
		"https:\/\/doi.org\/10.5281\/zenodo.15920400"
	],
	"mult_tab":[
		[
			[
				1,
				0,
				0,
				0,
				0
			],
			[
				0,
				1,
				0,
				0,
				0
			],
			[
				0,
				0,
				1,
				0,
				0
			],
			[
				0,
				0,
				0,
				1,
				0
			],
			[
				0,
				0,
				0,
				0,
				1
			]
		],
		[
			[
				0,
				1,
				0,
				0,
				0
			],
			[
				1,
				7,
				1,
				2,
				0
			],
			[
				0,
				1,
				3,
				3,
				3
			],
			[
				0,
				2,
				3,
				3,
				3
			],
			[
				0,
				0,
				3,
				3,
				6
			]
		],
		[
			[
				0,
				0,
				1,
				0,
				0
			],
			[
				0,
				1,
				3,
				3,
				3
			],
			[
				1,
				3,
				2,
				2,
				5
			],
			[
				0,
				3,
				2,
				3,
				5
			],
			[
				0,
				3,
				5,
				5,
				3
			]
		],
		[
			[
				0,
				0,
				0,
				1,
				0
			],
			[
				0,
				2,
				3,
				3,
				3
			],
			[
				0,
				3,
				2,
				3,
				5
			],
			[
				1,
				3,
				3,
				3,
				5
			],
			[
				0,
				3,
				5,
				5,
				4
			]
		],
		[
			[
				0,
				0,
				0,
				0,
				1
			],
			[
				0,
				0,
				3,
				3,
				6
			],
			[
				0,
				3,
				5,
				5,
				3
			],
			[
				0,
				3,
				5,
				5,
				4
			],
			[
				1,
				6,
				3,
				4,
				7
			]
		]
	],
	"texnames":[
		"\\text{FR}^{5,7,0}_{82}"
	],
	"barcode":[
		9,
		6,
		1,
		9,
		6,
		6,
		7,
		1,
		1,
		5,
		1,
		5,
		9,
		4,
		6,
		1,
		3,
		2,
		2,
		9,
		6,
		4,
		4,
		3,
		8,
		9,
		2,
		0,
		2,
		3,
		6,
		5,
		6,
		6,
		5,
		7,
		9,
		4,
		3,
		8,
		7,
		9,
		6,
		9,
		8,
		8,
		0,
		1,
		1,
		1,
		7,
		9,
		4,
		1,
		4,
		6,
		0,
		1,
		1,
		5,
		9,
		6,
		4,
		7,
		5,
		9,
		2,
		2,
		3,
		7,
		3,
		3,
		3,
		8,
		7,
		1,
		3,
		6,
		5,
		2,
		0,
		1,
		8,
		5,
		3,
		5,
		0,
		2,
		2,
		5,
		7,
		4,
		4,
		8,
		4,
		5,
		9,
		5,
		5,
		7,
		0,
		0,
		3,
		1,
		7,
		1,
		0,
		1,
		0,
		3,
		8,
		6
	],
	"formal_code":[
		5,
		7,
		0,
		82
	],
	"tensor_product_decompositions":{
		"identifiers":[
			"formal_code"
		],
		"value":[]
	},
	"sub_fusion_rings":{
		"identifiers":[
			"injection",
			"formal_code"
		],
		"value":[]
	},
	"numeric_characters":[
		[
			[
				1.0,
				0
			],
			[
				1.0885311380706643e1,
				0
			],
			[
				1.309760806333169e1,
				0
			],
			[
				1.409760806333169e1,
				0
			],
			[
				1.670019411704092e1,
				0
			]
		],
		[
			[
				1.0,
				0
			],
			[
				6.961939674679986,
				0
			],
			[
				-1.0883245629588782,
				0
			],
			[
				-8.832456295887821e-2,
				0
			],
			[
				-3.669614083572962,
				0
			]
		],
		[
			[
				1.0,
				0
			],
			[
				1.40612655772785,
				0
			],
			[
				-3.621898002582459,
				0
			],
			[
				-2.621898002582459,
				0
			],
			[
				4.077471495651419,
				0
			]
		],
		[
			[
				1.0,
				0
			],
			[
				-0.2533776131144791,
				0
			],
			[
				-0.3873854977903519,
				0
			],
			[
				0.6126145022096481,
				0
			],
			[
				-0.10805152911937528,
				0
			]
		],
		[
			[
				1.0,
				0
			],
			[
				0.0,
				0
			],
			[
				1.0,
				0
			],
			[
				-1.0,
				0
			],
			[
				0.0,
				0
			]
		]
	],
	"numeric_frobenius_perron_dimensions":[
		1.0,
		1.0885311380706643e1,
		1.309760806333169e1,
		1.409760806333169e1,
		1.670019411704092e1
	],
	"numeric_frobenius_perron_dimension":7.686763774897556e2,
	"info":"Fusion ring. mult_tab provides structure constants. barcode and formal_code provide unique identifiers see (DOI: 10.1063\/5.0148848). sub_fusion_rings provides tuples where the first element corresponds to the elements of the ring that form the subring isomorphic to the ring identified by the second element of the tuple. software provides doi of original software used to represent fusion ring.",
	"comments":[
		""
	]
}