{
	"references":[
		""
	],
	"software":[
		"https:\/\/doi.org\/10.5281\/zenodo.15920400"
	],
	"mult_tab":[
		[
			[
				1,
				0,
				0,
				0,
				0
			],
			[
				0,
				1,
				0,
				0,
				0
			],
			[
				0,
				0,
				1,
				0,
				0
			],
			[
				0,
				0,
				0,
				1,
				0
			],
			[
				0,
				0,
				0,
				0,
				1
			]
		],
		[
			[
				0,
				1,
				0,
				0,
				0
			],
			[
				1,
				3,
				2,
				0,
				1
			],
			[
				0,
				2,
				4,
				1,
				0
			],
			[
				0,
				0,
				1,
				3,
				3
			],
			[
				0,
				1,
				0,
				3,
				5
			]
		],
		[
			[
				0,
				0,
				1,
				0,
				0
			],
			[
				0,
				2,
				4,
				1,
				0
			],
			[
				1,
				4,
				4,
				0,
				0
			],
			[
				0,
				1,
				0,
				2,
				4
			],
			[
				0,
				0,
				0,
				4,
				5
			]
		],
		[
			[
				0,
				0,
				0,
				1,
				0
			],
			[
				0,
				0,
				1,
				3,
				3
			],
			[
				0,
				1,
				0,
				2,
				4
			],
			[
				1,
				3,
				2,
				4,
				5
			],
			[
				0,
				3,
				4,
				5,
				7
			]
		],
		[
			[
				0,
				0,
				0,
				0,
				1
			],
			[
				0,
				1,
				0,
				3,
				5
			],
			[
				0,
				0,
				0,
				4,
				5
			],
			[
				0,
				3,
				4,
				5,
				7
			],
			[
				1,
				5,
				5,
				7,
				9
			]
		]
	],
	"texnames":[
		"\\text{FR}^{5,9,0}_{897}"
	],
	"barcode":[
		1,
		0,
		0,
		0,
		0,
		0,
		1,
		0,
		0,
		0,
		0,
		0,
		1,
		0,
		0,
		0,
		0,
		0,
		1,
		0,
		0,
		0,
		0,
		0,
		1,
		0,
		1,
		0,
		0,
		0,
		1,
		9,
		5,
		5,
		7,
		0,
		5,
		1,
		0,
		3,
		0,
		5,
		0,
		0,
		4,
		0,
		7,
		3,
		4,
		5,
		0,
		0,
		1,
		0,
		0,
		0,
		5,
		1,
		0,
		3,
		1,
		1,
		3,
		2,
		0,
		0,
		0,
		2,
		4,
		1,
		0,
		3,
		0,
		1,
		3,
		0,
		0,
		0,
		1,
		0,
		0,
		5,
		0,
		0,
		4,
		0,
		0,
		2,
		4,
		1,
		1,
		0,
		4,
		4,
		0,
		0,
		4,
		1,
		0,
		2,
		0,
		0,
		0,
		0,
		1,
		0,
		7,
		3,
		4,
		5,
		0,
		3,
		0,
		1,
		3,
		0,
		4,
		1,
		0,
		2,
		1,
		5,
		3,
		2,
		4
	],
	"formal_code":[
		5,
		9,
		0,
		897
	],
	"tensor_product_decompositions":{
		"identifiers":[
			"formal_code"
		],
		"value":[]
	},
	"sub_fusion_rings":{
		"identifiers":[
			"injection",
			"formal_code"
		],
		"value":[]
	},
	"numeric_characters":[
		[
			[
				1.0,
				0
			],
			[
				7.634622061363006,
				0
			],
			[
				7.961416630755815,
				0
			],
			[
				1.3667496403121406e1,
				0
			],
			[
				1.846075457425006e1,
				0
			]
		],
		[
			[
				1.0,
				0
			],
			[
				5.188592522736763,
				0
			],
			[
				7.074876362134062,
				0
			],
			[
				-1.9680399021539072,
				0
			],
			[
				-3.7940379254785648,
				0
			]
		],
		[
			[
				1.0,
				0
			],
			[
				2.314650599037596,
				0
			],
			[
				-1.7760564609325407,
				0
			],
			[
				-1.6360255055671271,
				0
			],
			[
				0.9657685203773951,
				0
			]
		],
		[
			[
				1.0,
				0
			],
			[
				-0.5293361173825017,
				0
			],
			[
				0.3021615122544804,
				0
			],
			[
				-0.3099188159721299,
				0
			],
			[
				0.2638820528041262,
				0
			]
		],
		[
			[
				1.0,
				0
			],
			[
				0.39147093424513707,
				0
			],
			[
				-0.5623980442118177,
				0
			],
			[
				1.2464878205717584,
				0
			],
			[
				-0.8963672219530154,
				0
			]
		]
	],
	"numeric_frobenius_perron_dimensions":[
		1.0,
		7.634622061363004,
		7.9614166307558145,
		1.3667496403121406e1,
		1.846075457425006e1
	],
	"numeric_frobenius_perron_dimension":6.502715261683571e2,
	"info":"Fusion ring. mult_tab provides structure constants. barcode and formal_code provide unique identifiers see (DOI: 10.1063\/5.0148848). sub_fusion_rings provides tuples where the first element corresponds to the elements of the ring that form the subring isomorphic to the ring identified by the second element of the tuple. software provides doi of original software used to represent fusion ring.",
	"comments":[
		""
	]
}