{
	"references":[
		""
	],
	"software":[
		"https:\/\/doi.org\/10.5281\/zenodo.15920400"
	],
	"mult_tab":[
		[
			[
				1,
				0,
				0,
				0,
				0
			],
			[
				0,
				1,
				0,
				0,
				0
			],
			[
				0,
				0,
				1,
				0,
				0
			],
			[
				0,
				0,
				0,
				1,
				0
			],
			[
				0,
				0,
				0,
				0,
				1
			]
		],
		[
			[
				0,
				1,
				0,
				0,
				0
			],
			[
				1,
				0,
				0,
				0,
				0
			],
			[
				0,
				0,
				1,
				0,
				0
			],
			[
				0,
				0,
				0,
				0,
				1
			],
			[
				0,
				0,
				0,
				1,
				0
			]
		],
		[
			[
				0,
				0,
				1,
				0,
				0
			],
			[
				0,
				0,
				1,
				0,
				0
			],
			[
				1,
				1,
				6,
				5,
				5
			],
			[
				0,
				0,
				5,
				6,
				6
			],
			[
				0,
				0,
				5,
				6,
				6
			]
		],
		[
			[
				0,
				0,
				0,
				1,
				0
			],
			[
				0,
				0,
				0,
				0,
				1
			],
			[
				0,
				0,
				5,
				6,
				6
			],
			[
				1,
				0,
				6,
				12,
				0
			],
			[
				0,
				1,
				6,
				0,
				12
			]
		],
		[
			[
				0,
				0,
				0,
				0,
				1
			],
			[
				0,
				0,
				0,
				1,
				0
			],
			[
				0,
				0,
				5,
				6,
				6
			],
			[
				0,
				1,
				6,
				0,
				12
			],
			[
				1,
				0,
				6,
				12,
				0
			]
		]
	],
	"texnames":[
		"\\text{FR}^{5,12,0}_{1811}"
	],
	"barcode":[
		1,
		3,
		4,
		5,
		7,
		8,
		5,
		2,
		8,
		7,
		0,
		6,
		3,
		2,
		5,
		1,
		9,
		2,
		9,
		5,
		4,
		0,
		9,
		2,
		4,
		6,
		7,
		7,
		1,
		2,
		3,
		4,
		6,
		1,
		3,
		9,
		6,
		0,
		1,
		0,
		1,
		3,
		3,
		2,
		6,
		1,
		6,
		5,
		4,
		6,
		6,
		9,
		3,
		6,
		3,
		4,
		0,
		6,
		6,
		3,
		0,
		9,
		7,
		8,
		5,
		3,
		4,
		6,
		0,
		9,
		2,
		1,
		7,
		6,
		1,
		6,
		7,
		1,
		3,
		1,
		6,
		2,
		7,
		6,
		8,
		0,
		1,
		1,
		9,
		7,
		4,
		7,
		7,
		6,
		6,
		7,
		3,
		6,
		7,
		4,
		8,
		9,
		1,
		3,
		1,
		0,
		3,
		7,
		7,
		1,
		5,
		0,
		2,
		0,
		9,
		6,
		5,
		2,
		3,
		6,
		3,
		7,
		0,
		7,
		0,
		7,
		6,
		5,
		7,
		3,
		4,
		8,
		1,
		5,
		3,
		0,
		6,
		2,
		6
	],
	"formal_code":[
		5,
		12,
		0,
		1811
	],
	"tensor_product_decompositions":{
		"identifiers":[
			"formal_code"
		],
		"value":[]
	},
	"sub_fusion_rings":{
		"identifiers":[
			"injection",
			"formal_code"
		],
		"value":[
			[
				[
					1,
					2
				],
				[
					2,
					1,
					0,
					1
				]
			]
		]
	},
	"numeric_characters":[
		[
			[
				1.0,
				0
			],
			[
				1.0,
				0
			],
			[
				1.6717797887081346e1,
				0
			],
			[
				1.7717797887081346e1,
				0
			],
			[
				1.7717797887081346e1,
				0
			]
		],
		[
			[
				1.0,
				0
			],
			[
				-1.0,
				0
			],
			[
				0.0,
				0
			],
			[
				1.2082762530298218e1,
				0
			],
			[
				-1.2082762530298218e1,
				0
			]
		],
		[
			[
				1.0,
				0
			],
			[
				1.0,
				0
			],
			[
				-0.717797887081348,
				0
			],
			[
				0.28220211291865205,
				0
			],
			[
				0.28220211291865205,
				0
			]
		],
		[
			[
				1.0,
				0
			],
			[
				1.0,
				0
			],
			[
				2.0,
				0
			],
			[
				-1.0,
				0
			],
			[
				-1.0,
				0
			]
		],
		[
			[
				1.0,
				0
			],
			[
				-1.0,
				0
			],
			[
				0.0,
				0
			],
			[
				-8.276253029821934e-2,
				0
			],
			[
				8.276253029821934e-2,
				0
			]
		]
	],
	"numeric_frobenius_perron_dimensions":[
		1.0,
		1.0,
		1.6717797887081346e1,
		1.7717797887081346e1,
		1.7717797887081346e1
	],
	"numeric_frobenius_perron_dimension":9.0932549012823e2,
	"info":"Fusion ring. mult_tab provides structure constants. barcode and formal_code provide unique identifiers see (DOI: 10.1063\/5.0148848). sub_fusion_rings provides tuples where the first element corresponds to the elements of the ring that form the subring isomorphic to the ring identified by the second element of the tuple. software provides doi of original software used to represent fusion ring.",
	"comments":[
		""
	]
}