{
	"references":[
		""
	],
	"software":[
		"https:\/\/doi.org\/10.5281\/zenodo.15920400"
	],
	"mult_tab":[
		[
			[
				1,
				0,
				0,
				0,
				0
			],
			[
				0,
				1,
				0,
				0,
				0
			],
			[
				0,
				0,
				1,
				0,
				0
			],
			[
				0,
				0,
				0,
				1,
				0
			],
			[
				0,
				0,
				0,
				0,
				1
			]
		],
		[
			[
				0,
				1,
				0,
				0,
				0
			],
			[
				1,
				1,
				3,
				4,
				2
			],
			[
				0,
				3,
				2,
				2,
				4
			],
			[
				0,
				4,
				2,
				1,
				6
			],
			[
				0,
				2,
				4,
				6,
				5
			]
		],
		[
			[
				0,
				0,
				1,
				0,
				0
			],
			[
				0,
				3,
				2,
				2,
				4
			],
			[
				1,
				2,
				2,
				4,
				4
			],
			[
				0,
				2,
				4,
				5,
				4
			],
			[
				0,
				4,
				4,
				4,
				7
			]
		],
		[
			[
				0,
				0,
				0,
				1,
				0
			],
			[
				0,
				4,
				2,
				1,
				6
			],
			[
				0,
				2,
				4,
				5,
				4
			],
			[
				1,
				1,
				5,
				8,
				4
			],
			[
				0,
				6,
				4,
				4,
				9
			]
		],
		[
			[
				0,
				0,
				0,
				0,
				1
			],
			[
				0,
				2,
				4,
				6,
				5
			],
			[
				0,
				4,
				4,
				4,
				7
			],
			[
				0,
				6,
				4,
				4,
				9
			],
			[
				1,
				5,
				7,
				9,
				9
			]
		]
	],
	"texnames":[
		"\\text{FR}^{5,9,0}_{464}"
	],
	"barcode":[
		1,
		0,
		0,
		0,
		0,
		0,
		1,
		0,
		0,
		0,
		0,
		0,
		1,
		0,
		0,
		0,
		0,
		0,
		1,
		0,
		0,
		0,
		0,
		0,
		1,
		0,
		1,
		0,
		0,
		0,
		1,
		8,
		4,
		5,
		1,
		0,
		4,
		9,
		4,
		6,
		0,
		5,
		4,
		4,
		2,
		0,
		1,
		6,
		2,
		4,
		0,
		0,
		1,
		0,
		0,
		0,
		4,
		9,
		4,
		6,
		1,
		9,
		9,
		7,
		5,
		0,
		4,
		7,
		4,
		4,
		0,
		6,
		5,
		4,
		2,
		0,
		0,
		0,
		1,
		0,
		0,
		5,
		4,
		4,
		2,
		0,
		4,
		7,
		4,
		4,
		1,
		4,
		4,
		2,
		2,
		0,
		2,
		4,
		2,
		3,
		0,
		0,
		0,
		0,
		1,
		0,
		1,
		6,
		2,
		4,
		0,
		6,
		5,
		4,
		2,
		0,
		2,
		4,
		2,
		3,
		1,
		4,
		2,
		3,
		1
	],
	"formal_code":[
		5,
		9,
		0,
		464
	],
	"tensor_product_decompositions":{
		"identifiers":[
			"formal_code"
		],
		"value":[]
	},
	"sub_fusion_rings":{
		"identifiers":[
			"injection",
			"formal_code"
		],
		"value":[]
	},
	"numeric_characters":[
		[
			[
				1.0,
				0
			],
			[
				1.33508503328277e1,
				0
			],
			[
				1.4945097807067853e1,
				0
			],
			[
				1.8088517382008828e1,
				0
			],
			[
				2.335249566374948e1,
				0
			]
		],
		[
			[
				1.0,
				0
			],
			[
				1.1340935925795366,
				0
			],
			[
				0.43110538015634,
				0
			],
			[
				-8.448420399129578e-2,
				0
			],
			[
				-0.9016523201767068,
				0
			]
		],
		[
			[
				1.0,
				0
			],
			[
				-4.788339795021443,
				0
			],
			[
				2.629172460870909,
				0
			],
			[
				6.856789578171589,
				0
			],
			[
				-4.299068953845825,
				0
			]
		],
		[
			[
				1.0,
				0
			],
			[
				-0.7341779933636278,
				0
			],
			[
				0.5073274635799702,
				0
			],
			[
				-0.5521640894358701,
				0
			],
			[
				0.47993464315332046,
				0
			]
		],
		[
			[
				1.0,
				0
			],
			[
				3.757386297783304e-2,
				0
			],
			[
				-1.5127031116750715,
				0
			],
			[
				0.6913413332467491,
				0
			],
			[
				0.3682909671197313,
				0
			]
		]
	],
	"numeric_frobenius_perron_dimensions":[
		1.0,
		1.33508503328277e1,
		1.4945097807067853e1,
		1.8088517382008828e1,
		2.335249566374948e1
	],
	"numeric_frobenius_perron_dimension":1.2751346678770637e3,
	"info":"Fusion ring. mult_tab provides structure constants. barcode and formal_code provide unique identifiers see (DOI: 10.1063\/5.0148848). sub_fusion_rings provides tuples where the first element corresponds to the elements of the ring that form the subring isomorphic to the ring identified by the second element of the tuple. software provides doi of original software used to represent fusion ring.",
	"comments":[
		""
	]
}