{
	"references":[
		""
	],
	"software":[
		"https:\/\/doi.org\/10.5281\/zenodo.15920400"
	],
	"mult_tab":[
		[
			[
				1,
				0,
				0,
				0,
				0
			],
			[
				0,
				1,
				0,
				0,
				0
			],
			[
				0,
				0,
				1,
				0,
				0
			],
			[
				0,
				0,
				0,
				1,
				0
			],
			[
				0,
				0,
				0,
				0,
				1
			]
		],
		[
			[
				0,
				1,
				0,
				0,
				0
			],
			[
				1,
				1,
				3,
				1,
				4
			],
			[
				0,
				3,
				1,
				3,
				3
			],
			[
				0,
				1,
				3,
				2,
				4
			],
			[
				0,
				4,
				3,
				4,
				8
			]
		],
		[
			[
				0,
				0,
				1,
				0,
				0
			],
			[
				0,
				3,
				1,
				3,
				3
			],
			[
				1,
				1,
				7,
				5,
				0
			],
			[
				0,
				3,
				5,
				6,
				0
			],
			[
				0,
				3,
				0,
				0,
				12
			]
		],
		[
			[
				0,
				0,
				0,
				1,
				0
			],
			[
				0,
				1,
				3,
				2,
				4
			],
			[
				0,
				3,
				5,
				6,
				0
			],
			[
				1,
				2,
				6,
				5,
				1
			],
			[
				0,
				4,
				0,
				1,
				12
			]
		],
		[
			[
				0,
				0,
				0,
				0,
				1
			],
			[
				0,
				4,
				3,
				4,
				8
			],
			[
				0,
				3,
				0,
				0,
				12
			],
			[
				0,
				4,
				0,
				1,
				12
			],
			[
				1,
				8,
				12,
				12,
				12
			]
		]
	],
	"texnames":[
		"\\text{FR}^{5,12,0}_{2402}"
	],
	"barcode":[
		1,
		3,
		4,
		5,
		7,
		8,
		5,
		2,
		8,
		7,
		0,
		6,
		3,
		2,
		5,
		1,
		9,
		2,
		9,
		5,
		4,
		0,
		9,
		2,
		4,
		6,
		7,
		7,
		1,
		2,
		3,
		4,
		6,
		1,
		6,
		7,
		5,
		7,
		2,
		5,
		3,
		3,
		7,
		3,
		9,
		4,
		3,
		1,
		9,
		5,
		4,
		0,
		0,
		0,
		4,
		5,
		7,
		4,
		7,
		9,
		8,
		9,
		6,
		2,
		1,
		4,
		6,
		8,
		2,
		0,
		2,
		4,
		8,
		4,
		7,
		3,
		5,
		4,
		6,
		6,
		9,
		2,
		0,
		5,
		3,
		9,
		3,
		8,
		5,
		6,
		4,
		6,
		3,
		4,
		6,
		4,
		6,
		6,
		7,
		9,
		7,
		3,
		3,
		1,
		8,
		2,
		7,
		5,
		1,
		1,
		1,
		0,
		1,
		6,
		3,
		4,
		2,
		2,
		6,
		1,
		4,
		6,
		0,
		4,
		3,
		6,
		9,
		3,
		3,
		3,
		1,
		4,
		1,
		5,
		8,
		7,
		3,
		7,
		9
	],
	"formal_code":[
		5,
		12,
		0,
		2402
	],
	"tensor_product_decompositions":{
		"identifiers":[
			"formal_code"
		],
		"value":[]
	},
	"sub_fusion_rings":{
		"identifiers":[
			"injection",
			"formal_code"
		],
		"value":[]
	},
	"numeric_characters":[
		[
			[
				1.0,
				0
			],
			[
				1.3446221994724901e1,
				0
			],
			[
				1.3446221994724901e1,
				0
			],
			[
				1.4446221994724901e1,
				0
			],
			[
				2.7892443989449802e1,
				0
			]
		],
		[
			[
				1.0,
				0
			],
			[
				1.0,
				0
			],
			[
				1.1744562646538029e1,
				0
			],
			[
				1.0744562646538029e1,
				0
			],
			[
				-1.1744562646538029e1,
				0
			]
		],
		[
			[
				1.0,
				0
			],
			[
				-3.0,
				0
			],
			[
				3.0,
				0
			],
			[
				-2.0,
				0
			],
			[
				1.0,
				0
			]
		],
		[
			[
				1.0,
				0
			],
			[
				1.0,
				0
			],
			[
				0.2554373534619714,
				0
			],
			[
				-0.7445626465380286,
				0
			],
			[
				-0.2554373534619714,
				0
			]
		],
		[
			[
				1.0,
				0
			],
			[
				-0.446221994724902,
				0
			],
			[
				-0.446221994724902,
				0
			],
			[
				0.553778005275098,
				0
			],
			[
				0.10755601055019604,
				0
			]
		]
	],
	"numeric_frobenius_perron_dimensions":[
		1.0,
		1.3446221994724901e1,
		1.3446221994724901e1,
		1.4446221994724901e1,
		2.7892443989449802e1
	],
	"numeric_frobenius_perron_dimension":1.3492835334883152e3,
	"info":"Fusion ring. mult_tab provides structure constants. barcode and formal_code provide unique identifiers see (DOI: 10.1063\/5.0148848). sub_fusion_rings provides tuples where the first element corresponds to the elements of the ring that form the subring isomorphic to the ring identified by the second element of the tuple. software provides doi of original software used to represent fusion ring.",
	"comments":[
		""
	]
}