{
	"references":[
		""
	],
	"software":[
		"https:\/\/doi.org\/10.5281\/zenodo.15920400"
	],
	"mult_tab":[
		[
			[
				1,
				0,
				0,
				0,
				0
			],
			[
				0,
				1,
				0,
				0,
				0
			],
			[
				0,
				0,
				1,
				0,
				0
			],
			[
				0,
				0,
				0,
				1,
				0
			],
			[
				0,
				0,
				0,
				0,
				1
			]
		],
		[
			[
				0,
				1,
				0,
				0,
				0
			],
			[
				1,
				0,
				1,
				2,
				1
			],
			[
				0,
				1,
				1,
				3,
				2
			],
			[
				0,
				2,
				3,
				0,
				3
			],
			[
				0,
				1,
				2,
				3,
				4
			]
		],
		[
			[
				0,
				0,
				1,
				0,
				0
			],
			[
				0,
				1,
				1,
				3,
				2
			],
			[
				1,
				1,
				2,
				4,
				4
			],
			[
				0,
				3,
				4,
				1,
				5
			],
			[
				0,
				2,
				4,
				5,
				6
			]
		],
		[
			[
				0,
				0,
				0,
				1,
				0
			],
			[
				0,
				2,
				3,
				0,
				3
			],
			[
				0,
				3,
				4,
				1,
				5
			],
			[
				1,
				0,
				1,
				8,
				4
			],
			[
				0,
				3,
				5,
				4,
				7
			]
		],
		[
			[
				0,
				0,
				0,
				0,
				1
			],
			[
				0,
				1,
				2,
				3,
				4
			],
			[
				0,
				2,
				4,
				5,
				6
			],
			[
				0,
				3,
				5,
				4,
				7
			],
			[
				1,
				4,
				6,
				7,
				9
			]
		]
	],
	"texnames":[
		"\\text{FR}^{5,9,0}_{1102}"
	],
	"barcode":[
		1,
		0,
		0,
		0,
		0,
		0,
		1,
		0,
		0,
		0,
		0,
		0,
		1,
		0,
		0,
		0,
		0,
		0,
		1,
		0,
		0,
		0,
		0,
		0,
		1,
		0,
		1,
		0,
		0,
		0,
		1,
		8,
		4,
		1,
		0,
		0,
		4,
		7,
		5,
		3,
		0,
		1,
		5,
		4,
		3,
		0,
		0,
		3,
		3,
		2,
		0,
		0,
		1,
		0,
		0,
		0,
		4,
		7,
		5,
		3,
		1,
		7,
		9,
		6,
		4,
		0,
		5,
		6,
		4,
		2,
		0,
		3,
		4,
		2,
		1,
		0,
		0,
		0,
		1,
		0,
		0,
		1,
		5,
		4,
		3,
		0,
		5,
		6,
		4,
		2,
		1,
		4,
		4,
		2,
		1,
		0,
		3,
		2,
		1,
		1,
		0,
		0,
		0,
		0,
		1,
		0,
		0,
		3,
		3,
		2,
		0,
		3,
		4,
		2,
		1,
		0,
		3,
		2,
		1,
		1,
		1,
		2,
		1,
		1,
		0
	],
	"formal_code":[
		5,
		9,
		0,
		1102
	],
	"tensor_product_decompositions":{
		"identifiers":[
			"formal_code"
		],
		"value":[]
	},
	"sub_fusion_rings":{
		"identifiers":[
			"injection",
			"formal_code"
		],
		"value":[]
	},
	"numeric_characters":[
		[
			[
				1.0,
				0
			],
			[
				7.922327246340683,
				0
			],
			[
				1.3113391000733808e1,
				0
			],
			[
				1.4446899424798609e1,
				0
			],
			[
				1.975607914778092e1,
				0
			]
		],
		[
			[
				1.0,
				0
			],
			[
				1.068332007245131,
				0
			],
			[
				0.47803052955008873,
				0
			],
			[
				0.3622727179451646,
				0
			],
			[
				-1.061242687736007,
				0
			]
		],
		[
			[
				1.0,
				0
			],
			[
				-3.101447512956974,
				0
			],
			[
				-3.5003814468071544,
				0
			],
			[
				6.7806379525033975,
				0
			],
			[
				-1.44191778257264,
				0
			]
		],
		[
			[
				1.0,
				0
			],
			[
				-1.1798175026763398,
				0
			],
			[
				0.8358563968904855,
				0
			],
			[
				-0.24557721354857875,
				0
			],
			[
				4.7267369828107156e-2,
				0
			]
		],
		[
			[
				1.0,
				0
			],
			[
				0.2906057620475002,
				0
			],
			[
				-0.9268964803672277,
				0
			],
			[
				-0.3442328816985914,
				0
			],
			[
				0.6998139526996189,
				0
			]
		]
	],
	"numeric_frobenius_perron_dimensions":[
		1.0,
		7.922327246340683,
		1.3113391000733808e1,
		1.4446899424798607e1,
		1.975607914778092e1
	],
	"numeric_frobenius_perron_dimension":8.347398588198688e2,
	"info":"Fusion ring. mult_tab provides structure constants. barcode and formal_code provide unique identifiers see (DOI: 10.1063\/5.0148848). sub_fusion_rings provides tuples where the first element corresponds to the elements of the ring that form the subring isomorphic to the ring identified by the second element of the tuple. software provides doi of original software used to represent fusion ring.",
	"comments":[
		""
	]
}