{
	"references":[
		""
	],
	"software":[
		"https:\/\/doi.org\/10.5281\/zenodo.15920400"
	],
	"mult_tab":[
		[
			[
				1,
				0,
				0,
				0,
				0
			],
			[
				0,
				1,
				0,
				0,
				0
			],
			[
				0,
				0,
				1,
				0,
				0
			],
			[
				0,
				0,
				0,
				1,
				0
			],
			[
				0,
				0,
				0,
				0,
				1
			]
		],
		[
			[
				0,
				1,
				0,
				0,
				0
			],
			[
				1,
				1,
				0,
				1,
				2
			],
			[
				0,
				0,
				2,
				1,
				2
			],
			[
				0,
				1,
				1,
				3,
				2
			],
			[
				0,
				2,
				2,
				2,
				5
			]
		],
		[
			[
				0,
				0,
				1,
				0,
				0
			],
			[
				0,
				0,
				2,
				1,
				2
			],
			[
				1,
				2,
				0,
				2,
				2
			],
			[
				0,
				1,
				2,
				0,
				4
			],
			[
				0,
				2,
				2,
				4,
				5
			]
		],
		[
			[
				0,
				0,
				0,
				1,
				0
			],
			[
				0,
				1,
				1,
				3,
				2
			],
			[
				0,
				1,
				2,
				0,
				4
			],
			[
				1,
				3,
				0,
				3,
				4
			],
			[
				0,
				2,
				4,
				4,
				7
			]
		],
		[
			[
				0,
				0,
				0,
				0,
				1
			],
			[
				0,
				2,
				2,
				2,
				5
			],
			[
				0,
				2,
				2,
				4,
				5
			],
			[
				0,
				2,
				4,
				4,
				7
			],
			[
				1,
				5,
				5,
				7,
				12
			]
		]
	],
	"texnames":[
		"\\text{FR}^{5,12,0}_{2430}"
	],
	"barcode":[
		1,
		3,
		4,
		5,
		7,
		8,
		5,
		2,
		8,
		7,
		0,
		6,
		3,
		2,
		5,
		1,
		9,
		2,
		9,
		5,
		4,
		0,
		9,
		2,
		4,
		6,
		7,
		7,
		1,
		2,
		3,
		4,
		6,
		1,
		8,
		9,
		2,
		6,
		9,
		2,
		6,
		5,
		9,
		8,
		2,
		6,
		3,
		5,
		4,
		1,
		6,
		7,
		1,
		4,
		2,
		8,
		6,
		7,
		3,
		0,
		7,
		9,
		4,
		7,
		3,
		4,
		7,
		4,
		2,
		0,
		5,
		4,
		2,
		4,
		1,
		6,
		8,
		7,
		5,
		1,
		9,
		4,
		0,
		2,
		4,
		4,
		4,
		1,
		7,
		8,
		1,
		8,
		6,
		5,
		6,
		6,
		0,
		4,
		2,
		2,
		3,
		4,
		1,
		0,
		0,
		0,
		5,
		5,
		4,
		7,
		5,
		1,
		3,
		6,
		3,
		8,
		6,
		3,
		4,
		7,
		9,
		9,
		7,
		8,
		4,
		6,
		8,
		2,
		2,
		1,
		8,
		6,
		5,
		2,
		2,
		0,
		8,
		0,
		2
	],
	"formal_code":[
		5,
		12,
		0,
		2430
	],
	"tensor_product_decompositions":{
		"identifiers":[
			"formal_code"
		],
		"value":[]
	},
	"sub_fusion_rings":{
		"identifiers":[
			"injection",
			"formal_code"
		],
		"value":[]
	},
	"numeric_characters":[
		[
			[
				1.0,
				0
			],
			[
				7.830143158867816,
				0
			],
			[
				9.001665533662159,
				0
			],
			[
				1.1888697332688965e1,
				0
			],
			[
				2.0296150698403842e1,
				0
			]
		],
		[
			[
				1.0,
				0
			],
			[
				1.8255008878965795,
				0
			],
			[
				-2.905187296965528,
				0
			],
			[
				3.28215885084209,
				0
			],
			[
				-1.3876031235137347,
				0
			]
		],
		[
			[
				1.0,
				0
			],
			[
				0.5328066118722705,
				0
			],
			[
				0.8512332023327893,
				0
			],
			[
				-9.20915327733435e-2,
				0
			],
			[
				-0.5784160967220594,
				0
			]
		],
		[
			[
				1.0,
				0
			],
			[
				1.7738418414623816,
				0
			],
			[
				-1.6478425517347925,
				0
			],
			[
				-2.204971644677202,
				0
			],
			[
				1.2888223408687365,
				0
			]
		],
		[
			[
				1.0,
				0
			],
			[
				-0.9622925000990478,
				0
			],
			[
				-0.2998688872946282,
				0
			],
			[
				0.1262069939194903,
				0
			],
			[
				0.3810461809632167,
				0
			]
		]
	],
	"numeric_frobenius_perron_dimensions":[
		1.0,
		7.830143158867816,
		9.001665533662159,
		1.1888697332688965e1,
		2.0296150698403842e1
	],
	"numeric_frobenius_perron_dimension":6.966159817088902e2,
	"info":"Fusion ring. mult_tab provides structure constants. barcode and formal_code provide unique identifiers see (DOI: 10.1063\/5.0148848). sub_fusion_rings provides tuples where the first element corresponds to the elements of the ring that form the subring isomorphic to the ring identified by the second element of the tuple. software provides doi of original software used to represent fusion ring.",
	"comments":[
		""
	]
}