{
	"references":[
		""
	],
	"software":[
		"https:\/\/doi.org\/10.5281\/zenodo.15920400"
	],
	"mult_tab":[
		[
			[
				1,
				0,
				0,
				0,
				0
			],
			[
				0,
				1,
				0,
				0,
				0
			],
			[
				0,
				0,
				1,
				0,
				0
			],
			[
				0,
				0,
				0,
				1,
				0
			],
			[
				0,
				0,
				0,
				0,
				1
			]
		],
		[
			[
				0,
				1,
				0,
				0,
				0
			],
			[
				1,
				1,
				1,
				1,
				3
			],
			[
				0,
				1,
				2,
				1,
				3
			],
			[
				0,
				1,
				1,
				2,
				3
			],
			[
				0,
				3,
				3,
				3,
				6
			]
		],
		[
			[
				0,
				0,
				1,
				0,
				0
			],
			[
				0,
				1,
				2,
				1,
				3
			],
			[
				1,
				2,
				1,
				2,
				3
			],
			[
				0,
				1,
				2,
				2,
				3
			],
			[
				0,
				3,
				3,
				3,
				7
			]
		],
		[
			[
				0,
				0,
				0,
				1,
				0
			],
			[
				0,
				1,
				1,
				2,
				3
			],
			[
				0,
				1,
				2,
				2,
				3
			],
			[
				1,
				2,
				2,
				1,
				3
			],
			[
				0,
				3,
				3,
				3,
				7
			]
		],
		[
			[
				0,
				0,
				0,
				0,
				1
			],
			[
				0,
				3,
				3,
				3,
				6
			],
			[
				0,
				3,
				3,
				3,
				7
			],
			[
				0,
				3,
				3,
				3,
				7
			],
			[
				1,
				6,
				7,
				7,
				14
			]
		]
	],
	"texnames":[
		"\\text{FR}^{5,14,0}_{1155}"
	],
	"barcode":[
		6,
		8,
		4,
		4,
		0,
		9,
		7,
		0,
		7,
		8,
		0,
		3,
		0,
		6,
		8,
		2,
		0,
		8,
		2,
		8,
		2,
		7,
		0,
		4,
		7,
		6,
		6,
		1,
		8,
		9,
		7,
		5,
		4,
		7,
		0,
		8,
		7,
		4,
		4,
		3,
		9,
		7,
		1,
		0,
		1,
		1,
		0,
		5,
		1,
		9,
		4,
		7,
		5,
		8,
		6,
		9,
		5,
		4,
		9,
		5,
		7,
		8,
		1,
		2,
		9,
		2,
		1,
		7,
		7,
		4,
		2,
		4,
		8,
		2,
		0,
		8,
		0,
		3,
		7,
		5,
		3,
		7,
		6,
		2,
		7,
		3,
		5,
		1,
		1,
		3,
		3,
		4,
		4,
		8,
		6,
		9,
		6,
		2,
		9,
		3,
		3,
		5,
		4,
		9,
		1,
		6,
		4,
		7,
		9,
		9,
		8,
		7,
		1,
		4,
		2,
		6,
		4,
		7,
		3,
		8,
		1,
		6,
		1,
		9,
		5,
		7,
		7,
		1,
		3,
		0,
		9,
		2,
		2,
		0,
		5,
		2,
		5,
		7,
		9,
		9,
		4,
		0,
		3,
		8,
		1,
		9
	],
	"formal_code":[
		5,
		14,
		0,
		1155
	],
	"tensor_product_decompositions":{
		"identifiers":[
			"formal_code"
		],
		"value":[]
	},
	"sub_fusion_rings":{
		"identifiers":[
			"injection",
			"formal_code"
		],
		"value":[]
	},
	"numeric_characters":[
		[
			[
				1.0,
				0
			],
			[
				1.0178908345800274e1,
				0
			],
			[
				1.1178908345800274e1,
				0
			],
			[
				1.1178908345800274e1,
				0
			],
			[
				2.3357816691600547e1,
				0
			]
		],
		[
			[
				1.0,
				0
			],
			[
				0.0,
				0
			],
			[
				1.0,
				0
			],
			[
				1.0,
				0
			],
			[
				-1.0,
				0
			]
		],
		[
			[
				1.0,
				0
			],
			[
				-1.1789083458002736,
				0
			],
			[
				-0.1789083458002736,
				0
			],
			[
				-0.1789083458002736,
				0
			],
			[
				0.6421833083994528,
				0
			]
		],
		[
			[
				1.0,
				0
			],
			[
				1.0,
				0
			],
			[
				0.6180339887498949,
				0
			],
			[
				-1.618033988749895,
				0
			],
			[
				0.0,
				0
			]
		],
		[
			[
				1.0,
				0
			],
			[
				1.0,
				0
			],
			[
				-1.618033988749895,
				0
			],
			[
				0.6180339887498949,
				0
			],
			[
				0.0,
				0
			]
		]
	],
	"numeric_frobenius_perron_dimensions":[
		1.0,
		1.0178908345800274e1,
		1.1178908345800274e1,
		1.1178908345800274e1,
		2.3357816691600547e1
	],
	"numeric_frobenius_perron_dimension":9.001337593182216e2,
	"info":"Fusion ring. mult_tab provides structure constants. barcode and formal_code provide unique identifiers see (DOI: 10.1063\/5.0148848). sub_fusion_rings provides tuples where the first element corresponds to the elements of the ring that form the subring isomorphic to the ring identified by the second element of the tuple. software provides doi of original software used to represent fusion ring.",
	"comments":[
		""
	]
}