{
	"references":[
		""
	],
	"software":[
		"https:\/\/doi.org\/10.5281\/zenodo.15920400"
	],
	"mult_tab":[
		[
			[
				1,
				0,
				0,
				0,
				0
			],
			[
				0,
				1,
				0,
				0,
				0
			],
			[
				0,
				0,
				1,
				0,
				0
			],
			[
				0,
				0,
				0,
				1,
				0
			],
			[
				0,
				0,
				0,
				0,
				1
			]
		],
		[
			[
				0,
				1,
				0,
				0,
				0
			],
			[
				1,
				0,
				0,
				0,
				0
			],
			[
				0,
				0,
				1,
				0,
				0
			],
			[
				0,
				0,
				0,
				1,
				0
			],
			[
				0,
				0,
				0,
				0,
				1
			]
		],
		[
			[
				0,
				0,
				1,
				0,
				0
			],
			[
				0,
				0,
				1,
				0,
				0
			],
			[
				1,
				1,
				10,
				6,
				4
			],
			[
				0,
				0,
				6,
				10,
				6
			],
			[
				0,
				0,
				4,
				6,
				12
			]
		],
		[
			[
				0,
				0,
				0,
				1,
				0
			],
			[
				0,
				0,
				0,
				1,
				0
			],
			[
				0,
				0,
				6,
				10,
				6
			],
			[
				1,
				1,
				10,
				5,
				10
			],
			[
				0,
				0,
				6,
				10,
				9
			]
		],
		[
			[
				0,
				0,
				0,
				0,
				1
			],
			[
				0,
				0,
				0,
				0,
				1
			],
			[
				0,
				0,
				4,
				6,
				12
			],
			[
				0,
				0,
				6,
				10,
				9
			],
			[
				1,
				1,
				12,
				9,
				5
			]
		]
	],
	"texnames":[
		"\\text{FR}^{5,12,0}_{1979}"
	],
	"barcode":[
		1,
		3,
		4,
		5,
		7,
		8,
		5,
		2,
		8,
		7,
		0,
		6,
		3,
		2,
		5,
		1,
		9,
		2,
		9,
		5,
		4,
		0,
		9,
		2,
		4,
		6,
		7,
		7,
		1,
		2,
		3,
		4,
		6,
		1,
		3,
		9,
		6,
		0,
		1,
		0,
		1,
		3,
		3,
		2,
		6,
		1,
		6,
		5,
		6,
		2,
		3,
		4,
		8,
		4,
		6,
		0,
		6,
		4,
		3,
		8,
		1,
		2,
		4,
		9,
		6,
		8,
		1,
		0,
		3,
		6,
		1,
		1,
		4,
		1,
		4,
		8,
		6,
		0,
		4,
		8,
		3,
		5,
		4,
		8,
		8,
		8,
		7,
		6,
		5,
		1,
		8,
		5,
		4,
		5,
		0,
		9,
		9,
		3,
		0,
		2,
		1,
		0,
		9,
		1,
		5,
		6,
		5,
		9,
		5,
		9,
		9,
		4,
		1,
		6,
		2,
		7,
		7,
		2,
		8,
		4,
		2,
		7,
		8,
		4,
		6,
		2,
		3,
		0,
		0,
		1,
		6,
		2,
		4,
		5,
		3,
		8,
		7,
		5,
		5
	],
	"formal_code":[
		5,
		12,
		0,
		1979
	],
	"tensor_product_decompositions":{
		"identifiers":[
			"formal_code"
		],
		"value":[]
	},
	"sub_fusion_rings":{
		"identifiers":[
			"injection",
			"formal_code"
		],
		"value":[
			[
				[
					1,
					2
				],
				[
					2,
					1,
					0,
					1
				]
			]
		]
	},
	"numeric_characters":[
		[
			[
				1.0,
				0
			],
			[
				1.0,
				0
			],
			[
				2.1416562680274577e1,
				0
			],
			[
				2.411055568674713e1,
				0
			],
			[
				2.44600490287253e1,
				0
			]
		],
		[
			[
				1.0,
				0
			],
			[
				1.0,
				0
			],
			[
				7.181377463601243,
				0
			],
			[
				1.5734156823360037,
				0
			],
			[
				-7.920521613827158,
				0
			]
		],
		[
			[
				1.0,
				0
			],
			[
				1.0,
				0
			],
			[
				3.6974836659213683,
				0
			],
			[
				-5.846291120459017,
				0
			],
			[
				2.4435738808239345,
				0
			]
		],
		[
			[
				1.0,
				0
			],
			[
				1.0,
				0
			],
			[
				-0.2954238097971884,
				0
			],
			[
				0.16231975137588114,
				0
			],
			[
				1.689870427792061e-2,
				0
			]
		],
		[
			[
				1.0,
				0
			],
			[
				-1.0,
				0
			],
			[
				0.0,
				0
			],
			[
				0.0,
				0
			],
			[
				0.0,
				0
			]
		]
	],
	"numeric_frobenius_perron_dimensions":[
		1.0,
		1.0,
		2.1416562680274577e1,
		2.411055568674713e1,
		2.4460049028725305e1
	],
	"numeric_frobenius_perron_dimension":1.6402820510495096e3,
	"info":"Fusion ring. mult_tab provides structure constants. barcode and formal_code provide unique identifiers see (DOI: 10.1063\/5.0148848). sub_fusion_rings provides tuples where the first element corresponds to the elements of the ring that form the subring isomorphic to the ring identified by the second element of the tuple. software provides doi of original software used to represent fusion ring.",
	"comments":[
		""
	]
}