{
	"references":[
		""
	],
	"software":[
		"https:\/\/doi.org\/10.5281\/zenodo.15920400"
	],
	"mult_tab":[
		[
			[
				1,
				0,
				0,
				0,
				0
			],
			[
				0,
				1,
				0,
				0,
				0
			],
			[
				0,
				0,
				1,
				0,
				0
			],
			[
				0,
				0,
				0,
				1,
				0
			],
			[
				0,
				0,
				0,
				0,
				1
			]
		],
		[
			[
				0,
				1,
				0,
				0,
				0
			],
			[
				1,
				4,
				0,
				1,
				0
			],
			[
				0,
				0,
				0,
				1,
				1
			],
			[
				0,
				1,
				1,
				2,
				4
			],
			[
				0,
				0,
				1,
				4,
				4
			]
		],
		[
			[
				0,
				0,
				1,
				0,
				0
			],
			[
				0,
				0,
				0,
				1,
				1
			],
			[
				1,
				0,
				4,
				1,
				0
			],
			[
				0,
				1,
				1,
				2,
				4
			],
			[
				0,
				1,
				0,
				4,
				4
			]
		],
		[
			[
				0,
				0,
				0,
				1,
				0
			],
			[
				0,
				1,
				1,
				2,
				4
			],
			[
				0,
				1,
				1,
				2,
				4
			],
			[
				1,
				2,
				2,
				13,
				9
			],
			[
				0,
				4,
				4,
				9,
				16
			]
		],
		[
			[
				0,
				0,
				0,
				0,
				1
			],
			[
				0,
				0,
				1,
				4,
				4
			],
			[
				0,
				1,
				0,
				4,
				4
			],
			[
				0,
				4,
				4,
				9,
				16
			],
			[
				1,
				4,
				4,
				16,
				16
			]
		]
	],
	"texnames":[
		"\\text{FR}^{5,16,0}_{1749}"
	],
	"barcode":[
		3,
		7,
		6,
		4,
		1,
		4,
		4,
		3,
		4,
		3,
		0,
		6,
		5,
		8,
		9,
		6,
		9,
		9,
		4,
		3,
		9,
		0,
		0,
		0,
		5,
		8,
		2,
		8,
		2,
		6,
		5,
		5,
		9,
		0,
		2,
		3,
		0,
		5,
		2,
		8,
		0,
		5,
		9,
		7,
		2,
		8,
		7,
		1,
		2,
		9,
		2,
		8,
		4,
		3,
		9,
		8,
		6,
		0,
		9,
		9,
		5,
		0,
		6,
		3,
		8,
		1,
		9,
		0,
		5,
		0,
		9,
		1,
		5,
		7,
		8,
		7,
		4,
		1,
		3,
		6,
		6,
		3,
		0,
		4,
		1,
		1,
		2,
		1,
		3,
		2,
		9,
		9,
		8,
		2,
		4,
		0,
		9,
		6,
		9,
		5,
		9,
		1,
		9,
		5,
		0,
		2,
		4,
		2,
		3,
		7,
		4,
		2,
		1,
		1,
		4,
		8,
		6,
		2,
		0,
		4,
		7,
		7,
		7,
		8,
		9,
		5,
		5,
		5,
		3,
		3,
		7,
		1,
		3,
		3,
		3,
		9,
		4,
		1,
		8,
		2,
		9,
		2,
		4,
		9,
		5,
		9,
		9,
		7,
		1,
		7,
		6,
		1,
		9
	],
	"formal_code":[
		5,
		16,
		0,
		1749
	],
	"tensor_product_decompositions":{
		"identifiers":[
			"formal_code"
		],
		"value":[]
	},
	"sub_fusion_rings":{
		"identifiers":[
			"injection",
			"formal_code"
		],
		"value":[]
	},
	"numeric_characters":[
		[
			[
				1.0,
				0
			],
			[
				7.501844190060777,
				0
			],
			[
				7.501844190060777,
				0
			],
			[
				2.527028949170553e1,
				0
			],
			[
				3.100737676024311e1,
				0
			]
		],
		[
			[
				1.0,
				0
			],
			[
				4.23606797749979,
				0
			],
			[
				-0.2360679774997898,
				0
			],
			[
				0.0,
				0
			],
			[
				-1.0,
				0
			]
		],
		[
			[
				1.0,
				0
			],
			[
				-1.2961586319763747,
				0
			],
			[
				-1.2961586319763747,
				0
			],
			[
				5.864661727152366,
				0
			],
			[
				-4.184634527905499,
				0
			]
		],
		[
			[
				1.0,
				0
			],
			[
				-0.2360679774997898,
				0
			],
			[
				4.23606797749979,
				0
			],
			[
				0.0,
				0
			],
			[
				-1.0,
				0
			]
		],
		[
			[
				1.0,
				0
			],
			[
				-0.20568555808440275,
				0
			],
			[
				-0.20568555808440275,
				0
			],
			[
				-0.13495121885789677,
				0
			],
			[
				0.17725776766238896,
				0
			]
		]
	],
	"numeric_frobenius_perron_dimensions":[
		1.0,
		7.501844190060777,
		7.501844190060777,
		2.5270289491705533e1,
		3.100737676024311e1
	],
	"numeric_frobenius_perron_dimension":1.713600277050165e3,
	"info":"Fusion ring. mult_tab provides structure constants. barcode and formal_code provide unique identifiers see (DOI: 10.1063\/5.0148848). sub_fusion_rings provides tuples where the first element corresponds to the elements of the ring that form the subring isomorphic to the ring identified by the second element of the tuple. software provides doi of original software used to represent fusion ring.",
	"comments":[
		""
	]
}