{
	"references":[
		""
	],
	"software":[
		"https:\/\/doi.org\/10.5281\/zenodo.15920400"
	],
	"mult_tab":[
		[
			[
				1,
				0,
				0,
				0,
				0
			],
			[
				0,
				1,
				0,
				0,
				0
			],
			[
				0,
				0,
				1,
				0,
				0
			],
			[
				0,
				0,
				0,
				1,
				0
			],
			[
				0,
				0,
				0,
				0,
				1
			]
		],
		[
			[
				0,
				1,
				0,
				0,
				0
			],
			[
				1,
				2,
				6,
				2,
				4
			],
			[
				0,
				6,
				1,
				6,
				4
			],
			[
				0,
				2,
				6,
				7,
				6
			],
			[
				0,
				4,
				4,
				6,
				9
			]
		],
		[
			[
				0,
				0,
				1,
				0,
				0
			],
			[
				0,
				6,
				1,
				6,
				4
			],
			[
				1,
				1,
				9,
				4,
				6
			],
			[
				0,
				6,
				4,
				8,
				8
			],
			[
				0,
				4,
				6,
				8,
				10
			]
		],
		[
			[
				0,
				0,
				0,
				1,
				0
			],
			[
				0,
				2,
				6,
				7,
				6
			],
			[
				0,
				6,
				4,
				8,
				8
			],
			[
				1,
				7,
				8,
				7,
				12
			],
			[
				0,
				6,
				8,
				12,
				11
			]
		],
		[
			[
				0,
				0,
				0,
				0,
				1
			],
			[
				0,
				4,
				4,
				6,
				9
			],
			[
				0,
				4,
				6,
				8,
				10
			],
			[
				0,
				6,
				8,
				12,
				11
			],
			[
				1,
				9,
				10,
				11,
				12
			]
		]
	],
	"texnames":[
		"\\text{FR}^{5,12,0}_{1237}"
	],
	"barcode":[
		1,
		3,
		4,
		5,
		7,
		8,
		5,
		2,
		8,
		7,
		0,
		6,
		3,
		2,
		5,
		1,
		9,
		2,
		9,
		5,
		4,
		0,
		9,
		2,
		4,
		6,
		7,
		7,
		1,
		2,
		3,
		4,
		6,
		1,
		9,
		0,
		3,
		2,
		8,
		5,
		9,
		5,
		1,
		1,
		8,
		4,
		5,
		0,
		5,
		5,
		8,
		8,
		1,
		2,
		8,
		7,
		9,
		2,
		9,
		3,
		8,
		5,
		1,
		0,
		9,
		5,
		9,
		1,
		1,
		4,
		3,
		1,
		6,
		9,
		9,
		5,
		5,
		7,
		6,
		9,
		5,
		5,
		7,
		0,
		6,
		9,
		0,
		2,
		1,
		1,
		9,
		5,
		9,
		3,
		4,
		4,
		9,
		1,
		0,
		8,
		5,
		0,
		3,
		1,
		8,
		0,
		9,
		5,
		3,
		4,
		4,
		6,
		0,
		1,
		8,
		6,
		8,
		1,
		6,
		9,
		3,
		5,
		4,
		4,
		2,
		1,
		4,
		4,
		2,
		2,
		9,
		0,
		5,
		1,
		7,
		7,
		3,
		1,
		5
	],
	"formal_code":[
		5,
		12,
		0,
		1237
	],
	"tensor_product_decompositions":{
		"identifiers":[
			"formal_code"
		],
		"value":[]
	},
	"sub_fusion_rings":{
		"identifiers":[
			"injection",
			"formal_code"
		],
		"value":[]
	},
	"numeric_characters":[
		[
			[
				1.0,
				0
			],
			[
				1.950080033927624e1,
				0
			],
			[
				2.3701849915947413e1,
				0
			],
			[
				3.0857469308174405e1,
				0
			],
			[
				3.408839377043263e1,
				0
			]
		],
		[
			[
				1.0,
				0
			],
			[
				2.685674659986601,
				0
			],
			[
				2.238206461930425,
				0
			],
			[
				6.164491725909589e-2,
				0
			],
			[
				-3.1777573866949496,
				0
			]
		],
		[
			[
				1.0,
				0
			],
			[
				2.544693825009084,
				0
			],
			[
				-0.1055621313781361,
				0
			],
			[
				-4.112668980959779,
				0
			],
			[
				2.311197440802392,
				0
			]
		],
		[
			[
				1.0,
				0
			],
			[
				-5.568113139013531,
				0
			],
			[
				7.35961418479235,
				0
			],
			[
				-2.9781312223129697,
				0
			],
			[
				0.7346718856885041,
				0
			]
		],
		[
			[
				1.0,
				0
			],
			[
				-0.16305568525839342,
				0
			],
			[
				-0.19410843129205116,
				0
			],
			[
				0.17168597783924772,
				0
			],
			[
				4.349428977142066e-2,
				0
			]
		]
	],
	"numeric_frobenius_perron_dimensions":[
		1.0,
		1.950080033927624e1,
		2.3701849915947413e1,
		3.0857469308174405e1,
		3.408839377043263e1
	],
	"numeric_frobenius_perron_dimension":3.0572609052634084e3,
	"info":"Fusion ring. mult_tab provides structure constants. barcode and formal_code provide unique identifiers see (DOI: 10.1063\/5.0148848). sub_fusion_rings provides tuples where the first element corresponds to the elements of the ring that form the subring isomorphic to the ring identified by the second element of the tuple. software provides doi of original software used to represent fusion ring.",
	"comments":[
		""
	]
}