{
	"references":[
		""
	],
	"software":[
		"https:\/\/doi.org\/10.5281\/zenodo.15920400"
	],
	"mult_tab":[
		[
			[
				1,
				0,
				0,
				0,
				0
			],
			[
				0,
				1,
				0,
				0,
				0
			],
			[
				0,
				0,
				1,
				0,
				0
			],
			[
				0,
				0,
				0,
				1,
				0
			],
			[
				0,
				0,
				0,
				0,
				1
			]
		],
		[
			[
				0,
				1,
				0,
				0,
				0
			],
			[
				1,
				2,
				1,
				1,
				1
			],
			[
				0,
				1,
				2,
				3,
				4
			],
			[
				0,
				1,
				3,
				3,
				4
			],
			[
				0,
				1,
				4,
				4,
				4
			]
		],
		[
			[
				0,
				0,
				1,
				0,
				0
			],
			[
				0,
				1,
				2,
				3,
				4
			],
			[
				1,
				2,
				13,
				7,
				5
			],
			[
				0,
				3,
				7,
				11,
				8
			],
			[
				0,
				4,
				5,
				8,
				16
			]
		],
		[
			[
				0,
				0,
				0,
				1,
				0
			],
			[
				0,
				1,
				3,
				3,
				4
			],
			[
				0,
				3,
				7,
				11,
				8
			],
			[
				1,
				3,
				11,
				4,
				13
			],
			[
				0,
				4,
				8,
				13,
				12
			]
		],
		[
			[
				0,
				0,
				0,
				0,
				1
			],
			[
				0,
				1,
				4,
				4,
				4
			],
			[
				0,
				4,
				5,
				8,
				16
			],
			[
				0,
				4,
				8,
				13,
				12
			],
			[
				1,
				4,
				16,
				12,
				12
			]
		]
	],
	"texnames":[
		"\\text{FR}^{5,16,0}_{1379}"
	],
	"barcode":[
		3,
		7,
		6,
		4,
		1,
		4,
		4,
		3,
		4,
		3,
		0,
		6,
		5,
		8,
		9,
		6,
		9,
		9,
		4,
		3,
		9,
		0,
		0,
		0,
		5,
		8,
		2,
		8,
		2,
		6,
		5,
		5,
		9,
		0,
		2,
		3,
		0,
		5,
		2,
		2,
		1,
		6,
		8,
		6,
		0,
		7,
		1,
		0,
		3,
		1,
		3,
		5,
		3,
		8,
		2,
		5,
		1,
		9,
		3,
		2,
		3,
		5,
		9,
		6,
		1,
		1,
		8,
		8,
		7,
		0,
		2,
		5,
		5,
		3,
		0,
		7,
		3,
		9,
		0,
		9,
		7,
		3,
		1,
		8,
		4,
		0,
		8,
		4,
		1,
		7,
		9,
		2,
		7,
		0,
		3,
		4,
		5,
		6,
		0,
		7,
		3,
		0,
		6,
		8,
		0,
		2,
		1,
		7,
		5,
		7,
		2,
		2,
		1,
		9,
		3,
		3,
		6,
		4,
		0,
		2,
		2,
		9,
		0,
		9,
		0,
		7,
		7,
		8,
		1,
		1,
		7,
		0,
		1,
		2,
		6,
		4,
		7,
		9,
		1,
		1,
		4,
		9,
		8,
		0,
		9,
		2,
		9,
		7,
		7,
		4,
		1,
		6,
		2
	],
	"formal_code":[
		5,
		16,
		0,
		1379
	],
	"tensor_product_decompositions":{
		"identifiers":[
			"formal_code"
		],
		"value":[]
	},
	"sub_fusion_rings":{
		"identifiers":[
			"injection",
			"formal_code"
		],
		"value":[]
	},
	"numeric_characters":[
		[
			[
				1.0,
				0
			],
			[
				1.0809491461809023e1,
				0
			],
			[
				2.788907392260179e1,
				0
			],
			[
				3.0469128129697154e1,
				0
			],
			[
				3.586792068700515e1,
				0
			]
		],
		[
			[
				1.0,
				0
			],
			[
				-1.1485626323348113,
				0
			],
			[
				9.499261343992238,
				0
			],
			[
				1.2286968344347313,
				0
			],
			[
				-8.111636793361475,
				0
			]
		],
		[
			[
				1.0,
				0
			],
			[
				2.1259416695062145,
				0
			],
			[
				-0.14350136308584424,
				0
			],
			[
				-0.21100150438519366,
				0
			],
			[
				-0.3777524893985206,
				0
			]
		],
		[
			[
				1.0,
				0
			],
			[
				-0.45038980793930955,
				0
			],
			[
				-0.10891648747758755,
				0
			],
			[
				0.13291067103631948,
				0
			],
			[
				7.963641141549527e-2,
				0
			]
		],
		[
			[
				1.0,
				0
			],
			[
				-0.33648069104111544,
				0
			],
			[
				3.864082583969405,
				0
			],
			[
				-7.619734130783011,
				0
			],
			[
				3.5418321843393437,
				0
			]
		]
	],
	"numeric_frobenius_perron_dimensions":[
		1.0,
		1.0809491461809023e1,
		2.788907392260179e1,
		3.0469128129697154e1,
		3.586792068700515e1
	],
	"numeric_frobenius_perron_dimension":3.1105210533164636e3,
	"info":"Fusion ring. mult_tab provides structure constants. barcode and formal_code provide unique identifiers see (DOI: 10.1063\/5.0148848). sub_fusion_rings provides tuples where the first element corresponds to the elements of the ring that form the subring isomorphic to the ring identified by the second element of the tuple. software provides doi of original software used to represent fusion ring.",
	"comments":[
		""
	]
}