{
	"references":[
		""
	],
	"software":[
		"https:\/\/doi.org\/10.5281\/zenodo.15920400"
	],
	"mult_tab":[
		[
			[
				1,
				0,
				0,
				0,
				0
			],
			[
				0,
				1,
				0,
				0,
				0
			],
			[
				0,
				0,
				1,
				0,
				0
			],
			[
				0,
				0,
				0,
				1,
				0
			],
			[
				0,
				0,
				0,
				0,
				1
			]
		],
		[
			[
				0,
				1,
				0,
				0,
				0
			],
			[
				1,
				0,
				1,
				1,
				0
			],
			[
				0,
				1,
				0,
				0,
				2
			],
			[
				0,
				1,
				0,
				1,
				3
			],
			[
				0,
				0,
				2,
				3,
				1
			]
		],
		[
			[
				0,
				0,
				1,
				0,
				0
			],
			[
				0,
				1,
				0,
				0,
				2
			],
			[
				1,
				0,
				0,
				4,
				0
			],
			[
				0,
				0,
				4,
				3,
				2
			],
			[
				0,
				2,
				0,
				2,
				5
			]
		],
		[
			[
				0,
				0,
				0,
				1,
				0
			],
			[
				0,
				1,
				0,
				1,
				3
			],
			[
				0,
				0,
				4,
				3,
				2
			],
			[
				1,
				1,
				3,
				7,
				4
			],
			[
				0,
				3,
				2,
				4,
				8
			]
		],
		[
			[
				0,
				0,
				0,
				0,
				1
			],
			[
				0,
				0,
				2,
				3,
				1
			],
			[
				0,
				2,
				0,
				2,
				5
			],
			[
				0,
				3,
				2,
				4,
				8
			],
			[
				1,
				1,
				5,
				8,
				5
			]
		]
	],
	"texnames":[
		"\\text{FR}^{5,8,0}_{517}"
	],
	"barcode":[
		2,
		1,
		1,
		8,
		7,
		1,
		2,
		2,
		9,
		9,
		1,
		3,
		9,
		8,
		3,
		2,
		0,
		3,
		2,
		5,
		8,
		3,
		1,
		9,
		3,
		6,
		7,
		6,
		2,
		1,
		4,
		3,
		4,
		3,
		6,
		4,
		5,
		1,
		9,
		2,
		5,
		0,
		2,
		5,
		4,
		2,
		9,
		9,
		5,
		8,
		1,
		1,
		5,
		6,
		5,
		3,
		2,
		0,
		2,
		9,
		9,
		3,
		9,
		6,
		9,
		8,
		4,
		5,
		6,
		2,
		0,
		5,
		1,
		0,
		1,
		4,
		2,
		4,
		1,
		8,
		6,
		1,
		9,
		2,
		1,
		9,
		5,
		6,
		3,
		5,
		2,
		3,
		5,
		6,
		9,
		9,
		2,
		6,
		6,
		4,
		9,
		4,
		3,
		0,
		4,
		7,
		7,
		4,
		9,
		5,
		1,
		6,
		5,
		7,
		7,
		1,
		8,
		5,
		5
	],
	"formal_code":[
		5,
		8,
		0,
		517
	],
	"tensor_product_decompositions":{
		"identifiers":[
			"formal_code"
		],
		"value":[]
	},
	"sub_fusion_rings":{
		"identifiers":[
			"injection",
			"formal_code"
		],
		"value":[]
	},
	"numeric_characters":[
		[
			[
				1.0,
				0
			],
			[
				4.683804827969405,
				0
			],
			[
				7.420833862564292,
				0
			],
			[
				1.3517193803945215e1,
				0
			],
			[
				1.5036966322534036e1,
				0
			]
		],
		[
			[
				1.0,
				0
			],
			[
				0.30066585898184334,
				0
			],
			[
				-3.1668761009760886,
				0
			],
			[
				2.2572760597333783,
				0
			],
			[
				-0.6264186910854449,
				0
			]
		],
		[
			[
				1.0,
				0
			],
			[
				1.0501549647901218,
				0
			],
			[
				0.32622049692056676,
				0
			],
			[
				-0.22339504684722464,
				0
			],
			[
				-0.353786445166344,
				0
			]
		],
		[
			[
				1.0,
				0
			],
			[
				-0.849056678911654,
				0
			],
			[
				-2.931763695466387e-2,
				0
			],
			[
				-0.24978511904084863,
				0
			],
			[
				0.43697450718895925,
				0
			]
		],
		[
			[
				1.0,
				0
			],
			[
				-3.1855689728297163,
				0
			],
			[
				4.449139378445894,
				0
			],
			[
				4.698710302209479,
				0
			],
			[
				-5.493735693471207,
				0
			]
		]
	],
	"numeric_frobenius_perron_dimensions":[
		1.0,
		4.683804827969405,
		7.420833862564291,
		1.3517193803945215e1,
		1.5036966322534036e1
	],
	"numeric_frobenius_perron_dimension":4.86831687400728e2,
	"info":"Fusion ring. mult_tab provides structure constants. barcode and formal_code provide unique identifiers see (DOI: 10.1063\/5.0148848). sub_fusion_rings provides tuples where the first element corresponds to the elements of the ring that form the subring isomorphic to the ring identified by the second element of the tuple. software provides doi of original software used to represent fusion ring.",
	"comments":[
		""
	]
}