{
	"references":[
		""
	],
	"software":[
		"https:\/\/doi.org\/10.5281\/zenodo.15920400"
	],
	"mult_tab":[
		[
			[
				1,
				0,
				0,
				0,
				0
			],
			[
				0,
				1,
				0,
				0,
				0
			],
			[
				0,
				0,
				1,
				0,
				0
			],
			[
				0,
				0,
				0,
				1,
				0
			],
			[
				0,
				0,
				0,
				0,
				1
			]
		],
		[
			[
				0,
				1,
				0,
				0,
				0
			],
			[
				1,
				11,
				1,
				8,
				2
			],
			[
				0,
				1,
				8,
				2,
				11
			],
			[
				0,
				8,
				2,
				11,
				5
			],
			[
				0,
				2,
				11,
				5,
				12
			]
		],
		[
			[
				0,
				0,
				1,
				0,
				0
			],
			[
				0,
				1,
				8,
				2,
				11
			],
			[
				1,
				8,
				11,
				11,
				1
			],
			[
				0,
				2,
				11,
				6,
				10
			],
			[
				0,
				11,
				1,
				10,
				15
			]
		],
		[
			[
				0,
				0,
				0,
				1,
				0
			],
			[
				0,
				8,
				2,
				11,
				5
			],
			[
				0,
				2,
				11,
				6,
				10
			],
			[
				1,
				11,
				6,
				9,
				7
			],
			[
				0,
				5,
				10,
				7,
				16
			]
		],
		[
			[
				0,
				0,
				0,
				0,
				1
			],
			[
				0,
				2,
				11,
				5,
				12
			],
			[
				0,
				11,
				1,
				10,
				15
			],
			[
				0,
				5,
				10,
				7,
				16
			],
			[
				1,
				12,
				15,
				16,
				9
			]
		]
	],
	"texnames":[
		"\\text{FR}^{5,16,0}_{746}"
	],
	"barcode":[
		3,
		7,
		6,
		4,
		1,
		4,
		4,
		3,
		4,
		3,
		0,
		6,
		5,
		8,
		9,
		6,
		9,
		9,
		4,
		3,
		9,
		0,
		0,
		0,
		5,
		8,
		2,
		8,
		2,
		6,
		5,
		5,
		9,
		0,
		2,
		3,
		0,
		4,
		2,
		3,
		5,
		4,
		4,
		5,
		7,
		5,
		4,
		9,
		3,
		0,
		1,
		8,
		0,
		2,
		6,
		8,
		7,
		7,
		2,
		9,
		3,
		4,
		4,
		6,
		7,
		4,
		1,
		5,
		3,
		1,
		9,
		2,
		8,
		8,
		1,
		2,
		6,
		1,
		7,
		2,
		9,
		7,
		9,
		6,
		2,
		6,
		3,
		9,
		8,
		6,
		9,
		0,
		2,
		7,
		5,
		2,
		2,
		5,
		8,
		1,
		3,
		1,
		5,
		3,
		2,
		8,
		4,
		5,
		4,
		0,
		9,
		8,
		7,
		0,
		9,
		8,
		1,
		6,
		5,
		9,
		5,
		8,
		7,
		9,
		1,
		1,
		5,
		8,
		2,
		4,
		8,
		9,
		8,
		6,
		5,
		6,
		6,
		8,
		8,
		2,
		1,
		0,
		8,
		6,
		9,
		6,
		2,
		1,
		3,
		4,
		1,
		3,
		1
	],
	"formal_code":[
		5,
		16,
		0,
		746
	],
	"tensor_product_decompositions":{
		"identifiers":[
			"formal_code"
		],
		"value":[]
	},
	"sub_fusion_rings":{
		"identifiers":[
			"injection",
			"formal_code"
		],
		"value":[]
	},
	"numeric_characters":[
		[
			[
				1.0,
				0
			],
			[
				2.5525595324282165e1,
				0
			],
			[
				3.061495173816201e1,
				0
			],
			[
				3.224661143415354e1,
				0
			],
			[
				4.059331244026063e1,
				0
			]
		],
		[
			[
				1.0,
				0
			],
			[
				1.5060558877886843e1,
				0
			],
			[
				-1.0859274631318065e1,
				0
			],
			[
				1.1483516442194652e1,
				0
			],
			[
				-1.0427285424349117e1,
				0
			]
		],
		[
			[
				1.0,
				0
			],
			[
				-1.4792147345643372,
				0
			],
			[
				1.2275495675480359e1,
				0
			],
			[
				3.4141554581611344,
				0
			],
			[
				-1.1064650514804741e1,
				0
			]
		],
		[
			[
				1.0,
				0
			],
			[
				3.0668039735823704,
				0
			],
			[
				1.0517659614509605,
				0
			],
			[
				-3.258140599673494,
				0
			],
			[
				-0.1580991305442344,
				0
			]
		],
		[
			[
				1.0,
				0
			],
			[
				-0.1737434411870392,
				0
			],
			[
				-8.293874377526346e-2,
				0
			],
			[
				0.11385726516416088,
				0
			],
			[
				5.672262943746087e-2,
				0
			]
		]
	],
	"numeric_frobenius_perron_dimensions":[
		1.0,
		2.5525595324282165e1,
		3.061495173816201e1,
		3.224661143415354e1,
		4.059331244026063e1
	],
	"numeric_frobenius_perron_dimension":4.277492250446905e3,
	"info":"Fusion ring. mult_tab provides structure constants. barcode and formal_code provide unique identifiers see (DOI: 10.1063\/5.0148848). sub_fusion_rings provides tuples where the first element corresponds to the elements of the ring that form the subring isomorphic to the ring identified by the second element of the tuple. software provides doi of original software used to represent fusion ring.",
	"comments":[
		""
	]
}