{
	"references":[
		""
	],
	"software":[
		"https:\/\/doi.org\/10.5281\/zenodo.15920400"
	],
	"mult_tab":[
		[
			[
				1,
				0,
				0,
				0,
				0
			],
			[
				0,
				1,
				0,
				0,
				0
			],
			[
				0,
				0,
				1,
				0,
				0
			],
			[
				0,
				0,
				0,
				1,
				0
			],
			[
				0,
				0,
				0,
				0,
				1
			]
		],
		[
			[
				0,
				1,
				0,
				0,
				0
			],
			[
				1,
				0,
				0,
				0,
				0
			],
			[
				0,
				0,
				1,
				0,
				0
			],
			[
				0,
				0,
				0,
				1,
				0
			],
			[
				0,
				0,
				0,
				0,
				1
			]
		],
		[
			[
				0,
				0,
				1,
				0,
				0
			],
			[
				0,
				0,
				1,
				0,
				0
			],
			[
				1,
				1,
				10,
				2,
				6
			],
			[
				0,
				0,
				2,
				9,
				7
			],
			[
				0,
				0,
				6,
				7,
				7
			]
		],
		[
			[
				0,
				0,
				0,
				1,
				0
			],
			[
				0,
				0,
				0,
				1,
				0
			],
			[
				0,
				0,
				2,
				9,
				7
			],
			[
				1,
				1,
				9,
				3,
				6
			],
			[
				0,
				0,
				7,
				6,
				7
			]
		],
		[
			[
				0,
				0,
				0,
				0,
				1
			],
			[
				0,
				0,
				0,
				0,
				1
			],
			[
				0,
				0,
				6,
				7,
				7
			],
			[
				0,
				0,
				7,
				6,
				7
			],
			[
				1,
				1,
				7,
				7,
				8
			]
		]
	],
	"texnames":[
		"\\text{FR}^{5,10,0}_{1037}"
	],
	"barcode":[
		1,
		3,
		5,
		7,
		3,
		5,
		4,
		2,
		4,
		2,
		7,
		5,
		2,
		9,
		3,
		3,
		8,
		1,
		9,
		3,
		4,
		5,
		1,
		1,
		6,
		7,
		9,
		7,
		8,
		9,
		8,
		7,
		7,
		9,
		6,
		8,
		2,
		8,
		6,
		3,
		3,
		8,
		4,
		3,
		5,
		8,
		1,
		0,
		9,
		3,
		7,
		8,
		4,
		6,
		1,
		9,
		5,
		3,
		5,
		7,
		2,
		2,
		2,
		9,
		8,
		7,
		3,
		8,
		8,
		5,
		7,
		0,
		4,
		7,
		5,
		7,
		4,
		8,
		6,
		6,
		3,
		1,
		2,
		1,
		1,
		7,
		2,
		6,
		3,
		8,
		9,
		0,
		0,
		7,
		7,
		6,
		8,
		3,
		6,
		6,
		9,
		0,
		4,
		3,
		2,
		9,
		9,
		4,
		3,
		6,
		2,
		1,
		0,
		3,
		0,
		8,
		5,
		6,
		8,
		5,
		3,
		0,
		3,
		1,
		5,
		9,
		8,
		8,
		4,
		6
	],
	"formal_code":[
		5,
		10,
		0,
		1037
	],
	"tensor_product_decompositions":{
		"identifiers":[
			"formal_code"
		],
		"value":[]
	},
	"sub_fusion_rings":{
		"identifiers":[
			"injection",
			"formal_code"
		],
		"value":[
			[
				[
					1,
					2
				],
				[
					2,
					1,
					0,
					1
				]
			]
		]
	},
	"numeric_characters":[
		[
			[
				1.0,
				0
			],
			[
				1.0,
				0
			],
			[
				1.874679434480896e1,
				0
			],
			[
				1.874679434480896e1,
				0
			],
			[
				2.074679434480896e1,
				0
			]
		],
		[
			[
				1.0,
				0
			],
			[
				1.0,
				0
			],
			[
				7.741657386773941,
				0
			],
			[
				-6.741657386773941,
				0
			],
			[
				-1.0,
				0
			]
		],
		[
			[
				1.0,
				0
			],
			[
				1.0,
				0
			],
			[
				0.25834261322605867,
				0
			],
			[
				0.7416573867739413,
				0
			],
			[
				-1.0,
				0
			]
		],
		[
			[
				1.0,
				0
			],
			[
				1.0,
				0
			],
			[
				-0.7467943448089631,
				0
			],
			[
				-0.7467943448089631,
				0
			],
			[
				1.2532056551910369,
				0
			]
		],
		[
			[
				1.0,
				0
			],
			[
				-1.0,
				0
			],
			[
				0.0,
				0
			],
			[
				0.0,
				0
			],
			[
				0.0,
				0
			]
		]
	],
	"numeric_frobenius_perron_dimensions":[
		1.0,
		1.0,
		1.874679434480896e1,
		1.874679434480896e1,
		2.074679434480896e1
	],
	"numeric_frobenius_perron_dimension":1.1353140719989196e3,
	"info":"Fusion ring. mult_tab provides structure constants. barcode and formal_code provide unique identifiers see (DOI: 10.1063\/5.0148848). sub_fusion_rings provides tuples where the first element corresponds to the elements of the ring that form the subring isomorphic to the ring identified by the second element of the tuple. software provides doi of original software used to represent fusion ring.",
	"comments":[
		""
	]
}