{
	"references":[
		""
	],
	"software":[
		"https:\/\/doi.org\/10.5281\/zenodo.15920400"
	],
	"mult_tab":[
		[
			[
				1,
				0,
				0,
				0,
				0
			],
			[
				0,
				1,
				0,
				0,
				0
			],
			[
				0,
				0,
				1,
				0,
				0
			],
			[
				0,
				0,
				0,
				1,
				0
			],
			[
				0,
				0,
				0,
				0,
				1
			]
		],
		[
			[
				0,
				1,
				0,
				0,
				0
			],
			[
				1,
				3,
				1,
				5,
				1
			],
			[
				0,
				1,
				4,
				1,
				7
			],
			[
				0,
				5,
				1,
				6,
				5
			],
			[
				0,
				1,
				7,
				5,
				6
			]
		],
		[
			[
				0,
				0,
				1,
				0,
				0
			],
			[
				0,
				1,
				4,
				1,
				7
			],
			[
				1,
				4,
				5,
				9,
				4
			],
			[
				0,
				1,
				9,
				6,
				8
			],
			[
				0,
				7,
				4,
				8,
				11
			]
		],
		[
			[
				0,
				0,
				0,
				1,
				0
			],
			[
				0,
				5,
				1,
				6,
				5
			],
			[
				0,
				1,
				9,
				6,
				8
			],
			[
				1,
				6,
				6,
				11,
				7
			],
			[
				0,
				5,
				8,
				7,
				14
			]
		],
		[
			[
				0,
				0,
				0,
				0,
				1
			],
			[
				0,
				1,
				7,
				5,
				6
			],
			[
				0,
				7,
				4,
				8,
				11
			],
			[
				0,
				5,
				8,
				7,
				14
			],
			[
				1,
				6,
				11,
				14,
				11
			]
		]
	],
	"texnames":[
		"\\text{FR}^{5,14,0}_{1068}"
	],
	"barcode":[
		6,
		8,
		4,
		4,
		0,
		9,
		7,
		0,
		7,
		8,
		0,
		3,
		0,
		6,
		8,
		2,
		0,
		8,
		2,
		8,
		2,
		7,
		0,
		4,
		7,
		6,
		6,
		1,
		8,
		9,
		7,
		5,
		4,
		7,
		1,
		1,
		2,
		2,
		4,
		5,
		8,
		6,
		4,
		2,
		9,
		0,
		4,
		6,
		9,
		6,
		5,
		2,
		0,
		5,
		7,
		9,
		2,
		9,
		7,
		2,
		7,
		4,
		7,
		9,
		9,
		8,
		0,
		3,
		3,
		3,
		1,
		7,
		0,
		5,
		4,
		2,
		7,
		4,
		9,
		5,
		7,
		7,
		4,
		5,
		5,
		5,
		3,
		8,
		6,
		0,
		0,
		4,
		6,
		9,
		9,
		6,
		3,
		8,
		5,
		3,
		1,
		8,
		7,
		4,
		7,
		9,
		4,
		1,
		1,
		9,
		6,
		3,
		2,
		0,
		1,
		3,
		7,
		6,
		4,
		2,
		3,
		7,
		5,
		2,
		1,
		3,
		5,
		1,
		9,
		6,
		8,
		6,
		4,
		3,
		7,
		0,
		2,
		2,
		3,
		3,
		0,
		3,
		0,
		2,
		4,
		3
	],
	"formal_code":[
		5,
		14,
		0,
		1068
	],
	"tensor_product_decompositions":{
		"identifiers":[
			"formal_code"
		],
		"value":[]
	},
	"sub_fusion_rings":{
		"identifiers":[
			"injection",
			"formal_code"
		],
		"value":[]
	},
	"numeric_characters":[
		[
			[
				1.0,
				0
			],
			[
				1.5640312940527725e1,
				0
			],
			[
				2.3817769780086618e1,
				0
			],
			[
				2.7898787679019403e1,
				0
			],
			[
				3.338674188087219e1,
				0
			]
		],
		[
			[
				1.0,
				0
			],
			[
				6.7198847212485875,
				0
			],
			[
				-6.391838548217762,
				0
			],
			[
				6.965535120253802,
				0
			],
			[
				-4.438640549926804,
				0
			]
		],
		[
			[
				1.0,
				0
			],
			[
				0.7807588597901028,
				0
			],
			[
				0.5082260605263212,
				0
			],
			[
				-0.5961637234390581,
				0
			],
			[
				-0.2600996255605976,
				0
			]
		],
		[
			[
				1.0,
				0
			],
			[
				-3.491818403324457,
				0
			],
			[
				5.513572941846167,
				0
			],
			[
				4.438165148233187,
				0
			],
			[
				-6.036147711243373,
				0
			]
		],
		[
			[
				1.0,
				0
			],
			[
				-0.6491381182419574,
				0
			],
			[
				-0.44773023424134534,
				0
			],
			[
				0.2936757759326674,
				0
			],
			[
				0.34814600585858985,
				0
			]
		]
	],
	"numeric_frobenius_perron_dimensions":[
		1.0,
		1.5640312940527723e1,
		2.3817769780086618e1,
		2.7898787679019403e1,
		3.338674188087219e1
	],
	"numeric_frobenius_perron_dimension":2.7059224335538356e3,
	"info":"Fusion ring. mult_tab provides structure constants. barcode and formal_code provide unique identifiers see (DOI: 10.1063\/5.0148848). sub_fusion_rings provides tuples where the first element corresponds to the elements of the ring that form the subring isomorphic to the ring identified by the second element of the tuple. software provides doi of original software used to represent fusion ring.",
	"comments":[
		""
	]
}