{
	"references":[
		""
	],
	"software":[
		"https:\/\/doi.org\/10.5281\/zenodo.15920400"
	],
	"mult_tab":[
		[
			[
				1,
				0,
				0,
				0,
				0
			],
			[
				0,
				1,
				0,
				0,
				0
			],
			[
				0,
				0,
				1,
				0,
				0
			],
			[
				0,
				0,
				0,
				1,
				0
			],
			[
				0,
				0,
				0,
				0,
				1
			]
		],
		[
			[
				0,
				1,
				0,
				0,
				0
			],
			[
				1,
				8,
				8,
				0,
				0
			],
			[
				0,
				8,
				5,
				4,
				0
			],
			[
				0,
				0,
				4,
				3,
				8
			],
			[
				0,
				0,
				0,
				8,
				11
			]
		],
		[
			[
				0,
				0,
				1,
				0,
				0
			],
			[
				0,
				8,
				5,
				4,
				0
			],
			[
				1,
				5,
				8,
				0,
				4
			],
			[
				0,
				4,
				0,
				8,
				6
			],
			[
				0,
				0,
				4,
				6,
				12
			]
		],
		[
			[
				0,
				0,
				0,
				1,
				0
			],
			[
				0,
				0,
				4,
				3,
				8
			],
			[
				0,
				4,
				0,
				8,
				6
			],
			[
				1,
				3,
				8,
				2,
				9
			],
			[
				0,
				8,
				6,
				9,
				8
			]
		],
		[
			[
				0,
				0,
				0,
				0,
				1
			],
			[
				0,
				0,
				0,
				8,
				11
			],
			[
				0,
				0,
				4,
				6,
				12
			],
			[
				0,
				8,
				6,
				9,
				8
			],
			[
				1,
				11,
				12,
				8,
				11
			]
		]
	],
	"texnames":[
		"\\text{FR}^{5,12,0}_{121}"
	],
	"barcode":[
		1,
		3,
		4,
		5,
		7,
		8,
		5,
		2,
		8,
		7,
		0,
		6,
		3,
		2,
		5,
		1,
		9,
		2,
		9,
		5,
		4,
		0,
		9,
		2,
		4,
		6,
		7,
		7,
		1,
		2,
		3,
		4,
		6,
		1,
		7,
		2,
		8,
		2,
		4,
		0,
		9,
		4,
		5,
		9,
		6,
		0,
		4,
		3,
		2,
		4,
		1,
		9,
		6,
		6,
		0,
		4,
		2,
		5,
		5,
		2,
		0,
		1,
		9,
		1,
		6,
		4,
		4,
		4,
		1,
		8,
		1,
		6,
		1,
		0,
		3,
		1,
		0,
		0,
		7,
		9,
		1,
		7,
		2,
		3,
		0,
		4,
		9,
		2,
		9,
		1,
		2,
		1,
		6,
		2,
		0,
		8,
		0,
		6,
		5,
		2,
		6,
		3,
		3,
		2,
		3,
		7,
		7,
		8,
		4,
		3,
		1,
		8,
		5,
		2,
		2,
		2,
		2,
		9,
		0,
		3,
		0,
		9,
		8,
		4,
		2,
		8,
		3,
		3,
		3,
		9,
		0,
		6,
		4,
		9,
		9,
		9,
		1,
		9,
		4
	],
	"formal_code":[
		5,
		12,
		0,
		121
	],
	"tensor_product_decompositions":{
		"identifiers":[
			"formal_code"
		],
		"value":[]
	},
	"sub_fusion_rings":{
		"identifiers":[
			"injection",
			"formal_code"
		],
		"value":[]
	},
	"numeric_characters":[
		[
			[
				1.0,
				0
			],
			[
				1.6992779454004797e1,
				0
			],
			[
				1.8976539742551147e1,
				0
			],
			[
				2.2909805075133622e1,
				0
			],
			[
				3.0583211347547497e1,
				0
			]
		],
		[
			[
				1.0,
				0
			],
			[
				1.4060720542199329e1,
				0
			],
			[
				1.0527262228528944e1,
				0
			],
			[
				-4.275295802610836,
				0
			],
			[
				-1.1174612627754003e1,
				0
			]
		],
		[
			[
				1.0,
				0
			],
			[
				-4.646855463534244,
				0
			],
			[
				7.2210136759065024,
				0
			],
			[
				-8.121307880850045,
				0
			],
			[
				4.152301604511985,
				0
			]
		],
		[
			[
				1.0,
				0
			],
			[
				0.9180806655228628,
				0
			],
			[
				-0.937721651972,
				0
			],
			[
				-0.8792352956601388,
				0
			],
			[
				0.6976729461846957,
				0
			]
		],
		[
			[
				1.0,
				0
			],
			[
				-0.324725198192743,
				0
			],
			[
				0.21290600498540752,
				0
			],
			[
				0.3660339039873987,
				0
			],
			[
				-0.2585732704901747,
				0
			]
		]
	],
	"numeric_frobenius_perron_dimensions":[
		1.0,
		1.6992779454004797e1,
		1.8976539742551154e1,
		2.2909805075133622e1,
		3.0583211347547497e1
	],
	"numeric_frobenius_perron_dimension":2.1100555990824473e3,
	"info":"Fusion ring. mult_tab provides structure constants. barcode and formal_code provide unique identifiers see (DOI: 10.1063\/5.0148848). sub_fusion_rings provides tuples where the first element corresponds to the elements of the ring that form the subring isomorphic to the ring identified by the second element of the tuple. software provides doi of original software used to represent fusion ring.",
	"comments":[
		""
	]
}