{
	"references":[
		""
	],
	"software":[
		"https:\/\/doi.org\/10.5281\/zenodo.15920400"
	],
	"mult_tab":[
		[
			[
				1,
				0,
				0,
				0,
				0
			],
			[
				0,
				1,
				0,
				0,
				0
			],
			[
				0,
				0,
				1,
				0,
				0
			],
			[
				0,
				0,
				0,
				1,
				0
			],
			[
				0,
				0,
				0,
				0,
				1
			]
		],
		[
			[
				0,
				1,
				0,
				0,
				0
			],
			[
				1,
				1,
				0,
				2,
				3
			],
			[
				0,
				0,
				2,
				4,
				4
			],
			[
				0,
				2,
				4,
				2,
				4
			],
			[
				0,
				3,
				4,
				4,
				4
			]
		],
		[
			[
				0,
				0,
				1,
				0,
				0
			],
			[
				0,
				0,
				2,
				4,
				4
			],
			[
				1,
				2,
				3,
				6,
				7
			],
			[
				0,
				4,
				6,
				5,
				6
			],
			[
				0,
				4,
				7,
				6,
				8
			]
		],
		[
			[
				0,
				0,
				0,
				1,
				0
			],
			[
				0,
				2,
				4,
				2,
				4
			],
			[
				0,
				4,
				6,
				5,
				6
			],
			[
				1,
				2,
				5,
				5,
				9
			],
			[
				0,
				4,
				6,
				9,
				8
			]
		],
		[
			[
				0,
				0,
				0,
				0,
				1
			],
			[
				0,
				3,
				4,
				4,
				4
			],
			[
				0,
				4,
				7,
				6,
				8
			],
			[
				0,
				4,
				6,
				9,
				8
			],
			[
				1,
				4,
				8,
				8,
				12
			]
		]
	],
	"texnames":[
		"\\text{FR}^{5,12,0}_{749}"
	],
	"barcode":[
		1,
		3,
		4,
		5,
		7,
		8,
		5,
		2,
		8,
		7,
		0,
		6,
		3,
		2,
		5,
		1,
		9,
		2,
		9,
		5,
		4,
		0,
		9,
		2,
		4,
		6,
		7,
		7,
		1,
		2,
		3,
		4,
		6,
		1,
		8,
		9,
		6,
		4,
		1,
		5,
		6,
		2,
		9,
		8,
		1,
		9,
		8,
		6,
		4,
		2,
		1,
		7,
		1,
		6,
		1,
		1,
		9,
		6,
		8,
		7,
		4,
		8,
		4,
		1,
		2,
		6,
		5,
		2,
		5,
		2,
		1,
		9,
		3,
		3,
		4,
		9,
		5,
		4,
		7,
		1,
		3,
		0,
		9,
		9,
		3,
		0,
		3,
		6,
		9,
		9,
		2,
		8,
		6,
		3,
		4,
		2,
		8,
		1,
		0,
		7,
		8,
		4,
		4,
		6,
		7,
		9,
		3,
		7,
		1,
		5,
		2,
		6,
		3,
		1,
		6,
		4,
		6,
		7,
		6,
		9,
		0,
		6,
		9,
		9,
		6,
		6,
		8,
		0,
		5,
		6,
		4,
		4,
		4,
		0,
		0,
		4,
		7,
		9,
		4
	],
	"formal_code":[
		5,
		12,
		0,
		749
	],
	"tensor_product_decompositions":{
		"identifiers":[
			"formal_code"
		],
		"value":[]
	},
	"sub_fusion_rings":{
		"identifiers":[
			"injection",
			"formal_code"
		],
		"value":[]
	},
	"numeric_characters":[
		[
			[
				1.0,
				0
			],
			[
				1.1630058243763713e1,
				0
			],
			[
				1.998133461412503e1,
				0
			],
			[
				2.1687865582044395e1,
				0
			],
			[
				2.6417488448494595e1,
				0
			]
		],
		[
			[
				1.0,
				0
			],
			[
				-2.958575503862122,
				0
			],
			[
				-3.5780563082425076,
				0
			],
			[
				2.594802255202845,
				0
			],
			[
				1.8407133351698142,
				0
			]
		],
		[
			[
				1.0,
				0
			],
			[
				-1.2869420918086494,
				0
			],
			[
				0.48091809307316713,
				0
			],
			[
				-3.1287244816033786,
				0
			],
			[
				2.733537000894743,
				0
			]
		],
		[
			[
				1.0,
				0
			],
			[
				-0.1991223062439253,
				0
			],
			[
				0.37079670307927454,
				0
			],
			[
				0.14965752529467147,
				0
			],
			[
				-0.35351435050050606,
				0
			]
		],
		[
			[
				1.0,
				0
			],
			[
				1.8145816581509842,
				0
			],
			[
				-1.2549931020349643,
				0
			],
			[
				-0.3036008809385341,
				0
			],
			[
				0.36177556594135307,
				0
			]
		]
	],
	"numeric_frobenius_perron_dimensions":[
		1.0,
		1.1630058243763713e1,
		1.998133461412503e1,
		2.1687865582044395e1,
		2.6417488448494595e1
	],
	"numeric_frobenius_perron_dimension":1.7037591971461386e3,
	"info":"Fusion ring. mult_tab provides structure constants. barcode and formal_code provide unique identifiers see (DOI: 10.1063\/5.0148848). sub_fusion_rings provides tuples where the first element corresponds to the elements of the ring that form the subring isomorphic to the ring identified by the second element of the tuple. software provides doi of original software used to represent fusion ring.",
	"comments":[
		""
	]
}