{
	"references":[
		""
	],
	"software":[
		"https:\/\/doi.org\/10.5281\/zenodo.15920400"
	],
	"mult_tab":[
		[
			[
				1,
				0,
				0,
				0,
				0
			],
			[
				0,
				1,
				0,
				0,
				0
			],
			[
				0,
				0,
				1,
				0,
				0
			],
			[
				0,
				0,
				0,
				1,
				0
			],
			[
				0,
				0,
				0,
				0,
				1
			]
		],
		[
			[
				0,
				1,
				0,
				0,
				0
			],
			[
				1,
				11,
				1,
				2,
				0
			],
			[
				0,
				1,
				4,
				4,
				6
			],
			[
				0,
				2,
				4,
				4,
				6
			],
			[
				0,
				0,
				6,
				6,
				6
			]
		],
		[
			[
				0,
				0,
				1,
				0,
				0
			],
			[
				0,
				1,
				4,
				4,
				6
			],
			[
				1,
				4,
				8,
				8,
				6
			],
			[
				0,
				4,
				8,
				9,
				6
			],
			[
				0,
				6,
				6,
				6,
				13
			]
		],
		[
			[
				0,
				0,
				0,
				1,
				0
			],
			[
				0,
				2,
				4,
				4,
				6
			],
			[
				0,
				4,
				8,
				9,
				6
			],
			[
				1,
				4,
				9,
				9,
				6
			],
			[
				0,
				6,
				6,
				6,
				14
			]
		],
		[
			[
				0,
				0,
				0,
				0,
				1
			],
			[
				0,
				0,
				6,
				6,
				6
			],
			[
				0,
				6,
				6,
				6,
				13
			],
			[
				0,
				6,
				6,
				6,
				14
			],
			[
				1,
				6,
				13,
				14,
				6
			]
		]
	],
	"texnames":[
		"\\text{FR}^{5,14,0}_{178}"
	],
	"barcode":[
		6,
		8,
		4,
		4,
		0,
		9,
		7,
		0,
		7,
		8,
		0,
		3,
		0,
		6,
		8,
		2,
		0,
		8,
		2,
		8,
		2,
		7,
		0,
		4,
		7,
		6,
		6,
		1,
		8,
		9,
		7,
		5,
		4,
		7,
		1,
		0,
		7,
		7,
		8,
		2,
		9,
		7,
		0,
		5,
		9,
		2,
		4,
		3,
		4,
		8,
		2,
		6,
		9,
		6,
		6,
		4,
		0,
		1,
		0,
		7,
		2,
		1,
		1,
		8,
		1,
		3,
		2,
		0,
		4,
		0,
		0,
		8,
		1,
		3,
		4,
		8,
		9,
		5,
		4,
		3,
		0,
		4,
		9,
		4,
		8,
		1,
		3,
		2,
		1,
		6,
		3,
		0,
		9,
		2,
		0,
		7,
		6,
		6,
		5,
		3,
		8,
		0,
		1,
		4,
		2,
		9,
		9,
		3,
		0,
		4,
		1,
		7,
		0,
		2,
		6,
		1,
		3,
		0,
		8,
		8,
		3,
		3,
		0,
		9,
		7,
		4,
		7,
		8,
		5,
		5,
		2,
		7,
		2,
		6,
		6,
		3,
		8,
		2,
		0,
		4,
		0,
		3,
		2,
		1,
		4,
		6
	],
	"formal_code":[
		5,
		14,
		0,
		178
	],
	"tensor_product_decompositions":{
		"identifiers":[
			"formal_code"
		],
		"value":[]
	},
	"sub_fusion_rings":{
		"identifiers":[
			"injection",
			"formal_code"
		],
		"value":[]
	},
	"numeric_characters":[
		[
			[
				1.0,
				0
			],
			[
				1.606164139796862e1,
				0
			],
			[
				2.609942300642819e1,
				0
			],
			[
				2.709942300642819e1,
				0
			],
			[
				3.1723757928957916e1,
				0
			]
		],
		[
			[
				1.0,
				0
			],
			[
				0.0,
				0
			],
			[
				1.0,
				0
			],
			[
				-1.0,
				0
			],
			[
				0.0,
				0
			]
		],
		[
			[
				1.0,
				0
			],
			[
				-1.7139040854392997,
				0
			],
			[
				6.263470717972607,
				0
			],
			[
				7.263470717972607,
				0
			],
			[
				-1.0521474951817371e1,
				0
			]
		],
		[
			[
				1.0,
				0
			],
			[
				1.0773647209133763e1,
				0
			],
			[
				-1.8128817045318928,
				0
			],
			[
				-0.8128817045318928,
				0
			],
			[
				-3.300323581566384,
				0
			]
		],
		[
			[
				1.0,
				0
			],
			[
				-0.12138452166308358,
				0
			],
			[
				-0.5500120198689017,
				0
			],
			[
				0.44998798013109836,
				0
			],
			[
				9.804060442583831e-2,
				0
			]
		]
	],
	"numeric_frobenius_perron_dimensions":[
		1.0,
		1.606164139796862e1,
		2.609942300642819e1,
		2.7099423006428193e1,
		3.1723757928957916e1
	],
	"numeric_frobenius_perron_dimension":2.6809317500818624e3,
	"info":"Fusion ring. mult_tab provides structure constants. barcode and formal_code provide unique identifiers see (DOI: 10.1063\/5.0148848). sub_fusion_rings provides tuples where the first element corresponds to the elements of the ring that form the subring isomorphic to the ring identified by the second element of the tuple. software provides doi of original software used to represent fusion ring.",
	"comments":[
		""
	]
}