{
	"references":[
		""
	],
	"software":[
		"https:\/\/doi.org\/10.5281\/zenodo.15920400"
	],
	"mult_tab":[
		[
			[
				1,
				0,
				0,
				0,
				0
			],
			[
				0,
				1,
				0,
				0,
				0
			],
			[
				0,
				0,
				1,
				0,
				0
			],
			[
				0,
				0,
				0,
				1,
				0
			],
			[
				0,
				0,
				0,
				0,
				1
			]
		],
		[
			[
				0,
				1,
				0,
				0,
				0
			],
			[
				1,
				6,
				1,
				2,
				3
			],
			[
				0,
				1,
				5,
				5,
				5
			],
			[
				0,
				2,
				5,
				5,
				5
			],
			[
				0,
				3,
				5,
				5,
				5
			]
		],
		[
			[
				0,
				0,
				1,
				0,
				0
			],
			[
				0,
				1,
				5,
				5,
				5
			],
			[
				1,
				5,
				8,
				5,
				9
			],
			[
				0,
				5,
				5,
				12,
				6
			],
			[
				0,
				5,
				9,
				6,
				9
			]
		],
		[
			[
				0,
				0,
				0,
				1,
				0
			],
			[
				0,
				2,
				5,
				5,
				5
			],
			[
				0,
				5,
				5,
				12,
				6
			],
			[
				1,
				5,
				12,
				0,
				12
			],
			[
				0,
				5,
				6,
				12,
				7
			]
		],
		[
			[
				0,
				0,
				0,
				0,
				1
			],
			[
				0,
				3,
				5,
				5,
				5
			],
			[
				0,
				5,
				9,
				6,
				9
			],
			[
				0,
				5,
				6,
				12,
				7
			],
			[
				1,
				5,
				9,
				7,
				10
			]
		]
	],
	"texnames":[
		"\\text{FR}^{5,12,0}_{952}"
	],
	"barcode":[
		1,
		3,
		4,
		5,
		7,
		8,
		5,
		2,
		8,
		7,
		0,
		6,
		3,
		2,
		5,
		1,
		9,
		2,
		9,
		5,
		4,
		0,
		9,
		2,
		4,
		6,
		7,
		7,
		1,
		2,
		3,
		4,
		6,
		1,
		8,
		1,
		4,
		6,
		0,
		3,
		4,
		2,
		8,
		4,
		3,
		2,
		1,
		2,
		4,
		5,
		5,
		3,
		3,
		1,
		2,
		1,
		6,
		7,
		3,
		8,
		5,
		2,
		6,
		2,
		9,
		3,
		5,
		0,
		3,
		7,
		0,
		3,
		7,
		0,
		5,
		0,
		0,
		5,
		9,
		3,
		8,
		7,
		7,
		9,
		5,
		6,
		7,
		2,
		1,
		6,
		2,
		6,
		7,
		0,
		4,
		3,
		0,
		8,
		2,
		5,
		4,
		0,
		9,
		8,
		3,
		4,
		3,
		5,
		2,
		1,
		4,
		2,
		5,
		4,
		7,
		8,
		1,
		1,
		5,
		2,
		6,
		3,
		5,
		7,
		6,
		5,
		0,
		1,
		6,
		2,
		5,
		5,
		3,
		7,
		5,
		5,
		6,
		8,
		4
	],
	"formal_code":[
		5,
		12,
		0,
		952
	],
	"tensor_product_decompositions":{
		"identifiers":[
			"formal_code"
		],
		"value":[]
	},
	"sub_fusion_rings":{
		"identifiers":[
			"injection",
			"formal_code"
		],
		"value":[]
	},
	"numeric_characters":[
		[
			[
				1.0,
				0
			],
			[
				1.6198416506147062e1,
				0
			],
			[
				2.6033033044955875e1,
				0
			],
			[
				2.7033033044955875e1,
				0
			],
			[
				2.8033033044955875e1,
				0
			]
		],
		[
			[
				1.0,
				0
			],
			[
				5.323436154749791,
				0
			],
			[
				-2.1002740724669176,
				0
			],
			[
				-1.1002740724669176,
				0
			],
			[
				-0.10027407246691748,
				0
			]
		],
		[
			[
				1.0,
				0
			],
			[
				-0.5218526608968543,
				0
			],
			[
				-0.9327589724889578,
				0
			],
			[
				6.724102751104218e-2,
				0
			],
			[
				1.0672410275110422,
				0
			]
		],
		[
			[
				1.0,
				0
			],
			[
				0.0,
				0
			],
			[
				0.45861873485089033,
				0
			],
			[
				8.276253029821934e-2,
				0
			],
			[
				-0.5413812651491097,
				0
			]
		],
		[
			[
				1.0,
				0
			],
			[
				0.0,
				0
			],
			[
				6.541381265149109,
				0
			],
			[
				-1.2082762530298218e1,
				0
			],
			[
				5.541381265149109,
				0
			]
		]
	],
	"numeric_frobenius_perron_dimensions":[
		1.0,
		1.6198416506147066e1,
		2.6033033044955875e1,
		2.7033033044955875e1,
		2.8033033044955875e1
	],
	"numeric_frobenius_perron_dimension":2.4577433241356466e3,
	"info":"Fusion ring. mult_tab provides structure constants. barcode and formal_code provide unique identifiers see (DOI: 10.1063\/5.0148848). sub_fusion_rings provides tuples where the first element corresponds to the elements of the ring that form the subring isomorphic to the ring identified by the second element of the tuple. software provides doi of original software used to represent fusion ring.",
	"comments":[
		""
	]
}