{
	"references":[
		""
	],
	"software":[
		"https:\/\/doi.org\/10.5281\/zenodo.15920400"
	],
	"mult_tab":[
		[
			[
				1,
				0,
				0,
				0,
				0
			],
			[
				0,
				1,
				0,
				0,
				0
			],
			[
				0,
				0,
				1,
				0,
				0
			],
			[
				0,
				0,
				0,
				1,
				0
			],
			[
				0,
				0,
				0,
				0,
				1
			]
		],
		[
			[
				0,
				1,
				0,
				0,
				0
			],
			[
				1,
				10,
				0,
				4,
				2
			],
			[
				0,
				0,
				7,
				6,
				2
			],
			[
				0,
				4,
				6,
				9,
				4
			],
			[
				0,
				2,
				2,
				4,
				13
			]
		],
		[
			[
				0,
				0,
				1,
				0,
				0
			],
			[
				0,
				0,
				7,
				6,
				2
			],
			[
				1,
				7,
				0,
				1,
				7
			],
			[
				0,
				6,
				1,
				7,
				8
			],
			[
				0,
				2,
				7,
				8,
				6
			]
		],
		[
			[
				0,
				0,
				0,
				1,
				0
			],
			[
				0,
				4,
				6,
				9,
				4
			],
			[
				0,
				6,
				1,
				7,
				8
			],
			[
				1,
				9,
				7,
				9,
				11
			],
			[
				0,
				4,
				8,
				11,
				12
			]
		],
		[
			[
				0,
				0,
				0,
				0,
				1
			],
			[
				0,
				2,
				2,
				4,
				13
			],
			[
				0,
				2,
				7,
				8,
				6
			],
			[
				0,
				4,
				8,
				11,
				12
			],
			[
				1,
				13,
				6,
				12,
				7
			]
		]
	],
	"texnames":[
		"\\text{FR}^{5,13,0}_{202}"
	],
	"barcode":[
		1,
		3,
		1,
		7,
		8,
		8,
		1,
		8,
		6,
		4,
		8,
		7,
		2,
		1,
		4,
		1,
		5,
		3,
		0,
		1,
		5,
		0,
		1,
		5,
		4,
		3,
		3,
		8,
		4,
		9,
		5,
		2,
		4,
		7,
		8,
		7,
		9,
		1,
		1,
		3,
		9,
		6,
		8,
		9,
		1,
		9,
		9,
		6,
		4,
		1,
		5,
		8,
		8,
		9,
		6,
		8,
		0,
		9,
		3,
		6,
		2,
		9,
		2,
		9,
		7,
		3,
		5,
		4,
		0,
		0,
		7,
		0,
		5,
		4,
		4,
		1,
		6,
		5,
		4,
		9,
		2,
		6,
		9,
		1,
		1,
		6,
		7,
		1,
		4,
		9,
		0,
		5,
		6,
		7,
		6,
		5,
		8,
		2,
		9,
		6,
		1,
		0,
		4,
		9,
		3,
		3,
		2,
		4,
		8,
		4,
		8,
		0,
		7,
		4,
		8,
		1,
		1,
		4,
		3,
		1,
		0,
		8,
		1,
		6,
		0,
		2,
		3,
		4,
		5,
		9,
		3,
		6,
		8,
		7,
		8,
		1,
		9,
		6,
		7,
		9,
		5,
		2,
		2
	],
	"formal_code":[
		5,
		13,
		0,
		202
	],
	"tensor_product_decompositions":{
		"identifiers":[
			"formal_code"
		],
		"value":[]
	},
	"sub_fusion_rings":{
		"identifiers":[
			"injection",
			"formal_code"
		],
		"value":[]
	},
	"numeric_characters":[
		[
			[
				1.0,
				0
			],
			[
				1.9475553622863185e1,
				0
			],
			[
				1.9593348023525444e1,
				0
			],
			[
				3.0448105615262303e1,
				0
			],
			[
				3.087461511366912e1,
				0
			]
		],
		[
			[
				1.0,
				0
			],
			[
				9.523326884393143,
				0
			],
			[
				0.716668930417927,
				0
			],
			[
				3.673951938129527,
				0
			],
			[
				-1.0117660824722165e1,
				0
			]
		],
		[
			[
				1.0,
				0
			],
			[
				9.040437093116614,
				0
			],
			[
				-1.0024076920723612e1,
				0
			],
			[
				-5.3893151383656335,
				0
			],
			[
				5.941196228447586,
				0
			]
		],
		[
			[
				1.0,
				0
			],
			[
				1.1199105724777147,
				0
			],
			[
				2.843959707513265,
				0
			],
			[
				-2.8889156870091677,
				0
			],
			[
				0.305378356803443,
				0
			]
		],
		[
			[
				1.0,
				0
			],
			[
				-0.1592281728506563,
				0
			],
			[
				-0.12989974073302432,
				0
			],
			[
				0.15617327198297107,
				0
			],
			[
				-3.5288741979814385e-3,
				0
			]
		]
	],
	"numeric_frobenius_perron_dimensions":[
		1.0,
		1.9475553622863178e1,
		1.9593348023525444e1,
		3.0448105615262303e1,
		3.087461511366912e1
	],
	"numeric_frobenius_perron_dimension":2.6445254696633806e3,
	"info":"Fusion ring. mult_tab provides structure constants. barcode and formal_code provide unique identifiers see (DOI: 10.1063\/5.0148848). sub_fusion_rings provides tuples where the first element corresponds to the elements of the ring that form the subring isomorphic to the ring identified by the second element of the tuple. software provides doi of original software used to represent fusion ring.",
	"comments":[
		""
	]
}