{
	"references":[
		""
	],
	"software":[
		"https:\/\/doi.org\/10.5281\/zenodo.15920400"
	],
	"mult_tab":[
		[
			[
				1,
				0,
				0,
				0,
				0
			],
			[
				0,
				1,
				0,
				0,
				0
			],
			[
				0,
				0,
				1,
				0,
				0
			],
			[
				0,
				0,
				0,
				1,
				0
			],
			[
				0,
				0,
				0,
				0,
				1
			]
		],
		[
			[
				0,
				1,
				0,
				0,
				0
			],
			[
				1,
				2,
				2,
				7,
				3
			],
			[
				0,
				2,
				0,
				6,
				6
			],
			[
				0,
				7,
				6,
				2,
				4
			],
			[
				0,
				3,
				6,
				4,
				8
			]
		],
		[
			[
				0,
				0,
				1,
				0,
				0
			],
			[
				0,
				2,
				0,
				6,
				6
			],
			[
				1,
				0,
				2,
				8,
				5
			],
			[
				0,
				6,
				8,
				1,
				5
			],
			[
				0,
				6,
				5,
				5,
				7
			]
		],
		[
			[
				0,
				0,
				0,
				1,
				0
			],
			[
				0,
				7,
				6,
				2,
				4
			],
			[
				0,
				6,
				8,
				1,
				5
			],
			[
				1,
				2,
				1,
				11,
				7
			],
			[
				0,
				4,
				5,
				7,
				10
			]
		],
		[
			[
				0,
				0,
				0,
				0,
				1
			],
			[
				0,
				3,
				6,
				4,
				8
			],
			[
				0,
				6,
				5,
				5,
				7
			],
			[
				0,
				4,
				5,
				7,
				10
			],
			[
				1,
				8,
				7,
				10,
				8
			]
		]
	],
	"texnames":[
		"\\text{FR}^{5,11,0}_{734}"
	],
	"barcode":[
		6,
		5,
		8,
		3,
		7,
		7,
		0,
		0,
		7,
		1,
		1,
		6,
		2,
		1,
		8,
		2,
		3,
		4,
		2,
		2,
		0,
		4,
		1,
		2,
		6,
		8,
		4,
		4,
		3,
		7,
		1,
		5,
		5,
		1,
		2,
		5,
		4,
		3,
		0,
		5,
		7,
		7,
		5,
		4,
		1,
		0,
		6,
		1,
		5,
		5,
		2,
		3,
		3,
		6,
		2,
		3,
		1,
		1,
		8,
		9,
		0,
		6,
		9,
		8,
		5,
		2,
		5,
		8,
		9,
		9,
		3,
		8,
		2,
		1,
		9,
		8,
		3,
		6,
		7,
		0,
		2,
		8,
		7,
		2,
		6,
		0,
		4,
		3,
		4,
		9,
		7,
		4,
		2,
		2,
		6,
		7,
		9,
		8,
		0,
		9,
		8,
		2,
		4,
		8,
		6,
		0,
		6,
		0,
		8,
		8,
		6,
		0,
		3,
		0,
		0,
		6,
		8,
		6,
		0,
		5,
		3,
		4,
		5,
		6,
		2,
		1,
		7,
		8,
		3,
		7,
		4,
		1,
		5,
		4
	],
	"formal_code":[
		5,
		11,
		0,
		734
	],
	"tensor_product_decompositions":{
		"identifiers":[
			"formal_code"
		],
		"value":[]
	},
	"sub_fusion_rings":{
		"identifiers":[
			"injection",
			"formal_code"
		],
		"value":[]
	},
	"numeric_characters":[
		[
			[
				1.0,
				0
			],
			[
				1.75036490688551e1,
				0
			],
			[
				1.8610158415908696e1,
				0
			],
			[
				2.194523095275662e1,
				0
			],
			[
				2.6511166362269368e1,
				0
			]
		],
		[
			[
				1.0,
				0
			],
			[
				-6.961053534385895,
				0
			],
			[
				-8.776554931998453,
				0
			],
			[
				1.0355848835602316e1,
				0
			],
			[
				2.1468471307129455,
				0
			]
		],
		[
			[
				1.0,
				0
			],
			[
				3.7107736659096546,
				0
			],
			[
				-0.5790566602909235,
				0
			],
			[
				2.8228887393298363,
				0
			],
			[
				-4.4179379956459135,
				0
			]
		],
		[
			[
				1.0,
				0
			],
			[
				-2.3219513883093423,
				0
			],
			[
				2.8777222813269976,
				0
			],
			[
				1.0747326746187509,
				0
			],
			[
				-1.4144040862316283,
				0
			]
		],
		[
			[
				1.0,
				0
			],
			[
				6.85821879304813e-2,
				0
			],
			[
				-0.1322691049463162,
				0
			],
			[
				-0.19870120230752616,
				0
			],
			[
				0.17432858889522826,
				0
			]
		]
	],
	"numeric_frobenius_perron_dimensions":[
		1.0,
		1.75036490688551e1,
		1.8610158415908696e1,
		2.1945230952756624e1,
		2.6511166362269368e1
	],
	"numeric_frobenius_perron_dimension":1.8381508304485997e3,
	"info":"Fusion ring. mult_tab provides structure constants. barcode and formal_code provide unique identifiers see (DOI: 10.1063\/5.0148848). sub_fusion_rings provides tuples where the first element corresponds to the elements of the ring that form the subring isomorphic to the ring identified by the second element of the tuple. software provides doi of original software used to represent fusion ring.",
	"comments":[
		""
	]
}