{
	"references":[
		""
	],
	"software":[
		"https:\/\/doi.org\/10.5281\/zenodo.15920400"
	],
	"mult_tab":[
		[
			[
				1,
				0,
				0,
				0,
				0
			],
			[
				0,
				1,
				0,
				0,
				0
			],
			[
				0,
				0,
				1,
				0,
				0
			],
			[
				0,
				0,
				0,
				1,
				0
			],
			[
				0,
				0,
				0,
				0,
				1
			]
		],
		[
			[
				0,
				1,
				0,
				0,
				0
			],
			[
				1,
				2,
				3,
				3,
				1
			],
			[
				0,
				3,
				2,
				0,
				6
			],
			[
				0,
				3,
				0,
				2,
				6
			],
			[
				0,
				1,
				6,
				6,
				4
			]
		],
		[
			[
				0,
				0,
				1,
				0,
				0
			],
			[
				0,
				3,
				2,
				0,
				6
			],
			[
				1,
				2,
				3,
				11,
				2
			],
			[
				0,
				0,
				11,
				3,
				3
			],
			[
				0,
				6,
				2,
				3,
				12
			]
		],
		[
			[
				0,
				0,
				0,
				1,
				0
			],
			[
				0,
				3,
				0,
				2,
				6
			],
			[
				0,
				0,
				11,
				3,
				3
			],
			[
				1,
				2,
				3,
				11,
				2
			],
			[
				0,
				6,
				3,
				2,
				12
			]
		],
		[
			[
				0,
				0,
				0,
				0,
				1
			],
			[
				0,
				1,
				6,
				6,
				4
			],
			[
				0,
				6,
				2,
				3,
				12
			],
			[
				0,
				6,
				3,
				2,
				12
			],
			[
				1,
				4,
				12,
				12,
				8
			]
		]
	],
	"texnames":[
		"\\text{FR}^{5,12,0}_{986}"
	],
	"barcode":[
		1,
		3,
		4,
		5,
		7,
		8,
		5,
		2,
		8,
		7,
		0,
		6,
		3,
		2,
		5,
		1,
		9,
		2,
		9,
		5,
		4,
		0,
		9,
		2,
		4,
		6,
		7,
		7,
		1,
		2,
		3,
		4,
		6,
		1,
		8,
		4,
		0,
		2,
		6,
		7,
		0,
		7,
		1,
		2,
		7,
		9,
		2,
		2,
		8,
		6,
		6,
		6,
		5,
		9,
		1,
		2,
		4,
		9,
		8,
		1,
		0,
		0,
		8,
		1,
		6,
		3,
		6,
		6,
		0,
		5,
		1,
		7,
		8,
		1,
		5,
		4,
		5,
		6,
		9,
		9,
		4,
		4,
		6,
		8,
		7,
		3,
		0,
		4,
		6,
		5,
		2,
		2,
		2,
		3,
		1,
		9,
		6,
		2,
		9,
		0,
		5,
		2,
		0,
		6,
		5,
		8,
		0,
		7,
		6,
		9,
		9,
		2,
		2,
		3,
		0,
		3,
		1,
		0,
		9,
		5,
		5,
		0,
		0,
		8,
		0,
		2,
		7,
		1,
		8,
		9,
		6,
		5,
		6,
		4,
		1,
		1,
		9,
		9,
		4
	],
	"formal_code":[
		5,
		12,
		0,
		986
	],
	"tensor_product_decompositions":{
		"identifiers":[
			"formal_code"
		],
		"value":[]
	},
	"sub_fusion_rings":{
		"identifiers":[
			"injection",
			"formal_code"
		],
		"value":[]
	},
	"numeric_characters":[
		[
			[
				1.0,
				0
			],
			[
				1.2772683696188503e1,
				0
			],
			[
				1.83417856696876e1,
				0
			],
			[
				1.83417856696876e1,
				0
			],
			[
				2.6545367392377006e1,
				0
			]
		],
		[
			[
				1.0,
				0
			],
			[
				-6.379995883951735,
				0
			],
			[
				1.070405516917467e1,
				0
			],
			[
				1.070405516917467e1,
				0
			],
			[
				-1.175999176790347e1,
				0
			]
		],
		[
			[
				1.0,
				0
			],
			[
				2.0,
				0
			],
			[
				-8.358898943540673,
				0
			],
			[
				8.358898943540673,
				0
			],
			[
				-1.0,
				0
			]
		],
		[
			[
				1.0,
				0
			],
			[
				-0.392687812236769,
				0
			],
			[
				-4.584083886227066e-2,
				0
			],
			[
				-4.584083886227066e-2,
				0
			],
			[
				0.21462437552646196,
				0
			]
		],
		[
			[
				1.0,
				0
			],
			[
				2.0,
				0
			],
			[
				0.358898943540674,
				0
			],
			[
				-0.358898943540674,
				0
			],
			[
				-1.0,
				0
			]
		]
	],
	"numeric_frobenius_perron_dimensions":[
		1.0,
		1.2772683696188503e1,
		1.83417856696876e1,
		1.83417856696876e1,
		2.6545367392377006e1
	],
	"numeric_frobenius_perron_dimension":1.5416401819046669e3,
	"info":"Fusion ring. mult_tab provides structure constants. barcode and formal_code provide unique identifiers see (DOI: 10.1063\/5.0148848). sub_fusion_rings provides tuples where the first element corresponds to the elements of the ring that form the subring isomorphic to the ring identified by the second element of the tuple. software provides doi of original software used to represent fusion ring.",
	"comments":[
		""
	]
}