{
	"references":[
		""
	],
	"software":[
		"https:\/\/doi.org\/10.5281\/zenodo.15920400"
	],
	"mult_tab":[
		[
			[
				1,
				0,
				0,
				0,
				0
			],
			[
				0,
				1,
				0,
				0,
				0
			],
			[
				0,
				0,
				1,
				0,
				0
			],
			[
				0,
				0,
				0,
				1,
				0
			],
			[
				0,
				0,
				0,
				0,
				1
			]
		],
		[
			[
				0,
				1,
				0,
				0,
				0
			],
			[
				1,
				0,
				0,
				8,
				0
			],
			[
				0,
				0,
				1,
				0,
				8
			],
			[
				0,
				8,
				0,
				1,
				4
			],
			[
				0,
				0,
				8,
				4,
				1
			]
		],
		[
			[
				0,
				0,
				1,
				0,
				0
			],
			[
				0,
				0,
				1,
				0,
				8
			],
			[
				1,
				1,
				0,
				8,
				2
			],
			[
				0,
				0,
				8,
				4,
				2
			],
			[
				0,
				8,
				2,
				2,
				4
			]
		],
		[
			[
				0,
				0,
				0,
				1,
				0
			],
			[
				0,
				8,
				0,
				1,
				4
			],
			[
				0,
				0,
				8,
				4,
				2
			],
			[
				1,
				1,
				4,
				10,
				1
			],
			[
				0,
				4,
				2,
				1,
				10
			]
		],
		[
			[
				0,
				0,
				0,
				0,
				1
			],
			[
				0,
				0,
				8,
				4,
				1
			],
			[
				0,
				8,
				2,
				2,
				4
			],
			[
				0,
				4,
				2,
				1,
				10
			],
			[
				1,
				1,
				4,
				10,
				3
			]
		]
	],
	"texnames":[
		"\\text{FR}^{5,10,0}_{1418}"
	],
	"barcode":[
		1,
		3,
		5,
		7,
		3,
		5,
		4,
		2,
		4,
		2,
		7,
		5,
		2,
		9,
		3,
		3,
		8,
		1,
		9,
		3,
		4,
		5,
		1,
		1,
		6,
		7,
		9,
		7,
		8,
		9,
		8,
		8,
		5,
		3,
		0,
		3,
		4,
		6,
		5,
		7,
		8,
		6,
		9,
		0,
		3,
		0,
		6,
		9,
		9,
		5,
		3,
		2,
		6,
		9,
		9,
		1,
		9,
		7,
		4,
		2,
		4,
		2,
		8,
		8,
		5,
		4,
		2,
		7,
		3,
		9,
		0,
		0,
		5,
		8,
		0,
		9,
		2,
		5,
		9,
		9,
		0,
		5,
		5,
		0,
		4,
		3,
		9,
		3,
		7,
		7,
		1,
		0,
		8,
		6,
		0,
		1,
		7,
		3,
		7,
		1,
		1,
		5,
		6,
		3,
		6,
		8,
		9,
		8,
		1,
		0,
		5,
		0,
		1,
		8,
		4,
		6,
		6,
		3,
		8,
		8,
		5,
		4,
		1,
		2,
		4,
		5,
		0,
		5,
		9,
		0
	],
	"formal_code":[
		5,
		10,
		0,
		1418
	],
	"tensor_product_decompositions":{
		"identifiers":[
			"formal_code"
		],
		"value":[]
	},
	"sub_fusion_rings":{
		"identifiers":[
			"injection",
			"formal_code"
		],
		"value":[]
	},
	"numeric_characters":[
		[
			[
				1.0,
				0
			],
			[
				1.1089485758067974e1,
				0
			],
			[
				1.29083643290262e1,
				0
			],
			[
				1.5247086797299055e1,
				0
			],
			[
				1.6279844757207815e1,
				0
			]
		],
		[
			[
				1.0,
				0
			],
			[
				-9.481871918823703,
				0
			],
			[
				7.752918677641931,
				0
			],
			[
				1.111323688562219e1,
				0
			],
			[
				-1.0158137572012345e1,
				0
			]
		],
		[
			[
				1.0,
				0
			],
			[
				-5.605239954555927,
				0
			],
			[
				-5.973001996731406,
				0
			],
			[
				3.8023393685187665,
				0
			],
			[
				4.931638929681577,
				0
			]
		],
		[
			[
				1.0,
				0
			],
			[
				6.978418636139837,
				0
			],
			[
				-6.7517113435641924,
				0
			],
			[
				5.9622908326529735,
				0
			],
			[
				-5.045569615275114,
				0
			]
		],
		[
			[
				1.0,
				0
			],
			[
				1.9207479171819582e-2,
				0
			],
			[
				6.343033362746628e-2,
				0
			],
			[
				-0.12495388409298301,
				0
			],
			[
				-7.776499601931893e-3,
				0
			]
		]
	],
	"numeric_frobenius_perron_dimensions":[
		1.0,
		1.1089485758067974e1,
		1.29083643290262e1,
		1.5247086797299053e1,
		1.6279844757207815e1
	],
	"numeric_frobenius_perron_dimension":7.881095651524263e2,
	"info":"Fusion ring. mult_tab provides structure constants. barcode and formal_code provide unique identifiers see (DOI: 10.1063\/5.0148848). sub_fusion_rings provides tuples where the first element corresponds to the elements of the ring that form the subring isomorphic to the ring identified by the second element of the tuple. software provides doi of original software used to represent fusion ring.",
	"comments":[
		""
	]
}