{
	"references":[
		""
	],
	"software":[
		"https:\/\/doi.org\/10.5281\/zenodo.15920400"
	],
	"mult_tab":[
		[
			[
				1,
				0,
				0,
				0,
				0
			],
			[
				0,
				1,
				0,
				0,
				0
			],
			[
				0,
				0,
				1,
				0,
				0
			],
			[
				0,
				0,
				0,
				1,
				0
			],
			[
				0,
				0,
				0,
				0,
				1
			]
		],
		[
			[
				0,
				1,
				0,
				0,
				0
			],
			[
				1,
				7,
				0,
				1,
				1
			],
			[
				0,
				0,
				4,
				5,
				2
			],
			[
				0,
				1,
				5,
				5,
				1
			],
			[
				0,
				1,
				2,
				1,
				9
			]
		],
		[
			[
				0,
				0,
				1,
				0,
				0
			],
			[
				0,
				0,
				4,
				5,
				2
			],
			[
				1,
				4,
				2,
				6,
				10
			],
			[
				0,
				5,
				6,
				2,
				10
			],
			[
				0,
				2,
				10,
				10,
				7
			]
		],
		[
			[
				0,
				0,
				0,
				1,
				0
			],
			[
				0,
				1,
				5,
				5,
				1
			],
			[
				0,
				5,
				6,
				2,
				10
			],
			[
				1,
				5,
				2,
				5,
				11
			],
			[
				0,
				1,
				10,
				11,
				7
			]
		],
		[
			[
				0,
				0,
				0,
				0,
				1
			],
			[
				0,
				1,
				2,
				1,
				9
			],
			[
				0,
				2,
				10,
				10,
				7
			],
			[
				0,
				1,
				10,
				11,
				7
			],
			[
				1,
				9,
				7,
				7,
				16
			]
		]
	],
	"texnames":[
		"\\text{FR}^{5,16,0}_{1616}"
	],
	"barcode":[
		3,
		7,
		6,
		4,
		1,
		4,
		4,
		3,
		4,
		3,
		0,
		6,
		5,
		8,
		9,
		6,
		9,
		9,
		4,
		3,
		9,
		0,
		0,
		0,
		5,
		8,
		2,
		8,
		2,
		6,
		5,
		5,
		9,
		0,
		2,
		3,
		0,
		6,
		0,
		9,
		6,
		2,
		6,
		7,
		6,
		8,
		0,
		1,
		9,
		5,
		2,
		8,
		8,
		0,
		1,
		1,
		4,
		6,
		1,
		2,
		5,
		7,
		4,
		4,
		7,
		2,
		4,
		6,
		5,
		4,
		6,
		4,
		0,
		1,
		9,
		6,
		4,
		8,
		9,
		0,
		4,
		8,
		7,
		7,
		7,
		7,
		1,
		0,
		6,
		0,
		0,
		5,
		5,
		2,
		3,
		2,
		7,
		2,
		3,
		1,
		2,
		3,
		3,
		4,
		3,
		4,
		8,
		0,
		1,
		2,
		1,
		9,
		7,
		0,
		9,
		5,
		0,
		5,
		0,
		5,
		0,
		2,
		5,
		7,
		8,
		3,
		0,
		0,
		4,
		6,
		0,
		0,
		3,
		5,
		6,
		4,
		1,
		5,
		5,
		1,
		2,
		7,
		0,
		2,
		3,
		0,
		9,
		3,
		7,
		1,
		0,
		4,
		4
	],
	"formal_code":[
		5,
		16,
		0,
		1616
	],
	"tensor_product_decompositions":{
		"identifiers":[
			"formal_code"
		],
		"value":[]
	},
	"sub_fusion_rings":{
		"identifiers":[
			"injection",
			"formal_code"
		],
		"value":[]
	},
	"numeric_characters":[
		[
			[
				1.0,
				0
			],
			[
				1.1696213600234321e1,
				0
			],
			[
				2.321759840849312e1,
				0
			],
			[
				2.361058729163046e1,
				0
			],
			[
				3.0317330089035604e1,
				0
			]
		],
		[
			[
				1.0,
				0
			],
			[
				6.81662373949773,
				0
			],
			[
				-0.14504850386097018,
				0
			],
			[
				1.3638222939489204,
				0
			],
			[
				-3.613829264549019,
				0
			]
		],
		[
			[
				1.0,
				0
			],
			[
				7.296915695510873,
				0
			],
			[
				-8.009644777025235,
				0
			],
			[
				-9.580087059491605,
				0
			],
			[
				1.0746655858308422e1,
				0
			]
		],
		[
			[
				1.0,
				0
			],
			[
				-0.6871880081546865,
				0
			],
			[
				-4.212516132497691,
				0
			],
			[
				3.7265894230441705,
				0
			],
			[
				0.5559539925902405,
				0
			]
		],
		[
			[
				1.0,
				0
			],
			[
				-0.12256502708823774,
				0
			],
			[
				0.14961100489077334,
				0
			],
			[
				-0.12091194913194622,
				0
			],
			[
				-6.110675385249132e-3,
				0
			]
		]
	],
	"numeric_frobenius_perron_dimensions":[
		1.0,
		1.169621360023432e1,
		2.321759840849312e1,
		2.361058729163046e1,
		3.0317330089035604e1
	],
	"numeric_frobenius_perron_dimension":2.153458624423614e3,
	"info":"Fusion ring. mult_tab provides structure constants. barcode and formal_code provide unique identifiers see (DOI: 10.1063\/5.0148848). sub_fusion_rings provides tuples where the first element corresponds to the elements of the ring that form the subring isomorphic to the ring identified by the second element of the tuple. software provides doi of original software used to represent fusion ring.",
	"comments":[
		""
	]
}