{
	"references":[
		""
	],
	"software":[
		"https:\/\/doi.org\/10.5281\/zenodo.15920400"
	],
	"mult_tab":[
		[
			[
				1,
				0,
				0,
				0,
				0
			],
			[
				0,
				1,
				0,
				0,
				0
			],
			[
				0,
				0,
				1,
				0,
				0
			],
			[
				0,
				0,
				0,
				1,
				0
			],
			[
				0,
				0,
				0,
				0,
				1
			]
		],
		[
			[
				0,
				1,
				0,
				0,
				0
			],
			[
				1,
				0,
				2,
				4,
				2
			],
			[
				0,
				2,
				2,
				2,
				3
			],
			[
				0,
				4,
				2,
				5,
				6
			],
			[
				0,
				2,
				3,
				6,
				6
			]
		],
		[
			[
				0,
				0,
				1,
				0,
				0
			],
			[
				0,
				2,
				2,
				2,
				3
			],
			[
				1,
				2,
				8,
				0,
				2
			],
			[
				0,
				2,
				0,
				7,
				6
			],
			[
				0,
				3,
				2,
				6,
				6
			]
		],
		[
			[
				0,
				0,
				0,
				1,
				0
			],
			[
				0,
				4,
				2,
				5,
				6
			],
			[
				0,
				2,
				0,
				7,
				6
			],
			[
				1,
				5,
				7,
				11,
				11
			],
			[
				0,
				6,
				6,
				11,
				12
			]
		],
		[
			[
				0,
				0,
				0,
				0,
				1
			],
			[
				0,
				2,
				3,
				6,
				6
			],
			[
				0,
				3,
				2,
				6,
				6
			],
			[
				0,
				6,
				6,
				11,
				12
			],
			[
				1,
				6,
				6,
				12,
				12
			]
		]
	],
	"texnames":[
		"\\text{FR}^{5,12,0}_{96}"
	],
	"barcode":[
		1,
		3,
		4,
		5,
		7,
		8,
		5,
		2,
		8,
		7,
		0,
		6,
		3,
		2,
		5,
		1,
		9,
		2,
		9,
		5,
		4,
		0,
		9,
		2,
		4,
		6,
		7,
		7,
		1,
		2,
		3,
		4,
		6,
		1,
		7,
		1,
		8,
		2,
		2,
		3,
		1,
		3,
		5,
		2,
		7,
		3,
		3,
		9,
		2,
		6,
		8,
		9,
		6,
		8,
		9,
		9,
		8,
		3,
		0,
		3,
		8,
		2,
		3,
		7,
		4,
		6,
		0,
		5,
		0,
		7,
		7,
		6,
		6,
		3,
		4,
		2,
		8,
		2,
		6,
		7,
		0,
		3,
		7,
		4,
		9,
		2,
		8,
		0,
		3,
		1,
		0,
		4,
		8,
		8,
		1,
		6,
		4,
		9,
		2,
		2,
		2,
		9,
		1,
		4,
		4,
		4,
		8,
		4,
		0,
		5,
		9,
		4,
		6,
		7,
		0,
		4,
		9,
		5,
		2,
		7,
		5,
		4,
		6,
		0,
		1,
		6,
		8,
		7,
		5,
		3,
		9,
		3,
		9,
		4,
		5,
		7,
		2,
		5,
		9
	],
	"formal_code":[
		5,
		12,
		0,
		96
	],
	"tensor_product_decompositions":{
		"identifiers":[
			"formal_code"
		],
		"value":[]
	},
	"sub_fusion_rings":{
		"identifiers":[
			"injection",
			"formal_code"
		],
		"value":[]
	},
	"numeric_characters":[
		[
			[
				1.0,
				0
			],
			[
				1.421110255092798e1,
				0
			],
			[
				1.421110255092798e1,
				0
			],
			[
				2.842220510185596e1,
				0
			],
			[
				2.942220510185596e1,
				0
			]
		],
		[
			[
				1.0,
				0
			],
			[
				1.0,
				0
			],
			[
				8.123105625617661,
				0
			],
			[
				-3.5615528128088303,
				0
			],
			[
				-1.0,
				0
			]
		],
		[
			[
				1.0,
				0
			],
			[
				1.0,
				0
			],
			[
				-0.12310562561766059,
				0
			],
			[
				0.5615528128088303,
				0
			],
			[
				-1.0,
				0
			]
		],
		[
			[
				1.0,
				0
			],
			[
				-0.21110255092797825,
				0
			],
			[
				-0.21110255092797825,
				0
			],
			[
				-0.4222051018559565,
				0
			],
			[
				0.5777948981440435,
				0
			]
		],
		[
			[
				1.0,
				0
			],
			[
				-3.0,
				0
			],
			[
				1.0,
				0
			],
			[
				2.0,
				0
			],
			[
				-1.0,
				0
			]
		]
	],
	"numeric_frobenius_perron_dimensions":[
		1.0,
		1.421110255092798e1,
		1.421110255092798e1,
		2.842220510185596e1,
		2.942220510185596e1
	],
	"numeric_frobenius_perron_dimension":2.078398767333629e3,
	"info":"Fusion ring. mult_tab provides structure constants. barcode and formal_code provide unique identifiers see (DOI: 10.1063\/5.0148848). sub_fusion_rings provides tuples where the first element corresponds to the elements of the ring that form the subring isomorphic to the ring identified by the second element of the tuple. software provides doi of original software used to represent fusion ring.",
	"comments":[
		""
	]
}