{
	"references":[
		""
	],
	"software":[
		"https:\/\/doi.org\/10.5281\/zenodo.15920400"
	],
	"mult_tab":[
		[
			[
				1,
				0,
				0,
				0,
				0
			],
			[
				0,
				1,
				0,
				0,
				0
			],
			[
				0,
				0,
				1,
				0,
				0
			],
			[
				0,
				0,
				0,
				1,
				0
			],
			[
				0,
				0,
				0,
				0,
				1
			]
		],
		[
			[
				0,
				1,
				0,
				0,
				0
			],
			[
				1,
				10,
				1,
				2,
				3
			],
			[
				0,
				1,
				5,
				5,
				5
			],
			[
				0,
				2,
				5,
				5,
				5
			],
			[
				0,
				3,
				5,
				5,
				5
			]
		],
		[
			[
				0,
				0,
				1,
				0,
				0
			],
			[
				0,
				1,
				5,
				5,
				5
			],
			[
				1,
				5,
				4,
				3,
				5
			],
			[
				0,
				5,
				3,
				6,
				4
			],
			[
				0,
				5,
				5,
				4,
				5
			]
		],
		[
			[
				0,
				0,
				0,
				1,
				0
			],
			[
				0,
				2,
				5,
				5,
				5
			],
			[
				0,
				5,
				3,
				6,
				4
			],
			[
				1,
				5,
				6,
				2,
				6
			],
			[
				0,
				5,
				4,
				6,
				5
			]
		],
		[
			[
				0,
				0,
				0,
				0,
				1
			],
			[
				0,
				3,
				5,
				5,
				5
			],
			[
				0,
				5,
				5,
				4,
				5
			],
			[
				0,
				5,
				4,
				6,
				5
			],
			[
				1,
				5,
				5,
				5,
				6
			]
		]
	],
	"texnames":[
		"\\text{FR}^{5,10,0}_{469}"
	],
	"barcode":[
		1,
		3,
		5,
		7,
		3,
		5,
		4,
		2,
		4,
		2,
		7,
		5,
		2,
		9,
		3,
		3,
		8,
		1,
		9,
		3,
		4,
		5,
		1,
		1,
		6,
		7,
		9,
		7,
		8,
		9,
		8,
		8,
		5,
		2,
		4,
		5,
		0,
		1,
		7,
		0,
		7,
		5,
		1,
		1,
		3,
		6,
		1,
		9,
		7,
		7,
		3,
		9,
		1,
		6,
		8,
		7,
		1,
		2,
		5,
		5,
		9,
		2,
		8,
		5,
		8,
		4,
		9,
		0,
		5,
		4,
		7,
		6,
		3,
		1,
		0,
		9,
		1,
		7,
		1,
		4,
		2,
		7,
		4,
		1,
		9,
		2,
		9,
		5,
		8,
		1,
		5,
		3,
		0,
		6,
		3,
		6,
		8,
		0,
		2,
		6,
		5,
		2,
		5,
		4,
		1,
		5,
		9,
		0,
		8,
		5,
		0,
		7,
		8,
		7,
		2,
		9,
		1,
		8,
		9,
		3,
		8,
		0,
		5,
		9,
		0,
		4,
		4,
		0,
		3,
		2
	],
	"formal_code":[
		5,
		10,
		0,
		469
	],
	"tensor_product_decompositions":{
		"identifiers":[
			"formal_code"
		],
		"value":[]
	},
	"sub_fusion_rings":{
		"identifiers":[
			"injection",
			"formal_code"
		],
		"value":[]
	},
	"numeric_characters":[
		[
			[
				1.0,
				0
			],
			[
				1.6809636187974924e1,
				0
			],
			[
				1.7577917815387817e1,
				0
			],
			[
				1.8577917815387817e1,
				0
			],
			[
				1.9577917815387817e1,
				0
			]
		],
		[
			[
				1.0,
				0
			],
			[
				0.0,
				0
			],
			[
				2.618033988749895,
				0
			],
			[
				-4.23606797749979,
				0
			],
			[
				1.618033988749895,
				0
			]
		],
		[
			[
				1.0,
				0
			],
			[
				8.505119634669196,
				0
			],
			[
				-3.6190227244427478,
				0
			],
			[
				-2.6190227244427478,
				0
			],
			[
				-1.6190227244427475,
				0
			]
		],
		[
			[
				1.0,
				0
			],
			[
				-0.3147558226441201,
				0
			],
			[
				-0.9588950909450704,
				0
			],
			[
				4.1104909054929605e-2,
				0
			],
			[
				1.0411049090549296,
				0
			]
		],
		[
			[
				1.0,
				0
			],
			[
				0.0,
				0
			],
			[
				0.3819660112501051,
				0
			],
			[
				0.2360679774997898,
				0
			],
			[
				-0.6180339887498949,
				0
			]
		]
	],
	"numeric_frobenius_perron_dimensions":[
		1.0,
		1.6809636187974927e1,
		1.7577917815387817e1,
		1.8577917815387817e1,
		1.9577917815387817e1
	],
	"numeric_frobenius_perron_dimension":1.3209809598379884e3,
	"info":"Fusion ring. mult_tab provides structure constants. barcode and formal_code provide unique identifiers see (DOI: 10.1063\/5.0148848). sub_fusion_rings provides tuples where the first element corresponds to the elements of the ring that form the subring isomorphic to the ring identified by the second element of the tuple. software provides doi of original software used to represent fusion ring.",
	"comments":[
		""
	]
}