{
	"references":[
		""
	],
	"software":[
		"https:\/\/doi.org\/10.5281\/zenodo.15920400"
	],
	"mult_tab":[
		[
			[
				1,
				0,
				0,
				0,
				0
			],
			[
				0,
				1,
				0,
				0,
				0
			],
			[
				0,
				0,
				1,
				0,
				0
			],
			[
				0,
				0,
				0,
				1,
				0
			],
			[
				0,
				0,
				0,
				0,
				1
			]
		],
		[
			[
				0,
				1,
				0,
				0,
				0
			],
			[
				1,
				0,
				2,
				2,
				8
			],
			[
				0,
				2,
				1,
				8,
				4
			],
			[
				0,
				2,
				8,
				5,
				6
			],
			[
				0,
				8,
				4,
				6,
				7
			]
		],
		[
			[
				0,
				0,
				1,
				0,
				0
			],
			[
				0,
				2,
				1,
				8,
				4
			],
			[
				1,
				1,
				1,
				5,
				9
			],
			[
				0,
				8,
				5,
				5,
				7
			],
			[
				0,
				4,
				9,
				7,
				8
			]
		],
		[
			[
				0,
				0,
				0,
				1,
				0
			],
			[
				0,
				2,
				8,
				5,
				6
			],
			[
				0,
				8,
				5,
				5,
				7
			],
			[
				1,
				5,
				5,
				7,
				13
			],
			[
				0,
				6,
				7,
				13,
				10
			]
		],
		[
			[
				0,
				0,
				0,
				0,
				1
			],
			[
				0,
				8,
				4,
				6,
				7
			],
			[
				0,
				4,
				9,
				7,
				8
			],
			[
				0,
				6,
				7,
				13,
				10
			],
			[
				1,
				7,
				8,
				10,
				16
			]
		]
	],
	"texnames":[
		"\\text{FR}^{5,16,0}_{695}"
	],
	"barcode":[
		3,
		7,
		6,
		4,
		1,
		4,
		4,
		3,
		4,
		3,
		0,
		6,
		5,
		8,
		9,
		6,
		9,
		9,
		4,
		3,
		9,
		0,
		0,
		0,
		5,
		8,
		2,
		8,
		2,
		6,
		5,
		5,
		9,
		0,
		2,
		3,
		0,
		6,
		1,
		1,
		3,
		0,
		9,
		9,
		5,
		6,
		8,
		2,
		4,
		2,
		7,
		9,
		2,
		3,
		2,
		0,
		0,
		4,
		8,
		9,
		7,
		1,
		8,
		9,
		1,
		3,
		8,
		8,
		5,
		2,
		6,
		9,
		5,
		6,
		4,
		7,
		4,
		7,
		9,
		1,
		1,
		1,
		4,
		0,
		0,
		3,
		3,
		0,
		3,
		3,
		9,
		8,
		1,
		0,
		2,
		7,
		1,
		8,
		1,
		9,
		5,
		8,
		4,
		7,
		5,
		3,
		1,
		1,
		7,
		5,
		7,
		0,
		3,
		3,
		9,
		3,
		6,
		6,
		0,
		9,
		3,
		5,
		2,
		9,
		1,
		1,
		1,
		7,
		6,
		4,
		5,
		8,
		9,
		4,
		0,
		6,
		8,
		9,
		3,
		9,
		0,
		0,
		3,
		7,
		3,
		5,
		2,
		6,
		7,
		1,
		4,
		8,
		4
	],
	"formal_code":[
		5,
		16,
		0,
		695
	],
	"tensor_product_decompositions":{
		"identifiers":[
			"formal_code"
		],
		"value":[]
	},
	"sub_fusion_rings":{
		"identifiers":[
			"injection",
			"formal_code"
		],
		"value":[]
	},
	"numeric_characters":[
		[
			[
				1.0,
				0
			],
			[
				1.936651077231639e1,
				0
			],
			[
				2.2221192561650533e1,
				0
			],
			[
				2.922615340388082e1,
				0
			],
			[
				3.3895880945398e1,
				0
			]
		],
		[
			[
				1.0,
				0
			],
			[
				4.361397754136745,
				0
			],
			[
				-4.095280946733272,
				0
			],
			[
				-5.084977116687074,
				0
			],
			[
				4.547788312078717,
				0
			]
		],
		[
			[
				1.0,
				0
			],
			[
				-4.791296349279354,
				0
			],
			[
				-6.342580205945384,
				0
			],
			[
				4.141930533001069,
				0
			],
			[
				3.294727506563287,
				0
			]
		],
		[
			[
				1.0,
				0
			],
			[
				-5.996363828976147,
				0
			],
			[
				4.149020997734505,
				0
			],
			[
				-4.337785909036023,
				0
			],
			[
				4.416738624007064,
				0
			]
		],
		[
			[
				1.0,
				0
			],
			[
				5.975165180236747e-2,
				0
			],
			[
				6.764759329361743e-2,
				0
			],
			[
				5.4679088841208257e-2,
				0
			],
			[
				-0.1551353880470675,
				0
			]
		]
	],
	"numeric_frobenius_perron_dimensions":[
		1.0,
		1.936651077231639e1,
		2.2221192561650536e1,
		2.922615340388082e1,
		3.3895880945398e1
	],
	"numeric_frobenius_perron_dimension":2.872941926207969e3,
	"info":"Fusion ring. mult_tab provides structure constants. barcode and formal_code provide unique identifiers see (DOI: 10.1063\/5.0148848). sub_fusion_rings provides tuples where the first element corresponds to the elements of the ring that form the subring isomorphic to the ring identified by the second element of the tuple. software provides doi of original software used to represent fusion ring.",
	"comments":[
		""
	]
}