{
	"references":[
		""
	],
	"software":[
		"https:\/\/doi.org\/10.5281\/zenodo.15920400"
	],
	"mult_tab":[
		[
			[
				1,
				0,
				0,
				0,
				0
			],
			[
				0,
				1,
				0,
				0,
				0
			],
			[
				0,
				0,
				1,
				0,
				0
			],
			[
				0,
				0,
				0,
				1,
				0
			],
			[
				0,
				0,
				0,
				0,
				1
			]
		],
		[
			[
				0,
				1,
				0,
				0,
				0
			],
			[
				1,
				8,
				3,
				4,
				3
			],
			[
				0,
				3,
				7,
				1,
				6
			],
			[
				0,
				4,
				1,
				6,
				6
			],
			[
				0,
				3,
				6,
				6,
				8
			]
		],
		[
			[
				0,
				0,
				1,
				0,
				0
			],
			[
				0,
				3,
				7,
				1,
				6
			],
			[
				1,
				7,
				3,
				5,
				3
			],
			[
				0,
				1,
				5,
				5,
				6
			],
			[
				0,
				6,
				3,
				6,
				8
			]
		],
		[
			[
				0,
				0,
				0,
				1,
				0
			],
			[
				0,
				4,
				1,
				6,
				6
			],
			[
				0,
				1,
				5,
				5,
				6
			],
			[
				1,
				6,
				5,
				4,
				3
			],
			[
				0,
				6,
				6,
				3,
				8
			]
		],
		[
			[
				0,
				0,
				0,
				0,
				1
			],
			[
				0,
				3,
				6,
				6,
				8
			],
			[
				0,
				6,
				3,
				6,
				8
			],
			[
				0,
				6,
				6,
				3,
				8
			],
			[
				1,
				8,
				8,
				8,
				8
			]
		]
	],
	"texnames":[
		"\\text{FR}^{5,8,0}_{292}"
	],
	"barcode":[
		2,
		1,
		1,
		8,
		7,
		1,
		2,
		2,
		9,
		9,
		1,
		3,
		9,
		8,
		3,
		2,
		0,
		3,
		2,
		5,
		8,
		3,
		1,
		9,
		3,
		6,
		7,
		6,
		2,
		2,
		2,
		7,
		6,
		1,
		5,
		7,
		1,
		1,
		2,
		8,
		1,
		0,
		5,
		6,
		1,
		1,
		2,
		8,
		4,
		2,
		1,
		8,
		6,
		4,
		8,
		2,
		8,
		3,
		6,
		3,
		8,
		2,
		2,
		3,
		2,
		3,
		1,
		2,
		2,
		5,
		6,
		7,
		7,
		0,
		3,
		4,
		1,
		3,
		8,
		0,
		3,
		1,
		4,
		8,
		3,
		7,
		0,
		5,
		2,
		4,
		0,
		1,
		6,
		3,
		8,
		5,
		3,
		6,
		5,
		7,
		6,
		1,
		7,
		6,
		3,
		2,
		0,
		7,
		0,
		8,
		1,
		2,
		4,
		2,
		8,
		9,
		8,
		7,
		5
	],
	"formal_code":[
		5,
		8,
		0,
		292
	],
	"tensor_product_decompositions":{
		"identifiers":[
			"formal_code"
		],
		"value":[]
	},
	"sub_fusion_rings":{
		"identifiers":[
			"injection",
			"formal_code"
		],
		"value":[]
	},
	"numeric_characters":[
		[
			[
				1.0,
				0
			],
			[
				1.9104686356149273e1,
				0
			],
			[
				1.9104686356149273e1,
				0
			],
			[
				1.9104686356149273e1,
				0
			],
			[
				2.5806248474865697e1,
				0
			]
		],
		[
			[
				1.0,
				0
			],
			[
				6.248464232247812,
				0
			],
			[
				-6.04944833268899,
				0
			],
			[
				3.800984100441178,
				0
			],
			[
				-3.0,
				0
			]
		],
		[
			[
				1.0,
				0
			],
			[
				-0.1046863561492728,
				0
			],
			[
				-0.1046863561492728,
				0
			],
			[
				-0.1046863561492728,
				0
			],
			[
				0.19375152513430294,
				0
			]
		],
		[
			[
				1.0,
				0
			],
			[
				4.869067437041276,
				0
			],
			[
				3.7684520417094007,
				0
			],
			[
				-4.6375194787506775,
				0
			],
			[
				-3.0,
				0
			]
		],
		[
			[
				1.0,
				0
			],
			[
				-1.1175316692890884,
				0
			],
			[
				2.2809962909795893,
				0
			],
			[
				2.836535378309499,
				0
			],
			[
				-3.0,
				0
			]
		]
	],
	"numeric_frobenius_perron_dimensions":[
		1.0,
		1.9104686356149273e1,
		1.9104686356149273e1,
		1.9104686356149273e1,
		2.5806248474865697e1
	],
	"numeric_frobenius_perron_dimension":1.7619295826470166e3,
	"info":"Fusion ring. mult_tab provides structure constants. barcode and formal_code provide unique identifiers see (DOI: 10.1063\/5.0148848). sub_fusion_rings provides tuples where the first element corresponds to the elements of the ring that form the subring isomorphic to the ring identified by the second element of the tuple. software provides doi of original software used to represent fusion ring.",
	"comments":[
		""
	]
}