{
	"references":[
		""
	],
	"software":[
		"https:\/\/doi.org\/10.5281\/zenodo.15920400"
	],
	"mult_tab":[
		[
			[
				1,
				0,
				0,
				0,
				0
			],
			[
				0,
				1,
				0,
				0,
				0
			],
			[
				0,
				0,
				1,
				0,
				0
			],
			[
				0,
				0,
				0,
				1,
				0
			],
			[
				0,
				0,
				0,
				0,
				1
			]
		],
		[
			[
				0,
				1,
				0,
				0,
				0
			],
			[
				1,
				8,
				0,
				0,
				4
			],
			[
				0,
				0,
				7,
				4,
				2
			],
			[
				0,
				0,
				4,
				11,
				2
			],
			[
				0,
				4,
				2,
				2,
				11
			]
		],
		[
			[
				0,
				0,
				1,
				0,
				0
			],
			[
				0,
				0,
				7,
				4,
				2
			],
			[
				1,
				7,
				9,
				0,
				3
			],
			[
				0,
				4,
				0,
				5,
				11
			],
			[
				0,
				2,
				3,
				11,
				7
			]
		],
		[
			[
				0,
				0,
				0,
				1,
				0
			],
			[
				0,
				0,
				4,
				11,
				2
			],
			[
				0,
				4,
				0,
				5,
				11
			],
			[
				1,
				11,
				5,
				4,
				13
			],
			[
				0,
				2,
				11,
				13,
				9
			]
		],
		[
			[
				0,
				0,
				0,
				0,
				1
			],
			[
				0,
				4,
				2,
				2,
				11
			],
			[
				0,
				2,
				3,
				11,
				7
			],
			[
				0,
				2,
				11,
				13,
				9
			],
			[
				1,
				11,
				7,
				9,
				14
			]
		]
	],
	"texnames":[
		"\\text{FR}^{5,14,0}_{8}"
	],
	"barcode":[
		6,
		8,
		4,
		4,
		0,
		9,
		7,
		0,
		7,
		8,
		0,
		3,
		0,
		6,
		8,
		2,
		0,
		8,
		2,
		8,
		2,
		7,
		0,
		4,
		7,
		6,
		6,
		1,
		8,
		9,
		7,
		5,
		4,
		7,
		1,
		0,
		4,
		5,
		6,
		3,
		7,
		4,
		6,
		1,
		5,
		7,
		1,
		0,
		2,
		5,
		0,
		1,
		8,
		2,
		4,
		9,
		9,
		7,
		5,
		0,
		6,
		6,
		4,
		8,
		8,
		9,
		0,
		3,
		2,
		1,
		5,
		0,
		3,
		2,
		8,
		8,
		8,
		6,
		1,
		7,
		6,
		1,
		5,
		2,
		2,
		4,
		5,
		7,
		8,
		7,
		0,
		7,
		3,
		7,
		7,
		8,
		5,
		9,
		6,
		0,
		3,
		8,
		0,
		2,
		3,
		3,
		8,
		3,
		8,
		0,
		8,
		8,
		8,
		1,
		7,
		4,
		4,
		5,
		7,
		7,
		1,
		1,
		3,
		2,
		5,
		9,
		7,
		3,
		7,
		3,
		2,
		9,
		3,
		9,
		7,
		7,
		1,
		1,
		3,
		8,
		8,
		0,
		9,
		5,
		0,
		4
	],
	"formal_code":[
		5,
		14,
		0,
		8
	],
	"tensor_product_decompositions":{
		"identifiers":[
			"formal_code"
		],
		"value":[]
	},
	"sub_fusion_rings":{
		"identifiers":[
			"injection",
			"formal_code"
		],
		"value":[]
	},
	"numeric_characters":[
		[
			[
				1.0,
				0
			],
			[
				1.6020639421272612e1,
				0
			],
			[
				1.9633284673893442e1,
				0
			],
			[
				2.8339223912566002e1,
				0
			],
			[
				3.187394302406329e1,
				0
			]
		],
		[
			[
				1.0,
				0
			],
			[
				1.1592297259506044e1,
				0
			],
			[
				-7.027285633403448,
				0
			],
			[
				-1.3148218348599082e1,
				0
			],
			[
				1.0160744419175742e1,
				0
			]
		],
		[
			[
				1.0,
				0
			],
			[
				5.242677931016455,
				0
			],
			[
				-2.3085925011922757,
				0
			],
			[
				2.9462040826293596,
				0
			],
			[
				-3.863937889941166,
				0
			]
		],
		[
			[
				1.0,
				0
			],
			[
				-0.15088172766851207,
				0
			],
			[
				-1.2891782897044408e-2,
				0
			],
			[
				-5.680485947655387e-3,
				0
			],
			[
				5.745477927308292e-2,
				0
			]
		],
		[
			[
				1.0,
				0
			],
			[
				4.295267115873402,
				0
			],
			[
				1.0715485243599325e1,
				0
			],
			[
				-5.1315291606486255,
				0
			],
			[
				-4.228204332570951,
				0
			]
		]
	],
	"numeric_frobenius_perron_dimensions":[
		1.0,
		1.602063942127263e1,
		1.9633284673893442e1,
		2.8339223912566002e1,
		3.187394302406329e1
	],
	"numeric_frobenius_perron_dimension":2.462186610420359e3,
	"info":"Fusion ring. mult_tab provides structure constants. barcode and formal_code provide unique identifiers see (DOI: 10.1063\/5.0148848). sub_fusion_rings provides tuples where the first element corresponds to the elements of the ring that form the subring isomorphic to the ring identified by the second element of the tuple. software provides doi of original software used to represent fusion ring.",
	"comments":[
		""
	]
}