{
	"references":[
		""
	],
	"software":[
		"https:\/\/doi.org\/10.5281\/zenodo.15920400"
	],
	"mult_tab":[
		[
			[
				1,
				0,
				0,
				0,
				0
			],
			[
				0,
				1,
				0,
				0,
				0
			],
			[
				0,
				0,
				1,
				0,
				0
			],
			[
				0,
				0,
				0,
				1,
				0
			],
			[
				0,
				0,
				0,
				0,
				1
			]
		],
		[
			[
				0,
				1,
				0,
				0,
				0
			],
			[
				1,
				4,
				0,
				4,
				4
			],
			[
				0,
				0,
				3,
				6,
				4
			],
			[
				0,
				4,
				6,
				5,
				4
			],
			[
				0,
				4,
				4,
				4,
				7
			]
		],
		[
			[
				0,
				0,
				1,
				0,
				0
			],
			[
				0,
				0,
				3,
				6,
				4
			],
			[
				1,
				3,
				0,
				6,
				6
			],
			[
				0,
				6,
				6,
				4,
				6
			],
			[
				0,
				4,
				6,
				6,
				6
			]
		],
		[
			[
				0,
				0,
				0,
				1,
				0
			],
			[
				0,
				4,
				6,
				5,
				4
			],
			[
				0,
				6,
				6,
				4,
				6
			],
			[
				1,
				5,
				4,
				10,
				8
			],
			[
				0,
				4,
				6,
				8,
				10
			]
		],
		[
			[
				0,
				0,
				0,
				0,
				1
			],
			[
				0,
				4,
				4,
				4,
				7
			],
			[
				0,
				4,
				6,
				6,
				6
			],
			[
				0,
				4,
				6,
				8,
				10
			],
			[
				1,
				7,
				6,
				10,
				7
			]
		]
	],
	"texnames":[
		"\\text{FR}^{5,10,0}_{217}"
	],
	"barcode":[
		1,
		3,
		5,
		7,
		3,
		5,
		4,
		2,
		4,
		2,
		7,
		5,
		2,
		9,
		3,
		3,
		8,
		1,
		9,
		3,
		4,
		5,
		1,
		1,
		6,
		7,
		9,
		7,
		8,
		9,
		8,
		8,
		5,
		5,
		8,
		5,
		6,
		0,
		5,
		7,
		4,
		2,
		1,
		3,
		7,
		6,
		6,
		8,
		4,
		3,
		4,
		7,
		9,
		0,
		3,
		2,
		3,
		2,
		2,
		5,
		9,
		0,
		0,
		0,
		4,
		2,
		1,
		0,
		7,
		9,
		1,
		1,
		7,
		5,
		3,
		5,
		4,
		0,
		7,
		5,
		3,
		6,
		4,
		4,
		2,
		5,
		1,
		0,
		7,
		8,
		8,
		8,
		3,
		2,
		8,
		9,
		2,
		4,
		8,
		6,
		3,
		6,
		0,
		5,
		9,
		6,
		2,
		9,
		4,
		2,
		9,
		9,
		6,
		8,
		5,
		8,
		6,
		7,
		0,
		9,
		6,
		2,
		9,
		5,
		9,
		1,
		6,
		4,
		5,
		3
	],
	"formal_code":[
		5,
		10,
		0,
		217
	],
	"tensor_product_decompositions":{
		"identifiers":[
			"formal_code"
		],
		"value":[]
	},
	"sub_fusion_rings":{
		"identifiers":[
			"injection",
			"formal_code"
		],
		"value":[]
	},
	"numeric_characters":[
		[
			[
				1.0,
				0
			],
			[
				1.6352508812329265e1,
				0
			],
			[
				1.8749647736663523e1,
				0
			],
			[
				2.4680163711939976e1,
				0
			],
			[
				2.5568463590057323e1,
				0
			]
		],
		[
			[
				1.0,
				0
			],
			[
				-3.4608609900920455,
				0
			],
			[
				-5.277207704779818,
				0
			],
			[
				4.637151321658016,
				0
			],
			[
				1.5680993666192533,
				0
			]
		],
		[
			[
				1.0,
				0
			],
			[
				4.114610630466573,
				0
			],
			[
				-3.542767148589232,
				0
			],
			[
				-1.710192021783773,
				0
			],
			[
				1.5780865514043325,
				0
			]
		],
		[
			[
				1.0,
				0
			],
			[
				2.158846124268071,
				0
			],
			[
				-0.1199437768151961,
				0
			],
			[
				2.5378295407715203,
				0
			],
			[
				-3.7815215179727732,
				0
			]
		],
		[
			[
				1.0,
				0
			],
			[
				-0.16510457697186262,
				0
			],
			[
				0.19027089352072332,
				0
			],
			[
				-0.14495255258573775,
				0
			],
			[
				6.687200989186481e-2,
				0
			]
		]
	],
	"numeric_frobenius_perron_dimensions":[
		1.0,
		1.6352508812329265e1,
		1.8749647736663523e1,
		2.4680163711939976e1,
		2.5568463590057323e1
	],
	"numeric_frobenius_perron_dimension":1.8828106459105236e3,
	"info":"Fusion ring. mult_tab provides structure constants. barcode and formal_code provide unique identifiers see (DOI: 10.1063\/5.0148848). sub_fusion_rings provides tuples where the first element corresponds to the elements of the ring that form the subring isomorphic to the ring identified by the second element of the tuple. software provides doi of original software used to represent fusion ring.",
	"comments":[
		""
	]
}