{
	"references":[
		""
	],
	"software":[
		"https:\/\/doi.org\/10.5281\/zenodo.15920400"
	],
	"mult_tab":[
		[
			[
				1,
				0,
				0,
				0,
				0
			],
			[
				0,
				1,
				0,
				0,
				0
			],
			[
				0,
				0,
				1,
				0,
				0
			],
			[
				0,
				0,
				0,
				1,
				0
			],
			[
				0,
				0,
				0,
				0,
				1
			]
		],
		[
			[
				0,
				1,
				0,
				0,
				0
			],
			[
				1,
				8,
				0,
				0,
				1
			],
			[
				0,
				0,
				8,
				4,
				0
			],
			[
				0,
				0,
				4,
				4,
				4
			],
			[
				0,
				1,
				0,
				4,
				8
			]
		],
		[
			[
				0,
				0,
				1,
				0,
				0
			],
			[
				0,
				0,
				8,
				4,
				0
			],
			[
				1,
				8,
				13,
				14,
				15
			],
			[
				0,
				4,
				14,
				14,
				16
			],
			[
				0,
				0,
				15,
				16,
				16
			]
		],
		[
			[
				0,
				0,
				0,
				1,
				0
			],
			[
				0,
				0,
				4,
				4,
				4
			],
			[
				0,
				4,
				14,
				14,
				16
			],
			[
				1,
				4,
				14,
				16,
				15
			],
			[
				0,
				4,
				16,
				15,
				16
			]
		],
		[
			[
				0,
				0,
				0,
				0,
				1
			],
			[
				0,
				1,
				0,
				4,
				8
			],
			[
				0,
				0,
				15,
				16,
				16
			],
			[
				0,
				4,
				16,
				15,
				16
			],
			[
				1,
				8,
				16,
				16,
				16
			]
		]
	],
	"texnames":[
		"\\text{FR}^{5,16,0}_{625}"
	],
	"barcode":[
		3,
		7,
		6,
		4,
		1,
		4,
		4,
		3,
		4,
		3,
		0,
		6,
		5,
		8,
		9,
		6,
		9,
		9,
		4,
		3,
		9,
		0,
		0,
		0,
		5,
		8,
		2,
		8,
		2,
		6,
		5,
		5,
		9,
		0,
		2,
		3,
		0,
		6,
		2,
		1,
		6,
		0,
		1,
		5,
		2,
		7,
		2,
		3,
		7,
		8,
		1,
		3,
		5,
		8,
		3,
		9,
		3,
		1,
		8,
		7,
		2,
		3,
		0,
		9,
		1,
		2,
		0,
		3,
		3,
		1,
		4,
		3,
		2,
		6,
		8,
		1,
		5,
		9,
		7,
		5,
		7,
		1,
		9,
		5,
		1,
		2,
		9,
		6,
		4,
		9,
		2,
		3,
		8,
		9,
		8,
		5,
		8,
		3,
		7,
		4,
		0,
		2,
		5,
		3,
		7,
		8,
		5,
		9,
		8,
		4,
		9,
		0,
		1,
		0,
		4,
		3,
		7,
		4,
		3,
		4,
		8,
		8,
		5,
		7,
		0,
		2,
		2,
		7,
		4,
		1,
		6,
		1,
		4,
		0,
		5,
		0,
		3,
		6,
		6,
		0,
		6,
		3,
		6,
		7,
		7,
		7,
		0,
		5,
		0,
		3,
		6,
		7,
		9
	],
	"formal_code":[
		5,
		16,
		0,
		625
	],
	"tensor_product_decompositions":{
		"identifiers":[
			"formal_code"
		],
		"value":[]
	},
	"sub_fusion_rings":{
		"identifiers":[
			"injection",
			"formal_code"
		],
		"value":[]
	},
	"numeric_characters":[
		[
			[
				1.0,
				0
			],
			[
				1.2086192765576225e1,
				0
			],
			[
				4.542870076435022e1,
				0
			],
			[
				4.640760710320375e1,
				0
			],
			[
				4.838651344205728e1,
				0
			]
		],
		[
			[
				1.0,
				0
			],
			[
				7.335332518150997,
				0
			],
			[
				5.160536569908983,
				0
			],
			[
				-0.8575102117277738,
				0
			],
			[
				-5.87555699336453,
				0
			]
		],
		[
			[
				1.0,
				0
			],
			[
				8.72329458897046,
				0
			],
			[
				-6.750988500506811,
				0
			],
			[
				-1.2207383631545934,
				0
			],
			[
				5.309511774197624,
				0
			]
		],
		[
			[
				1.0,
				0
			],
			[
				0.0,
				0
			],
			[
				-1.0,
				0
			],
			[
				2.0,
				0
			],
			[
				-1.0,
				0
			]
		],
		[
			[
				1.0,
				0
			],
			[
				-0.1448198726976817,
				0
			],
			[
				0.16175116624760674,
				0
			],
			[
				-0.32935852832138346,
				0
			],
			[
				0.17953177710962637,
				0
			]
		]
	],
	"numeric_frobenius_perron_dimensions":[
		1.0,
		1.2086192765576229e1,
		4.542870076435022e1,
		4.640760710320375e1,
		4.838651344205728e1
	],
	"numeric_frobenius_perron_dimension":6.705763588827259e3,
	"info":"Fusion ring. mult_tab provides structure constants. barcode and formal_code provide unique identifiers see (DOI: 10.1063\/5.0148848). sub_fusion_rings provides tuples where the first element corresponds to the elements of the ring that form the subring isomorphic to the ring identified by the second element of the tuple. software provides doi of original software used to represent fusion ring.",
	"comments":[
		""
	]
}