{
	"references":[
		""
	],
	"software":[
		"https:\/\/doi.org\/10.5281\/zenodo.15920400"
	],
	"mult_tab":[
		[
			[
				1,
				0,
				0,
				0,
				0
			],
			[
				0,
				1,
				0,
				0,
				0
			],
			[
				0,
				0,
				1,
				0,
				0
			],
			[
				0,
				0,
				0,
				1,
				0
			],
			[
				0,
				0,
				0,
				0,
				1
			]
		],
		[
			[
				0,
				1,
				0,
				0,
				0
			],
			[
				1,
				2,
				2,
				3,
				3
			],
			[
				0,
				2,
				1,
				2,
				5
			],
			[
				0,
				3,
				2,
				4,
				4
			],
			[
				0,
				3,
				5,
				4,
				7
			]
		],
		[
			[
				0,
				0,
				1,
				0,
				0
			],
			[
				0,
				2,
				1,
				2,
				5
			],
			[
				1,
				1,
				8,
				4,
				1
			],
			[
				0,
				2,
				4,
				3,
				5
			],
			[
				0,
				5,
				1,
				5,
				9
			]
		],
		[
			[
				0,
				0,
				0,
				1,
				0
			],
			[
				0,
				3,
				2,
				4,
				4
			],
			[
				0,
				2,
				4,
				3,
				5
			],
			[
				1,
				4,
				3,
				5,
				5
			],
			[
				0,
				4,
				5,
				5,
				10
			]
		],
		[
			[
				0,
				0,
				0,
				0,
				1
			],
			[
				0,
				3,
				5,
				4,
				7
			],
			[
				0,
				5,
				1,
				5,
				9
			],
			[
				0,
				4,
				5,
				5,
				10
			],
			[
				1,
				7,
				9,
				10,
				12
			]
		]
	],
	"texnames":[
		"\\text{FR}^{5,12,0}_{1426}"
	],
	"barcode":[
		1,
		3,
		4,
		5,
		7,
		8,
		5,
		2,
		8,
		7,
		0,
		6,
		3,
		2,
		5,
		1,
		9,
		2,
		9,
		5,
		4,
		0,
		9,
		2,
		4,
		6,
		7,
		7,
		1,
		2,
		3,
		4,
		6,
		1,
		6,
		0,
		3,
		9,
		3,
		0,
		8,
		8,
		3,
		5,
		7,
		9,
		1,
		6,
		1,
		5,
		6,
		7,
		5,
		9,
		3,
		2,
		3,
		2,
		6,
		7,
		8,
		7,
		6,
		3,
		7,
		1,
		5,
		4,
		7,
		3,
		9,
		5,
		2,
		6,
		5,
		7,
		2,
		3,
		2,
		2,
		4,
		9,
		5,
		6,
		9,
		9,
		2,
		1,
		6,
		8,
		6,
		4,
		2,
		5,
		7,
		0,
		2,
		6,
		0,
		4,
		6,
		5,
		4,
		7,
		8,
		1,
		7,
		9,
		9,
		4,
		7,
		7,
		8,
		0,
		6,
		5,
		1,
		9,
		8,
		9,
		2,
		2,
		4,
		3,
		6,
		1,
		1,
		3,
		9,
		5,
		3,
		5,
		5,
		9,
		4,
		3,
		6,
		7,
		2
	],
	"formal_code":[
		5,
		12,
		0,
		1426
	],
	"tensor_product_decompositions":{
		"identifiers":[
			"formal_code"
		],
		"value":[]
	},
	"sub_fusion_rings":{
		"identifiers":[
			"injection",
			"formal_code"
		],
		"value":[]
	},
	"numeric_characters":[
		[
			[
				1.0,
				0
			],
			[
				1.4022581312459259e1,
				0
			],
			[
				1.545354681873091e1,
				0
			],
			[
				1.8200325538561536e1,
				0
			],
			[
				2.735985126215556e1,
				0
			]
		],
		[
			[
				1.0,
				0
			],
			[
				2.0905738609994557,
				0
			],
			[
				-1.3321515469035803,
				0
			],
			[
				2.9077938149264386,
				0
			],
			[
				-2.2899090015589647,
				0
			]
		],
		[
			[
				1.0,
				0
			],
			[
				-0.9038448115765542,
				0
			],
			[
				-0.2498835827436822,
				0
			],
			[
				0.41907484481090684,
				0
			],
			[
				0.28905589920720287,
				0
			]
		],
		[
			[
				1.0,
				0
			],
			[
				0.7084638251057022,
				0
			],
			[
				0.17100257150159773,
				0
			],
			[
				-0.7649684168048642,
				0
			],
			[
				1.263114956113192e-2,
				0
			]
		],
		[
			[
				1.0,
				0
			],
			[
				-1.9177741869878622,
				0
			],
			[
				7.9574857394147545,
				0
			],
			[
				1.237774218505984,
				0
			],
			[
				-4.371629309364927,
				0
			]
		]
	],
	"numeric_frobenius_perron_dimensions":[
		1.0,
		1.4022581312459259e1,
		1.545354681873091e1,
		1.8200325538561536e1,
		2.735985126215556e1
	],
	"numeric_frobenius_perron_dimension":1.5162582067401304e3,
	"info":"Fusion ring. mult_tab provides structure constants. barcode and formal_code provide unique identifiers see (DOI: 10.1063\/5.0148848). sub_fusion_rings provides tuples where the first element corresponds to the elements of the ring that form the subring isomorphic to the ring identified by the second element of the tuple. software provides doi of original software used to represent fusion ring.",
	"comments":[
		""
	]
}