{
	"references":[
		""
	],
	"software":[
		"https:\/\/doi.org\/10.5281\/zenodo.15920400"
	],
	"mult_tab":[
		[
			[
				1,
				0,
				0,
				0,
				0
			],
			[
				0,
				1,
				0,
				0,
				0
			],
			[
				0,
				0,
				1,
				0,
				0
			],
			[
				0,
				0,
				0,
				1,
				0
			],
			[
				0,
				0,
				0,
				0,
				1
			]
		],
		[
			[
				0,
				1,
				0,
				0,
				0
			],
			[
				1,
				1,
				2,
				2,
				5
			],
			[
				0,
				2,
				4,
				4,
				4
			],
			[
				0,
				2,
				4,
				5,
				4
			],
			[
				0,
				5,
				4,
				4,
				8
			]
		],
		[
			[
				0,
				0,
				1,
				0,
				0
			],
			[
				0,
				2,
				4,
				4,
				4
			],
			[
				1,
				4,
				2,
				4,
				7
			],
			[
				0,
				4,
				4,
				2,
				8
			],
			[
				0,
				4,
				7,
				8,
				8
			]
		],
		[
			[
				0,
				0,
				0,
				1,
				0
			],
			[
				0,
				2,
				4,
				5,
				4
			],
			[
				0,
				4,
				4,
				2,
				8
			],
			[
				1,
				5,
				2,
				3,
				9
			],
			[
				0,
				4,
				8,
				9,
				8
			]
		],
		[
			[
				0,
				0,
				0,
				0,
				1
			],
			[
				0,
				5,
				4,
				4,
				8
			],
			[
				0,
				4,
				7,
				8,
				8
			],
			[
				0,
				4,
				8,
				9,
				8
			],
			[
				1,
				8,
				8,
				8,
				16
			]
		]
	],
	"texnames":[
		"\\text{FR}^{5,16,0}_{263}"
	],
	"barcode":[
		3,
		7,
		6,
		4,
		1,
		4,
		4,
		3,
		4,
		3,
		0,
		6,
		5,
		8,
		9,
		6,
		9,
		9,
		4,
		3,
		9,
		0,
		0,
		0,
		5,
		8,
		2,
		8,
		2,
		6,
		5,
		5,
		9,
		0,
		2,
		3,
		0,
		6,
		0,
		8,
		1,
		3,
		6,
		1,
		1,
		5,
		5,
		7,
		8,
		7,
		9,
		3,
		8,
		8,
		7,
		8,
		4,
		7,
		2,
		1,
		3,
		9,
		0,
		3,
		4,
		2,
		7,
		0,
		7,
		4,
		4,
		1,
		8,
		4,
		3,
		7,
		7,
		7,
		3,
		4,
		2,
		1,
		9,
		5,
		4,
		4,
		4,
		1,
		8,
		1,
		4,
		1,
		5,
		1,
		4,
		3,
		0,
		5,
		8,
		8,
		0,
		2,
		1,
		3,
		4,
		0,
		9,
		3,
		0,
		0,
		0,
		3,
		0,
		7,
		3,
		4,
		3,
		7,
		1,
		3,
		1,
		2,
		3,
		8,
		7,
		2,
		2,
		6,
		6,
		6,
		9,
		8,
		1,
		9,
		2,
		1,
		2,
		5,
		1,
		9,
		3,
		7,
		1,
		2,
		5,
		4,
		9,
		8,
		5,
		6,
		4,
		7,
		5
	],
	"formal_code":[
		5,
		16,
		0,
		263
	],
	"tensor_product_decompositions":{
		"identifiers":[
			"formal_code"
		],
		"value":[]
	},
	"sub_fusion_rings":{
		"identifiers":[
			"injection",
			"formal_code"
		],
		"value":[]
	},
	"numeric_characters":[
		[
			[
				1.0,
				0
			],
			[
				1.5976842420708273e1,
				0
			],
			[
				2.020404720305663e1,
				0
			],
			[
				2.155306635111956e1,
				0
			],
			[
				3.0953684841416546e1,
				0
			]
		],
		[
			[
				1.0,
				0
			],
			[
				0.453016759038679,
				0
			],
			[
				-2.264271067368506,
				0
			],
			[
				1.8752909846407255,
				0
			],
			[
				-9.3966481922642e-2,
				0
			]
		],
		[
			[
				1.0,
				0
			],
			[
				3.227694640768059,
				0
			],
			[
				-4.305336113773222,
				0
			],
			[
				-6.237978063429678,
				0
			],
			[
				5.455389281536118,
				0
			]
		],
		[
			[
				1.0,
				0
			],
			[
				-2.0,
				0
			],
			[
				0.0,
				0
			],
			[
				0.0,
				0
			],
			[
				1.0,
				0
			]
		],
		[
			[
				1.0,
				0
			],
			[
				0.3424461794849894,
				0
			],
			[
				0.36555997808509805,
				0
			],
			[
				-0.19037927233060703,
				0
			],
			[
				-0.3151076410300212,
				0
			]
		]
	],
	"numeric_frobenius_perron_dimensions":[
		1.0,
		1.5976842420708273e1,
		2.020404720305663e1,
		2.155306635111956e1,
		3.0953684841416546e1
	],
	"numeric_frobenius_perron_dimension":2.0871282915169863e3,
	"info":"Fusion ring. mult_tab provides structure constants. barcode and formal_code provide unique identifiers see (DOI: 10.1063\/5.0148848). sub_fusion_rings provides tuples where the first element corresponds to the elements of the ring that form the subring isomorphic to the ring identified by the second element of the tuple. software provides doi of original software used to represent fusion ring.",
	"comments":[
		""
	]
}