{
	"references":[
		""
	],
	"software":[
		"https:\/\/doi.org\/10.5281\/zenodo.15920400"
	],
	"mult_tab":[
		[
			[
				1,
				0,
				0,
				0,
				0
			],
			[
				0,
				1,
				0,
				0,
				0
			],
			[
				0,
				0,
				1,
				0,
				0
			],
			[
				0,
				0,
				0,
				1,
				0
			],
			[
				0,
				0,
				0,
				0,
				1
			]
		],
		[
			[
				0,
				1,
				0,
				0,
				0
			],
			[
				1,
				10,
				3,
				1,
				3
			],
			[
				0,
				3,
				5,
				3,
				6
			],
			[
				0,
				1,
				3,
				9,
				6
			],
			[
				0,
				3,
				6,
				6,
				8
			]
		],
		[
			[
				0,
				0,
				1,
				0,
				0
			],
			[
				0,
				3,
				5,
				3,
				6
			],
			[
				1,
				5,
				1,
				7,
				6
			],
			[
				0,
				3,
				7,
				3,
				9
			],
			[
				0,
				6,
				6,
				9,
				6
			]
		],
		[
			[
				0,
				0,
				0,
				1,
				0
			],
			[
				0,
				1,
				3,
				9,
				6
			],
			[
				0,
				3,
				7,
				3,
				9
			],
			[
				1,
				9,
				3,
				9,
				6
			],
			[
				0,
				6,
				9,
				6,
				10
			]
		],
		[
			[
				0,
				0,
				0,
				0,
				1
			],
			[
				0,
				3,
				6,
				6,
				8
			],
			[
				0,
				6,
				6,
				9,
				6
			],
			[
				0,
				6,
				9,
				6,
				10
			],
			[
				1,
				8,
				6,
				10,
				12
			]
		]
	],
	"texnames":[
		"\\text{FR}^{5,12,0}_{1309}"
	],
	"barcode":[
		1,
		3,
		4,
		5,
		7,
		8,
		5,
		2,
		8,
		7,
		0,
		6,
		3,
		2,
		5,
		1,
		9,
		2,
		9,
		5,
		4,
		0,
		9,
		2,
		4,
		6,
		7,
		7,
		1,
		2,
		3,
		4,
		6,
		1,
		7,
		9,
		4,
		9,
		2,
		7,
		5,
		7,
		0,
		9,
		7,
		9,
		5,
		4,
		0,
		8,
		3,
		3,
		6,
		6,
		7,
		7,
		6,
		2,
		0,
		2,
		7,
		4,
		9,
		9,
		5,
		4,
		8,
		6,
		2,
		3,
		3,
		2,
		1,
		8,
		5,
		7,
		8,
		4,
		6,
		8,
		1,
		7,
		5,
		5,
		1,
		7,
		2,
		7,
		7,
		3,
		9,
		5,
		7,
		1,
		1,
		1,
		6,
		0,
		9,
		4,
		6,
		2,
		5,
		2,
		0,
		4,
		9,
		2,
		7,
		3,
		5,
		0,
		1,
		8,
		1,
		7,
		9,
		2,
		3,
		6,
		7,
		8,
		4,
		1,
		4,
		4,
		2,
		1,
		1,
		0,
		5,
		9,
		9,
		5,
		0,
		8,
		3,
		7,
		0
	],
	"formal_code":[
		5,
		12,
		0,
		1309
	],
	"tensor_product_decompositions":{
		"identifiers":[
			"formal_code"
		],
		"value":[]
	},
	"sub_fusion_rings":{
		"identifiers":[
			"injection",
			"formal_code"
		],
		"value":[]
	},
	"numeric_characters":[
		[
			[
				1.0,
				0
			],
			[
				1.9399142857207444e1,
				0
			],
			[
				2.1882669773503036e1,
				0
			],
			[
				2.5519648190624988e1,
				0
			],
			[
				3.00558858370447e1,
				0
			]
		],
		[
			[
				1.0,
				0
			],
			[
				3.6523855004401526,
				0
			],
			[
				-6.40358243809086,
				0
			],
			[
				7.618779733984549,
				0
			],
			[
				-4.197322526762677,
				0
			]
		],
		[
			[
				1.0,
				0
			],
			[
				9.07291846922006,
				0
			],
			[
				0.3205418560370533,
				0
			],
			[
				-5.167293139654221,
				0
			],
			[
				-1.7352225238476873,
				0
			]
		],
		[
			[
				1.0,
				0
			],
			[
				-0.12444682686765754,
				0
			],
			[
				0.20037080855077202,
				0
			],
			[
				2.8865215044685956e-2,
				0
			],
			[
				-0.12334078643433265,
				0
			]
		],
		[
			[
				1.0,
				0
			],
			[
				0.0,
				0
			],
			[
				-3.0,
				0
			],
			[
				-1.0,
				0
			],
			[
				3.0,
				0
			]
		]
	],
	"numeric_frobenius_perron_dimensions":[
		1.0,
		1.9399142857207448e1,
		2.1882669773503036e1,
		2.5519648190624988e1,
		3.00558858370447e1
	],
	"numeric_frobenius_perron_dimension":2.4107866972332595e3,
	"info":"Fusion ring. mult_tab provides structure constants. barcode and formal_code provide unique identifiers see (DOI: 10.1063\/5.0148848). sub_fusion_rings provides tuples where the first element corresponds to the elements of the ring that form the subring isomorphic to the ring identified by the second element of the tuple. software provides doi of original software used to represent fusion ring.",
	"comments":[
		""
	]
}