{
	"references":[
		""
	],
	"software":[
		"https:\/\/doi.org\/10.5281\/zenodo.15920400"
	],
	"mult_tab":[
		[
			[
				1,
				0,
				0,
				0,
				0
			],
			[
				0,
				1,
				0,
				0,
				0
			],
			[
				0,
				0,
				1,
				0,
				0
			],
			[
				0,
				0,
				0,
				1,
				0
			],
			[
				0,
				0,
				0,
				0,
				1
			]
		],
		[
			[
				0,
				1,
				0,
				0,
				0
			],
			[
				1,
				1,
				1,
				0,
				1
			],
			[
				0,
				1,
				2,
				0,
				3
			],
			[
				0,
				0,
				0,
				5,
				2
			],
			[
				0,
				1,
				3,
				2,
				3
			]
		],
		[
			[
				0,
				0,
				1,
				0,
				0
			],
			[
				0,
				1,
				2,
				0,
				3
			],
			[
				1,
				2,
				8,
				2,
				3
			],
			[
				0,
				0,
				2,
				11,
				4
			],
			[
				0,
				3,
				3,
				4,
				10
			]
		],
		[
			[
				0,
				0,
				0,
				1,
				0
			],
			[
				0,
				0,
				0,
				5,
				2
			],
			[
				0,
				0,
				2,
				11,
				4
			],
			[
				1,
				5,
				11,
				3,
				12
			],
			[
				0,
				2,
				4,
				12,
				10
			]
		],
		[
			[
				0,
				0,
				0,
				0,
				1
			],
			[
				0,
				1,
				3,
				2,
				3
			],
			[
				0,
				3,
				3,
				4,
				10
			],
			[
				0,
				2,
				4,
				12,
				10
			],
			[
				1,
				3,
				10,
				10,
				9
			]
		]
	],
	"texnames":[
		"\\text{FR}^{5,12,0}_{1673}"
	],
	"barcode":[
		1,
		3,
		4,
		5,
		7,
		8,
		5,
		2,
		8,
		7,
		0,
		6,
		3,
		2,
		5,
		1,
		9,
		2,
		9,
		5,
		4,
		0,
		9,
		2,
		4,
		6,
		7,
		7,
		1,
		2,
		3,
		4,
		6,
		1,
		7,
		2,
		1,
		7,
		3,
		0,
		3,
		1,
		2,
		9,
		0,
		5,
		7,
		1,
		2,
		3,
		3,
		4,
		2,
		6,
		0,
		3,
		6,
		0,
		4,
		7,
		4,
		0,
		4,
		1,
		7,
		0,
		6,
		5,
		4,
		6,
		8,
		6,
		0,
		6,
		7,
		6,
		1,
		1,
		8,
		4,
		6,
		2,
		0,
		9,
		2,
		8,
		2,
		0,
		5,
		2,
		4,
		4,
		8,
		7,
		9,
		3,
		0,
		8,
		3,
		4,
		3,
		3,
		4,
		4,
		0,
		7,
		9,
		8,
		8,
		9,
		7,
		8,
		7,
		1,
		3,
		1,
		1,
		7,
		8,
		2,
		9,
		3,
		2,
		2,
		3,
		4,
		2,
		2,
		3,
		2,
		2,
		8,
		4,
		1,
		5,
		8,
		1,
		0,
		4
	],
	"formal_code":[
		5,
		12,
		0,
		1673
	],
	"tensor_product_decompositions":{
		"identifiers":[
			"formal_code"
		],
		"value":[]
	},
	"sub_fusion_rings":{
		"identifiers":[
			"injection",
			"formal_code"
		],
		"value":[]
	},
	"numeric_characters":[
		[
			[
				1.0,
				0
			],
			[
				7.102991814622032,
				0
			],
			[
				1.655579785782818e1,
				0
			],
			[
				2.453048353949323e1,
				0
			],
			[
				2.5793703046137377e1,
				0
			]
		],
		[
			[
				1.0,
				0
			],
			[
				4.2103943933380545,
				0
			],
			[
				8.015031282291638,
				0
			],
			[
				-1.1403149202182089e1,
				0
			],
			[
				4.5019952718228335,
				0
			]
		],
		[
			[
				1.0,
				0
			],
			[
				-0.8500998277311819,
				0
			],
			[
				5.791913335704163,
				0
			],
			[
				1.7842922153649856,
				0
			],
			[
				-5.219143790864396,
				0
			]
		],
		[
			[
				1.0,
				0
			],
			[
				1.2566345699377022,
				0
			],
			[
				-0.34382075995994443,
				0
			],
			[
				0.1782798788146584,
				0
			],
			[
				-0.33368336761524403,
				0
			]
		],
		[
			[
				1.0,
				0
			],
			[
				-0.7199209501666068,
				0
			],
			[
				-1.892171586403351e-2,
				0
			],
			[
				-8.99064314907852e-2,
				0
			],
			[
				0.25712884051943047,
				0
			]
		]
	],
	"numeric_frobenius_perron_dimensions":[
		1.0,
		7.102991814622032,
		1.655579785782818e1,
		2.453048353949323e1,
		2.5793703046137377e1
	],
	"numeric_frobenius_perron_dimension":1.5926066749415204e3,
	"info":"Fusion ring. mult_tab provides structure constants. barcode and formal_code provide unique identifiers see (DOI: 10.1063\/5.0148848). sub_fusion_rings provides tuples where the first element corresponds to the elements of the ring that form the subring isomorphic to the ring identified by the second element of the tuple. software provides doi of original software used to represent fusion ring.",
	"comments":[
		""
	]
}