{
	"references":[
		""
	],
	"software":[
		"https:\/\/doi.org\/10.5281\/zenodo.15920400"
	],
	"mult_tab":[
		[
			[
				1,
				0,
				0,
				0,
				0
			],
			[
				0,
				1,
				0,
				0,
				0
			],
			[
				0,
				0,
				1,
				0,
				0
			],
			[
				0,
				0,
				0,
				1,
				0
			],
			[
				0,
				0,
				0,
				0,
				1
			]
		],
		[
			[
				0,
				1,
				0,
				0,
				0
			],
			[
				1,
				3,
				2,
				3,
				0
			],
			[
				0,
				2,
				2,
				2,
				5
			],
			[
				0,
				3,
				2,
				2,
				5
			],
			[
				0,
				0,
				5,
				5,
				4
			]
		],
		[
			[
				0,
				0,
				1,
				0,
				0
			],
			[
				0,
				2,
				2,
				2,
				5
			],
			[
				1,
				2,
				6,
				6,
				5
			],
			[
				0,
				2,
				6,
				7,
				5
			],
			[
				0,
				5,
				5,
				5,
				10
			]
		],
		[
			[
				0,
				0,
				0,
				1,
				0
			],
			[
				0,
				3,
				2,
				2,
				5
			],
			[
				0,
				2,
				6,
				7,
				5
			],
			[
				1,
				2,
				7,
				7,
				5
			],
			[
				0,
				5,
				5,
				5,
				11
			]
		],
		[
			[
				0,
				0,
				0,
				0,
				1
			],
			[
				0,
				0,
				5,
				5,
				4
			],
			[
				0,
				5,
				5,
				5,
				10
			],
			[
				0,
				5,
				5,
				5,
				11
			],
			[
				1,
				4,
				10,
				11,
				8
			]
		]
	],
	"texnames":[
		"\\text{FR}^{5,11,0}_{56}"
	],
	"barcode":[
		6,
		5,
		8,
		3,
		7,
		7,
		0,
		0,
		7,
		1,
		1,
		6,
		2,
		1,
		8,
		2,
		3,
		4,
		2,
		2,
		0,
		4,
		1,
		2,
		6,
		8,
		4,
		4,
		3,
		7,
		1,
		5,
		4,
		2,
		0,
		7,
		3,
		3,
		1,
		4,
		6,
		8,
		1,
		7,
		4,
		5,
		8,
		0,
		8,
		4,
		8,
		5,
		2,
		5,
		5,
		9,
		0,
		3,
		0,
		7,
		1,
		7,
		5,
		9,
		4,
		7,
		3,
		3,
		5,
		6,
		6,
		8,
		5,
		5,
		9,
		1,
		4,
		7,
		9,
		1,
		1,
		9,
		9,
		5,
		7,
		5,
		3,
		5,
		1,
		3,
		9,
		4,
		4,
		9,
		2,
		2,
		6,
		9,
		9,
		3,
		9,
		7,
		2,
		1,
		4,
		9,
		1,
		3,
		1,
		2,
		8,
		0,
		3,
		1,
		2,
		0,
		8,
		3,
		2,
		3,
		4,
		1,
		4,
		0,
		4,
		1,
		4,
		0,
		7,
		9,
		1,
		3,
		9,
		5
	],
	"formal_code":[
		5,
		11,
		0,
		56
	],
	"tensor_product_decompositions":{
		"identifiers":[
			"formal_code"
		],
		"value":[]
	},
	"sub_fusion_rings":{
		"identifiers":[
			"injection",
			"formal_code"
		],
		"value":[]
	},
	"numeric_characters":[
		[
			[
				1.0,
				0
			],
			[
				1.1825939539306903e1,
				0
			],
			[
				2.007500547388433e1,
				0
			],
			[
				2.107500547388433e1,
				0
			],
			[
				2.629078000225202e1,
				0
			]
		],
		[
			[
				1.0,
				0
			],
			[
				3.5394300908577745,
				0
			],
			[
				-0.41814498090077,
				0
			],
			[
				0.58185501909923,
				0
			],
			[
				-1.7772550371707607,
				0
			]
		],
		[
			[
				1.0,
				0
			],
			[
				-4.065682775862715,
				0
			],
			[
				4.94536495230698,
				0
			],
			[
				5.94536495230698,
				0
			],
			[
				-6.751275872890422,
				0
			]
		],
		[
			[
				1.0,
				0
			],
			[
				-0.2996868543019626,
				0
			],
			[
				-0.6022254452905412,
				0
			],
			[
				0.3977745547094587,
				0
			],
			[
				0.23775090780916228,
				0
			]
		],
		[
			[
				1.0,
				0
			],
			[
				0.0,
				0
			],
			[
				1.0,
				0
			],
			[
				-1.0,
				0
			],
			[
				0.0,
				0
			]
		]
	],
	"numeric_frobenius_perron_dimensions":[
		1.0,
		1.1825939539306903e1,
		2.007500547388433e1,
		2.107500547388433e1,
		2.629078000225202e1
	],
	"numeric_frobenius_perron_dimension":1.6792196596148974e3,
	"info":"Fusion ring. mult_tab provides structure constants. barcode and formal_code provide unique identifiers see (DOI: 10.1063\/5.0148848). sub_fusion_rings provides tuples where the first element corresponds to the elements of the ring that form the subring isomorphic to the ring identified by the second element of the tuple. software provides doi of original software used to represent fusion ring.",
	"comments":[
		""
	]
}