{
	"references":[
		""
	],
	"software":[
		"https:\/\/doi.org\/10.5281\/zenodo.15920400"
	],
	"mult_tab":[
		[
			[
				1,
				0,
				0,
				0,
				0
			],
			[
				0,
				1,
				0,
				0,
				0
			],
			[
				0,
				0,
				1,
				0,
				0
			],
			[
				0,
				0,
				0,
				1,
				0
			],
			[
				0,
				0,
				0,
				0,
				1
			]
		],
		[
			[
				0,
				1,
				0,
				0,
				0
			],
			[
				1,
				10,
				0,
				5,
				0
			],
			[
				0,
				0,
				11,
				0,
				5
			],
			[
				0,
				5,
				0,
				11,
				5
			],
			[
				0,
				0,
				5,
				5,
				11
			]
		],
		[
			[
				0,
				0,
				1,
				0,
				0
			],
			[
				0,
				0,
				11,
				0,
				5
			],
			[
				1,
				11,
				0,
				7,
				1
			],
			[
				0,
				0,
				7,
				5,
				12
			],
			[
				0,
				5,
				1,
				12,
				7
			]
		],
		[
			[
				0,
				0,
				0,
				1,
				0
			],
			[
				0,
				5,
				0,
				11,
				5
			],
			[
				0,
				0,
				7,
				5,
				12
			],
			[
				1,
				11,
				5,
				12,
				12
			],
			[
				0,
				5,
				12,
				12,
				12
			]
		],
		[
			[
				0,
				0,
				0,
				0,
				1
			],
			[
				0,
				0,
				5,
				5,
				11
			],
			[
				0,
				5,
				1,
				12,
				7
			],
			[
				0,
				5,
				12,
				12,
				12
			],
			[
				1,
				11,
				7,
				12,
				13
			]
		]
	],
	"texnames":[
		"\\text{FR}^{5,13,0}_{206}"
	],
	"barcode":[
		1,
		3,
		1,
		7,
		8,
		8,
		1,
		8,
		6,
		4,
		8,
		7,
		2,
		1,
		4,
		1,
		5,
		3,
		0,
		1,
		5,
		0,
		1,
		5,
		4,
		3,
		3,
		8,
		4,
		9,
		5,
		2,
		4,
		7,
		8,
		7,
		9,
		8,
		6,
		8,
		0,
		9,
		9,
		8,
		6,
		3,
		9,
		4,
		4,
		0,
		0,
		1,
		9,
		7,
		0,
		9,
		6,
		8,
		3,
		2,
		4,
		3,
		2,
		6,
		9,
		8,
		6,
		2,
		2,
		8,
		7,
		3,
		9,
		1,
		0,
		8,
		6,
		7,
		5,
		8,
		5,
		7,
		9,
		8,
		9,
		2,
		3,
		5,
		0,
		6,
		5,
		7,
		1,
		6,
		3,
		7,
		3,
		8,
		6,
		8,
		5,
		9,
		3,
		4,
		4,
		4,
		7,
		6,
		2,
		6,
		3,
		2,
		1,
		8,
		3,
		6,
		1,
		9,
		7,
		6,
		6,
		1,
		7,
		1,
		3,
		5,
		8,
		5,
		9,
		2,
		9,
		8,
		3,
		8,
		4,
		3,
		5,
		0,
		9,
		8,
		3,
		7,
		0
	],
	"formal_code":[
		5,
		13,
		0,
		206
	],
	"tensor_product_decompositions":{
		"identifiers":[
			"formal_code"
		],
		"value":[]
	},
	"sub_fusion_rings":{
		"identifiers":[
			"injection",
			"formal_code"
		],
		"value":[]
	},
	"numeric_characters":[
		[
			[
				1.0,
				0
			],
			[
				1.897216021579825e1,
				0
			],
			[
				2.194524385618308e1,
				0
			],
			[
				3.384425221918709e1,
				0
			],
			[
				3.499019999925075e1,
				0
			]
		],
		[
			[
				1.0,
				0
			],
			[
				1.376908574488703e1,
				0
			],
			[
				-1.468277832978961e1,
				0
			],
			[
				1.0179372960236188e1,
				0
			],
			[
				-8.131574433671325,
				0
			]
		],
		[
			[
				1.0,
				0
			],
			[
				7.584990430372617,
				0
			],
			[
				7.241807250730686,
				0
			],
			[
				-3.863564894976399,
				0
			],
			[
				-4.946168212528453,
				0
			]
		],
		[
			[
				1.0,
				0
			],
			[
				-0.14007939152142818,
				0
			],
			[
				2.1211419984631157e-2,
				0
			],
			[
				8.408323022865904e-2,
				0
			],
			[
				-4.7259380527139065e-2,
				0
			]
		],
		[
			[
				1.0,
				0
			],
			[
				2.813843000463528,
				0
			],
			[
				-2.5254841971087862,
				0
			],
			[
				-4.244143514675538,
				0
			],
			[
				4.134802027476168,
				0
			]
		]
	],
	"numeric_frobenius_perron_dimensions":[
		1.0,
		1.8972160215798258e1,
		2.1945243856183083e1,
		3.384425221918709e1,
		3.499019999925075e1
	],
	"numeric_frobenius_perron_dimension":3.2122840954247768e3,
	"info":"Fusion ring. mult_tab provides structure constants. barcode and formal_code provide unique identifiers see (DOI: 10.1063\/5.0148848). sub_fusion_rings provides tuples where the first element corresponds to the elements of the ring that form the subring isomorphic to the ring identified by the second element of the tuple. software provides doi of original software used to represent fusion ring.",
	"comments":[
		""
	]
}