{
	"references":[
		""
	],
	"software":[
		"https:\/\/doi.org\/10.5281\/zenodo.15920400"
	],
	"mult_tab":[
		[
			[
				1,
				0,
				0,
				0,
				0
			],
			[
				0,
				1,
				0,
				0,
				0
			],
			[
				0,
				0,
				1,
				0,
				0
			],
			[
				0,
				0,
				0,
				1,
				0
			],
			[
				0,
				0,
				0,
				0,
				1
			]
		],
		[
			[
				0,
				1,
				0,
				0,
				0
			],
			[
				1,
				4,
				1,
				1,
				4
			],
			[
				0,
				1,
				4,
				4,
				2
			],
			[
				0,
				1,
				4,
				8,
				3
			],
			[
				0,
				4,
				2,
				3,
				8
			]
		],
		[
			[
				0,
				0,
				1,
				0,
				0
			],
			[
				0,
				1,
				4,
				4,
				2
			],
			[
				1,
				4,
				0,
				4,
				4
			],
			[
				0,
				4,
				4,
				3,
				8
			],
			[
				0,
				2,
				4,
				8,
				5
			]
		],
		[
			[
				0,
				0,
				0,
				1,
				0
			],
			[
				0,
				1,
				4,
				8,
				3
			],
			[
				0,
				4,
				4,
				3,
				8
			],
			[
				1,
				8,
				3,
				6,
				12
			],
			[
				0,
				3,
				8,
				12,
				7
			]
		],
		[
			[
				0,
				0,
				0,
				0,
				1
			],
			[
				0,
				4,
				2,
				3,
				8
			],
			[
				0,
				2,
				4,
				8,
				5
			],
			[
				0,
				3,
				8,
				12,
				7
			],
			[
				1,
				8,
				5,
				7,
				12
			]
		]
	],
	"texnames":[
		"\\text{FR}^{5,12,0}_{1638}"
	],
	"barcode":[
		1,
		3,
		4,
		5,
		7,
		8,
		5,
		2,
		8,
		7,
		0,
		6,
		3,
		2,
		5,
		1,
		9,
		2,
		9,
		5,
		4,
		0,
		9,
		2,
		4,
		6,
		7,
		7,
		1,
		2,
		3,
		4,
		6,
		1,
		8,
		9,
		6,
		1,
		9,
		9,
		7,
		7,
		1,
		2,
		4,
		4,
		1,
		0,
		9,
		1,
		2,
		1,
		2,
		2,
		9,
		6,
		2,
		9,
		3,
		1,
		2,
		1,
		5,
		7,
		1,
		4,
		4,
		7,
		1,
		8,
		8,
		2,
		8,
		2,
		5,
		6,
		4,
		7,
		0,
		2,
		0,
		8,
		5,
		5,
		1,
		0,
		0,
		4,
		1,
		0,
		6,
		2,
		6,
		0,
		4,
		9,
		4,
		5,
		2,
		5,
		2,
		0,
		3,
		9,
		8,
		8,
		4,
		9,
		2,
		6,
		3,
		6,
		7,
		1,
		3,
		9,
		9,
		8,
		3,
		4,
		6,
		6,
		6,
		6,
		4,
		7,
		6,
		8,
		5,
		8,
		8,
		7,
		5,
		0,
		7,
		7,
		5,
		5,
		2
	],
	"formal_code":[
		5,
		12,
		0,
		1638
	],
	"tensor_product_decompositions":{
		"identifiers":[
			"formal_code"
		],
		"value":[]
	},
	"sub_fusion_rings":{
		"identifiers":[
			"injection",
			"formal_code"
		],
		"value":[]
	},
	"numeric_characters":[
		[
			[
				1.0,
				0
			],
			[
				1.4292266976826308e1,
				0
			],
			[
				1.622574968812612e1,
				0
			],
			[
				2.507726909765705e1,
				0
			],
			[
				2.6199202160947852e1,
				0
			]
		],
		[
			[
				1.0,
				0
			],
			[
				6.773391512797173,
				0
			],
			[
				-4.8647870701884806,
				0
			],
			[
				-9.025822139182745,
				0
			],
			[
				7.918968935953827,
				0
			]
		],
		[
			[
				1.0,
				0
			],
			[
				1.4432808439737703,
				0
			],
			[
				-3.5642007349061147,
				0
			],
			[
				2.352088849739178,
				0
			],
			[
				-0.8694879740366265,
				0
			]
		],
		[
			[
				1.0,
				0
			],
			[
				-0.4072015366319934,
				0
			],
			[
				3.971339103020823e-2,
				0
			],
			[
				-4.1507515659376736e-2,
				0
			],
			[
				0.1991033406481497,
				0
			]
		],
		[
			[
				1.0,
				0
			],
			[
				1.898262203034742,
				0
			],
			[
				1.163524725938267,
				0
			],
			[
				-0.36202829255410846,
				0
			],
			[
				-1.4477864635132036,
				0
			]
		]
	],
	"numeric_frobenius_perron_dimensions":[
		1.0,
		1.4292266976826307e1,
		1.622574968812612e1,
		2.507726909765705e1,
		2.6199202160947852e1
	],
	"numeric_frobenius_perron_dimension":1.7838114675451247e3,
	"info":"Fusion ring. mult_tab provides structure constants. barcode and formal_code provide unique identifiers see (DOI: 10.1063\/5.0148848). sub_fusion_rings provides tuples where the first element corresponds to the elements of the ring that form the subring isomorphic to the ring identified by the second element of the tuple. software provides doi of original software used to represent fusion ring.",
	"comments":[
		""
	]
}