{
	"references":[
		""
	],
	"software":[
		"https:\/\/doi.org\/10.5281\/zenodo.15920400"
	],
	"mult_tab":[
		[
			[
				1,
				0,
				0,
				0,
				0
			],
			[
				0,
				1,
				0,
				0,
				0
			],
			[
				0,
				0,
				1,
				0,
				0
			],
			[
				0,
				0,
				0,
				1,
				0
			],
			[
				0,
				0,
				0,
				0,
				1
			]
		],
		[
			[
				0,
				1,
				0,
				0,
				0
			],
			[
				1,
				13,
				1,
				2,
				1
			],
			[
				0,
				1,
				3,
				4,
				6
			],
			[
				0,
				2,
				4,
				5,
				7
			],
			[
				0,
				1,
				6,
				7,
				10
			]
		],
		[
			[
				0,
				0,
				1,
				0,
				0
			],
			[
				0,
				1,
				3,
				4,
				6
			],
			[
				1,
				3,
				10,
				5,
				2
			],
			[
				0,
				4,
				5,
				6,
				7
			],
			[
				0,
				6,
				2,
				7,
				13
			]
		],
		[
			[
				0,
				0,
				0,
				1,
				0
			],
			[
				0,
				2,
				4,
				5,
				7
			],
			[
				0,
				4,
				5,
				6,
				7
			],
			[
				1,
				5,
				6,
				6,
				10
			],
			[
				0,
				7,
				7,
				10,
				13
			]
		],
		[
			[
				0,
				0,
				0,
				0,
				1
			],
			[
				0,
				1,
				6,
				7,
				10
			],
			[
				0,
				6,
				2,
				7,
				13
			],
			[
				0,
				7,
				7,
				10,
				13
			],
			[
				1,
				10,
				13,
				13,
				16
			]
		]
	],
	"texnames":[
		"\\text{FR}^{5,16,0}_{771}"
	],
	"barcode":[
		3,
		7,
		6,
		4,
		1,
		4,
		4,
		3,
		4,
		3,
		0,
		6,
		5,
		8,
		9,
		6,
		9,
		9,
		4,
		3,
		9,
		0,
		0,
		0,
		5,
		8,
		2,
		8,
		2,
		6,
		5,
		5,
		9,
		0,
		2,
		3,
		0,
		5,
		1,
		5,
		2,
		4,
		8,
		8,
		7,
		5,
		2,
		5,
		5,
		2,
		3,
		9,
		4,
		4,
		9,
		0,
		5,
		1,
		6,
		3,
		2,
		2,
		4,
		8,
		4,
		7,
		2,
		4,
		8,
		0,
		1,
		3,
		5,
		3,
		0,
		5,
		0,
		8,
		4,
		0,
		3,
		5,
		5,
		2,
		4,
		2,
		3,
		7,
		5,
		1,
		0,
		9,
		5,
		5,
		6,
		7,
		5,
		7,
		7,
		3,
		7,
		1,
		6,
		8,
		3,
		3,
		9,
		7,
		7,
		3,
		1,
		2,
		8,
		0,
		1,
		3,
		1,
		6,
		5,
		7,
		0,
		2,
		2,
		4,
		4,
		3,
		4,
		3,
		2,
		5,
		7,
		0,
		0,
		9,
		2,
		9,
		3,
		0,
		4,
		8,
		2,
		0,
		3,
		3,
		0,
		1,
		9,
		2,
		6,
		2,
		6,
		2,
		3
	],
	"formal_code":[
		5,
		16,
		0,
		771
	],
	"tensor_product_decompositions":{
		"identifiers":[
			"formal_code"
		],
		"value":[]
	},
	"sub_fusion_rings":{
		"identifiers":[
			"injection",
			"formal_code"
		],
		"value":[]
	},
	"numeric_characters":[
		[
			[
				1.0,
				0
			],
			[
				1.9130970096417688e1,
				0
			],
			[
				2.23001414334876e1,
				0
			],
			[
				2.791945504320073e1,
				0
			],
			[
				3.815235405670882e1,
				0
			]
		],
		[
			[
				1.0,
				0
			],
			[
				1.2360103617013896e1,
				0
			],
			[
				-1.8962625507244375,
				0
			],
			[
				-1.4960275882449452,
				0
			],
			[
				-4.02086787064632,
				0
			]
		],
		[
			[
				1.0,
				0
			],
			[
				-0.46347710316950047,
				0
			],
			[
				9.200435687267484,
				0
			],
			[
				0.9549359141819329,
				0
			],
			[
				-5.870294149265452,
				0
			]
		],
		[
			[
				1.0,
				0
			],
			[
				8.271577425839241e-2,
				0
			],
			[
				0.6346379014734781,
				0
			],
			[
				-1.7855589364804696,
				0
			],
			[
				0.8680168054395254,
				0
			]
		],
		[
			[
				1.0,
				0
			],
			[
				-0.11031238452047744,
				0
			],
			[
				-0.2389524715041239,
				0
			],
			[
				0.4071955673427519,
				0
			],
			[
				-0.12920884223657952,
				0
			]
		]
	],
	"numeric_frobenius_perron_dimensions":[
		1.0,
		1.9130970096417688e1,
		2.23001414334876e1,
		2.791945504320073e1,
		3.815235405670882e1
	],
	"numeric_frobenius_perron_dimension":3.0993884147613508e3,
	"info":"Fusion ring. mult_tab provides structure constants. barcode and formal_code provide unique identifiers see (DOI: 10.1063\/5.0148848). sub_fusion_rings provides tuples where the first element corresponds to the elements of the ring that form the subring isomorphic to the ring identified by the second element of the tuple. software provides doi of original software used to represent fusion ring.",
	"comments":[
		""
	]
}