{
	"references":[
		""
	],
	"software":[
		"https:\/\/doi.org\/10.5281\/zenodo.15920400"
	],
	"mult_tab":[
		[
			[
				1,
				0,
				0,
				0,
				0
			],
			[
				0,
				1,
				0,
				0,
				0
			],
			[
				0,
				0,
				1,
				0,
				0
			],
			[
				0,
				0,
				0,
				1,
				0
			],
			[
				0,
				0,
				0,
				0,
				1
			]
		],
		[
			[
				0,
				1,
				0,
				0,
				0
			],
			[
				1,
				3,
				1,
				3,
				1
			],
			[
				0,
				1,
				2,
				2,
				4
			],
			[
				0,
				3,
				2,
				2,
				3
			],
			[
				0,
				1,
				4,
				3,
				5
			]
		],
		[
			[
				0,
				0,
				1,
				0,
				0
			],
			[
				0,
				1,
				2,
				2,
				4
			],
			[
				1,
				2,
				0,
				4,
				6
			],
			[
				0,
				2,
				4,
				3,
				4
			],
			[
				0,
				4,
				6,
				4,
				5
			]
		],
		[
			[
				0,
				0,
				0,
				1,
				0
			],
			[
				0,
				3,
				2,
				2,
				3
			],
			[
				0,
				2,
				4,
				3,
				4
			],
			[
				1,
				2,
				3,
				4,
				4
			],
			[
				0,
				3,
				4,
				4,
				7
			]
		],
		[
			[
				0,
				0,
				0,
				0,
				1
			],
			[
				0,
				1,
				4,
				3,
				5
			],
			[
				0,
				4,
				6,
				4,
				5
			],
			[
				0,
				3,
				4,
				4,
				7
			],
			[
				1,
				5,
				5,
				7,
				9
			]
		]
	],
	"texnames":[
		"\\text{FR}^{5,9,0}_{585}"
	],
	"barcode":[
		1,
		0,
		0,
		0,
		0,
		0,
		1,
		0,
		0,
		0,
		0,
		0,
		1,
		0,
		0,
		0,
		0,
		0,
		1,
		0,
		0,
		0,
		0,
		0,
		1,
		0,
		1,
		0,
		0,
		0,
		1,
		9,
		7,
		5,
		5,
		0,
		7,
		4,
		3,
		4,
		0,
		5,
		3,
		1,
		4,
		0,
		5,
		4,
		4,
		6,
		0,
		0,
		1,
		0,
		0,
		0,
		7,
		4,
		3,
		4,
		1,
		4,
		4,
		2,
		3,
		0,
		3,
		2,
		3,
		2,
		0,
		4,
		3,
		2,
		4,
		0,
		0,
		0,
		1,
		0,
		0,
		5,
		3,
		1,
		4,
		0,
		3,
		2,
		3,
		2,
		1,
		1,
		3,
		3,
		1,
		0,
		4,
		2,
		1,
		2,
		0,
		0,
		0,
		0,
		1,
		0,
		5,
		4,
		4,
		6,
		0,
		4,
		3,
		2,
		4,
		0,
		4,
		2,
		1,
		2,
		1,
		6,
		4,
		2,
		0
	],
	"formal_code":[
		5,
		9,
		0,
		585
	],
	"tensor_product_decompositions":{
		"identifiers":[
			"formal_code"
		],
		"value":[]
	},
	"sub_fusion_rings":{
		"identifiers":[
			"injection",
			"formal_code"
		],
		"value":[]
	},
	"numeric_characters":[
		[
			[
				1.0,
				0
			],
			[
				1.0446761197863266e1,
				0
			],
			[
				1.4116374166849987e1,
				0
			],
			[
				1.4192176668976241e1,
				0
			],
			[
				2.0101631757813024e1,
				0
			]
		],
		[
			[
				1.0,
				0
			],
			[
				-0.7222270515863047,
				0
			],
			[
				-4.487860224781395,
				0
			],
			[
				1.1765411615109012,
				0
			],
			[
				2.646529809050652,
				0
			]
		],
		[
			[
				1.0,
				0
			],
			[
				-1.3274325312780915,
				0
			],
			[
				0.38595709167451103,
				0
			],
			[
				1.7390484160257655,
				0
			],
			[
				-0.858727620822172,
				0
			]
		],
		[
			[
				1.0,
				0
			],
			[
				3.546592889930405,
				0
			],
			[
				-1.1867766740319174,
				0
			],
			[
				1.3883329780505838,
				0
			],
			[
				-2.0396798030061474,
				0
			]
		],
		[
			[
				1.0,
				0
			],
			[
				5.6305495070725735e-2,
				0
			],
			[
				0.17230564028881443,
				0
			],
			[
				-0.49609922456349137,
				0
			],
			[
				0.15024585696464207,
				0
			]
		]
	],
	"numeric_frobenius_perron_dimensions":[
		1.0,
		1.0446761197863266e1,
		1.4116374166849987e1,
		1.4192176668976241e1,
		2.0101631757813024e1
	],
	"numeric_frobenius_perron_dimension":9.149003170738418e2,
	"info":"Fusion ring. mult_tab provides structure constants. barcode and formal_code provide unique identifiers see (DOI: 10.1063\/5.0148848). sub_fusion_rings provides tuples where the first element corresponds to the elements of the ring that form the subring isomorphic to the ring identified by the second element of the tuple. software provides doi of original software used to represent fusion ring.",
	"comments":[
		""
	]
}