{
	"references":[
		""
	],
	"software":[
		"https:\/\/doi.org\/10.5281\/zenodo.15920400"
	],
	"mult_tab":[
		[
			[
				1,
				0,
				0,
				0,
				0
			],
			[
				0,
				1,
				0,
				0,
				0
			],
			[
				0,
				0,
				1,
				0,
				0
			],
			[
				0,
				0,
				0,
				1,
				0
			],
			[
				0,
				0,
				0,
				0,
				1
			]
		],
		[
			[
				0,
				1,
				0,
				0,
				0
			],
			[
				1,
				0,
				0,
				0,
				0
			],
			[
				0,
				0,
				0,
				1,
				0
			],
			[
				0,
				0,
				1,
				0,
				0
			],
			[
				0,
				0,
				0,
				0,
				1
			]
		],
		[
			[
				0,
				0,
				1,
				0,
				0
			],
			[
				0,
				0,
				0,
				1,
				0
			],
			[
				0,
				1,
				6,
				6,
				7
			],
			[
				1,
				0,
				6,
				6,
				7
			],
			[
				0,
				0,
				7,
				7,
				9
			]
		],
		[
			[
				0,
				0,
				0,
				1,
				0
			],
			[
				0,
				0,
				1,
				0,
				0
			],
			[
				1,
				0,
				6,
				6,
				7
			],
			[
				0,
				1,
				6,
				6,
				7
			],
			[
				0,
				0,
				7,
				7,
				9
			]
		],
		[
			[
				0,
				0,
				0,
				0,
				1
			],
			[
				0,
				0,
				0,
				0,
				1
			],
			[
				0,
				0,
				7,
				7,
				9
			],
			[
				0,
				0,
				7,
				7,
				9
			],
			[
				1,
				1,
				9,
				9,
				10
			]
		]
	],
	"texnames":[
		"\\text{FR}^{5,10,2}_{12}"
	],
	"barcode":[
		1,
		3,
		5,
		7,
		3,
		5,
		4,
		2,
		4,
		2,
		7,
		5,
		2,
		9,
		3,
		3,
		8,
		1,
		9,
		3,
		4,
		5,
		1,
		1,
		6,
		7,
		9,
		7,
		8,
		9,
		8,
		7,
		7,
		9,
		6,
		8,
		2,
		8,
		6,
		3,
		3,
		8,
		4,
		3,
		5,
		6,
		0,
		6,
		0,
		9,
		9,
		0,
		9,
		6,
		6,
		3,
		2,
		1,
		8,
		2,
		0,
		2,
		8,
		2,
		4,
		2,
		1,
		9,
		6,
		0,
		5,
		3,
		0,
		5,
		7,
		6,
		0,
		3,
		2,
		6,
		6,
		2,
		5,
		9,
		8,
		5,
		7,
		7,
		9,
		8,
		9,
		9,
		4,
		6,
		8,
		5,
		9,
		0,
		0,
		6,
		7,
		1,
		5,
		7,
		5,
		4,
		9,
		8,
		3,
		4,
		5,
		1,
		3,
		9,
		4,
		6,
		8,
		6,
		1,
		3,
		6,
		0,
		1,
		6,
		6,
		1,
		9,
		3,
		7,
		8
	],
	"formal_code":[
		5,
		10,
		2,
		12
	],
	"tensor_product_decompositions":{
		"identifiers":[
			"formal_code"
		],
		"value":[]
	},
	"sub_fusion_rings":{
		"identifiers":[
			"injection",
			"formal_code"
		],
		"value":[
			[
				[
					1,
					2
				],
				[
					2,
					1,
					0,
					1
				]
			]
		]
	},
	"numeric_characters":[
		[
			[
				1.0,
				0
			],
			[
				1.0,
				0
			],
			[
				2.0540510019625955e1,
				0
			],
			[
				2.0540510019625955e1,
				0
			],
			[
				2.491806166154898e1,
				0
			]
		],
		[
			[
				1.0,
				0
			],
			[
				1.0,
				0
			],
			[
				-0.47092704886320497,
				0
			],
			[
				-0.47092704886320497,
				0
			],
			[
				0.6961281245299239,
				0
			]
		],
		[
			[
				1.0,
				0
			],
			[
				1.0,
				0
			],
			[
				0.9304170292372481,
				0
			],
			[
				0.9304170292372481,
				0
			],
			[
				-1.6141897860789016,
				0
			]
		],
		[
			[
				1.0,
				0
			],
			[
				-1.0,
				0
			],
			[
				0.0,
				1.0
			],
			[
				0.0,
				-1.0
			],
			[
				0.0,
				0
			]
		],
		[
			[
				1.0,
				0
			],
			[
				-1.0,
				0
			],
			[
				0.0,
				-1.0
			],
			[
				0.0,
				1.0
			],
			[
				0.0,
				0
			]
		]
	],
	"numeric_frobenius_perron_dimensions":[
		1.0,
		1.0,
		2.0540510019625955e1,
		2.0540510019625955e1,
		2.491806166154898e1
	],
	"numeric_frobenius_perron_dimension":1.4667349007014654e3,
	"info":"Fusion ring. mult_tab provides structure constants. barcode and formal_code provide unique identifiers see (DOI: 10.1063\/5.0148848). sub_fusion_rings provides tuples where the first element corresponds to the elements of the ring that form the subring isomorphic to the ring identified by the second element of the tuple. software provides doi of original software used to represent fusion ring.",
	"comments":[
		""
	]
}