{
	"references":[
		""
	],
	"software":[
		"https:\/\/doi.org\/10.5281\/zenodo.15920400"
	],
	"mult_tab":[
		[
			[
				1,
				0,
				0,
				0,
				0
			],
			[
				0,
				1,
				0,
				0,
				0
			],
			[
				0,
				0,
				1,
				0,
				0
			],
			[
				0,
				0,
				0,
				1,
				0
			],
			[
				0,
				0,
				0,
				0,
				1
			]
		],
		[
			[
				0,
				1,
				0,
				0,
				0
			],
			[
				1,
				8,
				2,
				0,
				4
			],
			[
				0,
				2,
				1,
				6,
				4
			],
			[
				0,
				0,
				6,
				11,
				4
			],
			[
				0,
				4,
				4,
				4,
				11
			]
		],
		[
			[
				0,
				0,
				1,
				0,
				0
			],
			[
				0,
				2,
				1,
				6,
				4
			],
			[
				1,
				1,
				16,
				0,
				4
			],
			[
				0,
				6,
				0,
				10,
				10
			],
			[
				0,
				4,
				4,
				10,
				10
			]
		],
		[
			[
				0,
				0,
				0,
				1,
				0
			],
			[
				0,
				0,
				6,
				11,
				4
			],
			[
				0,
				6,
				0,
				10,
				10
			],
			[
				1,
				11,
				10,
				9,
				16
			],
			[
				0,
				4,
				10,
				16,
				15
			]
		],
		[
			[
				0,
				0,
				0,
				0,
				1
			],
			[
				0,
				4,
				4,
				4,
				11
			],
			[
				0,
				4,
				4,
				10,
				10
			],
			[
				0,
				4,
				10,
				16,
				15
			],
			[
				1,
				11,
				10,
				15,
				15
			]
		]
	],
	"texnames":[
		"\\text{FR}^{5,16,0}_{463}"
	],
	"barcode":[
		3,
		7,
		6,
		4,
		1,
		4,
		4,
		3,
		4,
		3,
		0,
		6,
		5,
		8,
		9,
		6,
		9,
		9,
		4,
		3,
		9,
		0,
		0,
		0,
		5,
		8,
		2,
		8,
		2,
		6,
		5,
		5,
		9,
		0,
		2,
		3,
		0,
		5,
		8,
		4,
		6,
		1,
		0,
		4,
		7,
		3,
		1,
		4,
		8,
		5,
		4,
		5,
		6,
		2,
		6,
		6,
		0,
		7,
		5,
		2,
		7,
		6,
		8,
		8,
		2,
		0,
		1,
		1,
		8,
		3,
		3,
		0,
		4,
		7,
		9,
		4,
		9,
		9,
		8,
		2,
		5,
		1,
		4,
		2,
		1,
		5,
		1,
		7,
		9,
		4,
		0,
		6,
		2,
		6,
		1,
		3,
		5,
		8,
		5,
		1,
		0,
		4,
		7,
		9,
		7,
		0,
		1,
		1,
		2,
		0,
		1,
		2,
		0,
		2,
		9,
		9,
		1,
		2,
		3,
		4,
		8,
		8,
		9,
		9,
		1,
		0,
		8,
		6,
		9,
		7,
		8,
		1,
		4,
		7,
		1,
		5,
		9,
		0,
		1,
		2,
		6,
		5,
		7,
		9,
		1,
		2,
		5,
		8,
		9,
		2,
		2,
		9,
		7
	],
	"formal_code":[
		5,
		16,
		0,
		463
	],
	"tensor_product_decompositions":{
		"identifiers":[
			"formal_code"
		],
		"value":[]
	},
	"sub_fusion_rings":{
		"identifiers":[
			"injection",
			"formal_code"
		],
		"value":[]
	},
	"numeric_characters":[
		[
			[
				1.0,
				0
			],
			[
				1.9004769781806814e1,
				0
			],
			[
				2.3647759188155916e1,
				0
			],
			[
				3.7819220441004894e1,
				0
			],
			[
				4.021189945717777e1,
				0
			]
		],
		[
			[
				1.0,
				0
			],
			[
				9.898168826212098,
				0
			],
			[
				-1.8139982033531352,
				0
			],
			[
				-9.55899863758538,
				0
			],
			[
				5.354097977301617,
				0
			]
		],
		[
			[
				1.0,
				0
			],
			[
				-2.2960740927390773,
				0
			],
			[
				1.5387161312894913e1,
				0
			],
			[
				-6.331883655703691,
				0
			],
			[
				-2.0334434111324073,
				0
			]
		],
		[
			[
				1.0,
				0
			],
			[
				-0.1404392639863101,
				0
			],
			[
				-7.126566003379532e-2,
				0
			],
			[
				1.2730677670328748e-2,
				0
			],
			[
				7.144215470677195e-2,
				0
			]
		],
		[
			[
				1.0,
				0
			],
			[
				4.533574748706474,
				0
			],
			[
				0.850343362336101,
				0
			],
			[
				2.058931174613847,
				0
			],
			[
				-4.603996178053756,
				0
			]
		]
	],
	"numeric_frobenius_perron_dimensions":[
		1.0,
		1.9004769781806814e1,
		2.3647759188155916e1,
		3.7819220441004894e1,
		4.021189945717777e1
	],
	"numeric_frobenius_perron_dimension":3.9686880817999863e3,
	"info":"Fusion ring. mult_tab provides structure constants. barcode and formal_code provide unique identifiers see (DOI: 10.1063\/5.0148848). sub_fusion_rings provides tuples where the first element corresponds to the elements of the ring that form the subring isomorphic to the ring identified by the second element of the tuple. software provides doi of original software used to represent fusion ring.",
	"comments":[
		""
	]
}