{
	"references":[
		""
	],
	"software":[
		"https:\/\/doi.org\/10.5281\/zenodo.15920400"
	],
	"mult_tab":[
		[
			[
				1,
				0,
				0,
				0,
				0
			],
			[
				0,
				1,
				0,
				0,
				0
			],
			[
				0,
				0,
				1,
				0,
				0
			],
			[
				0,
				0,
				0,
				1,
				0
			],
			[
				0,
				0,
				0,
				0,
				1
			]
		],
		[
			[
				0,
				1,
				0,
				0,
				0
			],
			[
				1,
				9,
				0,
				1,
				5
			],
			[
				0,
				0,
				5,
				4,
				7
			],
			[
				0,
				1,
				4,
				10,
				4
			],
			[
				0,
				5,
				7,
				4,
				6
			]
		],
		[
			[
				0,
				0,
				1,
				0,
				0
			],
			[
				0,
				0,
				5,
				4,
				7
			],
			[
				1,
				5,
				0,
				9,
				7
			],
			[
				0,
				4,
				9,
				2,
				10
			],
			[
				0,
				7,
				7,
				10,
				4
			]
		],
		[
			[
				0,
				0,
				0,
				1,
				0
			],
			[
				0,
				1,
				4,
				10,
				4
			],
			[
				0,
				4,
				9,
				2,
				10
			],
			[
				1,
				10,
				2,
				12,
				6
			],
			[
				0,
				4,
				10,
				6,
				11
			]
		],
		[
			[
				0,
				0,
				0,
				0,
				1
			],
			[
				0,
				5,
				7,
				4,
				6
			],
			[
				0,
				7,
				7,
				10,
				4
			],
			[
				0,
				4,
				10,
				6,
				11
			],
			[
				1,
				6,
				4,
				11,
				12
			]
		]
	],
	"texnames":[
		"\\text{FR}^{5,12,0}_{1138}"
	],
	"barcode":[
		1,
		3,
		4,
		5,
		7,
		8,
		5,
		2,
		8,
		7,
		0,
		6,
		3,
		2,
		5,
		1,
		9,
		2,
		9,
		5,
		4,
		0,
		9,
		2,
		4,
		6,
		7,
		7,
		1,
		2,
		3,
		4,
		6,
		1,
		8,
		9,
		0,
		7,
		6,
		8,
		2,
		5,
		5,
		9,
		6,
		4,
		9,
		3,
		2,
		6,
		9,
		7,
		1,
		3,
		5,
		5,
		5,
		4,
		4,
		6,
		3,
		9,
		5,
		7,
		5,
		2,
		8,
		6,
		0,
		5,
		8,
		1,
		0,
		7,
		5,
		1,
		9,
		0,
		0,
		3,
		7,
		4,
		4,
		9,
		2,
		0,
		0,
		4,
		1,
		2,
		0,
		4,
		5,
		4,
		9,
		0,
		8,
		6,
		1,
		8,
		4,
		4,
		1,
		4,
		1,
		9,
		5,
		2,
		5,
		3,
		8,
		0,
		7,
		4,
		8,
		7,
		6,
		0,
		0,
		9,
		2,
		7,
		8,
		2,
		1,
		4,
		2,
		0,
		0,
		4,
		0,
		0,
		7,
		2,
		1,
		6,
		2,
		7,
		8
	],
	"formal_code":[
		5,
		12,
		0,
		1138
	],
	"tensor_product_decompositions":{
		"identifiers":[
			"formal_code"
		],
		"value":[]
	},
	"sub_fusion_rings":{
		"identifiers":[
			"injection",
			"formal_code"
		],
		"value":[]
	},
	"numeric_characters":[
		[
			[
				1.0,
				0
			],
			[
				1.8439114979324593e1,
				0
			],
			[
				2.326038475625569e1,
				0
			],
			[
				2.7050187781955955e1,
				0
			],
			[
				2.919974772497507e1,
				0
			]
		],
		[
			[
				1.0,
				0
			],
			[
				9.292076856173406,
				0
			],
			[
				-2.79320640097744,
				0
			],
			[
				-5.533945146851,
				0
			],
			[
				1.4495891484647592,
				0
			]
		],
		[
			[
				1.0,
				0
			],
			[
				-2.6374748897298432,
				0
			],
			[
				-5.464301726181663,
				0
			],
			[
				6.250011595624616e-2,
				0
			],
			[
				5.926209537113558,
				0
			]
		],
		[
			[
				1.0,
				0
			],
			[
				4.969514510214531,
				0
			],
			[
				-9.125722682878596,
				0
			],
			[
				1.1430607961619666e1,
				0
			],
			[
				-6.492032817263535,
				0
			]
		],
		[
			[
				1.0,
				0
			],
			[
				-6.323145598268834e-2,
				0
			],
			[
				0.12284605378200977,
				0
			],
			[
				-9.350712680866565e-3,
				0
			],
			[
				-8.351359328984953e-2,
				0
			]
		]
	],
	"numeric_frobenius_perron_dimensions":[
		1.0,
		1.8439114979324597e1,
		2.326038475625569e1,
		2.705018778195595e1,
		2.919974772497507e1
	],
	"numeric_frobenius_perron_dimension":2.4663843864710707e3,
	"info":"Fusion ring. mult_tab provides structure constants. barcode and formal_code provide unique identifiers see (DOI: 10.1063\/5.0148848). sub_fusion_rings provides tuples where the first element corresponds to the elements of the ring that form the subring isomorphic to the ring identified by the second element of the tuple. software provides doi of original software used to represent fusion ring.",
	"comments":[
		""
	]
}