{
	"references":[
		""
	],
	"software":[
		"https:\/\/doi.org\/10.5281\/zenodo.15920400"
	],
	"mult_tab":[
		[
			[
				1,
				0,
				0,
				0,
				0
			],
			[
				0,
				1,
				0,
				0,
				0
			],
			[
				0,
				0,
				1,
				0,
				0
			],
			[
				0,
				0,
				0,
				1,
				0
			],
			[
				0,
				0,
				0,
				0,
				1
			]
		],
		[
			[
				0,
				1,
				0,
				0,
				0
			],
			[
				1,
				4,
				2,
				1,
				2
			],
			[
				0,
				2,
				3,
				2,
				4
			],
			[
				0,
				1,
				2,
				3,
				5
			],
			[
				0,
				2,
				4,
				5,
				7
			]
		],
		[
			[
				0,
				0,
				1,
				0,
				0
			],
			[
				0,
				2,
				3,
				2,
				4
			],
			[
				1,
				3,
				2,
				6,
				5
			],
			[
				0,
				2,
				6,
				6,
				4
			],
			[
				0,
				4,
				5,
				4,
				12
			]
		],
		[
			[
				0,
				0,
				0,
				1,
				0
			],
			[
				0,
				1,
				2,
				3,
				5
			],
			[
				0,
				2,
				6,
				6,
				4
			],
			[
				1,
				3,
				6,
				10,
				2
			],
			[
				0,
				5,
				4,
				2,
				15
			]
		],
		[
			[
				0,
				0,
				0,
				0,
				1
			],
			[
				0,
				2,
				4,
				5,
				7
			],
			[
				0,
				4,
				5,
				4,
				12
			],
			[
				0,
				5,
				4,
				2,
				15
			],
			[
				1,
				7,
				12,
				15,
				13
			]
		]
	],
	"texnames":[
		"\\text{FR}^{5,15,0}_{212}"
	],
	"barcode":[
		2,
		0,
		4,
		5,
		8,
		6,
		9,
		2,
		5,
		1,
		8,
		7,
		8,
		3,
		9,
		8,
		6,
		8,
		3,
		8,
		6,
		4,
		3,
		6,
		6,
		2,
		8,
		4,
		5,
		9,
		5,
		4,
		2,
		6,
		4,
		9,
		9,
		9,
		2,
		3,
		0,
		3,
		3,
		7,
		3,
		5,
		2,
		7,
		0,
		1,
		1,
		8,
		6,
		7,
		3,
		1,
		3,
		9,
		6,
		6,
		9,
		7,
		1,
		4,
		3,
		1,
		1,
		1,
		0,
		0,
		1,
		7,
		1,
		6,
		0,
		6,
		9,
		8,
		2,
		0,
		1,
		5,
		5,
		6,
		5,
		9,
		8,
		9,
		2,
		7,
		9,
		0,
		8,
		4,
		8,
		0,
		4,
		4,
		7,
		3,
		3,
		5,
		7,
		9,
		1,
		4,
		7,
		0,
		0,
		0,
		0,
		7,
		4,
		2,
		8,
		3,
		9,
		7,
		9,
		7,
		6,
		8,
		2,
		0,
		3,
		6,
		6,
		6,
		5,
		9,
		9,
		6,
		3,
		9,
		9,
		8,
		3,
		9,
		5,
		3,
		2,
		6,
		7,
		8,
		1,
		8,
		9,
		6,
		0,
		4
	],
	"formal_code":[
		5,
		15,
		0,
		212
	],
	"tensor_product_decompositions":{
		"identifiers":[
			"formal_code"
		],
		"value":[]
	},
	"sub_fusion_rings":{
		"identifiers":[
			"injection",
			"formal_code"
		],
		"value":[]
	},
	"numeric_characters":[
		[
			[
				1.0,
				0
			],
			[
				1.3356039478246892e1,
				0
			],
			[
				1.9130021524086438e1,
				0
			],
			[
				2.0680168020221185e1,
				0
			],
			[
				3.250971078155394e1,
				0
			]
		],
		[
			[
				1.0,
				0
			],
			[
				3.660248748597032,
				0
			],
			[
				0.6079824199262035,
				0
			],
			[
				-1.1937774660337683,
				0
			],
			[
				-1.1328807333003141,
				0
			]
		],
		[
			[
				1.0,
				0
			],
			[
				0.8832600409012068,
				0
			],
			[
				-3.047515224161607,
				0
			],
			[
				1.679215115910969,
				0
			],
			[
				0.33146173433010934,
				0
			]
		],
		[
			[
				1.0,
				0
			],
			[
				-0.580247715585341,
				0
			],
			[
				5.133649527127637,
				0
			],
			[
				1.0957672431730948e1,
				0
			],
			[
				-9.783646606101426,
				0
			]
		],
		[
			[
				1.0,
				0
			],
			[
				-0.31930055215978953,
				0
			],
			[
				0.17586175302132925,
				0
			],
			[
				-0.12327810182933437,
				0
			],
			[
				7.535482351769028e-2,
				0
			]
		]
	],
	"numeric_frobenius_perron_dimensions":[
		1.0,
		1.3356039478246892e1,
		1.9130021524086438e1,
		2.0680168020221185e1,
		3.250971078155394e1
	],
	"numeric_frobenius_perron_dimension":2.0298921585013636e3,
	"info":"Fusion ring. mult_tab provides structure constants. barcode and formal_code provide unique identifiers see (DOI: 10.1063\/5.0148848). sub_fusion_rings provides tuples where the first element corresponds to the elements of the ring that form the subring isomorphic to the ring identified by the second element of the tuple. software provides doi of original software used to represent fusion ring.",
	"comments":[
		""
	]
}