{
	"references":[
		""
	],
	"software":[
		"https:\/\/doi.org\/10.5281\/zenodo.15920400"
	],
	"mult_tab":[
		[
			[
				1,
				0,
				0,
				0,
				0
			],
			[
				0,
				1,
				0,
				0,
				0
			],
			[
				0,
				0,
				1,
				0,
				0
			],
			[
				0,
				0,
				0,
				1,
				0
			],
			[
				0,
				0,
				0,
				0,
				1
			]
		],
		[
			[
				0,
				1,
				0,
				0,
				0
			],
			[
				1,
				0,
				4,
				3,
				1
			],
			[
				0,
				4,
				2,
				0,
				2
			],
			[
				0,
				3,
				0,
				0,
				4
			],
			[
				0,
				1,
				2,
				4,
				6
			]
		],
		[
			[
				0,
				0,
				1,
				0,
				0
			],
			[
				0,
				4,
				2,
				0,
				2
			],
			[
				1,
				2,
				4,
				2,
				1
			],
			[
				0,
				0,
				2,
				3,
				3
			],
			[
				0,
				2,
				1,
				3,
				7
			]
		],
		[
			[
				0,
				0,
				0,
				1,
				0
			],
			[
				0,
				3,
				0,
				0,
				4
			],
			[
				0,
				0,
				2,
				3,
				3
			],
			[
				1,
				0,
				3,
				3,
				3
			],
			[
				0,
				4,
				3,
				3,
				6
			]
		],
		[
			[
				0,
				0,
				0,
				0,
				1
			],
			[
				0,
				1,
				2,
				4,
				6
			],
			[
				0,
				2,
				1,
				3,
				7
			],
			[
				0,
				4,
				3,
				3,
				6
			],
			[
				1,
				6,
				7,
				6,
				10
			]
		]
	],
	"texnames":[
		"\\text{FR}^{5,10,0}_{740}"
	],
	"barcode":[
		1,
		3,
		5,
		7,
		3,
		5,
		4,
		2,
		4,
		2,
		7,
		5,
		2,
		9,
		3,
		3,
		8,
		1,
		9,
		3,
		4,
		5,
		1,
		1,
		6,
		7,
		9,
		7,
		8,
		9,
		8,
		8,
		5,
		4,
		6,
		9,
		7,
		7,
		0,
		2,
		3,
		0,
		2,
		8,
		1,
		7,
		4,
		6,
		0,
		7,
		6,
		5,
		6,
		7,
		0,
		0,
		0,
		8,
		9,
		5,
		9,
		4,
		6,
		2,
		8,
		0,
		3,
		8,
		9,
		8,
		4,
		5,
		9,
		4,
		3,
		1,
		2,
		6,
		3,
		5,
		4,
		4,
		4,
		3,
		9,
		9,
		8,
		5,
		3,
		6,
		1,
		6,
		9,
		0,
		7,
		9,
		2,
		6,
		7,
		3,
		9,
		1,
		2,
		3,
		4,
		5,
		2,
		1,
		4,
		0,
		2,
		1,
		0,
		9,
		9,
		1,
		7,
		7,
		6,
		2,
		8,
		7,
		1,
		8,
		8,
		3,
		5,
		8,
		2,
		8
	],
	"formal_code":[
		5,
		10,
		0,
		740
	],
	"tensor_product_decompositions":{
		"identifiers":[
			"formal_code"
		],
		"value":[]
	},
	"sub_fusion_rings":{
		"identifiers":[
			"injection",
			"formal_code"
		],
		"value":[]
	},
	"numeric_characters":[
		[
			[
				1.0,
				0
			],
			[
				9.753242022952218,
				0
			],
			[
				1.017156099191611e1,
				0
			],
			[
				1.117156099191611e1,
				0
			],
			[
				1.9924803014868328e1,
				0
			]
		],
		[
			[
				1.0,
				0
			],
			[
				3.5615528128088303,
				0
			],
			[
				4.561552812808831,
				0
			],
			[
				-1.0,
				0
			],
			[
				-3.5615528128088303,
				0
			]
		],
		[
			[
				1.0,
				0
			],
			[
				-0.5615528128088303,
				0
			],
			[
				0.4384471871911697,
				0
			],
			[
				-1.0,
				0
			],
			[
				0.5615528128088303,
				0
			]
		],
		[
			[
				1.0,
				0
			],
			[
				0.323158162580489,
				0
			],
			[
				-0.5273408705672614,
				0
			],
			[
				0.4726591294327386,
				0
			],
			[
				-0.2041827079867724,
				0
			]
		],
		[
			[
				1.0,
				0
			],
			[
				-5.076400185532708,
				0
			],
			[
				3.3557798786511523,
				0
			],
			[
				4.355779878651153,
				0
			],
			[
				-1.7206203068815555,
				0
			]
		]
	],
	"numeric_frobenius_perron_dimensions":[
		1.0,
		9.75324202295222,
		1.017156099191611e1,
		1.117156099191611e1,
		1.9924803014868328e1
	],
	"numeric_frobenius_perron_dimension":7.213879331479582e2,
	"info":"Fusion ring. mult_tab provides structure constants. barcode and formal_code provide unique identifiers see (DOI: 10.1063\/5.0148848). sub_fusion_rings provides tuples where the first element corresponds to the elements of the ring that form the subring isomorphic to the ring identified by the second element of the tuple. software provides doi of original software used to represent fusion ring.",
	"comments":[
		""
	]
}