{
	"references":[
		""
	],
	"software":[
		"https:\/\/doi.org\/10.5281\/zenodo.15920400"
	],
	"mult_tab":[
		[
			[
				1,
				0,
				0,
				0,
				0
			],
			[
				0,
				1,
				0,
				0,
				0
			],
			[
				0,
				0,
				1,
				0,
				0
			],
			[
				0,
				0,
				0,
				1,
				0
			],
			[
				0,
				0,
				0,
				0,
				1
			]
		],
		[
			[
				0,
				1,
				0,
				0,
				0
			],
			[
				1,
				0,
				0,
				0,
				0
			],
			[
				0,
				0,
				1,
				0,
				0
			],
			[
				0,
				0,
				0,
				1,
				0
			],
			[
				0,
				0,
				0,
				0,
				1
			]
		],
		[
			[
				0,
				0,
				1,
				0,
				0
			],
			[
				0,
				0,
				1,
				0,
				0
			],
			[
				1,
				1,
				7,
				4,
				4
			],
			[
				0,
				0,
				4,
				6,
				6
			],
			[
				0,
				0,
				4,
				6,
				9
			]
		],
		[
			[
				0,
				0,
				0,
				1,
				0
			],
			[
				0,
				0,
				0,
				1,
				0
			],
			[
				0,
				0,
				4,
				6,
				6
			],
			[
				1,
				1,
				6,
				1,
				10
			],
			[
				0,
				0,
				6,
				10,
				6
			]
		],
		[
			[
				0,
				0,
				0,
				0,
				1
			],
			[
				0,
				0,
				0,
				0,
				1
			],
			[
				0,
				0,
				4,
				6,
				9
			],
			[
				0,
				0,
				6,
				10,
				6
			],
			[
				1,
				1,
				9,
				6,
				11
			]
		]
	],
	"texnames":[
		"\\text{FR}^{5,11,0}_{1705}"
	],
	"barcode":[
		6,
		5,
		8,
		3,
		7,
		7,
		0,
		0,
		7,
		1,
		1,
		6,
		2,
		1,
		8,
		2,
		3,
		4,
		2,
		2,
		0,
		4,
		1,
		2,
		6,
		8,
		4,
		4,
		3,
		7,
		1,
		5,
		2,
		4,
		4,
		6,
		2,
		9,
		7,
		6,
		2,
		5,
		1,
		1,
		6,
		9,
		4,
		5,
		8,
		7,
		0,
		1,
		4,
		6,
		6,
		7,
		9,
		8,
		0,
		8,
		4,
		3,
		8,
		0,
		1,
		9,
		0,
		4,
		6,
		1,
		1,
		6,
		3,
		4,
		7,
		5,
		0,
		7,
		8,
		7,
		6,
		5,
		8,
		1,
		4,
		0,
		7,
		4,
		9,
		3,
		2,
		9,
		4,
		1,
		9,
		5,
		8,
		1,
		3,
		1,
		9,
		2,
		9,
		3,
		6,
		6,
		3,
		0,
		9,
		6,
		3,
		0,
		5,
		9,
		3,
		1,
		5,
		8,
		5,
		3,
		6,
		0,
		8,
		0,
		9,
		8,
		4,
		8,
		3,
		3,
		3,
		7,
		3,
		7
	],
	"formal_code":[
		5,
		11,
		0,
		1705
	],
	"tensor_product_decompositions":{
		"identifiers":[
			"formal_code"
		],
		"value":[]
	},
	"sub_fusion_rings":{
		"identifiers":[
			"injection",
			"formal_code"
		],
		"value":[
			[
				[
					1,
					2
				],
				[
					2,
					1,
					0,
					1
				]
			]
		]
	},
	"numeric_characters":[
		[
			[
				1.0,
				0
			],
			[
				1.0,
				0
			],
			[
				1.6913028053100877e1,
				0
			],
			[
				1.869216402584681e1,
				0
			],
			[
				2.2722666362470964e1,
				0
			]
		],
		[
			[
				1.0,
				0
			],
			[
				1.0,
				0
			],
			[
				1.2177699503540853,
				0
			],
			[
				-7.136864558693051,
				0
			],
			[
				4.876508058569749,
				0
			]
		],
		[
			[
				1.0,
				0
			],
			[
				1.0,
				0
			],
			[
				-0.4085972837773934,
				0
			],
			[
				0.2292967885527848,
				0
			],
			[
				2.7486393135219618e-2,
				0
			]
		],
		[
			[
				1.0,
				0
			],
			[
				1.0,
				0
			],
			[
				4.277799280322431,
				0
			],
			[
				-0.7845962557065459,
				0
			],
			[
				-2.626660814175931,
				0
			]
		],
		[
			[
				1.0,
				0
			],
			[
				-1.0,
				0
			],
			[
				0.0,
				0
			],
			[
				0.0,
				0
			],
			[
				0.0,
				0
			]
		]
	],
	"numeric_frobenius_perron_dimensions":[
		1.0,
		1.0,
		1.6913028053100877e1,
		1.869216402584681e1,
		2.2722666362470964e1
	],
	"numeric_frobenius_perron_dimension":1.1537670805143084e3,
	"info":"Fusion ring. mult_tab provides structure constants. barcode and formal_code provide unique identifiers see (DOI: 10.1063\/5.0148848). sub_fusion_rings provides tuples where the first element corresponds to the elements of the ring that form the subring isomorphic to the ring identified by the second element of the tuple. software provides doi of original software used to represent fusion ring.",
	"comments":[
		""
	]
}