{
	"references":[
		""
	],
	"software":[
		"https:\/\/doi.org\/10.5281\/zenodo.15920400"
	],
	"mult_tab":[
		[
			[
				1,
				0,
				0,
				0,
				0
			],
			[
				0,
				1,
				0,
				0,
				0
			],
			[
				0,
				0,
				1,
				0,
				0
			],
			[
				0,
				0,
				0,
				1,
				0
			],
			[
				0,
				0,
				0,
				0,
				1
			]
		],
		[
			[
				0,
				1,
				0,
				0,
				0
			],
			[
				1,
				8,
				2,
				2,
				0
			],
			[
				0,
				2,
				3,
				4,
				6
			],
			[
				0,
				2,
				4,
				6,
				5
			],
			[
				0,
				0,
				6,
				5,
				6
			]
		],
		[
			[
				0,
				0,
				1,
				0,
				0
			],
			[
				0,
				2,
				3,
				4,
				6
			],
			[
				1,
				3,
				13,
				7,
				5
			],
			[
				0,
				4,
				7,
				12,
				8
			],
			[
				0,
				6,
				5,
				8,
				14
			]
		],
		[
			[
				0,
				0,
				0,
				1,
				0
			],
			[
				0,
				2,
				4,
				6,
				5
			],
			[
				0,
				4,
				7,
				12,
				8
			],
			[
				1,
				6,
				12,
				4,
				14
			],
			[
				0,
				5,
				8,
				14,
				10
			]
		],
		[
			[
				0,
				0,
				0,
				0,
				1
			],
			[
				0,
				0,
				6,
				5,
				6
			],
			[
				0,
				6,
				5,
				8,
				14
			],
			[
				0,
				5,
				8,
				14,
				10
			],
			[
				1,
				6,
				14,
				10,
				10
			]
		]
	],
	"texnames":[
		"\\text{FR}^{5,14,0}_{39}"
	],
	"barcode":[
		6,
		8,
		4,
		4,
		0,
		9,
		7,
		0,
		7,
		8,
		0,
		3,
		0,
		6,
		8,
		2,
		0,
		8,
		2,
		8,
		2,
		7,
		0,
		4,
		7,
		6,
		6,
		1,
		8,
		9,
		7,
		5,
		4,
		7,
		1,
		1,
		6,
		6,
		9,
		6,
		0,
		6,
		5,
		9,
		7,
		4,
		1,
		6,
		4,
		9,
		8,
		6,
		8,
		0,
		8,
		4,
		7,
		0,
		0,
		9,
		5,
		3,
		3,
		3,
		9,
		9,
		1,
		9,
		4,
		2,
		9,
		5,
		8,
		3,
		2,
		5,
		6,
		3,
		4,
		6,
		2,
		2,
		0,
		5,
		6,
		8,
		2,
		8,
		2,
		1,
		7,
		1,
		2,
		3,
		7,
		6,
		9,
		4,
		8,
		4,
		1,
		9,
		6,
		1,
		6,
		8,
		1,
		6,
		9,
		9,
		5,
		8,
		2,
		3,
		9,
		6,
		4,
		6,
		4,
		8,
		2,
		4,
		4,
		6,
		8,
		5,
		6,
		1,
		6,
		1,
		6,
		0,
		2,
		7,
		7,
		7,
		8,
		0,
		2,
		1,
		4,
		8,
		2,
		4,
		1,
		3
	],
	"formal_code":[
		5,
		14,
		0,
		39
	],
	"tensor_product_decompositions":{
		"identifiers":[
			"formal_code"
		],
		"value":[]
	},
	"sub_fusion_rings":{
		"identifiers":[
			"injection",
			"formal_code"
		],
		"value":[]
	},
	"numeric_characters":[
		[
			[
				1.0,
				0
			],
			[
				1.5780309004548526e1,
				0
			],
			[
				2.8569518677095083e1,
				0
			],
			[
				3.231832144422846e1,
				0
			],
			[
				3.404889550308078e1,
				0
			]
		],
		[
			[
				1.0,
				0
			],
			[
				-1.9565956587404987,
				0
			],
			[
				8.849656273734702,
				0
			],
			[
				0.39085964712837623,
				0
			],
			[
				-6.919069189795258,
				0
			]
		],
		[
			[
				1.0,
				0
			],
			[
				7.884433034861748,
				0
			],
			[
				-0.5730069836439164,
				0
			],
			[
				-0.3825830151934611,
				0
			],
			[
				-2.83955804151108,
				0
			]
		],
		[
			[
				1.0,
				0
			],
			[
				1.405812979119138,
				0
			],
			[
				4.257591268954104,
				0
			],
			[
				-9.392688119300743,
				0
			],
			[
				4.661954962963731,
				0
			]
		],
		[
			[
				1.0,
				0
			],
			[
				-0.11395935978891249,
				0
			],
			[
				-0.10375923613997247,
				0
			],
			[
				6.609004313737181e-2,
				0
			],
			[
				4.77767652618255e-2,
				0
			]
		]
	],
	"numeric_frobenius_perron_dimensions":[
		1.0,
		1.5780309004548526e1,
		2.8569518677095086e1,
		3.231832144422846e1,
		3.404889550308078e1
	],
	"numeric_frobenius_perron_dimension":3.2700367356721117e3,
	"info":"Fusion ring. mult_tab provides structure constants. barcode and formal_code provide unique identifiers see (DOI: 10.1063\/5.0148848). sub_fusion_rings provides tuples where the first element corresponds to the elements of the ring that form the subring isomorphic to the ring identified by the second element of the tuple. software provides doi of original software used to represent fusion ring.",
	"comments":[
		""
	]
}