{
	"references":[
		""
	],
	"software":[
		"https:\/\/doi.org\/10.5281\/zenodo.15920400"
	],
	"mult_tab":[
		[
			[
				1,
				0,
				0,
				0,
				0
			],
			[
				0,
				1,
				0,
				0,
				0
			],
			[
				0,
				0,
				1,
				0,
				0
			],
			[
				0,
				0,
				0,
				1,
				0
			],
			[
				0,
				0,
				0,
				0,
				1
			]
		],
		[
			[
				0,
				1,
				0,
				0,
				0
			],
			[
				1,
				11,
				0,
				1,
				0
			],
			[
				0,
				0,
				12,
				0,
				1
			],
			[
				0,
				1,
				0,
				12,
				1
			],
			[
				0,
				0,
				1,
				1,
				12
			]
		],
		[
			[
				0,
				0,
				1,
				0,
				0
			],
			[
				0,
				0,
				12,
				0,
				1
			],
			[
				1,
				12,
				0,
				12,
				1
			],
			[
				0,
				0,
				12,
				1,
				13
			],
			[
				0,
				1,
				1,
				13,
				12
			]
		],
		[
			[
				0,
				0,
				0,
				1,
				0
			],
			[
				0,
				1,
				0,
				12,
				1
			],
			[
				0,
				0,
				12,
				1,
				13
			],
			[
				1,
				12,
				1,
				13,
				13
			],
			[
				0,
				1,
				13,
				13,
				13
			]
		],
		[
			[
				0,
				0,
				0,
				0,
				1
			],
			[
				0,
				0,
				1,
				1,
				12
			],
			[
				0,
				1,
				1,
				13,
				12
			],
			[
				0,
				1,
				13,
				13,
				13
			],
			[
				1,
				12,
				12,
				13,
				14
			]
		]
	],
	"texnames":[
		"\\text{FR}^{5,14,0}_{1223}"
	],
	"barcode":[
		6,
		8,
		4,
		4,
		0,
		9,
		7,
		0,
		7,
		8,
		0,
		3,
		0,
		6,
		8,
		2,
		0,
		8,
		2,
		8,
		2,
		7,
		0,
		4,
		7,
		6,
		6,
		1,
		8,
		9,
		7,
		5,
		4,
		7,
		1,
		1,
		1,
		2,
		2,
		6,
		3,
		5,
		8,
		1,
		6,
		7,
		2,
		8,
		2,
		1,
		8,
		4,
		1,
		5,
		0,
		0,
		9,
		3,
		8,
		8,
		1,
		9,
		4,
		5,
		1,
		5,
		6,
		1,
		2,
		1,
		2,
		0,
		5,
		5,
		4,
		4,
		4,
		8,
		9,
		1,
		5,
		4,
		0,
		3,
		3,
		8,
		0,
		4,
		7,
		8,
		4,
		3,
		9,
		7,
		7,
		2,
		6,
		0,
		7,
		0,
		5,
		6,
		9,
		9,
		8,
		0,
		8,
		3,
		9,
		0,
		7,
		2,
		4,
		8,
		8,
		0,
		0,
		4,
		8,
		3,
		0,
		6,
		6,
		8,
		7,
		8,
		1,
		5,
		0,
		9,
		4,
		2,
		9,
		6,
		3,
		2,
		8,
		5,
		8,
		3,
		7,
		1,
		2,
		5,
		9,
		0
	],
	"formal_code":[
		5,
		14,
		0,
		1223
	],
	"tensor_product_decompositions":{
		"identifiers":[
			"formal_code"
		],
		"value":[]
	},
	"sub_fusion_rings":{
		"identifiers":[
			"injection",
			"formal_code"
		],
		"value":[]
	},
	"numeric_characters":[
		[
			[
				1.0,
				0
			],
			[
				1.353605036080543e1,
				0
			],
			[
				2.451586154130538e1,
				0
			],
			[
				3.3328105401401075e1,
				0
			],
			[
				3.7657597965978084e1,
				0
			]
		],
		[
			[
				1.0,
				0
			],
			[
				1.0161058630059584e1,
				0
			],
			[
				-3.99903892345262,
				0
			],
			[
				-9.524532447147077,
				0
			],
			[
				7.3539981163390085,
				0
			]
		],
		[
			[
				1.0,
				0
			],
			[
				1.2362637245284906e1,
				0
			],
			[
				-1.8245129839033368e1,
				0
			],
			[
				1.5845789960371613e1,
				0
			],
			[
				-6.6163636246925135,
				0
			]
		],
		[
			[
				1.0,
				0
			],
			[
				1.103110037039841e1,
				0
			],
			[
				1.072825511117039e1,
				0
			],
			[
				-0.6569286925785818,
				0
			],
			[
				-1.0394602403484363e1,
				0
			]
		],
		[
			[
				1.0,
				0
			],
			[
				-9.084660654832923e-2,
				0
			],
			[
				5.211001021847135e-5,
				0
			],
			[
				7.565777952968424e-3,
				0
			],
			[
				-6.300541402172031e-4,
				0
			]
		]
	],
	"numeric_frobenius_perron_dimensions":[
		1.0,
		1.3536050360805428e1,
		2.451586154130538e1,
		3.3328105401401075e1,
		3.7657597965978084e1
	],
	"numeric_frobenius_perron_dimension":3.3141094206968532e3,
	"info":"Fusion ring. mult_tab provides structure constants. barcode and formal_code provide unique identifiers see (DOI: 10.1063\/5.0148848). sub_fusion_rings provides tuples where the first element corresponds to the elements of the ring that form the subring isomorphic to the ring identified by the second element of the tuple. software provides doi of original software used to represent fusion ring.",
	"comments":[
		""
	]
}