{
	"references":[
		""
	],
	"software":[
		"https:\/\/doi.org\/10.5281\/zenodo.15920400"
	],
	"mult_tab":[
		[
			[
				1,
				0,
				0,
				0,
				0
			],
			[
				0,
				1,
				0,
				0,
				0
			],
			[
				0,
				0,
				1,
				0,
				0
			],
			[
				0,
				0,
				0,
				1,
				0
			],
			[
				0,
				0,
				0,
				0,
				1
			]
		],
		[
			[
				0,
				1,
				0,
				0,
				0
			],
			[
				1,
				0,
				0,
				0,
				1
			],
			[
				0,
				0,
				1,
				3,
				1
			],
			[
				0,
				0,
				3,
				1,
				2
			],
			[
				0,
				1,
				1,
				2,
				3
			]
		],
		[
			[
				0,
				0,
				1,
				0,
				0
			],
			[
				0,
				0,
				1,
				3,
				1
			],
			[
				1,
				1,
				11,
				1,
				10
			],
			[
				0,
				3,
				1,
				15,
				8
			],
			[
				0,
				1,
				10,
				8,
				10
			]
		],
		[
			[
				0,
				0,
				0,
				1,
				0
			],
			[
				0,
				0,
				3,
				1,
				2
			],
			[
				0,
				3,
				1,
				15,
				8
			],
			[
				1,
				1,
				15,
				2,
				13
			],
			[
				0,
				2,
				8,
				13,
				11
			]
		],
		[
			[
				0,
				0,
				0,
				0,
				1
			],
			[
				0,
				1,
				1,
				2,
				3
			],
			[
				0,
				1,
				10,
				8,
				10
			],
			[
				0,
				2,
				8,
				13,
				11
			],
			[
				1,
				3,
				10,
				11,
				14
			]
		]
	],
	"texnames":[
		"\\text{FR}^{5,15,0}_{1411}"
	],
	"barcode":[
		2,
		0,
		4,
		5,
		8,
		6,
		9,
		2,
		5,
		1,
		8,
		7,
		8,
		3,
		9,
		8,
		6,
		8,
		3,
		8,
		6,
		4,
		3,
		6,
		6,
		2,
		8,
		4,
		5,
		9,
		5,
		4,
		2,
		6,
		5,
		0,
		0,
		3,
		5,
		7,
		7,
		9,
		6,
		6,
		4,
		4,
		7,
		8,
		8,
		3,
		4,
		3,
		6,
		5,
		7,
		4,
		7,
		7,
		0,
		6,
		8,
		1,
		2,
		4,
		5,
		7,
		6,
		9,
		6,
		2,
		7,
		6,
		7,
		2,
		5,
		5,
		0,
		7,
		5,
		4,
		0,
		7,
		3,
		8,
		8,
		7,
		4,
		4,
		1,
		4,
		7,
		1,
		6,
		0,
		5,
		4,
		1,
		6,
		9,
		3,
		5,
		5,
		3,
		6,
		1,
		9,
		6,
		9,
		6,
		7,
		5,
		3,
		8,
		7,
		2,
		7,
		2,
		0,
		8,
		6,
		9,
		2,
		8,
		4,
		7,
		2,
		0,
		5,
		6,
		6,
		7,
		5,
		6,
		2,
		9,
		0,
		7,
		2,
		5,
		0,
		3,
		0,
		3,
		4,
		4,
		1,
		7,
		1,
		5,
		2
	],
	"formal_code":[
		5,
		15,
		0,
		1411
	],
	"tensor_product_decompositions":{
		"identifiers":[
			"formal_code"
		],
		"value":[]
	},
	"sub_fusion_rings":{
		"identifiers":[
			"injection",
			"formal_code"
		],
		"value":[]
	},
	"numeric_characters":[
		[
			[
				1.0,
				0
			],
			[
				5.776228629061812,
				0
			],
			[
				2.5250621292213037e1,
				0
			],
			[
				2.9412641047424124e1,
				0
			],
			[
				3.23648171751933e1,
				0
			]
		],
		[
			[
				1.0,
				0
			],
			[
				-2.1317055681848336,
				0
			],
			[
				1.2587882430585358e1,
				0
			],
			[
				-1.432190337631681e1,
				0
			],
			[
				3.544168629430225,
				0
			]
		],
		[
			[
				1.0,
				0
			],
			[
				0.6618786952874225,
				0
			],
			[
				0.35804865121718693,
				0
			],
			[
				0.14695090520816184,
				0
			],
			[
				-0.5619165927246194,
				0
			]
		],
		[
			[
				1.0,
				0
			],
			[
				1.8321259422127771,
				0
			],
			[
				-1.938133397628408,
				0
			],
			[
				-1.3231521825882155,
				0
			],
			[
				2.3566854681290565,
				0
			]
		],
		[
			[
				1.0,
				0
			],
			[
				-1.1385276983771782,
				0
			],
			[
				-0.25841897638717387,
				0
			],
			[
				8.546360627273819e-2,
				0
			],
			[
				0.29624531997203474,
				0
			]
		]
	],
	"numeric_frobenius_perron_dimensions":[
		1.0,
		5.776228629061812,
		2.5250621292213037e1,
		2.9412641047424124e1,
		3.23648171751933e1
	],
	"numeric_frobenius_perron_dimension":2.584543536986261e3,
	"info":"Fusion ring. mult_tab provides structure constants. barcode and formal_code provide unique identifiers see (DOI: 10.1063\/5.0148848). sub_fusion_rings provides tuples where the first element corresponds to the elements of the ring that form the subring isomorphic to the ring identified by the second element of the tuple. software provides doi of original software used to represent fusion ring.",
	"comments":[
		""
	]
}