{
	"references":[
		""
	],
	"software":[
		"https:\/\/doi.org\/10.5281\/zenodo.15920400"
	],
	"mult_tab":[
		[
			[
				1,
				0,
				0,
				0,
				0
			],
			[
				0,
				1,
				0,
				0,
				0
			],
			[
				0,
				0,
				1,
				0,
				0
			],
			[
				0,
				0,
				0,
				1,
				0
			],
			[
				0,
				0,
				0,
				0,
				1
			]
		],
		[
			[
				0,
				1,
				0,
				0,
				0
			],
			[
				1,
				8,
				13,
				1,
				6
			],
			[
				0,
				13,
				5,
				10,
				3
			],
			[
				0,
				1,
				10,
				4,
				14
			],
			[
				0,
				6,
				3,
				14,
				10
			]
		],
		[
			[
				0,
				0,
				1,
				0,
				0
			],
			[
				0,
				13,
				5,
				10,
				3
			],
			[
				1,
				5,
				15,
				1,
				11
			],
			[
				0,
				10,
				1,
				16,
				6
			],
			[
				0,
				3,
				11,
				6,
				15
			]
		],
		[
			[
				0,
				0,
				0,
				1,
				0
			],
			[
				0,
				1,
				10,
				4,
				14
			],
			[
				0,
				10,
				1,
				16,
				6
			],
			[
				1,
				4,
				16,
				0,
				12
			],
			[
				0,
				14,
				6,
				12,
				5
			]
		],
		[
			[
				0,
				0,
				0,
				0,
				1
			],
			[
				0,
				6,
				3,
				14,
				10
			],
			[
				0,
				3,
				11,
				6,
				15
			],
			[
				0,
				14,
				6,
				12,
				5
			],
			[
				1,
				10,
				15,
				5,
				10
			]
		]
	],
	"texnames":[
		"\\text{FR}^{5,16,0}_{797}"
	],
	"barcode":[
		3,
		7,
		6,
		4,
		1,
		4,
		4,
		3,
		4,
		3,
		0,
		6,
		5,
		8,
		9,
		6,
		9,
		9,
		4,
		3,
		9,
		0,
		0,
		0,
		5,
		8,
		2,
		8,
		2,
		6,
		5,
		5,
		9,
		0,
		2,
		3,
		0,
		5,
		8,
		5,
		5,
		6,
		2,
		0,
		9,
		2,
		5,
		6,
		9,
		7,
		7,
		6,
		1,
		1,
		5,
		5,
		6,
		7,
		6,
		0,
		7,
		4,
		6,
		5,
		0,
		8,
		0,
		5,
		8,
		4,
		6,
		4,
		5,
		6,
		3,
		1,
		4,
		7,
		3,
		2,
		9,
		2,
		9,
		3,
		1,
		9,
		6,
		3,
		7,
		7,
		0,
		5,
		7,
		7,
		5,
		3,
		9,
		5,
		2,
		6,
		7,
		6,
		4,
		7,
		0,
		9,
		8,
		1,
		8,
		6,
		8,
		6,
		7,
		2,
		5,
		9,
		4,
		6,
		9,
		6,
		4,
		5,
		5,
		6,
		5,
		5,
		1,
		9,
		7,
		6,
		1,
		1,
		8,
		3,
		4,
		7,
		6,
		9,
		0,
		2,
		6,
		4,
		0,
		9,
		1,
		4,
		4,
		7,
		6,
		6,
		9,
		4,
		1
	],
	"formal_code":[
		5,
		16,
		0,
		797
	],
	"tensor_product_decompositions":{
		"identifiers":[
			"formal_code"
		],
		"value":[]
	},
	"sub_fusion_rings":{
		"identifiers":[
			"injection",
			"formal_code"
		],
		"value":[]
	},
	"numeric_characters":[
		[
			[
				1.0,
				0
			],
			[
				3.0372765771407348e1,
				0
			],
			[
				3.285098588563077e1,
				0
			],
			[
				3.294151960499635e1,
				0
			],
			[
				3.641973971921978e1,
				0
			]
		],
		[
			[
				1.0,
				0
			],
			[
				-1.358418887501351e1,
				0
			],
			[
				1.8050004065802696e1,
				0
			],
			[
				-1.9750216015454775e1,
				0
			],
			[
				1.288397692536143e1,
				0
			]
		],
		[
			[
				1.0,
				0
			],
			[
				1.0996300944399607e1,
				0
			],
			[
				7.410340926764076,
				0
			],
			[
				-6.981492148216139,
				0
			],
			[
				-9.56745216585167,
				0
			]
		],
		[
			[
				1.0,
				0
			],
			[
				0.21512215920655361,
				0
			],
			[
				-0.31133087819754435,
				0
			],
			[
				-0.2098114413254392,
				0
			],
			[
				0.2637355212704628,
				0
			]
		],
		[
			[
				1.0,
				0
			],
			[
				-1.0,
				0
			],
			[
				1.0,
				0
			],
			[
				1.0,
				0
			],
			[
				-1.0,
				0
			]
		]
	],
	"numeric_frobenius_perron_dimensions":[
		1.0,
		3.0372765771407348e1,
		3.285098588563077e1,
		3.294151960499635e1,
		3.641973971921978e1
	],
	"numeric_frobenius_perron_dimension":4.414233329364759e3,
	"info":"Fusion ring. mult_tab provides structure constants. barcode and formal_code provide unique identifiers see (DOI: 10.1063\/5.0148848). sub_fusion_rings provides tuples where the first element corresponds to the elements of the ring that form the subring isomorphic to the ring identified by the second element of the tuple. software provides doi of original software used to represent fusion ring.",
	"comments":[
		""
	]
}