{
	"references":[
		""
	],
	"software":[
		"https:\/\/doi.org\/10.5281\/zenodo.15920400"
	],
	"mult_tab":[
		[
			[
				1,
				0,
				0,
				0,
				0
			],
			[
				0,
				1,
				0,
				0,
				0
			],
			[
				0,
				0,
				1,
				0,
				0
			],
			[
				0,
				0,
				0,
				1,
				0
			],
			[
				0,
				0,
				0,
				0,
				1
			]
		],
		[
			[
				0,
				1,
				0,
				0,
				0
			],
			[
				1,
				2,
				5,
				3,
				4
			],
			[
				0,
				5,
				0,
				6,
				4
			],
			[
				0,
				3,
				6,
				1,
				6
			],
			[
				0,
				4,
				4,
				6,
				2
			]
		],
		[
			[
				0,
				0,
				1,
				0,
				0
			],
			[
				0,
				5,
				0,
				6,
				4
			],
			[
				1,
				0,
				12,
				0,
				4
			],
			[
				0,
				6,
				0,
				11,
				0
			],
			[
				0,
				4,
				4,
				0,
				9
			]
		],
		[
			[
				0,
				0,
				0,
				1,
				0
			],
			[
				0,
				3,
				6,
				1,
				6
			],
			[
				0,
				6,
				0,
				11,
				0
			],
			[
				1,
				1,
				11,
				0,
				6
			],
			[
				0,
				6,
				0,
				6,
				6
			]
		],
		[
			[
				0,
				0,
				0,
				0,
				1
			],
			[
				0,
				4,
				4,
				6,
				2
			],
			[
				0,
				4,
				4,
				0,
				9
			],
			[
				0,
				6,
				0,
				6,
				6
			],
			[
				1,
				2,
				9,
				6,
				1
			]
		]
	],
	"texnames":[
		"\\text{FR}^{5,12,0}_{1285}"
	],
	"barcode":[
		1,
		3,
		4,
		5,
		7,
		8,
		5,
		2,
		8,
		7,
		0,
		6,
		3,
		2,
		5,
		1,
		9,
		2,
		9,
		5,
		4,
		0,
		9,
		2,
		4,
		6,
		7,
		7,
		1,
		2,
		3,
		4,
		6,
		1,
		4,
		9,
		1,
		2,
		2,
		1,
		3,
		3,
		5,
		0,
		7,
		7,
		9,
		4,
		1,
		7,
		8,
		4,
		2,
		8,
		9,
		0,
		6,
		8,
		5,
		0,
		6,
		8,
		5,
		5,
		6,
		7,
		6,
		8,
		6,
		8,
		8,
		8,
		2,
		0,
		4,
		6,
		8,
		4,
		1,
		6,
		1,
		6,
		7,
		9,
		9,
		6,
		6,
		8,
		2,
		3,
		2,
		5,
		2,
		0,
		7,
		0,
		1,
		8,
		2,
		3,
		5,
		2,
		5,
		5,
		3,
		2,
		4,
		6,
		1,
		5,
		4,
		5,
		3,
		6,
		9,
		0,
		8,
		9,
		1,
		9,
		8,
		9,
		8,
		9,
		1,
		4,
		1,
		9,
		1,
		4,
		3,
		8,
		6,
		9,
		5,
		9,
		2,
		7,
		7
	],
	"formal_code":[
		5,
		12,
		0,
		1285
	],
	"tensor_product_decompositions":{
		"identifiers":[
			"formal_code"
		],
		"value":[]
	},
	"sub_fusion_rings":{
		"identifiers":[
			"injection",
			"formal_code"
		],
		"value":[]
	},
	"numeric_characters":[
		[
			[
				1.0,
				0
			],
			[
				1.5306623862918075e1,
				0
			],
			[
				1.6306623862918073e1,
				0
			],
			[
				1.7306623862918073e1,
				0
			],
			[
				1.7306623862918073e1,
				0
			]
		],
		[
			[
				1.0,
				0
			],
			[
				-3.083381642560792,
				0
			],
			[
				7.166763285121584,
				0
			],
			[
				4.826284216562281,
				0
			],
			[
				-8.909665859123074,
				0
			]
		],
		[
			[
				1.0,
				0
			],
			[
				-6.421658082059102,
				0
			],
			[
				1.3843316164118203e1,
				0
			],
			[
				-1.3551060194638572e1,
				0
			],
			[
				6.12940211257947,
				0
			]
		],
		[
			[
				1.0,
				0
			],
			[
				-1.3066238629180749,
				0
			],
			[
				-0.30662386291807486,
				0
			],
			[
				0.6933761370819251,
				0
			],
			[
				0.6933761370819251,
				0
			]
		],
		[
			[
				1.0,
				0
			],
			[
				0.5050397246198931,
				0
			],
			[
				-1.0079449239786214e-2,
				0
			],
			[
				-0.27522402192370987,
				0
			],
			[
				-0.219736253456397,
				0
			]
		]
	],
	"numeric_frobenius_perron_dimensions":[
		1.0,
		1.5306623862918075e1,
		1.6306623862918073e1,
		1.7306623862918073e1,
		1.7306623862918073e1
	],
	"numeric_frobenius_perron_dimension":1.1002371749525928e3,
	"info":"Fusion ring. mult_tab provides structure constants. barcode and formal_code provide unique identifiers see (DOI: 10.1063\/5.0148848). sub_fusion_rings provides tuples where the first element corresponds to the elements of the ring that form the subring isomorphic to the ring identified by the second element of the tuple. software provides doi of original software used to represent fusion ring.",
	"comments":[
		""
	]
}