{
	"references":[
		""
	],
	"software":[
		"https:\/\/doi.org\/10.5281\/zenodo.15920400"
	],
	"mult_tab":[
		[
			[
				1,
				0,
				0,
				0,
				0
			],
			[
				0,
				1,
				0,
				0,
				0
			],
			[
				0,
				0,
				1,
				0,
				0
			],
			[
				0,
				0,
				0,
				1,
				0
			],
			[
				0,
				0,
				0,
				0,
				1
			]
		],
		[
			[
				0,
				1,
				0,
				0,
				0
			],
			[
				1,
				6,
				5,
				0,
				1
			],
			[
				0,
				5,
				6,
				0,
				3
			],
			[
				0,
				0,
				0,
				5,
				7
			],
			[
				0,
				1,
				3,
				7,
				7
			]
		],
		[
			[
				0,
				0,
				1,
				0,
				0
			],
			[
				0,
				5,
				6,
				0,
				3
			],
			[
				1,
				6,
				6,
				3,
				3
			],
			[
				0,
				0,
				3,
				8,
				6
			],
			[
				0,
				3,
				3,
				6,
				11
			]
		],
		[
			[
				0,
				0,
				0,
				1,
				0
			],
			[
				0,
				0,
				0,
				5,
				7
			],
			[
				0,
				0,
				3,
				8,
				6
			],
			[
				1,
				5,
				8,
				7,
				3
			],
			[
				0,
				7,
				6,
				3,
				12
			]
		],
		[
			[
				0,
				0,
				0,
				0,
				1
			],
			[
				0,
				1,
				3,
				7,
				7
			],
			[
				0,
				3,
				3,
				6,
				11
			],
			[
				0,
				7,
				6,
				3,
				12
			],
			[
				1,
				7,
				11,
				12,
				10
			]
		]
	],
	"texnames":[
		"\\text{FR}^{5,12,0}_{805}"
	],
	"barcode":[
		1,
		3,
		4,
		5,
		7,
		8,
		5,
		2,
		8,
		7,
		0,
		6,
		3,
		2,
		5,
		1,
		9,
		2,
		9,
		5,
		4,
		0,
		9,
		2,
		4,
		6,
		7,
		7,
		1,
		2,
		3,
		4,
		6,
		1,
		6,
		5,
		2,
		0,
		7,
		6,
		0,
		8,
		4,
		6,
		1,
		7,
		9,
		3,
		3,
		5,
		4,
		0,
		0,
		8,
		9,
		6,
		0,
		1,
		0,
		4,
		5,
		4,
		2,
		9,
		4,
		8,
		1,
		7,
		0,
		8,
		4,
		4,
		6,
		2,
		3,
		9,
		1,
		2,
		6,
		4,
		7,
		3,
		5,
		7,
		6,
		7,
		7,
		2,
		2,
		7,
		2,
		9,
		8,
		4,
		0,
		7,
		6,
		5,
		1,
		3,
		3,
		1,
		6,
		2,
		2,
		6,
		1,
		2,
		3,
		0,
		5,
		9,
		8,
		2,
		8,
		0,
		0,
		5,
		1,
		8,
		7,
		4,
		3,
		4,
		0,
		6,
		2,
		1,
		9,
		6,
		6,
		0,
		2,
		4,
		2,
		0,
		2,
		8,
		2
	],
	"formal_code":[
		5,
		12,
		0,
		805
	],
	"tensor_product_decompositions":{
		"identifiers":[
			"formal_code"
		],
		"value":[]
	},
	"sub_fusion_rings":{
		"identifiers":[
			"injection",
			"formal_code"
		],
		"value":[]
	},
	"numeric_characters":[
		[
			[
				1.0,
				0
			],
			[
				1.4549403028162619e1,
				0
			],
			[
				1.880782903634249e1,
				0
			],
			[
				2.1514115099199607e1,
				0
			],
			[
				2.9349565125219403e1,
				0
			]
		],
		[
			[
				1.0,
				0
			],
			[
				-1.705992552080898,
				0
			],
			[
				3.826310178539827,
				0
			],
			[
				7.291432933672885,
				0
			],
			[
				-6.985184992458248,
				0
			]
		],
		[
			[
				1.0,
				0
			],
			[
				9.944326229641398,
				0
			],
			[
				8.677671061325222,
				0
			],
			[
				-7.311981042805567,
				0
			],
			[
				-5.164688522940604,
				0
			]
		],
		[
			[
				1.0,
				0
			],
			[
				-0.33727855724709827,
				0
			],
			[
				0.1992320463209843,
				0
			],
			[
				-0.18527711244370876,
				0
			],
			[
				0.14126793705635232,
				0
			]
		],
		[
			[
				1.0,
				0
			],
			[
				1.549541851523981,
				0
			],
			[
				-1.511042322528523,
				0
			],
			[
				0.6917101223767853,
				0
			],
			[
				-0.34095954687690333,
				0
			]
		]
	],
	"numeric_frobenius_perron_dimensions":[
		1.0,
		1.4549403028162615e1,
		1.8807829036342486e1,
		2.1514115099199607e1,
		2.9349565125219403e1
	],
	"numeric_frobenius_perron_dimension":1.8906736830772986e3,
	"info":"Fusion ring. mult_tab provides structure constants. barcode and formal_code provide unique identifiers see (DOI: 10.1063\/5.0148848). sub_fusion_rings provides tuples where the first element corresponds to the elements of the ring that form the subring isomorphic to the ring identified by the second element of the tuple. software provides doi of original software used to represent fusion ring.",
	"comments":[
		""
	]
}