{
	"references":[
		""
	],
	"software":[
		"https:\/\/doi.org\/10.5281\/zenodo.15920400"
	],
	"mult_tab":[
		[
			[
				1,
				0,
				0,
				0,
				0
			],
			[
				0,
				1,
				0,
				0,
				0
			],
			[
				0,
				0,
				1,
				0,
				0
			],
			[
				0,
				0,
				0,
				1,
				0
			],
			[
				0,
				0,
				0,
				0,
				1
			]
		],
		[
			[
				0,
				1,
				0,
				0,
				0
			],
			[
				1,
				3,
				7,
				5,
				3
			],
			[
				0,
				7,
				1,
				3,
				6
			],
			[
				0,
				5,
				3,
				3,
				6
			],
			[
				0,
				3,
				6,
				6,
				8
			]
		],
		[
			[
				0,
				0,
				1,
				0,
				0
			],
			[
				0,
				7,
				1,
				3,
				6
			],
			[
				1,
				1,
				6,
				8,
				3
			],
			[
				0,
				3,
				8,
				0,
				6
			],
			[
				0,
				6,
				3,
				6,
				8
			]
		],
		[
			[
				0,
				0,
				0,
				1,
				0
			],
			[
				0,
				5,
				3,
				3,
				6
			],
			[
				0,
				3,
				8,
				0,
				6
			],
			[
				1,
				3,
				0,
				12,
				3
			],
			[
				0,
				6,
				6,
				3,
				8
			]
		],
		[
			[
				0,
				0,
				0,
				0,
				1
			],
			[
				0,
				3,
				6,
				6,
				8
			],
			[
				0,
				6,
				3,
				6,
				8
			],
			[
				0,
				6,
				6,
				3,
				8
			],
			[
				1,
				8,
				8,
				8,
				8
			]
		]
	],
	"texnames":[
		"\\text{FR}^{5,12,0}_{869}"
	],
	"barcode":[
		1,
		3,
		4,
		5,
		7,
		8,
		5,
		2,
		8,
		7,
		0,
		6,
		3,
		2,
		5,
		1,
		9,
		2,
		9,
		5,
		4,
		0,
		9,
		2,
		4,
		6,
		7,
		7,
		1,
		2,
		3,
		4,
		6,
		1,
		7,
		3,
		8,
		4,
		3,
		8,
		5,
		1,
		8,
		0,
		7,
		0,
		5,
		0,
		8,
		2,
		6,
		6,
		9,
		2,
		2,
		8,
		9,
		2,
		2,
		9,
		4,
		8,
		8,
		4,
		6,
		4,
		2,
		6,
		6,
		9,
		9,
		4,
		6,
		1,
		0,
		6,
		0,
		7,
		5,
		4,
		0,
		2,
		9,
		6,
		8,
		2,
		6,
		2,
		4,
		5,
		7,
		6,
		8,
		1,
		8,
		4,
		6,
		2,
		1,
		9,
		7,
		6,
		3,
		6,
		1,
		5,
		8,
		5,
		6,
		1,
		6,
		7,
		7,
		5,
		5,
		8,
		2,
		4,
		0,
		4,
		5,
		1,
		7,
		1,
		4,
		5,
		2,
		8,
		7,
		1,
		8,
		1,
		1,
		8,
		6,
		3,
		7,
		3,
		1
	],
	"formal_code":[
		5,
		12,
		0,
		869
	],
	"tensor_product_decompositions":{
		"identifiers":[
			"formal_code"
		],
		"value":[]
	},
	"sub_fusion_rings":{
		"identifiers":[
			"injection",
			"formal_code"
		],
		"value":[]
	},
	"numeric_characters":[
		[
			[
				1.0,
				0
			],
			[
				1.9104686356149273e1,
				0
			],
			[
				1.9104686356149273e1,
				0
			],
			[
				1.9104686356149273e1,
				0
			],
			[
				2.5806248474865697e1,
				0
			]
		],
		[
			[
				1.0,
				0
			],
			[
				-0.6592537437491067,
				0
			],
			[
				-6.441945994425501,
				0
			],
			[
				1.1101199738174607e1,
				0
			],
			[
				-3.0,
				0
			]
		],
		[
			[
				1.0,
				0
			],
			[
				-6.252135437926426,
				0
			],
			[
				7.292463329161304,
				0
			],
			[
				2.9596721087651217,
				0
			],
			[
				-3.0,
				0
			]
		],
		[
			[
				1.0,
				0
			],
			[
				-0.1046863561492728,
				0
			],
			[
				-0.1046863561492728,
				0
			],
			[
				-0.1046863561492728,
				0
			],
			[
				0.19375152513430294,
				0
			]
		],
		[
			[
				1.0,
				0
			],
			[
				2.9113891816755326,
				0
			],
			[
				1.149482665264196,
				0
			],
			[
				-6.0871846939728656e-2,
				0
			],
			[
				-3.0,
				0
			]
		]
	],
	"numeric_frobenius_perron_dimensions":[
		1.0,
		1.9104686356149273e1,
		1.9104686356149273e1,
		1.9104686356149273e1,
		2.5806248474865697e1
	],
	"numeric_frobenius_perron_dimension":1.7619295826470166e3,
	"info":"Fusion ring. mult_tab provides structure constants. barcode and formal_code provide unique identifiers see (DOI: 10.1063\/5.0148848). sub_fusion_rings provides tuples where the first element corresponds to the elements of the ring that form the subring isomorphic to the ring identified by the second element of the tuple. software provides doi of original software used to represent fusion ring.",
	"comments":[
		""
	]
}