{
	"references":[
		""
	],
	"software":[
		"https:\/\/doi.org\/10.5281\/zenodo.15920400"
	],
	"mult_tab":[
		[
			[
				1,
				0,
				0,
				0,
				0
			],
			[
				0,
				1,
				0,
				0,
				0
			],
			[
				0,
				0,
				1,
				0,
				0
			],
			[
				0,
				0,
				0,
				1,
				0
			],
			[
				0,
				0,
				0,
				0,
				1
			]
		],
		[
			[
				0,
				1,
				0,
				0,
				0
			],
			[
				1,
				2,
				2,
				4,
				4
			],
			[
				0,
				2,
				4,
				4,
				5
			],
			[
				0,
				4,
				4,
				3,
				6
			],
			[
				0,
				4,
				5,
				6,
				6
			]
		],
		[
			[
				0,
				0,
				1,
				0,
				0
			],
			[
				0,
				2,
				4,
				4,
				5
			],
			[
				1,
				4,
				4,
				5,
				6
			],
			[
				0,
				4,
				5,
				5,
				7
			],
			[
				0,
				5,
				6,
				7,
				8
			]
		],
		[
			[
				0,
				0,
				0,
				1,
				0
			],
			[
				0,
				4,
				4,
				3,
				6
			],
			[
				0,
				4,
				5,
				5,
				7
			],
			[
				1,
				3,
				5,
				8,
				7
			],
			[
				0,
				6,
				7,
				7,
				9
			]
		],
		[
			[
				0,
				0,
				0,
				0,
				1
			],
			[
				0,
				4,
				5,
				6,
				6
			],
			[
				0,
				5,
				6,
				7,
				8
			],
			[
				0,
				6,
				7,
				7,
				9
			],
			[
				1,
				6,
				8,
				9,
				12
			]
		]
	],
	"texnames":[
		"\\text{FR}^{5,12,0}_{542}"
	],
	"barcode":[
		1,
		3,
		4,
		5,
		7,
		8,
		5,
		2,
		8,
		7,
		0,
		6,
		3,
		2,
		5,
		1,
		9,
		2,
		9,
		5,
		4,
		0,
		9,
		2,
		4,
		6,
		7,
		7,
		1,
		2,
		3,
		4,
		6,
		1,
		8,
		9,
		9,
		4,
		9,
		1,
		0,
		9,
		3,
		7,
		3,
		9,
		8,
		4,
		6,
		3,
		8,
		4,
		7,
		2,
		8,
		0,
		8,
		8,
		2,
		1,
		5,
		1,
		2,
		2,
		5,
		5,
		0,
		1,
		8,
		9,
		1,
		8,
		3,
		2,
		5,
		9,
		0,
		6,
		4,
		9,
		1,
		9,
		4,
		9,
		1,
		2,
		9,
		6,
		9,
		2,
		0,
		9,
		3,
		2,
		4,
		8,
		1,
		2,
		8,
		5,
		8,
		7,
		9,
		8,
		0,
		3,
		9,
		8,
		2,
		3,
		8,
		1,
		1,
		8,
		0,
		3,
		6,
		7,
		6,
		2,
		3,
		3,
		9,
		2,
		2,
		5,
		8,
		9,
		2,
		0,
		7,
		9,
		8,
		7,
		0,
		6,
		3,
		6,
		8
	],
	"formal_code":[
		5,
		12,
		0,
		542
	],
	"tensor_product_decompositions":{
		"identifiers":[
			"formal_code"
		],
		"value":[]
	},
	"sub_fusion_rings":{
		"identifiers":[
			"injection",
			"formal_code"
		],
		"value":[]
	},
	"numeric_characters":[
		[
			[
				1.0,
				0
			],
			[
				1.688279054601717e1,
				0
			],
			[
				2.1014432997856186e1,
				0
			],
			[
				2.3333754253516382e1,
				0
			],
			[
				2.872478812971861e1,
				0
			]
		],
		[
			[
				1.0,
				0
			],
			[
				1.3889565554634788,
				0
			],
			[
				-1.4299005129111324,
				0
			],
			[
				0.30824103517628487,
				0
			],
			[
				-5.546897821121513e-2,
				0
			]
		],
		[
			[
				1.0,
				0
			],
			[
				-2.170731516128118,
				0
			],
			[
				-0.6607375179230229,
				0
			],
			[
				3.300069871025598,
				0
			],
			[
				-0.9563165252220583,
				0
			]
		],
		[
			[
				1.0,
				0
			],
			[
				-1.1521680338597262,
				0
			],
			[
				-0.6362537063905928,
				0
			],
			[
				-0.7020037517738046,
				0
			],
			[
				1.678087416461011,
				0
			]
		],
		[
			[
				1.0,
				0
			],
			[
				5.115244850719694e-2,
				0
			],
			[
				0.7124587393685604,
				0
			],
			[
				-0.2400614079444588,
				0
			],
			[
				-0.3910900427463495,
				0
			]
		]
	],
	"numeric_frobenius_perron_dimensions":[
		1.0,
		1.688279054601717e1,
		2.1014432997856186e1,
		2.3333754253516382e1,
		2.872478812971861e1
	],
	"numeric_frobenius_perron_dimension":2.097212551502791e3,
	"info":"Fusion ring. mult_tab provides structure constants. barcode and formal_code provide unique identifiers see (DOI: 10.1063\/5.0148848). sub_fusion_rings provides tuples where the first element corresponds to the elements of the ring that form the subring isomorphic to the ring identified by the second element of the tuple. software provides doi of original software used to represent fusion ring.",
	"comments":[
		""
	]
}