{
	"references":[
		""
	],
	"software":[
		"https:\/\/doi.org\/10.5281\/zenodo.15920400"
	],
	"mult_tab":[
		[
			[
				1,
				0,
				0,
				0,
				0
			],
			[
				0,
				1,
				0,
				0,
				0
			],
			[
				0,
				0,
				1,
				0,
				0
			],
			[
				0,
				0,
				0,
				1,
				0
			],
			[
				0,
				0,
				0,
				0,
				1
			]
		],
		[
			[
				0,
				1,
				0,
				0,
				0
			],
			[
				1,
				4,
				1,
				2,
				2
			],
			[
				0,
				1,
				5,
				5,
				5
			],
			[
				0,
				2,
				5,
				5,
				5
			],
			[
				0,
				2,
				5,
				5,
				5
			]
		],
		[
			[
				0,
				0,
				1,
				0,
				0
			],
			[
				0,
				1,
				5,
				5,
				5
			],
			[
				1,
				5,
				11,
				11,
				11
			],
			[
				0,
				5,
				11,
				12,
				11
			],
			[
				0,
				5,
				11,
				11,
				12
			]
		],
		[
			[
				0,
				0,
				0,
				1,
				0
			],
			[
				0,
				2,
				5,
				5,
				5
			],
			[
				0,
				5,
				11,
				12,
				11
			],
			[
				1,
				5,
				12,
				11,
				12
			],
			[
				0,
				5,
				11,
				12,
				12
			]
		],
		[
			[
				0,
				0,
				0,
				0,
				1
			],
			[
				0,
				2,
				5,
				5,
				5
			],
			[
				0,
				5,
				11,
				11,
				12
			],
			[
				0,
				5,
				11,
				12,
				12
			],
			[
				1,
				5,
				12,
				12,
				11
			]
		]
	],
	"texnames":[
		"\\text{FR}^{5,12,0}_{1071}"
	],
	"barcode":[
		1,
		3,
		4,
		5,
		7,
		8,
		5,
		2,
		8,
		7,
		0,
		6,
		3,
		2,
		5,
		1,
		9,
		2,
		9,
		5,
		4,
		0,
		9,
		2,
		4,
		6,
		7,
		7,
		1,
		2,
		3,
		4,
		6,
		1,
		8,
		7,
		0,
		0,
		1,
		4,
		6,
		3,
		4,
		2,
		3,
		9,
		7,
		3,
		8,
		6,
		1,
		3,
		7,
		5,
		5,
		7,
		7,
		4,
		4,
		8,
		7,
		8,
		7,
		1,
		8,
		2,
		5,
		6,
		1,
		8,
		6,
		0,
		5,
		7,
		4,
		0,
		5,
		1,
		0,
		9,
		0,
		0,
		9,
		4,
		0,
		3,
		0,
		2,
		3,
		4,
		2,
		2,
		5,
		6,
		2,
		7,
		7,
		9,
		5,
		3,
		0,
		0,
		2,
		9,
		4,
		3,
		6,
		3,
		6,
		2,
		7,
		1,
		0,
		0,
		0,
		0,
		6,
		2,
		6,
		0,
		7,
		4,
		8,
		5,
		5,
		1,
		4,
		2,
		0,
		5,
		9,
		4,
		8,
		6,
		0,
		5,
		7,
		0,
		8
	],
	"formal_code":[
		5,
		12,
		0,
		1071
	],
	"tensor_product_decompositions":{
		"identifiers":[
			"formal_code"
		],
		"value":[]
	},
	"sub_fusion_rings":{
		"identifiers":[
			"injection",
			"formal_code"
		],
		"value":[]
	},
	"numeric_characters":[
		[
			[
				1.0,
				0
			],
			[
				1.5717671072663325e1,
				0
			],
			[
				3.583489993155684e1,
				0
			],
			[
				3.683489993155684e1,
				0
			],
			[
				3.683489993155684e1,
				0
			]
		],
		[
			[
				1.0,
				0
			],
			[
				3.710943975832247,
				0
			],
			[
				-1.2145341423126688,
				0
			],
			[
				-0.21453414231266865,
				0
			],
			[
				-0.21453414231266865,
				0
			]
		],
		[
			[
				1.0,
				0
			],
			[
				0.0,
				0
			],
			[
				1.0,
				0
			],
			[
				0.6180339887498949,
				0
			],
			[
				-1.618033988749895,
				0
			]
		],
		[
			[
				1.0,
				0
			],
			[
				0.0,
				0
			],
			[
				1.0,
				0
			],
			[
				-1.618033988749895,
				0
			],
			[
				0.6180339887498949,
				0
			]
		],
		[
			[
				1.0,
				0
			],
			[
				-0.4286150484955725,
				0
			],
			[
				-0.6203657892441695,
				0
			],
			[
				0.3796342107558304,
				0
			],
			[
				0.3796342107558304,
				0
			]
		]
	],
	"numeric_frobenius_perron_dimensions":[
		1.0,
		1.5717671072663325e1,
		3.583489993155684e1,
		3.683489993155684e1,
		3.683489993155684e1
	],
	"numeric_frobenius_perron_dimension":4.245804942988742e3,
	"info":"Fusion ring. mult_tab provides structure constants. barcode and formal_code provide unique identifiers see (DOI: 10.1063\/5.0148848). sub_fusion_rings provides tuples where the first element corresponds to the elements of the ring that form the subring isomorphic to the ring identified by the second element of the tuple. software provides doi of original software used to represent fusion ring.",
	"comments":[
		""
	]
}