{
	"references":[
		""
	],
	"software":[
		"https:\/\/doi.org\/10.5281\/zenodo.15920400"
	],
	"mult_tab":[
		[
			[
				1,
				0,
				0,
				0,
				0
			],
			[
				0,
				1,
				0,
				0,
				0
			],
			[
				0,
				0,
				1,
				0,
				0
			],
			[
				0,
				0,
				0,
				1,
				0
			],
			[
				0,
				0,
				0,
				0,
				1
			]
		],
		[
			[
				0,
				1,
				0,
				0,
				0
			],
			[
				1,
				2,
				4,
				2,
				6
			],
			[
				0,
				4,
				1,
				4,
				6
			],
			[
				0,
				2,
				4,
				3,
				6
			],
			[
				0,
				6,
				6,
				6,
				5
			]
		],
		[
			[
				0,
				0,
				1,
				0,
				0
			],
			[
				0,
				4,
				1,
				4,
				6
			],
			[
				1,
				1,
				11,
				2,
				3
			],
			[
				0,
				4,
				2,
				4,
				6
			],
			[
				0,
				6,
				3,
				6,
				8
			]
		],
		[
			[
				0,
				0,
				0,
				1,
				0
			],
			[
				0,
				2,
				4,
				3,
				6
			],
			[
				0,
				4,
				2,
				4,
				6
			],
			[
				1,
				3,
				4,
				3,
				6
			],
			[
				0,
				6,
				6,
				6,
				6
			]
		],
		[
			[
				0,
				0,
				0,
				0,
				1
			],
			[
				0,
				6,
				6,
				6,
				5
			],
			[
				0,
				6,
				3,
				6,
				8
			],
			[
				0,
				6,
				6,
				6,
				6
			],
			[
				1,
				5,
				8,
				6,
				13
			]
		]
	],
	"texnames":[
		"\\text{FR}^{5,13,0}_{304}"
	],
	"barcode":[
		1,
		3,
		1,
		7,
		8,
		8,
		1,
		8,
		6,
		4,
		8,
		7,
		2,
		1,
		4,
		1,
		5,
		3,
		0,
		1,
		5,
		0,
		1,
		5,
		4,
		3,
		3,
		8,
		4,
		9,
		5,
		2,
		4,
		7,
		8,
		9,
		2,
		4,
		9,
		6,
		6,
		2,
		9,
		1,
		5,
		2,
		5,
		5,
		9,
		3,
		4,
		6,
		1,
		5,
		6,
		1,
		1,
		3,
		9,
		6,
		1,
		3,
		6,
		0,
		2,
		8,
		7,
		1,
		7,
		0,
		5,
		0,
		5,
		5,
		0,
		1,
		3,
		7,
		0,
		1,
		9,
		9,
		1,
		9,
		8,
		9,
		6,
		6,
		3,
		9,
		2,
		6,
		6,
		0,
		4,
		7,
		0,
		5,
		7,
		8,
		2,
		9,
		9,
		9,
		1,
		8,
		7,
		4,
		2,
		8,
		2,
		2,
		1,
		9,
		4,
		1,
		8,
		5,
		4,
		3,
		7,
		4,
		2,
		0,
		3,
		9,
		6,
		2,
		5,
		9,
		7,
		1,
		4,
		8,
		0,
		0,
		4,
		4,
		9,
		2,
		3,
		0,
		2
	],
	"formal_code":[
		5,
		13,
		0,
		304
	],
	"tensor_product_decompositions":{
		"identifiers":[
			"formal_code"
		],
		"value":[]
	},
	"sub_fusion_rings":{
		"identifiers":[
			"injection",
			"formal_code"
		],
		"value":[]
	},
	"numeric_characters":[
		[
			[
				1.0,
				0
			],
			[
				1.7403841993003123e1,
				0
			],
			[
				1.8305821237858783e1,
				0
			],
			[
				1.8403841993003123e1,
				0
			],
			[
				2.617584386566189e1,
				0
			]
		],
		[
			[
				1.0,
				0
			],
			[
				-3.8598382476855932,
				0
			],
			[
				-0.533819365200017,
				0
			],
			[
				-2.8598382476855932,
				0
			],
			[
				4.912163624973172,
				0
			]
		],
		[
			[
				1.0,
				0
			],
			[
				-3.173421030311481,
				0
			],
			[
				9.359205643672647,
				0
			],
			[
				-2.173421030311481,
				0
			],
			[
				-2.945422902970247,
				0
			]
		],
		[
			[
				1.0,
				0
			],
			[
				-0.37058271500604983,
				0
			],
			[
				-0.1312075163314133,
				0
			],
			[
				0.6294172849939502,
				0
			],
			[
				-0.1425845876648154,
				0
			]
		],
		[
			[
				1.0,
				0
			],
			[
				1.0,
				0
			],
			[
				0.0,
				0
			],
			[
				-1.0,
				0
			],
			[
				0.0,
				0
			]
		]
	],
	"numeric_frobenius_perron_dimensions":[
		1.0,
		1.7403841993003127e1,
		1.8305821237858783e1,
		1.8403841993003123e1,
		2.617584386566189e1
	],
	"numeric_frobenius_perron_dimension":1.662873009492795e3,
	"info":"Fusion ring. mult_tab provides structure constants. barcode and formal_code provide unique identifiers see (DOI: 10.1063\/5.0148848). sub_fusion_rings provides tuples where the first element corresponds to the elements of the ring that form the subring isomorphic to the ring identified by the second element of the tuple. software provides doi of original software used to represent fusion ring.",
	"comments":[
		""
	]
}