{
	"references":[
		""
	],
	"software":[
		"https:\/\/doi.org\/10.5281\/zenodo.15920400"
	],
	"mult_tab":[
		[
			[
				1,
				0,
				0,
				0,
				0
			],
			[
				0,
				1,
				0,
				0,
				0
			],
			[
				0,
				0,
				1,
				0,
				0
			],
			[
				0,
				0,
				0,
				1,
				0
			],
			[
				0,
				0,
				0,
				0,
				1
			]
		],
		[
			[
				0,
				1,
				0,
				0,
				0
			],
			[
				1,
				0,
				0,
				2,
				3
			],
			[
				0,
				0,
				1,
				2,
				3
			],
			[
				0,
				2,
				2,
				2,
				3
			],
			[
				0,
				3,
				3,
				3,
				4
			]
		],
		[
			[
				0,
				0,
				1,
				0,
				0
			],
			[
				0,
				0,
				1,
				2,
				3
			],
			[
				1,
				1,
				1,
				2,
				3
			],
			[
				0,
				2,
				2,
				3,
				3
			],
			[
				0,
				3,
				3,
				3,
				5
			]
		],
		[
			[
				0,
				0,
				0,
				1,
				0
			],
			[
				0,
				2,
				2,
				2,
				3
			],
			[
				0,
				2,
				2,
				3,
				3
			],
			[
				1,
				2,
				3,
				1,
				6
			],
			[
				0,
				3,
				3,
				6,
				6
			]
		],
		[
			[
				0,
				0,
				0,
				0,
				1
			],
			[
				0,
				3,
				3,
				3,
				4
			],
			[
				0,
				3,
				3,
				3,
				5
			],
			[
				0,
				3,
				3,
				6,
				6
			],
			[
				1,
				4,
				5,
				6,
				10
			]
		]
	],
	"texnames":[
		"\\text{FR}^{5,10,0}_{634}"
	],
	"barcode":[
		1,
		3,
		5,
		7,
		3,
		5,
		4,
		2,
		4,
		2,
		7,
		5,
		2,
		9,
		3,
		3,
		8,
		1,
		9,
		3,
		4,
		5,
		1,
		1,
		6,
		7,
		9,
		7,
		8,
		9,
		8,
		8,
		5,
		4,
		5,
		7,
		0,
		2,
		0,
		1,
		7,
		0,
		1,
		8,
		6,
		0,
		4,
		1,
		2,
		9,
		6,
		7,
		7,
		8,
		3,
		3,
		9,
		3,
		7,
		4,
		6,
		1,
		1,
		8,
		9,
		5,
		0,
		3,
		3,
		9,
		6,
		1,
		3,
		6,
		3,
		9,
		4,
		4,
		0,
		3,
		9,
		5,
		6,
		9,
		2,
		9,
		8,
		0,
		7,
		2,
		4,
		9,
		4,
		3,
		0,
		2,
		4,
		5,
		9,
		0,
		2,
		5,
		1,
		6,
		2,
		0,
		6,
		9,
		4,
		0,
		7,
		0,
		5,
		7,
		9,
		6,
		5,
		8,
		4,
		3,
		3,
		7,
		7,
		4,
		6,
		2,
		4,
		7,
		7,
		2
	],
	"formal_code":[
		5,
		10,
		0,
		634
	],
	"tensor_product_decompositions":{
		"identifiers":[
			"formal_code"
		],
		"value":[]
	},
	"sub_fusion_rings":{
		"identifiers":[
			"injection",
			"formal_code"
		],
		"value":[]
	},
	"numeric_characters":[
		[
			[
				1.0,
				0
			],
			[
				9.181418491715831,
				0
			],
			[
				1.0181418491715831e1,
				0
			],
			[
				1.3290334123968329e1,
				0
			],
			[
				1.8905925757361587e1,
				0
			]
		],
		[
			[
				1.0,
				0
			],
			[
				-2.7568689003240245,
				0
			],
			[
				-1.7568689003240245,
				0
			],
			[
				0.8804007573363501,
				0
			],
			[
				1.6131748729670319,
				0
			]
		],
		[
			[
				1.0,
				0
			],
			[
				-0.1377524211050965,
				0
			],
			[
				0.8622475788949036,
				0
			],
			[
				-3.397152959967949,
				0
			],
			[
				1.9377605498187378,
				0
			]
		],
		[
			[
				1.0,
				0
			],
			[
				1.0,
				0
			],
			[
				-1.0,
				0
			],
			[
				0.0,
				0
			],
			[
				0.0,
				0
			]
		],
		[
			[
				1.0,
				0
			],
			[
				-0.2867971702867111,
				0
			],
			[
				0.713202829713289,
				0
			],
			[
				0.22641807866326924,
				0
			],
			[
				-0.4568611801473579,
				0
			]
		]
	],
	"numeric_frobenius_perron_dimensions":[
		1.0,
		9.181418491715831,
		1.0181418491715831e1,
		1.3290334123968329e1,
		1.8905925757361587e1
	],
	"numeric_frobenius_perron_dimension":7.230267378930598e2,
	"info":"Fusion ring. mult_tab provides structure constants. barcode and formal_code provide unique identifiers see (DOI: 10.1063\/5.0148848). sub_fusion_rings provides tuples where the first element corresponds to the elements of the ring that form the subring isomorphic to the ring identified by the second element of the tuple. software provides doi of original software used to represent fusion ring.",
	"comments":[
		""
	]
}