{
	"references":[
		""
	],
	"software":[
		"https:\/\/doi.org\/10.5281\/zenodo.15920400"
	],
	"mult_tab":[
		[
			[
				1,
				0,
				0,
				0,
				0
			],
			[
				0,
				1,
				0,
				0,
				0
			],
			[
				0,
				0,
				1,
				0,
				0
			],
			[
				0,
				0,
				0,
				1,
				0
			],
			[
				0,
				0,
				0,
				0,
				1
			]
		],
		[
			[
				0,
				1,
				0,
				0,
				0
			],
			[
				1,
				1,
				4,
				4,
				5
			],
			[
				0,
				4,
				3,
				5,
				4
			],
			[
				0,
				4,
				5,
				5,
				6
			],
			[
				0,
				5,
				4,
				6,
				6
			]
		],
		[
			[
				0,
				0,
				1,
				0,
				0
			],
			[
				0,
				4,
				3,
				5,
				4
			],
			[
				1,
				3,
				3,
				5,
				6
			],
			[
				0,
				5,
				5,
				5,
				7
			],
			[
				0,
				4,
				6,
				7,
				6
			]
		],
		[
			[
				0,
				0,
				0,
				1,
				0
			],
			[
				0,
				4,
				5,
				5,
				6
			],
			[
				0,
				5,
				5,
				5,
				7
			],
			[
				1,
				5,
				5,
				9,
				8
			],
			[
				0,
				6,
				7,
				8,
				8
			]
		],
		[
			[
				0,
				0,
				0,
				0,
				1
			],
			[
				0,
				5,
				4,
				6,
				6
			],
			[
				0,
				4,
				6,
				7,
				6
			],
			[
				0,
				6,
				7,
				8,
				8
			],
			[
				1,
				6,
				6,
				8,
				10
			]
		]
	],
	"texnames":[
		"\\text{FR}^{5,10,0}_{312}"
	],
	"barcode":[
		1,
		3,
		5,
		7,
		3,
		5,
		4,
		2,
		4,
		2,
		7,
		5,
		2,
		9,
		3,
		3,
		8,
		1,
		9,
		3,
		4,
		5,
		1,
		1,
		6,
		7,
		9,
		7,
		8,
		9,
		8,
		8,
		5,
		5,
		9,
		2,
		5,
		1,
		1,
		9,
		8,
		2,
		0,
		8,
		3,
		6,
		5,
		3,
		9,
		2,
		1,
		8,
		7,
		1,
		8,
		2,
		0,
		7,
		7,
		6,
		0,
		4,
		8,
		7,
		7,
		3,
		8,
		5,
		0,
		3,
		1,
		4,
		4,
		5,
		7,
		4,
		4,
		0,
		6,
		1,
		6,
		6,
		2,
		0,
		7,
		1,
		2,
		2,
		0,
		9,
		5,
		4,
		8,
		8,
		3,
		0,
		0,
		9,
		9,
		2,
		6,
		9,
		4,
		5,
		0,
		0,
		2,
		0,
		0,
		9,
		7,
		5,
		0,
		0,
		5,
		6,
		8,
		9,
		5,
		8,
		3,
		1,
		6,
		5,
		4,
		6,
		4,
		0,
		1,
		3
	],
	"formal_code":[
		5,
		10,
		0,
		312
	],
	"tensor_product_decompositions":{
		"identifiers":[
			"formal_code"
		],
		"value":[]
	},
	"sub_fusion_rings":{
		"identifiers":[
			"injection",
			"formal_code"
		],
		"value":[]
	},
	"numeric_characters":[
		[
			[
				1.0,
				0
			],
			[
				1.8194601890662376e1,
				0
			],
			[
				1.9971632623663066e1,
				0
			],
			[
				2.5062597111650817e1,
				0
			],
			[
				2.6342403425555407e1,
				0
			]
		],
		[
			[
				1.0,
				0
			],
			[
				0.41731145218506194,
				0
			],
			[
				-2.06345941214679,
				0
			],
			[
				-1.0825071398496176,
				0
			],
			[
				2.2681407207850746,
				0
			]
		],
		[
			[
				1.0,
				0
			],
			[
				0.3493728550178686,
				0
			],
			[
				0.2641681750404198,
				0
			],
			[
				-0.15028634721612963,
				0
			],
			[
				-0.3365677548983385,
				0
			]
		],
		[
			[
				1.0,
				0
			],
			[
				-1.0281837481838065,
				0
			],
			[
				-1.633973975093522,
				0
			],
			[
				2.554271794051381,
				0
			],
			[
				-0.519169141523666,
				0
			]
		],
		[
			[
				1.0,
				0
			],
			[
				-2.933102449681501,
				0
			],
			[
				1.461632588536827,
				0
			],
			[
				-0.38407541863644973,
				0
			],
			[
				1.2451927500815225,
				0
			]
		]
	],
	"numeric_frobenius_perron_dimensions":[
		1.0,
		1.8194601890662376e1,
		1.9971632623663066e1,
		2.5062597111650817e1,
		2.6342403425555407e1
	],
	"numeric_frobenius_perron_dimension":2.052965639829899e3,
	"info":"Fusion ring. mult_tab provides structure constants. barcode and formal_code provide unique identifiers see (DOI: 10.1063\/5.0148848). sub_fusion_rings provides tuples where the first element corresponds to the elements of the ring that form the subring isomorphic to the ring identified by the second element of the tuple. software provides doi of original software used to represent fusion ring.",
	"comments":[
		""
	]
}