{
	"references":[
		""
	],
	"software":[
		"https:\/\/doi.org\/10.5281\/zenodo.15920400"
	],
	"mult_tab":[
		[
			[
				1,
				0,
				0,
				0,
				0
			],
			[
				0,
				1,
				0,
				0,
				0
			],
			[
				0,
				0,
				1,
				0,
				0
			],
			[
				0,
				0,
				0,
				1,
				0
			],
			[
				0,
				0,
				0,
				0,
				1
			]
		],
		[
			[
				0,
				1,
				0,
				0,
				0
			],
			[
				1,
				6,
				5,
				2,
				1
			],
			[
				0,
				5,
				2,
				4,
				2
			],
			[
				0,
				2,
				4,
				4,
				6
			],
			[
				0,
				1,
				2,
				6,
				8
			]
		],
		[
			[
				0,
				0,
				1,
				0,
				0
			],
			[
				0,
				5,
				2,
				4,
				2
			],
			[
				1,
				2,
				6,
				1,
				4
			],
			[
				0,
				4,
				1,
				6,
				5
			],
			[
				0,
				2,
				4,
				5,
				7
			]
		],
		[
			[
				0,
				0,
				0,
				1,
				0
			],
			[
				0,
				2,
				4,
				4,
				6
			],
			[
				0,
				4,
				1,
				6,
				5
			],
			[
				1,
				4,
				6,
				5,
				7
			],
			[
				0,
				6,
				5,
				7,
				7
			]
		],
		[
			[
				0,
				0,
				0,
				0,
				1
			],
			[
				0,
				1,
				2,
				6,
				8
			],
			[
				0,
				2,
				4,
				5,
				7
			],
			[
				0,
				6,
				5,
				7,
				7
			],
			[
				1,
				8,
				7,
				7,
				7
			]
		]
	],
	"texnames":[
		"\\text{FR}^{5,8,0}_{246}"
	],
	"barcode":[
		2,
		1,
		1,
		8,
		7,
		1,
		2,
		2,
		9,
		9,
		1,
		3,
		9,
		8,
		3,
		2,
		0,
		3,
		2,
		5,
		8,
		3,
		1,
		9,
		3,
		6,
		7,
		6,
		2,
		0,
		7,
		6,
		2,
		4,
		5,
		8,
		3,
		7,
		8,
		4,
		6,
		0,
		6,
		4,
		3,
		4,
		0,
		6,
		9,
		9,
		0,
		3,
		1,
		4,
		9,
		1,
		4,
		3,
		5,
		1,
		5,
		1,
		6,
		4,
		4,
		4,
		9,
		7,
		3,
		8,
		4,
		5,
		1,
		6,
		9,
		8,
		9,
		4,
		5,
		9,
		2,
		6,
		9,
		2,
		6,
		1,
		6,
		9,
		8,
		9,
		3,
		8,
		1,
		5,
		7,
		0,
		2,
		9,
		5,
		3,
		1,
		9,
		4,
		6,
		6,
		2,
		0,
		1,
		4,
		6,
		5,
		3,
		3,
		1,
		5,
		5,
		8,
		4,
		5
	],
	"formal_code":[
		5,
		8,
		0,
		246
	],
	"tensor_product_decompositions":{
		"identifiers":[
			"formal_code"
		],
		"value":[]
	},
	"sub_fusion_rings":{
		"identifiers":[
			"injection",
			"formal_code"
		],
		"value":[]
	},
	"numeric_characters":[
		[
			[
				1.0,
				0
			],
			[
				1.5292103870407372e1,
				0
			],
			[
				1.5398014557606036e1,
				0
			],
			[
				2.0470917408802617e1,
				0
			],
			[
				2.316390995524846e1,
				0
			]
		],
		[
			[
				1.0,
				0
			],
			[
				-2.6047829295149914,
				0
			],
			[
				5.524016612683045,
				0
			],
			[
				-3.772313032265756,
				0
			],
			[
				1.3381346880989333,
				0
			]
		],
		[
			[
				1.0,
				0
			],
			[
				7.278681726752122,
				0
			],
			[
				3.4693859208175146,
				0
			],
			[
				-1.6888869757339546,
				0
			],
			[
				-5.662038333777145,
				0
			]
		],
		[
			[
				1.0,
				0
			],
			[
				-0.42281920415058427,
				0
			],
			[
				0.17384916941307937,
				0
			],
			[
				0.6504307004883226,
				0
			],
			[
				-0.4544159437400032,
				0
			]
		],
		[
			[
				1.0,
				0
			],
			[
				0.45681653650608256,
				0
			],
			[
				-0.5652662605196761,
				0
			],
			[
				-0.6601481012912283,
				0
			],
			[
				0.6144096341697545,
				0
			]
		]
	],
	"numeric_frobenius_perron_dimensions":[
		1.0,
		1.5292103870407372e1,
		1.5398014557606038e1,
		2.0470917408802617e1,
		2.316390995524846e1
	],
	"numeric_frobenius_perron_dimension":1.4275724770724523e3,
	"info":"Fusion ring. mult_tab provides structure constants. barcode and formal_code provide unique identifiers see (DOI: 10.1063\/5.0148848). sub_fusion_rings provides tuples where the first element corresponds to the elements of the ring that form the subring isomorphic to the ring identified by the second element of the tuple. software provides doi of original software used to represent fusion ring.",
	"comments":[
		""
	]
}