{
	"references":[
		""
	],
	"software":[
		"https:\/\/doi.org\/10.5281\/zenodo.15920400"
	],
	"mult_tab":[
		[
			[
				1,
				0,
				0,
				0,
				0
			],
			[
				0,
				1,
				0,
				0,
				0
			],
			[
				0,
				0,
				1,
				0,
				0
			],
			[
				0,
				0,
				0,
				1,
				0
			],
			[
				0,
				0,
				0,
				0,
				1
			]
		],
		[
			[
				0,
				1,
				0,
				0,
				0
			],
			[
				1,
				3,
				1,
				2,
				1
			],
			[
				0,
				1,
				3,
				2,
				2
			],
			[
				0,
				2,
				2,
				5,
				3
			],
			[
				0,
				1,
				2,
				3,
				6
			]
		],
		[
			[
				0,
				0,
				1,
				0,
				0
			],
			[
				0,
				1,
				3,
				2,
				2
			],
			[
				1,
				3,
				2,
				1,
				4
			],
			[
				0,
				2,
				1,
				6,
				5
			],
			[
				0,
				2,
				4,
				5,
				5
			]
		],
		[
			[
				0,
				0,
				0,
				1,
				0
			],
			[
				0,
				2,
				2,
				5,
				3
			],
			[
				0,
				2,
				1,
				6,
				5
			],
			[
				1,
				5,
				6,
				6,
				8
			],
			[
				0,
				3,
				5,
				8,
				9
			]
		],
		[
			[
				0,
				0,
				0,
				0,
				1
			],
			[
				0,
				1,
				2,
				3,
				6
			],
			[
				0,
				2,
				4,
				5,
				5
			],
			[
				0,
				3,
				5,
				8,
				9
			],
			[
				1,
				6,
				5,
				9,
				8
			]
		]
	],
	"texnames":[
		"\\text{FR}^{5,9,0}_{883}"
	],
	"barcode":[
		1,
		0,
		0,
		0,
		0,
		0,
		1,
		0,
		0,
		0,
		0,
		0,
		1,
		0,
		0,
		0,
		0,
		0,
		1,
		0,
		0,
		0,
		0,
		0,
		1,
		0,
		1,
		0,
		0,
		0,
		1,
		8,
		9,
		6,
		5,
		0,
		9,
		8,
		3,
		5,
		0,
		6,
		3,
		1,
		2,
		0,
		5,
		5,
		2,
		4,
		0,
		0,
		1,
		0,
		0,
		0,
		9,
		8,
		3,
		5,
		1,
		8,
		6,
		5,
		6,
		0,
		3,
		5,
		2,
		2,
		0,
		5,
		6,
		2,
		1,
		0,
		0,
		0,
		1,
		0,
		0,
		6,
		3,
		1,
		2,
		0,
		3,
		5,
		2,
		2,
		1,
		1,
		2,
		3,
		1,
		0,
		2,
		2,
		1,
		3,
		0,
		0,
		0,
		0,
		1,
		0,
		5,
		5,
		2,
		4,
		0,
		5,
		6,
		2,
		1,
		0,
		2,
		2,
		1,
		3,
		1,
		4,
		1,
		3,
		2
	],
	"formal_code":[
		5,
		9,
		0,
		883
	],
	"tensor_product_decompositions":{
		"identifiers":[
			"formal_code"
		],
		"value":[]
	},
	"sub_fusion_rings":{
		"identifiers":[
			"injection",
			"formal_code"
		],
		"value":[]
	},
	"numeric_characters":[
		[
			[
				1.0,
				0
			],
			[
				1.0448768632183567e1,
				0
			],
			[
				1.2960236728145688e1,
				0
			],
			[
				2.082570521715616e1,
				0
			],
			[
				2.221881286989455e1,
				0
			]
		],
		[
			[
				1.0,
				0
			],
			[
				3.3542448688544075,
				0
			],
			[
				0.20579752866359208,
				0
			],
			[
				1.6230975801605134,
				0
			],
			[
				-3.26376865531172,
				0
			]
		],
		[
			[
				1.0,
				0
			],
			[
				1.875757742148969,
				0
			],
			[
				-2.577436287916507,
				0
			],
			[
				-1.042322356121334,
				0
			],
			[
				1.5532748809440664,
				0
			]
		],
		[
			[
				1.0,
				0
			],
			[
				1.7048810133503842,
				0
			],
			[
				3.36821441406044,
				0
			],
			[
				-3.5426784583754745,
				0
			],
			[
				0.5091187323219891,
				0
			]
		],
		[
			[
				1.0,
				0
			],
			[
				-0.38365225653732865,
				0
			],
			[
				4.318761704678716e-2,
				0
			],
			[
				0.13619801718013433,
				0
			],
			[
				-1.74378278488857e-2,
				0
			]
		]
	],
	"numeric_frobenius_perron_dimensions":[
		1.0,
		1.0448768632183567e1,
		1.2960236728145688e1,
		2.082570521715616e1,
		2.221881286989455e1
	],
	"numeric_frobenius_perron_dimension":1.2055301451177565e3,
	"info":"Fusion ring. mult_tab provides structure constants. barcode and formal_code provide unique identifiers see (DOI: 10.1063\/5.0148848). sub_fusion_rings provides tuples where the first element corresponds to the elements of the ring that form the subring isomorphic to the ring identified by the second element of the tuple. software provides doi of original software used to represent fusion ring.",
	"comments":[
		""
	]
}