{
	"references":[
		""
	],
	"software":[
		"https:\/\/doi.org\/10.5281\/zenodo.15920400"
	],
	"mult_tab":[
		[
			[
				1,
				0,
				0,
				0,
				0
			],
			[
				0,
				1,
				0,
				0,
				0
			],
			[
				0,
				0,
				1,
				0,
				0
			],
			[
				0,
				0,
				0,
				1,
				0
			],
			[
				0,
				0,
				0,
				0,
				1
			]
		],
		[
			[
				0,
				1,
				0,
				0,
				0
			],
			[
				1,
				0,
				0,
				0,
				0
			],
			[
				0,
				0,
				1,
				0,
				0
			],
			[
				0,
				0,
				0,
				1,
				0
			],
			[
				0,
				0,
				0,
				0,
				1
			]
		],
		[
			[
				0,
				0,
				1,
				0,
				0
			],
			[
				0,
				0,
				1,
				0,
				0
			],
			[
				1,
				1,
				1,
				2,
				0
			],
			[
				0,
				0,
				2,
				0,
				4
			],
			[
				0,
				0,
				0,
				4,
				2
			]
		],
		[
			[
				0,
				0,
				0,
				1,
				0
			],
			[
				0,
				0,
				0,
				1,
				0
			],
			[
				0,
				0,
				2,
				0,
				4
			],
			[
				1,
				1,
				0,
				9,
				2
			],
			[
				0,
				0,
				4,
				2,
				8
			]
		],
		[
			[
				0,
				0,
				0,
				0,
				1
			],
			[
				0,
				0,
				0,
				0,
				1
			],
			[
				0,
				0,
				0,
				4,
				2
			],
			[
				0,
				0,
				4,
				2,
				8
			],
			[
				1,
				1,
				2,
				8,
				5
			]
		]
	],
	"texnames":[
		"\\text{FR}^{5,9,0}_{966}"
	],
	"barcode":[
		1,
		0,
		0,
		0,
		0,
		0,
		1,
		0,
		0,
		0,
		0,
		0,
		1,
		0,
		0,
		0,
		0,
		0,
		1,
		0,
		0,
		0,
		0,
		0,
		1,
		0,
		1,
		0,
		0,
		0,
		1,
		0,
		0,
		0,
		0,
		0,
		0,
		1,
		0,
		0,
		0,
		0,
		0,
		1,
		0,
		0,
		0,
		0,
		0,
		1,
		0,
		0,
		1,
		0,
		0,
		0,
		0,
		1,
		0,
		0,
		1,
		1,
		9,
		2,
		0,
		0,
		0,
		2,
		8,
		4,
		0,
		0,
		0,
		4,
		2,
		0,
		0,
		0,
		1,
		0,
		0,
		0,
		0,
		1,
		0,
		0,
		0,
		2,
		8,
		4,
		1,
		1,
		8,
		5,
		2,
		0,
		0,
		4,
		2,
		0,
		0,
		0,
		0,
		0,
		1,
		0,
		0,
		0,
		0,
		1,
		0,
		0,
		0,
		4,
		2,
		0,
		0,
		4,
		2,
		0,
		1,
		1,
		2,
		0,
		1
	],
	"formal_code":[
		5,
		9,
		0,
		966
	],
	"tensor_product_decompositions":{
		"identifiers":[
			"formal_code"
		],
		"value":[]
	},
	"sub_fusion_rings":{
		"identifiers":[
			"injection",
			"formal_code"
		],
		"value":[
			[
				[
					1,
					2
				],
				[
					2,
					1,
					0,
					1
				]
			]
		]
	},
	"numeric_characters":[
		[
			[
				1.0,
				0
			],
			[
				1.0,
				0
			],
			[
				5.5150903364625,
				0
			],
			[
				1.1450565541439776e1,
				0
			],
			[
				1.3030180672925e1,
				0
			]
		],
		[
			[
				1.0,
				0
			],
			[
				1.0,
				0
			],
			[
				-3.7392263430204524,
				0
			],
			[
				7.86051999367928,
				0
			],
			[
				-5.478452686040905,
				0
			]
		],
		[
			[
				1.0,
				0
			],
			[
				1.0,
				0
			],
			[
				2.0,
				0
			],
			[
				0.0,
				0
			],
			[
				-1.0,
				0
			]
		],
		[
			[
				1.0,
				0
			],
			[
				1.0,
				0
			],
			[
				-0.7758639934420474,
				0
			],
			[
				-0.31108553511905573,
				0
			],
			[
				0.44827201311590537,
				0
			]
		],
		[
			[
				1.0,
				0
			],
			[
				-1.0,
				0
			],
			[
				0.0,
				0
			],
			[
				0.0,
				0
			],
			[
				0.0,
				0
			]
		]
	],
	"numeric_frobenius_perron_dimensions":[
		1.0,
		1.0,
		5.5150903364625,
		1.1450565541439774e1,
		1.3030180672925e1
	],
	"numeric_frobenius_perron_dimension":3.3331728100721824e2,
	"info":"Fusion ring. mult_tab provides structure constants. barcode and formal_code provide unique identifiers see (DOI: 10.1063\/5.0148848). sub_fusion_rings provides tuples where the first element corresponds to the elements of the ring that form the subring isomorphic to the ring identified by the second element of the tuple. software provides doi of original software used to represent fusion ring.",
	"comments":[
		""
	]
}