{
	"references":[
		""
	],
	"software":[
		"https:\/\/doi.org\/10.5281\/zenodo.15920400"
	],
	"mult_tab":[
		[
			[
				1,
				0,
				0,
				0,
				0
			],
			[
				0,
				1,
				0,
				0,
				0
			],
			[
				0,
				0,
				1,
				0,
				0
			],
			[
				0,
				0,
				0,
				1,
				0
			],
			[
				0,
				0,
				0,
				0,
				1
			]
		],
		[
			[
				0,
				1,
				0,
				0,
				0
			],
			[
				1,
				6,
				1,
				0,
				2
			],
			[
				0,
				1,
				4,
				0,
				4
			],
			[
				0,
				0,
				0,
				6,
				4
			],
			[
				0,
				2,
				4,
				4,
				6
			]
		],
		[
			[
				0,
				0,
				1,
				0,
				0
			],
			[
				0,
				1,
				4,
				0,
				4
			],
			[
				1,
				4,
				0,
				4,
				4
			],
			[
				0,
				0,
				4,
				3,
				6
			],
			[
				0,
				4,
				4,
				6,
				7
			]
		],
		[
			[
				0,
				0,
				0,
				1,
				0
			],
			[
				0,
				0,
				0,
				6,
				4
			],
			[
				0,
				0,
				4,
				3,
				6
			],
			[
				1,
				6,
				3,
				3,
				6
			],
			[
				0,
				4,
				6,
				6,
				9
			]
		],
		[
			[
				0,
				0,
				0,
				0,
				1
			],
			[
				0,
				2,
				4,
				4,
				6
			],
			[
				0,
				4,
				4,
				6,
				7
			],
			[
				0,
				4,
				6,
				6,
				9
			],
			[
				1,
				6,
				7,
				9,
				14
			]
		]
	],
	"texnames":[
		"\\text{FR}^{5,14,0}_{273}"
	],
	"barcode":[
		6,
		8,
		4,
		4,
		0,
		9,
		7,
		0,
		7,
		8,
		0,
		3,
		0,
		6,
		8,
		2,
		0,
		8,
		2,
		8,
		2,
		7,
		0,
		4,
		7,
		6,
		6,
		1,
		8,
		9,
		7,
		5,
		4,
		7,
		1,
		1,
		9,
		2,
		5,
		8,
		1,
		7,
		9,
		2,
		9,
		5,
		1,
		3,
		1,
		0,
		8,
		6,
		3,
		0,
		4,
		5,
		2,
		0,
		2,
		1,
		6,
		7,
		6,
		6,
		3,
		0,
		2,
		4,
		0,
		3,
		6,
		0,
		7,
		7,
		9,
		6,
		2,
		9,
		2,
		7,
		4,
		7,
		6,
		6,
		3,
		0,
		0,
		5,
		4,
		3,
		4,
		7,
		2,
		9,
		7,
		5,
		4,
		1,
		2,
		3,
		7,
		2,
		6,
		8,
		9,
		0,
		2,
		1,
		1,
		0,
		1,
		2,
		9,
		1,
		5,
		7,
		8,
		8,
		7,
		4,
		8,
		7,
		9,
		1,
		1,
		9,
		2,
		5,
		1,
		4,
		3,
		8,
		4,
		0,
		0,
		9,
		6,
		9,
		1,
		8,
		5,
		2,
		4,
		4,
		6,
		0
	],
	"formal_code":[
		5,
		14,
		0,
		273
	],
	"tensor_product_decompositions":{
		"identifiers":[
			"formal_code"
		],
		"value":[]
	},
	"sub_fusion_rings":{
		"identifiers":[
			"injection",
			"formal_code"
		],
		"value":[]
	},
	"numeric_characters":[
		[
			[
				1.0,
				0
			],
			[
				1.1870286134679601e1,
				0
			],
			[
				1.5119545301986552e1,
				0
			],
			[
				1.8248660995474985e1,
				0
			],
			[
				2.6781215404551318e1,
				0
			]
		],
		[
			[
				1.0,
				0
			],
			[
				4.335023326478194,
				0
			],
			[
				-5.182133288274453,
				0
			],
			[
				3.646392742624676,
				0
			],
			[
				-1.5177897147423216,
				0
			]
		],
		[
			[
				1.0,
				0
			],
			[
				-0.42250422403067484,
				0
			],
			[
				-1.2402728024910572,
				0
			],
			[
				-0.9198306028190044,
				0
			],
			[
				1.4769039829994344,
				0
			]
		],
		[
			[
				1.0,
				0
			],
			[
				6.33339308509368,
				0
			],
			[
				1.9745293899201917,
				0
			],
			[
				-5.177191542094113,
				0
			],
			[
				-0.43150996508491557,
				0
			]
		],
		[
			[
				1.0,
				0
			],
			[
				-0.1161983222208011,
				0
			],
			[
				0.32833139885876617,
				0
			],
			[
				0.20196840681345485,
				0
			],
			[
				-0.3088197077235152,
				0
			]
		]
	],
	"numeric_frobenius_perron_dimensions":[
		1.0,
		1.1870286134679603e1,
		1.5119545301986552e1,
		1.8248660995474985e1,
		2.6781215404551318e1
	],
	"numeric_frobenius_perron_dimension":1.4207514697307372e3,
	"info":"Fusion ring. mult_tab provides structure constants. barcode and formal_code provide unique identifiers see (DOI: 10.1063\/5.0148848). sub_fusion_rings provides tuples where the first element corresponds to the elements of the ring that form the subring isomorphic to the ring identified by the second element of the tuple. software provides doi of original software used to represent fusion ring.",
	"comments":[
		""
	]
}