{
	"references":[
		""
	],
	"software":[
		"https:\/\/doi.org\/10.5281\/zenodo.15920400"
	],
	"mult_tab":[
		[
			[
				1,
				0,
				0,
				0,
				0
			],
			[
				0,
				1,
				0,
				0,
				0
			],
			[
				0,
				0,
				1,
				0,
				0
			],
			[
				0,
				0,
				0,
				1,
				0
			],
			[
				0,
				0,
				0,
				0,
				1
			]
		],
		[
			[
				0,
				1,
				0,
				0,
				0
			],
			[
				1,
				8,
				1,
				2,
				1
			],
			[
				0,
				1,
				5,
				1,
				6
			],
			[
				0,
				2,
				1,
				8,
				3
			],
			[
				0,
				1,
				6,
				3,
				6
			]
		],
		[
			[
				0,
				0,
				1,
				0,
				0
			],
			[
				0,
				1,
				5,
				1,
				6
			],
			[
				1,
				5,
				10,
				6,
				0
			],
			[
				0,
				1,
				6,
				7,
				5
			],
			[
				0,
				6,
				0,
				5,
				12
			]
		],
		[
			[
				0,
				0,
				0,
				1,
				0
			],
			[
				0,
				2,
				1,
				8,
				3
			],
			[
				0,
				1,
				6,
				7,
				5
			],
			[
				1,
				8,
				7,
				0,
				6
			],
			[
				0,
				3,
				5,
				6,
				9
			]
		],
		[
			[
				0,
				0,
				0,
				0,
				1
			],
			[
				0,
				1,
				6,
				3,
				6
			],
			[
				0,
				6,
				0,
				5,
				12
			],
			[
				0,
				3,
				5,
				6,
				9
			],
			[
				1,
				6,
				12,
				9,
				3
			]
		]
	],
	"texnames":[
		"\\text{FR}^{5,12,0}_{2598}"
	],
	"barcode":[
		1,
		3,
		4,
		5,
		7,
		8,
		5,
		2,
		8,
		7,
		0,
		6,
		3,
		2,
		5,
		1,
		9,
		2,
		9,
		5,
		4,
		0,
		9,
		2,
		4,
		6,
		7,
		7,
		1,
		2,
		3,
		4,
		6,
		1,
		8,
		0,
		7,
		7,
		3,
		2,
		9,
		9,
		0,
		6,
		2,
		2,
		8,
		0,
		7,
		3,
		6,
		3,
		8,
		4,
		3,
		5,
		7,
		8,
		1,
		5,
		0,
		3,
		7,
		5,
		4,
		6,
		4,
		0,
		7,
		9,
		7,
		2,
		8,
		2,
		7,
		7,
		8,
		5,
		4,
		6,
		4,
		2,
		8,
		1,
		5,
		0,
		9,
		5,
		0,
		9,
		0,
		6,
		8,
		3,
		1,
		5,
		2,
		3,
		2,
		5,
		9,
		7,
		7,
		7,
		3,
		3,
		1,
		4,
		1,
		0,
		9,
		3,
		8,
		8,
		7,
		2,
		4,
		5,
		9,
		7,
		1,
		6,
		5,
		0,
		5,
		5,
		0,
		0,
		0,
		4,
		1,
		7,
		0,
		4,
		3,
		6,
		9,
		8,
		1
	],
	"formal_code":[
		5,
		12,
		0,
		2598
	],
	"tensor_product_decompositions":{
		"identifiers":[
			"formal_code"
		],
		"value":[]
	},
	"sub_fusion_rings":{
		"identifiers":[
			"injection",
			"formal_code"
		],
		"value":[]
	},
	"numeric_characters":[
		[
			[
				1.0,
				0
			],
			[
				1.4014402160631855e1,
				0
			],
			[
				1.966989804804878e1,
				0
			],
			[
				1.9855649656164346e1,
				0
			],
			[
				2.3907053274490504e1,
				0
			]
		],
		[
			[
				1.0,
				0
			],
			[
				7.928820893290429,
				0
			],
			[
				-4.248921505609158,
				0
			],
			[
				3.316407425077905,
				0
			],
			[
				-3.9482597329912443,
				0
			]
		],
		[
			[
				1.0,
				0
			],
			[
				-0.7443331426376361,
				0
			],
			[
				1.1191932666731434e1,
				0
			],
			[
				2.676949310420673,
				0
			],
			[
				-1.1037134319242874e1,
				0
			]
		],
		[
			[
				1.0,
				0
			],
			[
				5.929569765704537,
				0
			],
			[
				3.432255835543814,
				0
			],
			[
				-8.865004510556043,
				0
			],
			[
				1.0209926662893332,
				0
			]
		],
		[
			[
				1.0,
				0
			],
			[
				-0.12845967698918553,
				0
			],
			[
				-4.516504471486906e-2,
				0
			],
			[
				1.5998118893119057e-2,
				0
			],
			[
				5.7348111454280995e-2,
				0
			]
		]
	],
	"numeric_frobenius_perron_dimensions":[
		1.0,
		1.4014402160631851e1,
		1.9669898048048783e1,
		1.9855649656164346e1,
		2.3907053274490504e1
	],
	"numeric_frobenius_perron_dimension":1.5501023766782225e3,
	"info":"Fusion ring. mult_tab provides structure constants. barcode and formal_code provide unique identifiers see (DOI: 10.1063\/5.0148848). sub_fusion_rings provides tuples where the first element corresponds to the elements of the ring that form the subring isomorphic to the ring identified by the second element of the tuple. software provides doi of original software used to represent fusion ring.",
	"comments":[
		""
	]
}