{
	"references":[
		""
	],
	"software":[
		"https:\/\/doi.org\/10.5281\/zenodo.15920400"
	],
	"mult_tab":[
		[
			[
				1,
				0,
				0,
				0,
				0
			],
			[
				0,
				1,
				0,
				0,
				0
			],
			[
				0,
				0,
				1,
				0,
				0
			],
			[
				0,
				0,
				0,
				1,
				0
			],
			[
				0,
				0,
				0,
				0,
				1
			]
		],
		[
			[
				0,
				1,
				0,
				0,
				0
			],
			[
				1,
				3,
				2,
				1,
				1
			],
			[
				0,
				2,
				2,
				2,
				1
			],
			[
				0,
				1,
				2,
				6,
				2
			],
			[
				0,
				1,
				1,
				2,
				7
			]
		],
		[
			[
				0,
				0,
				1,
				0,
				0
			],
			[
				0,
				2,
				2,
				2,
				1
			],
			[
				1,
				2,
				1,
				3,
				1
			],
			[
				0,
				2,
				3,
				6,
				2
			],
			[
				0,
				1,
				1,
				2,
				8
			]
		],
		[
			[
				0,
				0,
				0,
				1,
				0
			],
			[
				0,
				1,
				2,
				6,
				2
			],
			[
				0,
				2,
				3,
				6,
				2
			],
			[
				1,
				6,
				6,
				10,
				4
			],
			[
				0,
				2,
				2,
				4,
				15
			]
		],
		[
			[
				0,
				0,
				0,
				0,
				1
			],
			[
				0,
				1,
				1,
				2,
				7
			],
			[
				0,
				1,
				1,
				2,
				8
			],
			[
				0,
				2,
				2,
				4,
				15
			],
			[
				1,
				7,
				8,
				15,
				2
			]
		]
	],
	"texnames":[
		"\\text{FR}^{5,15,0}_{1389}"
	],
	"barcode":[
		2,
		0,
		4,
		5,
		8,
		6,
		9,
		2,
		5,
		1,
		8,
		7,
		8,
		3,
		9,
		8,
		6,
		8,
		3,
		8,
		6,
		4,
		3,
		6,
		6,
		2,
		8,
		4,
		5,
		9,
		5,
		4,
		2,
		6,
		4,
		9,
		9,
		9,
		4,
		7,
		1,
		0,
		6,
		5,
		9,
		4,
		1,
		1,
		4,
		4,
		4,
		7,
		2,
		3,
		7,
		6,
		9,
		7,
		4,
		2,
		7,
		0,
		1,
		6,
		6,
		8,
		1,
		4,
		5,
		9,
		1,
		9,
		2,
		2,
		0,
		9,
		8,
		7,
		7,
		7,
		5,
		5,
		3,
		3,
		3,
		7,
		4,
		9,
		1,
		2,
		4,
		4,
		8,
		4,
		7,
		8,
		1,
		7,
		4,
		8,
		2,
		1,
		5,
		5,
		8,
		6,
		7,
		2,
		4,
		2,
		7,
		9,
		6,
		7,
		3,
		7,
		0,
		9,
		7,
		8,
		8,
		8,
		1,
		2,
		8,
		2,
		8,
		6,
		3,
		8,
		7,
		5,
		6,
		4,
		3,
		1,
		4,
		4,
		2,
		1,
		3,
		4,
		7,
		0,
		7,
		7,
		1,
		3,
		1,
		4
	],
	"formal_code":[
		5,
		15,
		0,
		1389
	],
	"tensor_product_decompositions":{
		"identifiers":[
			"formal_code"
		],
		"value":[]
	},
	"sub_fusion_rings":{
		"identifiers":[
			"injection",
			"formal_code"
		],
		"value":[]
	},
	"numeric_characters":[
		[
			[
				1.0,
				0
			],
			[
				9.725709725336786,
				0
			],
			[
				1.0725709725336786e1,
				0
			],
			[
				2.0451419450673573e1,
				0
			],
			[
				2.250946158415304e1,
				0
			]
		],
		[
			[
				1.0,
				0
			],
			[
				4.808829218809916,
				0
			],
			[
				5.808829218809916,
				0
			],
			[
				1.0617658437619832e1,
				0
			],
			[
				-1.4536966075989424e1,
				0
			]
		],
		[
			[
				1.0,
				0
			],
			[
				3.414213562373095,
				0
			],
			[
				1.4142135623730951,
				0
			],
			[
				-2.414213562373095,
				0
			],
			[
				0.0,
				0
			]
		],
		[
			[
				1.0,
				0
			],
			[
				-0.5345389441467021,
				0
			],
			[
				0.46546105585329794,
				0
			],
			[
				-6.907788829340415e-2,
				0
			],
			[
				2.7504491836385616e-2,
				0
			]
		],
		[
			[
				1.0,
				0
			],
			[
				0.5857864376269049,
				0
			],
			[
				-1.4142135623730951,
				0
			],
			[
				0.41421356237309515,
				0
			],
			[
				0.0,
				0
			]
		]
	],
	"numeric_frobenius_perron_dimensions":[
		1.0,
		9.725709725336786,
		1.072570972533679e1,
		2.0451419450673573e1,
		2.250946158415304e1
	],
	"numeric_frobenius_perron_dimension":1.1355666971295454e3,
	"info":"Fusion ring. mult_tab provides structure constants. barcode and formal_code provide unique identifiers see (DOI: 10.1063\/5.0148848). sub_fusion_rings provides tuples where the first element corresponds to the elements of the ring that form the subring isomorphic to the ring identified by the second element of the tuple. software provides doi of original software used to represent fusion ring.",
	"comments":[
		""
	]
}