{
	"references":[
		""
	],
	"software":[
		"https:\/\/doi.org\/10.5281\/zenodo.15920400"
	],
	"mult_tab":[
		[
			[
				1,
				0,
				0,
				0,
				0
			],
			[
				0,
				1,
				0,
				0,
				0
			],
			[
				0,
				0,
				1,
				0,
				0
			],
			[
				0,
				0,
				0,
				1,
				0
			],
			[
				0,
				0,
				0,
				0,
				1
			]
		],
		[
			[
				0,
				1,
				0,
				0,
				0
			],
			[
				1,
				3,
				3,
				3,
				5
			],
			[
				0,
				3,
				4,
				3,
				5
			],
			[
				0,
				3,
				3,
				4,
				5
			],
			[
				0,
				5,
				5,
				5,
				8
			]
		],
		[
			[
				0,
				0,
				1,
				0,
				0
			],
			[
				0,
				3,
				4,
				3,
				5
			],
			[
				1,
				4,
				1,
				6,
				5
			],
			[
				0,
				3,
				6,
				2,
				5
			],
			[
				0,
				5,
				5,
				5,
				9
			]
		],
		[
			[
				0,
				0,
				0,
				1,
				0
			],
			[
				0,
				3,
				3,
				4,
				5
			],
			[
				0,
				3,
				6,
				2,
				5
			],
			[
				1,
				4,
				2,
				5,
				5
			],
			[
				0,
				5,
				5,
				5,
				9
			]
		],
		[
			[
				0,
				0,
				0,
				0,
				1
			],
			[
				0,
				5,
				5,
				5,
				8
			],
			[
				0,
				5,
				5,
				5,
				9
			],
			[
				0,
				5,
				5,
				5,
				9
			],
			[
				1,
				8,
				9,
				9,
				12
			]
		]
	],
	"texnames":[
		"\\text{FR}^{5,12,0}_{755}"
	],
	"barcode":[
		1,
		3,
		4,
		5,
		7,
		8,
		5,
		2,
		8,
		7,
		0,
		6,
		3,
		2,
		5,
		1,
		9,
		2,
		9,
		5,
		4,
		0,
		9,
		2,
		4,
		6,
		7,
		7,
		1,
		2,
		3,
		4,
		6,
		1,
		8,
		9,
		9,
		7,
		6,
		0,
		8,
		4,
		5,
		6,
		3,
		4,
		6,
		0,
		2,
		7,
		9,
		1,
		3,
		8,
		8,
		8,
		7,
		8,
		0,
		2,
		7,
		7,
		5,
		6,
		5,
		0,
		2,
		6,
		8,
		7,
		5,
		0,
		7,
		7,
		8,
		4,
		1,
		5,
		7,
		1,
		2,
		2,
		7,
		8,
		7,
		4,
		5,
		5,
		4,
		3,
		0,
		9,
		3,
		9,
		9,
		0,
		3,
		7,
		6,
		3,
		0,
		2,
		9,
		2,
		9,
		3,
		6,
		7,
		3,
		5,
		6,
		9,
		4,
		4,
		3,
		1,
		5,
		9,
		8,
		6,
		0,
		2,
		7,
		9,
		5,
		3,
		5,
		8,
		7,
		5,
		9,
		0,
		6,
		3,
		1,
		3,
		9,
		7,
		9
	],
	"formal_code":[
		5,
		12,
		0,
		755
	],
	"tensor_product_decompositions":{
		"identifiers":[
			"formal_code"
		],
		"value":[]
	},
	"sub_fusion_rings":{
		"identifiers":[
			"injection",
			"formal_code"
		],
		"value":[]
	},
	"numeric_characters":[
		[
			[
				1.0,
				0
			],
			[
				1.7550310807516787e1,
				0
			],
			[
				1.8550310807516787e1,
				0
			],
			[
				1.8550310807516787e1,
				0
			],
			[
				2.8612122434557897e1,
				0
			]
		],
		[
			[
				1.0,
				0
			],
			[
				0.3710525995673702,
				0
			],
			[
				1.3710525995673701,
				0
			],
			[
				1.3710525995673701,
				0
			],
			[
				-2.040358672892126,
				0
			]
		],
		[
			[
				1.0,
				0
			],
			[
				1.0,
				0
			],
			[
				-0.20871215252208009,
				0
			],
			[
				-0.7912878474779199,
				0
			],
			[
				0.0,
				0
			]
		],
		[
			[
				1.0,
				0
			],
			[
				1.0,
				0
			],
			[
				-4.7912878474779195,
				0
			],
			[
				3.79128784747792,
				0
			],
			[
				0.0,
				0
			]
		],
		[
			[
				1.0,
				0
			],
			[
				-0.9213634070841581,
				0
			],
			[
				7.863659291584188e-2,
				0
			],
			[
				7.863659291584188e-2,
				0
			],
			[
				0.42823623833423025,
				0
			]
		]
	],
	"numeric_frobenius_perron_dimensions":[
		1.0,
		1.7550310807516787e1,
		1.8550310807516787e1,
		1.8550310807516787e1,
		2.8612122434557893e1
	],
	"numeric_frobenius_perron_dimension":1.81589502176152e3,
	"info":"Fusion ring. mult_tab provides structure constants. barcode and formal_code provide unique identifiers see (DOI: 10.1063\/5.0148848). sub_fusion_rings provides tuples where the first element corresponds to the elements of the ring that form the subring isomorphic to the ring identified by the second element of the tuple. software provides doi of original software used to represent fusion ring.",
	"comments":[
		""
	]
}