{
	"references":[
		""
	],
	"software":[
		"https:\/\/doi.org\/10.5281\/zenodo.15920400"
	],
	"mult_tab":[
		[
			[
				1,
				0,
				0,
				0,
				0
			],
			[
				0,
				1,
				0,
				0,
				0
			],
			[
				0,
				0,
				1,
				0,
				0
			],
			[
				0,
				0,
				0,
				1,
				0
			],
			[
				0,
				0,
				0,
				0,
				1
			]
		],
		[
			[
				0,
				1,
				0,
				0,
				0
			],
			[
				1,
				0,
				4,
				4,
				5
			],
			[
				0,
				4,
				1,
				6,
				5
			],
			[
				0,
				4,
				6,
				3,
				5
			],
			[
				0,
				5,
				5,
				5,
				7
			]
		],
		[
			[
				0,
				0,
				1,
				0,
				0
			],
			[
				0,
				4,
				1,
				6,
				5
			],
			[
				1,
				1,
				12,
				1,
				5
			],
			[
				0,
				6,
				1,
				9,
				5
			],
			[
				0,
				5,
				5,
				5,
				10
			]
		],
		[
			[
				0,
				0,
				0,
				1,
				0
			],
			[
				0,
				4,
				6,
				3,
				5
			],
			[
				0,
				6,
				1,
				9,
				5
			],
			[
				1,
				3,
				9,
				6,
				5
			],
			[
				0,
				5,
				5,
				5,
				12
			]
		],
		[
			[
				0,
				0,
				0,
				0,
				1
			],
			[
				0,
				5,
				5,
				5,
				7
			],
			[
				0,
				5,
				5,
				5,
				10
			],
			[
				0,
				5,
				5,
				5,
				12
			],
			[
				1,
				7,
				10,
				12,
				7
			]
		]
	],
	"texnames":[
		"\\text{FR}^{5,12,0}_{1436}"
	],
	"barcode":[
		1,
		3,
		4,
		5,
		7,
		8,
		5,
		2,
		8,
		7,
		0,
		6,
		3,
		2,
		5,
		1,
		9,
		2,
		9,
		5,
		4,
		0,
		9,
		2,
		4,
		6,
		7,
		7,
		1,
		2,
		3,
		4,
		6,
		1,
		6,
		6,
		1,
		6,
		6,
		2,
		1,
		8,
		6,
		6,
		3,
		0,
		3,
		5,
		5,
		3,
		3,
		3,
		3,
		8,
		9,
		2,
		8,
		9,
		0,
		5,
		6,
		6,
		4,
		7,
		1,
		0,
		6,
		6,
		6,
		1,
		7,
		1,
		9,
		1,
		8,
		4,
		0,
		6,
		2,
		0,
		6,
		1,
		2,
		3,
		5,
		5,
		6,
		5,
		3,
		3,
		2,
		4,
		9,
		1,
		0,
		1,
		4,
		7,
		1,
		2,
		8,
		8,
		2,
		8,
		0,
		7,
		8,
		9,
		6,
		0,
		6,
		5,
		3,
		5,
		6,
		0,
		1,
		9,
		1,
		4,
		1,
		2,
		3,
		9,
		3,
		5,
		0,
		6,
		4,
		6,
		6,
		7,
		3,
		7,
		5,
		8,
		3,
		9,
		0
	],
	"formal_code":[
		5,
		12,
		0,
		1436
	],
	"tensor_product_decompositions":{
		"identifiers":[
			"formal_code"
		],
		"value":[]
	},
	"sub_fusion_rings":{
		"identifiers":[
			"injection",
			"formal_code"
		],
		"value":[]
	},
	"numeric_characters":[
		[
			[
				1.0,
				0
			],
			[
				1.7820388535436614e1,
				0
			],
			[
				2.0820388535436614e1,
				0
			],
			[
				2.2820388535436614e1,
				0
			],
			[
				2.8400627854085563e1,
				0
			]
		],
		[
			[
				1.0,
				0
			],
			[
				-4.23606797749979,
				0
			],
			[
				1.1090169943749475e1,
				0
			],
			[
				-6.854101966249685,
				0
			],
			[
				0.0,
				0
			]
		],
		[
			[
				1.0,
				0
			],
			[
				0.5206678066759405,
				0
			],
			[
				3.5206678066759403,
				0
			],
			[
				5.520667806675941,
				0
			],
			[
				-7.378849497699758,
				0
			]
		],
		[
			[
				1.0,
				0
			],
			[
				-3.341056342112555,
				0
			],
			[
				-0.34105634211255526,
				0
			],
			[
				1.6589436578874448,
				0
			],
			[
				0.9782216436141941,
				0
			]
		],
		[
			[
				1.0,
				0
			],
			[
				0.2360679774997898,
				0
			],
			[
				-9.016994374947451e-2,
				0
			],
			[
				-0.1458980337503153,
				0
			],
			[
				0.0,
				0
			]
		]
	],
	"numeric_frobenius_perron_dimensions":[
		1.0,
		1.7820388535436614e1,
		2.0820388535436614e1,
		2.2820388535436614e1,
		2.8400627854085563e1
	],
	"numeric_frobenius_perron_dimension":2.079420621735009e3,
	"info":"Fusion ring. mult_tab provides structure constants. barcode and formal_code provide unique identifiers see (DOI: 10.1063\/5.0148848). sub_fusion_rings provides tuples where the first element corresponds to the elements of the ring that form the subring isomorphic to the ring identified by the second element of the tuple. software provides doi of original software used to represent fusion ring.",
	"comments":[
		""
	]
}