{
	"references":[
		""
	],
	"software":[
		"https:\/\/doi.org\/10.5281\/zenodo.15920400"
	],
	"mult_tab":[
		[
			[
				1,
				0,
				0,
				0,
				0
			],
			[
				0,
				1,
				0,
				0,
				0
			],
			[
				0,
				0,
				1,
				0,
				0
			],
			[
				0,
				0,
				0,
				1,
				0
			],
			[
				0,
				0,
				0,
				0,
				1
			]
		],
		[
			[
				0,
				1,
				0,
				0,
				0
			],
			[
				1,
				2,
				2,
				6,
				5
			],
			[
				0,
				2,
				3,
				8,
				7
			],
			[
				0,
				6,
				8,
				5,
				7
			],
			[
				0,
				5,
				7,
				7,
				7
			]
		],
		[
			[
				0,
				0,
				1,
				0,
				0
			],
			[
				0,
				2,
				3,
				8,
				7
			],
			[
				1,
				3,
				4,
				11,
				9
			],
			[
				0,
				8,
				11,
				7,
				9
			],
			[
				0,
				7,
				9,
				9,
				10
			]
		],
		[
			[
				0,
				0,
				0,
				1,
				0
			],
			[
				0,
				6,
				8,
				5,
				7
			],
			[
				0,
				8,
				11,
				7,
				9
			],
			[
				1,
				5,
				7,
				14,
				13
			],
			[
				0,
				7,
				9,
				13,
				12
			]
		],
		[
			[
				0,
				0,
				0,
				0,
				1
			],
			[
				0,
				5,
				7,
				7,
				7
			],
			[
				0,
				7,
				9,
				9,
				10
			],
			[
				0,
				7,
				9,
				13,
				12
			],
			[
				1,
				7,
				10,
				12,
				13
			]
		]
	],
	"texnames":[
		"\\text{FR}^{5,14,0}_{101}"
	],
	"barcode":[
		6,
		8,
		4,
		4,
		0,
		9,
		7,
		0,
		7,
		8,
		0,
		3,
		0,
		6,
		8,
		2,
		0,
		8,
		2,
		8,
		2,
		7,
		0,
		4,
		7,
		6,
		6,
		1,
		8,
		9,
		7,
		5,
		4,
		7,
		1,
		2,
		0,
		3,
		4,
		6,
		0,
		7,
		9,
		0,
		0,
		3,
		6,
		6,
		8,
		5,
		6,
		8,
		0,
		8,
		1,
		6,
		9,
		5,
		6,
		3,
		8,
		1,
		1,
		6,
		0,
		5,
		5,
		1,
		2,
		3,
		0,
		9,
		8,
		4,
		8,
		2,
		9,
		2,
		5,
		0,
		5,
		9,
		5,
		4,
		2,
		0,
		6,
		0,
		0,
		2,
		4,
		8,
		9,
		5,
		0,
		7,
		3,
		3,
		1,
		0,
		8,
		7,
		5,
		6,
		3,
		6,
		4,
		2,
		3,
		6,
		4,
		6,
		9,
		6,
		5,
		8,
		5,
		7,
		0,
		3,
		0,
		1,
		9,
		8,
		4,
		9,
		9,
		1,
		5,
		1,
		9,
		3,
		4,
		6,
		0,
		8,
		0,
		7,
		1,
		9,
		2,
		7,
		8,
		2,
		8,
		2
	],
	"formal_code":[
		5,
		14,
		0,
		101
	],
	"tensor_product_decompositions":{
		"identifiers":[
			"formal_code"
		],
		"value":[]
	},
	"sub_fusion_rings":{
		"identifiers":[
			"injection",
			"formal_code"
		],
		"value":[]
	},
	"numeric_characters":[
		[
			[
				1.0,
				0
			],
			[
				2.2600428563184778e1,
				0
			],
			[
				3.040504830737829e1,
				0
			],
			[
				3.6311660788270466e1,
				0
			],
			[
				3.7179690553773874e1,
				0
			]
		],
		[
			[
				1.0,
				0
			],
			[
				-5.503976284368145,
				0
			],
			[
				-7.450471119212613,
				0
			],
			[
				7.29281842644434,
				0
			],
			[
				2.2891478374764884,
				0
			]
		],
		[
			[
				1.0,
				0
			],
			[
				1.1003023027678773,
				0
			],
			[
				-0.6785198161740019,
				0
			],
			[
				6.390582806899997e-2,
				0
			],
			[
				-0.2032669568250914,
				0
			]
		],
		[
			[
				1.0,
				0
			],
			[
				-0.6053737094008184,
				0
			],
			[
				-2.6024770065435295e-2,
				0
			],
			[
				-1.0589810970901483,
				0
			],
			[
				1.3966321739014207,
				0
			]
		],
		[
			[
				1.0,
				0
			],
			[
				-0.591380872183691,
				0
			],
			[
				0.7499673980737593,
				0
			],
			[
				0.3905960543063448,
				0
			],
			[
				-0.6622036083266926,
				0
			]
		]
	],
	"numeric_frobenius_perron_dimensions":[
		1.0,
		2.2600428563184778e1,
		3.040504830737829e1,
		3.6311660788270466e1,
		3.7179690553773874e1
	],
	"numeric_frobenius_perron_dimension":4.137112432690426e3,
	"info":"Fusion ring. mult_tab provides structure constants. barcode and formal_code provide unique identifiers see (DOI: 10.1063\/5.0148848). sub_fusion_rings provides tuples where the first element corresponds to the elements of the ring that form the subring isomorphic to the ring identified by the second element of the tuple. software provides doi of original software used to represent fusion ring.",
	"comments":[
		""
	]
}