{
	"references":[
		""
	],
	"software":[
		"https:\/\/doi.org\/10.5281\/zenodo.15920400"
	],
	"mult_tab":[
		[
			[
				1,
				0,
				0,
				0,
				0
			],
			[
				0,
				1,
				0,
				0,
				0
			],
			[
				0,
				0,
				1,
				0,
				0
			],
			[
				0,
				0,
				0,
				1,
				0
			],
			[
				0,
				0,
				0,
				0,
				1
			]
		],
		[
			[
				0,
				1,
				0,
				0,
				0
			],
			[
				1,
				4,
				1,
				0,
				0
			],
			[
				0,
				1,
				0,
				2,
				2
			],
			[
				0,
				0,
				2,
				1,
				3
			],
			[
				0,
				0,
				2,
				3,
				3
			]
		],
		[
			[
				0,
				0,
				1,
				0,
				0
			],
			[
				0,
				1,
				0,
				2,
				2
			],
			[
				1,
				0,
				8,
				0,
				4
			],
			[
				0,
				2,
				0,
				9,
				4
			],
			[
				0,
				2,
				4,
				4,
				9
			]
		],
		[
			[
				0,
				0,
				0,
				1,
				0
			],
			[
				0,
				0,
				2,
				1,
				3
			],
			[
				0,
				2,
				0,
				9,
				4
			],
			[
				1,
				1,
				9,
				3,
				7
			],
			[
				0,
				3,
				4,
				7,
				11
			]
		],
		[
			[
				0,
				0,
				0,
				0,
				1
			],
			[
				0,
				0,
				2,
				3,
				3
			],
			[
				0,
				2,
				4,
				4,
				9
			],
			[
				0,
				3,
				4,
				7,
				11
			],
			[
				1,
				3,
				9,
				11,
				11
			]
		]
	],
	"texnames":[
		"\\text{FR}^{5,11,0}_{917}"
	],
	"barcode":[
		6,
		5,
		8,
		3,
		7,
		7,
		0,
		0,
		7,
		1,
		1,
		6,
		2,
		1,
		8,
		2,
		3,
		4,
		2,
		2,
		0,
		4,
		1,
		2,
		6,
		8,
		4,
		4,
		3,
		7,
		1,
		5,
		4,
		3,
		7,
		2,
		3,
		8,
		3,
		3,
		8,
		2,
		5,
		1,
		5,
		5,
		7,
		0,
		2,
		5,
		8,
		0,
		4,
		7,
		7,
		6,
		5,
		4,
		3,
		1,
		5,
		0,
		7,
		9,
		1,
		4,
		0,
		8,
		3,
		1,
		2,
		7,
		1,
		8,
		3,
		2,
		4,
		3,
		4,
		1,
		4,
		3,
		7,
		0,
		7,
		4,
		3,
		4,
		4,
		8,
		4,
		5,
		8,
		5,
		0,
		1,
		8,
		3,
		3,
		1,
		3,
		7,
		6,
		8,
		3,
		6,
		8,
		4,
		5,
		8,
		5,
		5,
		3,
		4,
		8,
		7,
		1,
		7,
		8,
		3,
		3,
		5,
		1,
		6,
		6,
		0,
		6,
		4,
		5,
		0,
		2,
		7,
		2,
		4
	],
	"formal_code":[
		5,
		11,
		0,
		917
	],
	"tensor_product_decompositions":{
		"identifiers":[
			"formal_code"
		],
		"value":[]
	},
	"sub_fusion_rings":{
		"identifiers":[
			"injection",
			"formal_code"
		],
		"value":[]
	},
	"numeric_characters":[
		[
			[
				1.0,
				0
			],
			[
				6.461237707979176,
				0
			],
			[
				1.4902641887095296e1,
				0
			],
			[
				1.9447236971154233e1,
				0
			],
			[
				2.5466900029561216e1,
				0
			]
		],
		[
			[
				1.0,
				0
			],
			[
				-1.7069055660400425,
				0
			],
			[
				8.741148875538649,
				0
			],
			[
				-7.976328216606114,
				0
			],
			[
				1.3696231650053468,
				0
			]
		],
		[
			[
				1.0,
				0
			],
			[
				4.306911494209652,
				0
			],
			[
				0.32184064211660957,
				0
			],
			[
				-0.5926002321831945,
				0
			],
			[
				-0.8677859345037112,
				0
			]
		],
		[
			[
				1.0,
				0
			],
			[
				-0.1942626179466469,
				0
			],
			[
				-0.1852115634819275,
				0
			],
			[
				-1.387780720439112e-2,
				0
			],
			[
				0.12899895777571,
				0
			]
		],
		[
			[
				1.0,
				0
			],
			[
				-0.8669810182021391,
				0
			],
			[
				3.219580158731374,
				0
			],
			[
				3.135569284839467,
				0
			],
			[
				-4.0977362178385635,
				0
			]
		]
	],
	"numeric_frobenius_perron_dimensions":[
		1.0,
		6.461237707979176,
		1.4902641887095298e1,
		1.9447236971154233e1,
		2.5466900029561216e1
	],
	"numeric_frobenius_perron_dimension":1.2915943508619125e3,
	"info":"Fusion ring. mult_tab provides structure constants. barcode and formal_code provide unique identifiers see (DOI: 10.1063\/5.0148848). sub_fusion_rings provides tuples where the first element corresponds to the elements of the ring that form the subring isomorphic to the ring identified by the second element of the tuple. software provides doi of original software used to represent fusion ring.",
	"comments":[
		""
	]
}