{
	"references":[
		""
	],
	"software":[
		"https:\/\/doi.org\/10.5281\/zenodo.15920400"
	],
	"mult_tab":[
		[
			[
				1,
				0,
				0,
				0,
				0
			],
			[
				0,
				1,
				0,
				0,
				0
			],
			[
				0,
				0,
				1,
				0,
				0
			],
			[
				0,
				0,
				0,
				1,
				0
			],
			[
				0,
				0,
				0,
				0,
				1
			]
		],
		[
			[
				0,
				1,
				0,
				0,
				0
			],
			[
				1,
				1,
				1,
				2,
				3
			],
			[
				0,
				1,
				3,
				3,
				3
			],
			[
				0,
				2,
				3,
				3,
				3
			],
			[
				0,
				3,
				3,
				3,
				6
			]
		],
		[
			[
				0,
				0,
				1,
				0,
				0
			],
			[
				0,
				1,
				3,
				3,
				3
			],
			[
				1,
				3,
				2,
				2,
				6
			],
			[
				0,
				3,
				2,
				3,
				6
			],
			[
				0,
				3,
				6,
				6,
				6
			]
		],
		[
			[
				0,
				0,
				0,
				1,
				0
			],
			[
				0,
				2,
				3,
				3,
				3
			],
			[
				0,
				3,
				2,
				3,
				6
			],
			[
				1,
				3,
				3,
				3,
				6
			],
			[
				0,
				3,
				6,
				6,
				7
			]
		],
		[
			[
				0,
				0,
				0,
				0,
				1
			],
			[
				0,
				3,
				3,
				3,
				6
			],
			[
				0,
				3,
				6,
				6,
				6
			],
			[
				0,
				3,
				6,
				6,
				7
			],
			[
				1,
				6,
				6,
				7,
				12
			]
		]
	],
	"texnames":[
		"\\text{FR}^{5,12,0}_{1373}"
	],
	"barcode":[
		1,
		3,
		4,
		5,
		7,
		8,
		5,
		2,
		8,
		7,
		0,
		6,
		3,
		2,
		5,
		1,
		9,
		2,
		9,
		5,
		4,
		0,
		9,
		2,
		4,
		6,
		7,
		7,
		1,
		2,
		3,
		4,
		6,
		1,
		8,
		9,
		2,
		9,
		4,
		4,
		4,
		6,
		1,
		8,
		6,
		1,
		2,
		7,
		4,
		6,
		3,
		2,
		3,
		7,
		1,
		0,
		7,
		7,
		1,
		9,
		4,
		2,
		7,
		4,
		4,
		3,
		5,
		7,
		8,
		5,
		4,
		5,
		4,
		5,
		4,
		0,
		6,
		2,
		3,
		9,
		8,
		3,
		8,
		1,
		3,
		7,
		0,
		1,
		4,
		8,
		4,
		3,
		3,
		5,
		5,
		8,
		9,
		7,
		2,
		8,
		8,
		4,
		0,
		1,
		5,
		2,
		2,
		8,
		9,
		9,
		7,
		6,
		2,
		7,
		1,
		2,
		3,
		6,
		0,
		4,
		7,
		0,
		7,
		9,
		2,
		0,
		5,
		6,
		3,
		9,
		5,
		9,
		1,
		6,
		7,
		0,
		9,
		4,
		5
	],
	"formal_code":[
		5,
		12,
		0,
		1373
	],
	"tensor_product_decompositions":{
		"identifiers":[
			"formal_code"
		],
		"value":[]
	},
	"sub_fusion_rings":{
		"identifiers":[
			"injection",
			"formal_code"
		],
		"value":[]
	},
	"numeric_characters":[
		[
			[
				1.0,
				0
			],
			[
				1.1510803652143958e1,
				0
			],
			[
				1.5568283106241434e1,
				0
			],
			[
				1.6568283106241434e1,
				0
			],
			[
				2.376098258244747e1,
				0
			]
		],
		[
			[
				1.0,
				0
			],
			[
				1.9721588786344812,
				0
			],
			[
				-3.784058218462414,
				0
			],
			[
				-2.784058218462414,
				0
			],
			[
				3.423142139776525,
				0
			]
		],
		[
			[
				1.0,
				0
			],
			[
				0.0,
				0
			],
			[
				1.0,
				0
			],
			[
				-1.0,
				0
			],
			[
				0.0,
				0
			]
		],
		[
			[
				1.0,
				0
			],
			[
				0.8755152064370263,
				0
			],
			[
				-0.3608060076612393,
				0
			],
			[
				0.6391939923387607,
				0
			],
			[
				-0.6755234355836132,
				0
			]
		],
		[
			[
				1.0,
				0
			],
			[
				-1.3584777372154648,
				0
			],
			[
				-0.4234188801177804,
				0
			],
			[
				0.5765811198822196,
				0
			],
			[
				0.4913987133596186,
				0
			]
		]
	],
	"numeric_frobenius_perron_dimensions":[
		1.0,
		1.1510803652143958e1,
		1.5568283106241434e1,
		1.6568283106241434e1,
		2.376098258244747e1
	],
	"numeric_frobenius_perron_dimension":1.2149623379662303e3,
	"info":"Fusion ring. mult_tab provides structure constants. barcode and formal_code provide unique identifiers see (DOI: 10.1063\/5.0148848). sub_fusion_rings provides tuples where the first element corresponds to the elements of the ring that form the subring isomorphic to the ring identified by the second element of the tuple. software provides doi of original software used to represent fusion ring.",
	"comments":[
		""
	]
}