{
	"references":[
		""
	],
	"software":[
		"https:\/\/doi.org\/10.5281\/zenodo.15920400"
	],
	"mult_tab":[
		[
			[
				1,
				0,
				0,
				0,
				0
			],
			[
				0,
				1,
				0,
				0,
				0
			],
			[
				0,
				0,
				1,
				0,
				0
			],
			[
				0,
				0,
				0,
				1,
				0
			],
			[
				0,
				0,
				0,
				0,
				1
			]
		],
		[
			[
				0,
				1,
				0,
				0,
				0
			],
			[
				1,
				0,
				4,
				4,
				4
			],
			[
				0,
				4,
				3,
				4,
				4
			],
			[
				0,
				4,
				4,
				1,
				6
			],
			[
				0,
				4,
				4,
				6,
				3
			]
		],
		[
			[
				0,
				0,
				1,
				0,
				0
			],
			[
				0,
				4,
				3,
				4,
				4
			],
			[
				1,
				3,
				0,
				6,
				8
			],
			[
				0,
				4,
				6,
				4,
				4
			],
			[
				0,
				4,
				8,
				4,
				4
			]
		],
		[
			[
				0,
				0,
				0,
				1,
				0
			],
			[
				0,
				4,
				4,
				1,
				6
			],
			[
				0,
				4,
				6,
				4,
				4
			],
			[
				1,
				1,
				4,
				12,
				1
			],
			[
				0,
				6,
				4,
				1,
				9
			]
		],
		[
			[
				0,
				0,
				0,
				0,
				1
			],
			[
				0,
				4,
				4,
				6,
				3
			],
			[
				0,
				4,
				8,
				4,
				4
			],
			[
				0,
				6,
				4,
				1,
				9
			],
			[
				1,
				3,
				4,
				9,
				6
			]
		]
	],
	"texnames":[
		"\\text{FR}^{5,12,0}_{1434}"
	],
	"barcode":[
		1,
		3,
		4,
		5,
		7,
		8,
		5,
		2,
		8,
		7,
		0,
		6,
		3,
		2,
		5,
		1,
		9,
		2,
		9,
		5,
		4,
		0,
		9,
		2,
		4,
		6,
		7,
		7,
		1,
		2,
		3,
		4,
		6,
		1,
		6,
		6,
		1,
		4,
		2,
		8,
		3,
		8,
		5,
		7,
		0,
		2,
		5,
		9,
		1,
		0,
		8,
		3,
		8,
		0,
		9,
		5,
		0,
		0,
		2,
		8,
		9,
		6,
		4,
		6,
		5,
		9,
		5,
		3,
		5,
		7,
		6,
		5,
		9,
		6,
		2,
		1,
		0,
		2,
		6,
		8,
		0,
		6,
		7,
		8,
		1,
		7,
		4,
		7,
		0,
		3,
		2,
		5,
		1,
		6,
		5,
		4,
		7,
		5,
		4,
		1,
		1,
		3,
		8,
		7,
		1,
		0,
		0,
		5,
		7,
		2,
		1,
		5,
		9,
		5,
		8,
		9,
		9,
		0,
		1,
		2,
		8,
		5,
		8,
		2,
		3,
		5,
		4,
		0,
		7,
		8,
		4,
		1,
		5,
		9,
		7,
		7,
		2,
		2,
		4
	],
	"formal_code":[
		5,
		12,
		0,
		1434
	],
	"tensor_product_decompositions":{
		"identifiers":[
			"formal_code"
		],
		"value":[]
	},
	"sub_fusion_rings":{
		"identifiers":[
			"injection",
			"formal_code"
		],
		"value":[]
	},
	"numeric_characters":[
		[
			[
				1.0,
				0
			],
			[
				1.4944075831508377e1,
				0
			],
			[
				1.7693198951451443e1,
				0
			],
			[
				1.794407583150838e1,
				0
			],
			[
				1.994407583150838e1,
				0
			]
		],
		[
			[
				1.0,
				0
			],
			[
				-4.23606797749979,
				0
			],
			[
				0.0,
				0
			],
			[
				1.1090169943749475e1,
				0
			],
			[
				-6.854101966249685,
				0
			]
		],
		[
			[
				1.0,
				0
			],
			[
				-3.367876455805109,
				0
			],
			[
				1.3214008670018138,
				0
			],
			[
				-0.3678764558051091,
				0
			],
			[
				1.632123544194891,
				0
			]
		],
		[
			[
				1.0,
				0
			],
			[
				-0.5761993757032676,
				0
			],
			[
				-7.014599818453256,
				0
			],
			[
				2.4238006242967325,
				0
			],
			[
				4.4238006242967325,
				0
			]
		],
		[
			[
				1.0,
				0
			],
			[
				0.2360679774997898,
				0
			],
			[
				0.0,
				0
			],
			[
				-9.016994374947451e-2,
				0
			],
			[
				-0.1458980337503153,
				0
			]
		]
	],
	"numeric_frobenius_perron_dimensions":[
		1.0,
		1.4944075831508377e1,
		1.7693198951451443e1,
		1.7944075831508375e1,
		1.994407583150838e1
	],
	"numeric_frobenius_perron_dimension":1.2571307098133948e3,
	"info":"Fusion ring. mult_tab provides structure constants. barcode and formal_code provide unique identifiers see (DOI: 10.1063\/5.0148848). sub_fusion_rings provides tuples where the first element corresponds to the elements of the ring that form the subring isomorphic to the ring identified by the second element of the tuple. software provides doi of original software used to represent fusion ring.",
	"comments":[
		""
	]
}