{
	"references":[
		""
	],
	"software":[
		"https:\/\/doi.org\/10.5281\/zenodo.15920400"
	],
	"mult_tab":[
		[
			[
				1,
				0,
				0,
				0,
				0
			],
			[
				0,
				1,
				0,
				0,
				0
			],
			[
				0,
				0,
				1,
				0,
				0
			],
			[
				0,
				0,
				0,
				1,
				0
			],
			[
				0,
				0,
				0,
				0,
				1
			]
		],
		[
			[
				0,
				1,
				0,
				0,
				0
			],
			[
				1,
				5,
				3,
				4,
				3
			],
			[
				0,
				3,
				4,
				4,
				5
			],
			[
				0,
				4,
				4,
				7,
				4
			],
			[
				0,
				3,
				5,
				4,
				8
			]
		],
		[
			[
				0,
				0,
				1,
				0,
				0
			],
			[
				0,
				3,
				4,
				4,
				5
			],
			[
				1,
				4,
				0,
				6,
				7
			],
			[
				0,
				4,
				6,
				5,
				6
			],
			[
				0,
				5,
				7,
				6,
				5
			]
		],
		[
			[
				0,
				0,
				0,
				1,
				0
			],
			[
				0,
				4,
				4,
				7,
				4
			],
			[
				0,
				4,
				6,
				5,
				6
			],
			[
				1,
				7,
				5,
				7,
				6
			],
			[
				0,
				4,
				6,
				6,
				10
			]
		],
		[
			[
				0,
				0,
				0,
				0,
				1
			],
			[
				0,
				3,
				5,
				4,
				8
			],
			[
				0,
				5,
				7,
				6,
				5
			],
			[
				0,
				4,
				6,
				6,
				10
			],
			[
				1,
				8,
				5,
				10,
				6
			]
		]
	],
	"texnames":[
		"\\text{FR}^{5,10,0}_{44}"
	],
	"barcode":[
		1,
		3,
		5,
		7,
		3,
		5,
		4,
		2,
		4,
		2,
		7,
		5,
		2,
		9,
		3,
		3,
		8,
		1,
		9,
		3,
		4,
		5,
		1,
		1,
		6,
		7,
		9,
		7,
		8,
		9,
		8,
		8,
		3,
		4,
		0,
		6,
		1,
		9,
		7,
		0,
		7,
		4,
		2,
		0,
		8,
		8,
		9,
		0,
		7,
		0,
		9,
		1,
		1,
		9,
		9,
		3,
		0,
		9,
		9,
		2,
		9,
		3,
		5,
		5,
		3,
		5,
		6,
		6,
		5,
		6,
		9,
		4,
		8,
		8,
		3,
		1,
		1,
		1,
		6,
		2,
		2,
		1,
		9,
		6,
		4,
		5,
		6,
		7,
		6,
		9,
		1,
		6,
		8,
		9,
		5,
		8,
		6,
		1,
		2,
		5,
		9,
		4,
		6,
		8,
		3,
		5,
		7,
		1,
		3,
		1,
		0,
		4,
		9,
		7,
		1,
		1,
		4,
		1,
		2,
		8,
		6,
		6,
		7,
		5,
		5,
		8,
		0,
		7,
		7,
		9
	],
	"formal_code":[
		5,
		10,
		0,
		44
	],
	"tensor_product_decompositions":{
		"identifiers":[
			"formal_code"
		],
		"value":[]
	},
	"sub_fusion_rings":{
		"identifiers":[
			"injection",
			"formal_code"
		],
		"value":[]
	},
	"numeric_characters":[
		[
			[
				1.0,
				0
			],
			[
				1.7782661296944493e1,
				0
			],
			[
				1.96368346281049e1,
				0
			],
			[
				2.3137073995838758e1,
				0
			],
			[
				2.4950312149818462e1,
				0
			]
		],
		[
			[
				1.0,
				0
			],
			[
				4.119117989956603,
				0
			],
			[
				-1.2818750160471521,
				0
			],
			[
				4.201998200397953,
				0
			],
			[
				-5.863608229349749,
				0
			]
		],
		[
			[
				1.0,
				0
			],
			[
				2.142712520622875,
				0
			],
			[
				-8.191756948812129e-2,
				0
			],
			[
				-1.944373185740986,
				0
			],
			[
				0.30029993144932254,
				0
			]
		],
		[
			[
				1.0,
				0
			],
			[
				0.30761579185140847,
				0
			],
			[
				-5.45097705684036,
				0
			],
			[
				1.4918294686239766,
				0
			],
			[
				2.6473872707215005,
				0
			]
		],
		[
			[
				1.0,
				0
			],
			[
				-0.3521075993753786,
				0
			],
			[
				0.17793501427073247,
				0
			],
			[
				0.11347152088029934,
				0
			],
			[
				-3.439112263953656e-2,
				0
			]
		]
	],
	"numeric_frobenius_perron_dimensions":[
		1.0,
		1.7782661296944493e1,
		1.96368346281049e1,
		2.3137073995838758e1,
		2.4950312149818462e1
	],
	"numeric_frobenius_perron_dimension":1.860670586475684e3,
	"info":"Fusion ring. mult_tab provides structure constants. barcode and formal_code provide unique identifiers see (DOI: 10.1063\/5.0148848). sub_fusion_rings provides tuples where the first element corresponds to the elements of the ring that form the subring isomorphic to the ring identified by the second element of the tuple. software provides doi of original software used to represent fusion ring.",
	"comments":[
		""
	]
}