{
	"references":[
		""
	],
	"software":[
		"https:\/\/doi.org\/10.5281\/zenodo.15920400"
	],
	"mult_tab":[
		[
			[
				1,
				0,
				0,
				0,
				0
			],
			[
				0,
				1,
				0,
				0,
				0
			],
			[
				0,
				0,
				1,
				0,
				0
			],
			[
				0,
				0,
				0,
				1,
				0
			],
			[
				0,
				0,
				0,
				0,
				1
			]
		],
		[
			[
				0,
				1,
				0,
				0,
				0
			],
			[
				1,
				0,
				0,
				0,
				0
			],
			[
				0,
				0,
				1,
				0,
				0
			],
			[
				0,
				0,
				0,
				1,
				0
			],
			[
				0,
				0,
				0,
				0,
				1
			]
		],
		[
			[
				0,
				0,
				1,
				0,
				0
			],
			[
				0,
				0,
				1,
				0,
				0
			],
			[
				1,
				1,
				6,
				10,
				3
			],
			[
				0,
				0,
				10,
				3,
				7
			],
			[
				0,
				0,
				3,
				7,
				12
			]
		],
		[
			[
				0,
				0,
				0,
				1,
				0
			],
			[
				0,
				0,
				0,
				1,
				0
			],
			[
				0,
				0,
				10,
				3,
				7
			],
			[
				1,
				1,
				3,
				12,
				6
			],
			[
				0,
				0,
				7,
				6,
				11
			]
		],
		[
			[
				0,
				0,
				0,
				0,
				1
			],
			[
				0,
				0,
				0,
				0,
				1
			],
			[
				0,
				0,
				3,
				7,
				12
			],
			[
				0,
				0,
				7,
				6,
				11
			],
			[
				1,
				1,
				12,
				11,
				6
			]
		]
	],
	"texnames":[
		"\\text{FR}^{5,12,0}_{2050}"
	],
	"barcode":[
		1,
		3,
		4,
		5,
		7,
		8,
		5,
		2,
		8,
		7,
		0,
		6,
		3,
		2,
		5,
		1,
		9,
		2,
		9,
		5,
		4,
		0,
		9,
		2,
		4,
		6,
		7,
		7,
		1,
		2,
		3,
		4,
		6,
		1,
		3,
		9,
		6,
		0,
		1,
		0,
		1,
		3,
		3,
		2,
		6,
		1,
		6,
		5,
		6,
		2,
		3,
		4,
		8,
		4,
		6,
		0,
		6,
		4,
		3,
		8,
		1,
		2,
		4,
		9,
		6,
		8,
		1,
		0,
		3,
		8,
		1,
		8,
		0,
		3,
		1,
		6,
		7,
		7,
		9,
		0,
		4,
		0,
		7,
		3,
		7,
		5,
		3,
		0,
		1,
		5,
		4,
		9,
		2,
		3,
		6,
		2,
		2,
		9,
		1,
		4,
		1,
		5,
		9,
		6,
		8,
		7,
		6,
		4,
		6,
		4,
		9,
		3,
		6,
		1,
		0,
		1,
		6,
		9,
		1,
		5,
		0,
		8,
		2,
		2,
		7,
		9,
		0,
		3,
		4,
		0,
		0,
		6,
		3,
		4,
		0,
		2,
		9,
		0,
		3
	],
	"formal_code":[
		5,
		12,
		0,
		2050
	],
	"tensor_product_decompositions":{
		"identifiers":[
			"formal_code"
		],
		"value":[]
	},
	"sub_fusion_rings":{
		"identifiers":[
			"injection",
			"formal_code"
		],
		"value":[
			[
				[
					1,
					2
				],
				[
					2,
					1,
					0,
					1
				]
			]
		]
	},
	"numeric_characters":[
		[
			[
				1.0,
				0
			],
			[
				1.0,
				0
			],
			[
				2.0474927437701833e1,
				0
			],
			[
				2.1849003079790023e1,
				0
			],
			[
				2.529435271834803e1,
				0
			]
		],
		[
			[
				1.0,
				0
			],
			[
				1.0,
				0
			],
			[
				6.97088273778122,
				0
			],
			[
				2.9604933480150253,
				0
			],
			[
				-8.279007920980458,
				0
			]
		],
		[
			[
				1.0,
				0
			],
			[
				1.0,
				0
			],
			[
				-6.417424290044749,
				0
			],
			[
				8.414648108074406,
				0
			],
			[
				-2.152866940673074,
				0
			]
		],
		[
			[
				1.0,
				0
			],
			[
				1.0,
				0
			],
			[
				-2.8385885438303823e-2,
				0
			],
			[
				-0.22414453587945618,
				0
			],
			[
				0.1375221433055004,
				0
			]
		],
		[
			[
				1.0,
				0
			],
			[
				-1.0,
				0
			],
			[
				0.0,
				0
			],
			[
				0.0,
				0
			],
			[
				0.0,
				0
			]
		]
	],
	"numeric_frobenius_perron_dimensions":[
		1.0,
		1.0,
		2.0474927437701833e1,
		2.1849003079790023e1,
		2.529435271834803e1
	],
	"numeric_frobenius_perron_dimension":1.5384058686000296e3,
	"info":"Fusion ring. mult_tab provides structure constants. barcode and formal_code provide unique identifiers see (DOI: 10.1063\/5.0148848). sub_fusion_rings provides tuples where the first element corresponds to the elements of the ring that form the subring isomorphic to the ring identified by the second element of the tuple. software provides doi of original software used to represent fusion ring.",
	"comments":[
		""
	]
}