{
	"references":[
		""
	],
	"software":[
		"https:\/\/doi.org\/10.5281\/zenodo.15920400"
	],
	"mult_tab":[
		[
			[
				1,
				0,
				0,
				0,
				0
			],
			[
				0,
				1,
				0,
				0,
				0
			],
			[
				0,
				0,
				1,
				0,
				0
			],
			[
				0,
				0,
				0,
				1,
				0
			],
			[
				0,
				0,
				0,
				0,
				1
			]
		],
		[
			[
				0,
				1,
				0,
				0,
				0
			],
			[
				1,
				1,
				0,
				1,
				1
			],
			[
				0,
				0,
				2,
				2,
				2
			],
			[
				0,
				1,
				2,
				3,
				2
			],
			[
				0,
				1,
				2,
				2,
				4
			]
		],
		[
			[
				0,
				0,
				1,
				0,
				0
			],
			[
				0,
				0,
				2,
				2,
				2
			],
			[
				1,
				2,
				4,
				4,
				5
			],
			[
				0,
				2,
				4,
				6,
				6
			],
			[
				0,
				2,
				5,
				6,
				8
			]
		],
		[
			[
				0,
				0,
				0,
				1,
				0
			],
			[
				0,
				1,
				2,
				3,
				2
			],
			[
				0,
				2,
				4,
				6,
				6
			],
			[
				1,
				3,
				6,
				9,
				5
			],
			[
				0,
				2,
				6,
				5,
				12
			]
		],
		[
			[
				0,
				0,
				0,
				0,
				1
			],
			[
				0,
				1,
				2,
				2,
				4
			],
			[
				0,
				2,
				5,
				6,
				8
			],
			[
				0,
				2,
				6,
				5,
				12
			],
			[
				1,
				4,
				8,
				12,
				8
			]
		]
	],
	"texnames":[
		"\\text{FR}^{5,12,0}_{1676}"
	],
	"barcode":[
		1,
		3,
		4,
		5,
		7,
		8,
		5,
		2,
		8,
		7,
		0,
		6,
		3,
		2,
		5,
		1,
		9,
		2,
		9,
		5,
		4,
		0,
		9,
		2,
		4,
		6,
		7,
		7,
		1,
		2,
		3,
		4,
		6,
		1,
		7,
		6,
		8,
		2,
		7,
		4,
		7,
		8,
		7,
		2,
		1,
		7,
		6,
		2,
		2,
		0,
		9,
		3,
		1,
		7,
		2,
		0,
		8,
		6,
		0,
		6,
		6,
		0,
		2,
		1,
		3,
		2,
		2,
		8,
		2,
		9,
		0,
		5,
		1,
		4,
		1,
		4,
		3,
		2,
		5,
		6,
		3,
		8,
		0,
		8,
		2,
		8,
		6,
		8,
		4,
		9,
		0,
		4,
		6,
		4,
		5,
		4,
		8,
		7,
		1,
		0,
		7,
		9,
		9,
		1,
		6,
		3,
		0,
		3,
		0,
		1,
		8,
		8,
		7,
		9,
		3,
		5,
		7,
		4,
		4,
		6,
		6,
		3,
		7,
		0,
		4,
		7,
		0,
		4,
		3,
		4,
		4,
		3,
		1,
		5,
		7,
		8,
		9,
		9,
		6
	],
	"formal_code":[
		5,
		12,
		0,
		1676
	],
	"tensor_product_decompositions":{
		"identifiers":[
			"formal_code"
		],
		"value":[]
	},
	"sub_fusion_rings":{
		"identifiers":[
			"injection",
			"formal_code"
		],
		"value":[]
	},
	"numeric_characters":[
		[
			[
				1.0,
				0
			],
			[
				7.357407098679063,
				0
			],
			[
				1.7088129116900667e1,
				0
			],
			[
				2.0933334534162523e1,
				0
			],
			[
				2.4840697582851487e1,
				0
			]
		],
		[
			[
				1.0,
				0
			],
			[
				1.6891136754681773,
				0
			],
			[
				-1.0549922608040039,
				0
			],
			[
				-0.13479369670881686,
				0
			],
			[
				0.2987850298942543,
				0
			]
		],
		[
			[
				1.0,
				0
			],
			[
				-0.8172107601154245,
				0
			],
			[
				-0.3443435567056982,
				0
			],
			[
				0.2948527007208998,
				0
			],
			[
				0.1901914858429546,
				0
			]
		],
		[
			[
				1.0,
				0
			],
			[
				0.260864874805428,
				0
			],
			[
				1.371732851137402,
				0
			],
			[
				-0.8370618202199638,
				0
			],
			[
				-0.3557525716782126,
				0
			]
		],
		[
			[
				1.0,
				0
			],
			[
				1.5098251111627556,
				0
			],
			[
				0.9394738494716343,
				0
			],
			[
				5.743668282045356,
				0
			],
			[
				-5.973921526910485,
				0
			]
		]
	],
	"numeric_frobenius_perron_dimensions":[
		1.0,
		7.357407098679063,
		1.708812911690067e1,
		2.0933334534162523e1,
		2.4840697582851487e1
	],
	"numeric_frobenius_perron_dimension":1.4024003470534064e3,
	"info":"Fusion ring. mult_tab provides structure constants. barcode and formal_code provide unique identifiers see (DOI: 10.1063\/5.0148848). sub_fusion_rings provides tuples where the first element corresponds to the elements of the ring that form the subring isomorphic to the ring identified by the second element of the tuple. software provides doi of original software used to represent fusion ring.",
	"comments":[
		""
	]
}