{
	"references":[
		""
	],
	"software":[
		"https:\/\/doi.org\/10.5281\/zenodo.15920400"
	],
	"mult_tab":[
		[
			[
				1,
				0,
				0,
				0,
				0
			],
			[
				0,
				1,
				0,
				0,
				0
			],
			[
				0,
				0,
				1,
				0,
				0
			],
			[
				0,
				0,
				0,
				1,
				0
			],
			[
				0,
				0,
				0,
				0,
				1
			]
		],
		[
			[
				0,
				1,
				0,
				0,
				0
			],
			[
				1,
				14,
				0,
				10,
				4
			],
			[
				0,
				0,
				12,
				7,
				10
			],
			[
				0,
				10,
				7,
				6,
				10
			],
			[
				0,
				4,
				10,
				10,
				13
			]
		],
		[
			[
				0,
				0,
				1,
				0,
				0
			],
			[
				0,
				0,
				12,
				7,
				10
			],
			[
				1,
				12,
				8,
				10,
				6
			],
			[
				0,
				7,
				10,
				8,
				12
			],
			[
				0,
				10,
				6,
				12,
				15
			]
		],
		[
			[
				0,
				0,
				0,
				1,
				0
			],
			[
				0,
				10,
				7,
				6,
				10
			],
			[
				0,
				7,
				10,
				8,
				12
			],
			[
				1,
				6,
				8,
				16,
				10
			],
			[
				0,
				10,
				12,
				10,
				15
			]
		],
		[
			[
				0,
				0,
				0,
				0,
				1
			],
			[
				0,
				4,
				10,
				10,
				13
			],
			[
				0,
				10,
				6,
				12,
				15
			],
			[
				0,
				10,
				12,
				10,
				15
			],
			[
				1,
				13,
				15,
				15,
				13
			]
		]
	],
	"texnames":[
		"\\text{FR}^{5,16,0}_{104}"
	],
	"barcode":[
		3,
		7,
		6,
		4,
		1,
		4,
		4,
		3,
		4,
		3,
		0,
		6,
		5,
		8,
		9,
		6,
		9,
		9,
		4,
		3,
		9,
		0,
		0,
		0,
		5,
		8,
		2,
		8,
		2,
		6,
		5,
		5,
		9,
		0,
		2,
		3,
		0,
		6,
		0,
		5,
		1,
		4,
		3,
		8,
		0,
		6,
		3,
		1,
		5,
		5,
		7,
		7,
		1,
		6,
		3,
		5,
		8,
		6,
		4,
		9,
		1,
		2,
		3,
		1,
		7,
		2,
		8,
		7,
		4,
		1,
		4,
		3,
		3,
		7,
		9,
		5,
		1,
		0,
		4,
		9,
		5,
		4,
		8,
		8,
		4,
		3,
		0,
		1,
		5,
		6,
		0,
		4,
		6,
		3,
		5,
		9,
		0,
		1,
		7,
		5,
		4,
		7,
		3,
		2,
		4,
		8,
		9,
		2,
		6,
		9,
		9,
		2,
		2,
		3,
		5,
		6,
		9,
		0,
		0,
		0,
		3,
		8,
		0,
		1,
		5,
		9,
		4,
		5,
		6,
		6,
		6,
		5,
		4,
		7,
		1,
		7,
		4,
		6,
		7,
		9,
		3,
		6,
		5,
		0,
		3,
		6,
		2,
		3,
		2,
		3,
		8,
		8,
		9
	],
	"formal_code":[
		5,
		16,
		0,
		104
	],
	"tensor_product_decompositions":{
		"identifiers":[
			"formal_code"
		],
		"value":[]
	},
	"sub_fusion_rings":{
		"identifiers":[
			"injection",
			"formal_code"
		],
		"value":[]
	},
	"numeric_characters":[
		[
			[
				1.0,
				0
			],
			[
				3.222309627172542e1,
				0
			],
			[
				3.691286233569906e1,
				0
			],
			[
				3.9945505286224005e1,
				0
			],
			[
				4.66873831676221e1,
				0
			]
		],
		[
			[
				1.0,
				0
			],
			[
				1.4832843569283124e1,
				0
			],
			[
				-1.000940878470844e1,
				0
			],
			[
				3.1521491811242943,
				0
			],
			[
				-5.042013357595738,
				0
			]
		],
		[
			[
				1.0,
				0
			],
			[
				-3.8947504691581347,
				0
			],
			[
				-1.7872395962751966,
				0
			],
			[
				7.962846780647795,
				0
			],
			[
				-2.7332200053141387,
				0
			]
		],
		[
			[
				1.0,
				0
			],
			[
				-2.9047328967151998e-2,
				0
			],
			[
				-3.708628900916039e-2,
				0
			],
			[
				-0.10707482464423944,
				0
			],
			[
				0.11956364982566206,
				0
			]
		],
		[
			[
				1.0,
				0
			],
			[
				1.8678579571167484,
				0
			],
			[
				5.920872334293739,
				0
			],
			[
				4.657357664814335e-2,
				0
			],
			[
				-6.031713454537889,
				0
			]
		]
	],
	"numeric_frobenius_perron_dimensions":[
		1.0,
		3.2223096271725396e1,
		3.691286233569906e1,
		3.9945505286224005e1,
		4.66873831676221e1
	],
	"numeric_frobenius_perron_dimension":6.177242478763267e3,
	"info":"Fusion ring. mult_tab provides structure constants. barcode and formal_code provide unique identifiers see (DOI: 10.1063\/5.0148848). sub_fusion_rings provides tuples where the first element corresponds to the elements of the ring that form the subring isomorphic to the ring identified by the second element of the tuple. software provides doi of original software used to represent fusion ring.",
	"comments":[
		""
	]
}