{
	"references":[
		""
	],
	"software":[
		"https:\/\/doi.org\/10.5281\/zenodo.15920400"
	],
	"mult_tab":[
		[
			[
				1,
				0,
				0,
				0,
				0
			],
			[
				0,
				1,
				0,
				0,
				0
			],
			[
				0,
				0,
				1,
				0,
				0
			],
			[
				0,
				0,
				0,
				1,
				0
			],
			[
				0,
				0,
				0,
				0,
				1
			]
		],
		[
			[
				0,
				1,
				0,
				0,
				0
			],
			[
				1,
				3,
				3,
				0,
				3
			],
			[
				0,
				3,
				4,
				3,
				3
			],
			[
				0,
				0,
				3,
				7,
				3
			],
			[
				0,
				3,
				3,
				3,
				7
			]
		],
		[
			[
				0,
				0,
				1,
				0,
				0
			],
			[
				0,
				3,
				4,
				3,
				3
			],
			[
				1,
				4,
				6,
				5,
				4
			],
			[
				0,
				3,
				5,
				6,
				6
			],
			[
				0,
				3,
				4,
				6,
				10
			]
		],
		[
			[
				0,
				0,
				0,
				1,
				0
			],
			[
				0,
				0,
				3,
				7,
				3
			],
			[
				0,
				3,
				5,
				6,
				6
			],
			[
				1,
				7,
				6,
				1,
				9
			],
			[
				0,
				3,
				6,
				9,
				8
			]
		],
		[
			[
				0,
				0,
				0,
				0,
				1
			],
			[
				0,
				3,
				3,
				3,
				7
			],
			[
				0,
				3,
				4,
				6,
				10
			],
			[
				0,
				3,
				6,
				9,
				8
			],
			[
				1,
				7,
				10,
				8,
				8
			]
		]
	],
	"texnames":[
		"\\text{FR}^{5,10,0}_{262}"
	],
	"barcode":[
		1,
		3,
		5,
		7,
		3,
		5,
		4,
		2,
		4,
		2,
		7,
		5,
		2,
		9,
		3,
		3,
		8,
		1,
		9,
		3,
		4,
		5,
		1,
		1,
		6,
		7,
		9,
		7,
		8,
		9,
		8,
		8,
		2,
		4,
		9,
		4,
		4,
		7,
		1,
		5,
		8,
		6,
		5,
		3,
		4,
		5,
		4,
		0,
		2,
		3,
		7,
		8,
		3,
		5,
		5,
		6,
		3,
		6,
		6,
		2,
		1,
		2,
		3,
		0,
		1,
		8,
		3,
		5,
		4,
		4,
		7,
		5,
		2,
		2,
		6,
		8,
		5,
		8,
		2,
		2,
		4,
		9,
		7,
		2,
		0,
		0,
		9,
		1,
		7,
		8,
		6,
		1,
		5,
		5,
		4,
		5,
		8,
		3,
		8,
		9,
		4,
		6,
		1,
		9,
		9,
		5,
		2,
		7,
		1,
		5,
		6,
		0,
		9,
		0,
		7,
		1,
		8,
		8,
		0,
		4,
		3,
		0,
		2,
		5,
		1,
		5,
		2,
		6,
		5,
		9
	],
	"formal_code":[
		5,
		10,
		0,
		262
	],
	"tensor_product_decompositions":{
		"identifiers":[
			"formal_code"
		],
		"value":[]
	},
	"sub_fusion_rings":{
		"identifiers":[
			"injection",
			"formal_code"
		],
		"value":[]
	},
	"numeric_characters":[
		[
			[
				1.0,
				0
			],
			[
				1.3315749105834112e1,
				0
			],
			[
				1.957505803892276e1,
				0
			],
			[
				2.159077642999729e1,
				0
			],
			[
				2.5878917605083775e1,
				0
			]
		],
		[
			[
				1.0,
				0
			],
			[
				5.461405429120225,
				0
			],
			[
				1.0233810689056837,
				0
			],
			[
				-8.087077134783062,
				0
			],
			[
				3.124196589048713,
				0
			]
		],
		[
			[
				1.0,
				0
			],
			[
				2.605492695232141,
				0
			],
			[
				4.467768590773385,
				0
			],
			[
				0.46145921718874006,
				0
			],
			[
				-5.143730557702844,
				0
			]
		],
		[
			[
				1.0,
				0
			],
			[
				0.5165163572739137,
				0
			],
			[
				-0.6681810297414594,
				0
			],
			[
				0.352088483642785,
				0
			],
			[
				-9.273894508861648e-2,
				0
			]
		],
		[
			[
				1.0,
				0
			],
			[
				-0.8991635874603908,
				0
			],
			[
				0.6019733311396307,
				0
			],
			[
				-0.3172469960457542,
				0
			],
			[
				0.23335530865897336,
				0
			]
		]
	],
	"numeric_frobenius_perron_dimensions":[
		1.0,
		1.3315749105834112e1,
		1.957505803892276e1,
		2.159077642999729e1,
		2.5878917605083775e1
	],
	"numeric_frobenius_perron_dimension":1.697372074737558e3,
	"info":"Fusion ring. mult_tab provides structure constants. barcode and formal_code provide unique identifiers see (DOI: 10.1063\/5.0148848). sub_fusion_rings provides tuples where the first element corresponds to the elements of the ring that form the subring isomorphic to the ring identified by the second element of the tuple. software provides doi of original software used to represent fusion ring.",
	"comments":[
		""
	]
}