{
	"references":[
		""
	],
	"software":[
		"https:\/\/doi.org\/10.5281\/zenodo.15920400"
	],
	"mult_tab":[
		[
			[
				1,
				0,
				0,
				0,
				0
			],
			[
				0,
				1,
				0,
				0,
				0
			],
			[
				0,
				0,
				1,
				0,
				0
			],
			[
				0,
				0,
				0,
				1,
				0
			],
			[
				0,
				0,
				0,
				0,
				1
			]
		],
		[
			[
				0,
				1,
				0,
				0,
				0
			],
			[
				1,
				0,
				1,
				1,
				2
			],
			[
				0,
				1,
				0,
				2,
				2
			],
			[
				0,
				1,
				2,
				1,
				2
			],
			[
				0,
				2,
				2,
				2,
				6
			]
		],
		[
			[
				0,
				0,
				1,
				0,
				0
			],
			[
				0,
				1,
				0,
				2,
				2
			],
			[
				1,
				0,
				4,
				0,
				2
			],
			[
				0,
				2,
				0,
				3,
				2
			],
			[
				0,
				2,
				2,
				2,
				7
			]
		],
		[
			[
				0,
				0,
				0,
				1,
				0
			],
			[
				0,
				1,
				2,
				1,
				2
			],
			[
				0,
				2,
				0,
				3,
				2
			],
			[
				1,
				1,
				3,
				2,
				2
			],
			[
				0,
				2,
				2,
				2,
				8
			]
		],
		[
			[
				0,
				0,
				0,
				0,
				1
			],
			[
				0,
				2,
				2,
				2,
				6
			],
			[
				0,
				2,
				2,
				2,
				7
			],
			[
				0,
				2,
				2,
				2,
				8
			],
			[
				1,
				6,
				7,
				8,
				16
			]
		]
	],
	"texnames":[
		"\\text{FR}^{5,16,0}_{1405}"
	],
	"barcode":[
		3,
		7,
		6,
		4,
		1,
		4,
		4,
		3,
		4,
		3,
		0,
		6,
		5,
		8,
		9,
		6,
		9,
		9,
		4,
		3,
		9,
		0,
		0,
		0,
		5,
		8,
		2,
		8,
		2,
		6,
		5,
		5,
		9,
		0,
		2,
		3,
		0,
		6,
		0,
		8,
		0,
		3,
		1,
		6,
		0,
		2,
		3,
		9,
		8,
		8,
		7,
		5,
		3,
		2,
		2,
		6,
		3,
		1,
		1,
		3,
		4,
		4,
		3,
		7,
		5,
		6,
		0,
		6,
		2,
		2,
		1,
		4,
		8,
		2,
		6,
		5,
		5,
		7,
		3,
		6,
		9,
		4,
		5,
		0,
		8,
		4,
		7,
		9,
		6,
		6,
		7,
		7,
		5,
		2,
		5,
		9,
		5,
		1,
		6,
		6,
		9,
		2,
		7,
		4,
		3,
		6,
		9,
		6,
		2,
		6,
		5,
		8,
		9,
		2,
		8,
		3,
		2,
		9,
		0,
		8,
		8,
		3,
		2,
		0,
		6,
		7,
		9,
		1,
		4,
		1,
		8,
		3,
		3,
		2,
		2,
		3,
		3,
		6,
		7,
		5,
		2,
		4,
		2,
		7,
		2,
		6,
		7,
		6,
		2,
		1,
		4,
		1,
		4
	],
	"formal_code":[
		5,
		16,
		0,
		1405
	],
	"tensor_product_decompositions":{
		"identifiers":[
			"formal_code"
		],
		"value":[]
	},
	"sub_fusion_rings":{
		"identifiers":[
			"injection",
			"formal_code"
		],
		"value":[]
	},
	"numeric_characters":[
		[
			[
				1.0,
				0
			],
			[
				8.30761442258667,
				0
			],
			[
				9.30761442258667,
				0
			],
			[
				1.030761442258667e1,
				0
			],
			[
				2.4200614274598358e1,
				0
			]
		],
		[
			[
				1.0,
				0
			],
			[
				1.0578505970705359,
				0
			],
			[
				2.057850597070536,
				0
			],
			[
				3.057850597070536,
				0
			],
			[
				-2.4983266542092912,
				0
			]
		],
		[
			[
				1.0,
				0
			],
			[
				-1.618033988749895,
				0
			],
			[
				4.23606797749979,
				0
			],
			[
				-2.618033988749895,
				0
			],
			[
				0.0,
				0
			]
		],
		[
			[
				1.0,
				0
			],
			[
				0.6180339887498949,
				0
			],
			[
				-0.2360679774997898,
				0
			],
			[
				-0.3819660112501051,
				0
			],
			[
				0.0,
				0
			]
		],
		[
			[
				1.0,
				0
			],
			[
				-1.3654650196572062,
				0
			],
			[
				-0.3654650196572062,
				0
			],
			[
				0.6345349803427939,
				0
			],
			[
				0.2977123796109334,
				0
			]
		]
	],
	"numeric_frobenius_perron_dimensions":[
		1.0,
		8.30761442258667,
		9.30761442258667,
		1.030761442258667e1,
		2.4200614274598358e1
	],
	"numeric_frobenius_perron_dimension":8.48564789986524e2,
	"info":"Fusion ring. mult_tab provides structure constants. barcode and formal_code provide unique identifiers see (DOI: 10.1063\/5.0148848). sub_fusion_rings provides tuples where the first element corresponds to the elements of the ring that form the subring isomorphic to the ring identified by the second element of the tuple. software provides doi of original software used to represent fusion ring.",
	"comments":[
		""
	]
}