{
	"references":[
		""
	],
	"software":[
		"https:\/\/doi.org\/10.5281\/zenodo.15920400"
	],
	"mult_tab":[
		[
			[
				1,
				0,
				0,
				0,
				0
			],
			[
				0,
				1,
				0,
				0,
				0
			],
			[
				0,
				0,
				1,
				0,
				0
			],
			[
				0,
				0,
				0,
				1,
				0
			],
			[
				0,
				0,
				0,
				0,
				1
			]
		],
		[
			[
				0,
				1,
				0,
				0,
				0
			],
			[
				1,
				4,
				4,
				4,
				4
			],
			[
				0,
				4,
				5,
				4,
				4
			],
			[
				0,
				4,
				4,
				5,
				4
			],
			[
				0,
				4,
				4,
				4,
				11
			]
		],
		[
			[
				0,
				0,
				1,
				0,
				0
			],
			[
				0,
				4,
				5,
				4,
				4
			],
			[
				1,
				5,
				0,
				9,
				4
			],
			[
				0,
				4,
				9,
				1,
				4
			],
			[
				0,
				4,
				4,
				4,
				12
			]
		],
		[
			[
				0,
				0,
				0,
				1,
				0
			],
			[
				0,
				4,
				4,
				5,
				4
			],
			[
				0,
				4,
				9,
				1,
				4
			],
			[
				1,
				5,
				1,
				8,
				4
			],
			[
				0,
				4,
				4,
				4,
				12
			]
		],
		[
			[
				0,
				0,
				0,
				0,
				1
			],
			[
				0,
				4,
				4,
				4,
				11
			],
			[
				0,
				4,
				4,
				4,
				12
			],
			[
				0,
				4,
				4,
				4,
				12
			],
			[
				1,
				11,
				12,
				12,
				7
			]
		]
	],
	"texnames":[
		"\\text{FR}^{5,12,0}_{831}"
	],
	"barcode":[
		1,
		3,
		4,
		5,
		7,
		8,
		5,
		2,
		8,
		7,
		0,
		6,
		3,
		2,
		5,
		1,
		9,
		2,
		9,
		5,
		4,
		0,
		9,
		2,
		4,
		6,
		7,
		7,
		1,
		2,
		3,
		4,
		6,
		1,
		7,
		1,
		6,
		3,
		8,
		8,
		6,
		5,
		4,
		3,
		6,
		1,
		2,
		2,
		2,
		8,
		1,
		6,
		4,
		3,
		1,
		1,
		1,
		1,
		2,
		9,
		5,
		1,
		4,
		2,
		7,
		1,
		1,
		0,
		9,
		4,
		4,
		0,
		1,
		5,
		0,
		2,
		1,
		3,
		3,
		9,
		8,
		7,
		5,
		5,
		7,
		2,
		2,
		2,
		0,
		0,
		9,
		1,
		7,
		7,
		6,
		5,
		9,
		5,
		4,
		3,
		7,
		9,
		7,
		8,
		4,
		6,
		2,
		2,
		7,
		8,
		8,
		0,
		6,
		4,
		3,
		0,
		5,
		8,
		8,
		7,
		2,
		3,
		0,
		4,
		5,
		5,
		6,
		9,
		2,
		6,
		6,
		6,
		7,
		9,
		3,
		4,
		9,
		5,
		3
	],
	"formal_code":[
		5,
		12,
		0,
		831
	],
	"tensor_product_decompositions":{
		"identifiers":[
			"formal_code"
		],
		"value":[]
	},
	"sub_fusion_rings":{
		"identifiers":[
			"injection",
			"formal_code"
		],
		"value":[]
	},
	"numeric_characters":[
		[
			[
				1.0,
				0
			],
			[
				1.8827439125732617e1,
				0
			],
			[
				1.9827439125732617e1,
				0
			],
			[
				1.9827439125732617e1,
				0
			],
			[
				2.988579863109399e1,
				0
			]
		],
		[
			[
				1.0,
				0
			],
			[
				1.0,
				0
			],
			[
				-8.653311931459037,
				0
			],
			[
				7.653311931459037,
				0
			],
			[
				0.0,
				0
			]
		],
		[
			[
				1.0,
				0
			],
			[
				4.89896632806598,
				0
			],
			[
				5.89896632806598,
				0
			],
			[
				5.89896632806598,
				0
			],
			[
				-1.0946931213316873e1,
				0
			]
		],
		[
			[
				1.0,
				0
			],
			[
				-0.7264054537985979,
				0
			],
			[
				0.27359454620140217,
				0
			],
			[
				0.27359454620140217,
				0
			],
			[
				6.113258222288025e-2,
				0
			]
		],
		[
			[
				1.0,
				0
			],
			[
				1.0,
				0
			],
			[
				-0.34668806854096257,
				0
			],
			[
				-0.6533119314590374,
				0
			],
			[
				0.0,
				0
			]
		]
	],
	"numeric_frobenius_perron_dimensions":[
		1.0,
		1.8827439125732617e1,
		1.9827439125732617e1,
		1.9827439125732617e1,
		2.988579863109399e1
	],
	"numeric_frobenius_perron_dimension":2.0348881084207321e3,
	"info":"Fusion ring. mult_tab provides structure constants. barcode and formal_code provide unique identifiers see (DOI: 10.1063\/5.0148848). sub_fusion_rings provides tuples where the first element corresponds to the elements of the ring that form the subring isomorphic to the ring identified by the second element of the tuple. software provides doi of original software used to represent fusion ring.",
	"comments":[
		""
	]
}