{
	"references":[
		""
	],
	"software":[
		"https:\/\/doi.org\/10.5281\/zenodo.15920400"
	],
	"mult_tab":[
		[
			[
				1,
				0,
				0,
				0,
				0
			],
			[
				0,
				1,
				0,
				0,
				0
			],
			[
				0,
				0,
				1,
				0,
				0
			],
			[
				0,
				0,
				0,
				1,
				0
			],
			[
				0,
				0,
				0,
				0,
				1
			]
		],
		[
			[
				0,
				1,
				0,
				0,
				0
			],
			[
				1,
				0,
				0,
				5,
				5
			],
			[
				0,
				0,
				3,
				4,
				6
			],
			[
				0,
				5,
				4,
				8,
				6
			],
			[
				0,
				5,
				6,
				6,
				8
			]
		],
		[
			[
				0,
				0,
				1,
				0,
				0
			],
			[
				0,
				0,
				3,
				4,
				6
			],
			[
				1,
				3,
				1,
				7,
				5
			],
			[
				0,
				4,
				7,
				6,
				10
			],
			[
				0,
				6,
				5,
				10,
				8
			]
		],
		[
			[
				0,
				0,
				0,
				1,
				0
			],
			[
				0,
				5,
				4,
				8,
				6
			],
			[
				0,
				4,
				7,
				6,
				10
			],
			[
				1,
				8,
				6,
				15,
				13
			],
			[
				0,
				6,
				10,
				13,
				16
			]
		],
		[
			[
				0,
				0,
				0,
				0,
				1
			],
			[
				0,
				5,
				6,
				6,
				8
			],
			[
				0,
				6,
				5,
				10,
				8
			],
			[
				0,
				6,
				10,
				13,
				16
			],
			[
				1,
				8,
				8,
				16,
				16
			]
		]
	],
	"texnames":[
		"\\text{FR}^{5,16,0}_{249}"
	],
	"barcode":[
		3,
		7,
		6,
		4,
		1,
		4,
		4,
		3,
		4,
		3,
		0,
		6,
		5,
		8,
		9,
		6,
		9,
		9,
		4,
		3,
		9,
		0,
		0,
		0,
		5,
		8,
		2,
		8,
		2,
		6,
		5,
		5,
		9,
		0,
		2,
		3,
		0,
		5,
		8,
		9,
		0,
		4,
		9,
		4,
		5,
		5,
		0,
		3,
		1,
		0,
		4,
		5,
		8,
		4,
		2,
		3,
		9,
		7,
		2,
		5,
		0,
		4,
		8,
		3,
		1,
		3,
		8,
		2,
		0,
		1,
		9,
		6,
		0,
		2,
		1,
		4,
		7,
		4,
		1,
		3,
		8,
		1,
		9,
		7,
		1,
		5,
		8,
		5,
		0,
		4,
		2,
		7,
		7,
		7,
		7,
		7,
		8,
		7,
		7,
		7,
		8,
		9,
		0,
		7,
		3,
		4,
		4,
		3,
		1,
		7,
		8,
		7,
		0,
		1,
		2,
		9,
		7,
		3,
		6,
		6,
		6,
		6,
		1,
		3,
		0,
		5,
		4,
		6,
		5,
		8,
		2,
		4,
		4,
		0,
		4,
		5,
		5,
		3,
		0,
		9,
		9,
		0,
		7,
		5,
		7,
		7,
		8,
		6,
		7,
		8,
		5,
		9,
		7
	],
	"formal_code":[
		5,
		16,
		0,
		249
	],
	"tensor_product_decompositions":{
		"identifiers":[
			"formal_code"
		],
		"value":[]
	},
	"sub_fusion_rings":{
		"identifiers":[
			"injection",
			"formal_code"
		],
		"value":[]
	},
	"numeric_characters":[
		[
			[
				1.0,
				0
			],
			[
				1.959277432151348e1,
				0
			],
			[
				2.323409701328123e1,
				0
			],
			[
				3.696701921549194e1,
				0
			],
			[
				3.9608341907259685e1,
				0
			]
		],
		[
			[
				1.0,
				0
			],
			[
				3.096255698656849,
				0
			],
			[
				-4.968820988563123,
				0
			],
			[
				5.3912182787564875,
				0
			],
			[
				-3.673858408463485,
				0
			]
		],
		[
			[
				1.0,
				0
			],
			[
				-0.16015082687903281,
				0
			],
			[
				0.43609017107006004,
				0
			],
			[
				0.10444432976045735,
				0
			],
			[
				-0.2993146722904498,
				0
			]
		],
		[
			[
				1.0,
				0
			],
			[
				1.0,
				0
			],
			[
				-1.0,
				0
			],
			[
				-1.0,
				0
			],
			[
				1.0,
				0
			]
		],
		[
			[
				1.0,
				0
			],
			[
				-4.528879193291298,
				0
			],
			[
				-2.7013661957881645,
				0
			],
			[
				1.5373181759911174,
				0
			],
			[
				2.3648311734942515,
				0
			]
		]
	],
	"numeric_frobenius_perron_dimensions":[
		1.0,
		1.959277432151348e1,
		2.3234097013281225e1,
		3.696701921549194e1,
		3.9608341907259685e1
	],
	"numeric_frobenius_perron_dimension":3.8600813279572553e3,
	"info":"Fusion ring. mult_tab provides structure constants. barcode and formal_code provide unique identifiers see (DOI: 10.1063\/5.0148848). sub_fusion_rings provides tuples where the first element corresponds to the elements of the ring that form the subring isomorphic to the ring identified by the second element of the tuple. software provides doi of original software used to represent fusion ring.",
	"comments":[
		""
	]
}