{
	"references":[
		""
	],
	"software":[
		"https:\/\/doi.org\/10.5281\/zenodo.15920400"
	],
	"mult_tab":[
		[
			[
				1,
				0,
				0,
				0,
				0
			],
			[
				0,
				1,
				0,
				0,
				0
			],
			[
				0,
				0,
				1,
				0,
				0
			],
			[
				0,
				0,
				0,
				1,
				0
			],
			[
				0,
				0,
				0,
				0,
				1
			]
		],
		[
			[
				0,
				1,
				0,
				0,
				0
			],
			[
				1,
				2,
				0,
				2,
				0
			],
			[
				0,
				0,
				1,
				2,
				2
			],
			[
				0,
				2,
				2,
				1,
				2
			],
			[
				0,
				0,
				2,
				2,
				3
			]
		],
		[
			[
				0,
				0,
				1,
				0,
				0
			],
			[
				0,
				0,
				1,
				2,
				2
			],
			[
				1,
				1,
				2,
				3,
				3
			],
			[
				0,
				2,
				3,
				2,
				4
			],
			[
				0,
				2,
				3,
				4,
				4
			]
		],
		[
			[
				0,
				0,
				0,
				1,
				0
			],
			[
				0,
				2,
				2,
				1,
				2
			],
			[
				0,
				2,
				3,
				2,
				4
			],
			[
				1,
				1,
				2,
				5,
				4
			],
			[
				0,
				2,
				4,
				4,
				5
			]
		],
		[
			[
				0,
				0,
				0,
				0,
				1
			],
			[
				0,
				0,
				2,
				2,
				3
			],
			[
				0,
				2,
				3,
				4,
				4
			],
			[
				0,
				2,
				4,
				4,
				5
			],
			[
				1,
				3,
				4,
				5,
				6
			]
		]
	],
	"texnames":[
		"\\text{FR}^{5,6,0}_{82}"
	],
	"barcode":[
		6,
		1,
		9,
		6,
		7,
		0,
		2,
		5,
		9,
		6,
		9,
		5,
		7,
		2,
		7,
		7,
		0,
		5,
		5,
		2,
		5,
		0,
		6,
		7,
		0,
		6,
		3,
		7,
		1,
		6,
		1,
		7,
		9,
		4,
		5,
		2,
		0,
		7,
		4,
		0,
		2,
		4,
		0,
		9,
		5,
		8,
		1,
		5,
		2,
		9,
		9,
		2,
		6,
		3,
		1,
		3,
		4,
		1,
		4,
		1,
		8,
		6,
		3,
		7,
		7,
		7,
		7,
		1,
		6,
		4,
		1,
		3,
		7,
		9,
		6,
		2,
		6,
		3,
		5,
		1,
		8,
		9,
		1,
		0,
		3,
		7,
		7,
		0,
		6,
		8,
		1,
		4,
		7,
		2,
		0,
		5,
		5,
		7,
		5,
		4,
		2,
		8,
		4,
		3,
		8
	],
	"formal_code":[
		5,
		6,
		0,
		82
	],
	"tensor_product_decompositions":{
		"identifiers":[
			"formal_code"
		],
		"value":[]
	},
	"sub_fusion_rings":{
		"identifiers":[
			"injection",
			"formal_code"
		],
		"value":[]
	},
	"numeric_characters":[
		[
			[
				1.0,
				0
			],
			[
				6.114053119158089,
				0
			],
			[
				1.0357903342188592e1,
				0
			],
			[
				1.2076769652785288e1,
				0
			],
			[
				1.4408664294743495e1,
				0
			]
		],
		[
			[
				1.0,
				0
			],
			[
				2.888470720430119,
				0
			],
			[
				-0.7024981481611351,
				0
			],
			[
				0.7831608309609266,
				0
			],
			[
				-1.4464844229402682,
				0
			]
		],
		[
			[
				1.0,
				0
			],
			[
				-1.7779029697116324,
				0
			],
			[
				-1.7126422836103083,
				0
			],
			[
				2.858372454566353,
				0
			],
			[
				-0.47959541171895953,
				0
			]
		],
		[
			[
				1.0,
				0
			],
			[
				9.855103146757078e-2,
				0
			],
			[
				-0.7731149121276005,
				0
			],
			[
				-0.5936948785659097,
				0
			],
			[
				0.9421566986131423,
				0
			]
		],
		[
			[
				1.0,
				0
			],
			[
				-0.3231719013441463,
				0
			],
			[
				0.830352001710451,
				0
			],
			[
				-0.12460805974665841,
				0
			],
			[
				-0.42474115869740925,
				0
			]
		]
	],
	"numeric_frobenius_perron_dimensions":[
		1.0,
		6.114053119158089,
		1.0357903342188592e1,
		1.2076769652785288e1,
		1.4408664294743495e1
	],
	"numeric_frobenius_perron_dimension":4.991257791950601e2,
	"info":"Fusion ring. mult_tab provides structure constants. barcode and formal_code provide unique identifiers see (DOI: 10.1063\/5.0148848). sub_fusion_rings provides tuples where the first element corresponds to the elements of the ring that form the subring isomorphic to the ring identified by the second element of the tuple. software provides doi of original software used to represent fusion ring.",
	"comments":[
		""
	]
}