{
	"references":[
		""
	],
	"software":[
		"https:\/\/doi.org\/10.5281\/zenodo.15920400"
	],
	"mult_tab":[
		[
			[
				1,
				0,
				0,
				0,
				0
			],
			[
				0,
				1,
				0,
				0,
				0
			],
			[
				0,
				0,
				1,
				0,
				0
			],
			[
				0,
				0,
				0,
				1,
				0
			],
			[
				0,
				0,
				0,
				0,
				1
			]
		],
		[
			[
				0,
				1,
				0,
				0,
				0
			],
			[
				1,
				11,
				4,
				6,
				3
			],
			[
				0,
				4,
				10,
				5,
				7
			],
			[
				0,
				6,
				5,
				10,
				6
			],
			[
				0,
				3,
				7,
				6,
				11
			]
		],
		[
			[
				0,
				0,
				1,
				0,
				0
			],
			[
				0,
				4,
				10,
				5,
				7
			],
			[
				1,
				10,
				10,
				3,
				7
			],
			[
				0,
				5,
				3,
				11,
				11
			],
			[
				0,
				7,
				7,
				11,
				6
			]
		],
		[
			[
				0,
				0,
				0,
				1,
				0
			],
			[
				0,
				6,
				5,
				10,
				6
			],
			[
				0,
				5,
				3,
				11,
				11
			],
			[
				1,
				10,
				11,
				3,
				8
			],
			[
				0,
				6,
				11,
				8,
				7
			]
		],
		[
			[
				0,
				0,
				0,
				0,
				1
			],
			[
				0,
				3,
				7,
				6,
				11
			],
			[
				0,
				7,
				7,
				11,
				6
			],
			[
				0,
				6,
				11,
				8,
				7
			],
			[
				1,
				11,
				6,
				7,
				9
			]
		]
	],
	"texnames":[
		"\\text{FR}^{5,11,0}_{252}"
	],
	"barcode":[
		6,
		5,
		8,
		3,
		7,
		7,
		0,
		0,
		7,
		1,
		1,
		6,
		2,
		1,
		8,
		2,
		3,
		4,
		2,
		2,
		0,
		4,
		1,
		2,
		6,
		8,
		4,
		4,
		3,
		7,
		1,
		5,
		5,
		0,
		7,
		1,
		3,
		9,
		0,
		5,
		2,
		0,
		8,
		0,
		5,
		7,
		8,
		8,
		1,
		8,
		3,
		4,
		8,
		2,
		6,
		3,
		0,
		3,
		9,
		6,
		4,
		2,
		2,
		6,
		9,
		9,
		8,
		0,
		6,
		8,
		2,
		9,
		8,
		9,
		3,
		0,
		1,
		3,
		3,
		5,
		2,
		2,
		7,
		1,
		7,
		1,
		7,
		3,
		2,
		2,
		2,
		0,
		2,
		5,
		7,
		6,
		9,
		3,
		6,
		9,
		7,
		3,
		4,
		2,
		3,
		0,
		5,
		8,
		0,
		9,
		8,
		0,
		9,
		3,
		9,
		1,
		5,
		9,
		6,
		3,
		8,
		3,
		8,
		2,
		2,
		0,
		2,
		7,
		0,
		4,
		1,
		5,
		5,
		5
	],
	"formal_code":[
		5,
		11,
		0,
		252
	],
	"tensor_product_decompositions":{
		"identifiers":[
			"formal_code"
		],
		"value":[]
	},
	"sub_fusion_rings":{
		"identifiers":[
			"injection",
			"formal_code"
		],
		"value":[]
	},
	"numeric_characters":[
		[
			[
				1.0,
				0
			],
			[
				2.608666889301665e1,
				0
			],
			[
				2.9379557814475408e1,
				0
			],
			[
				3.0388196456728405e1,
				0
			],
			[
				3.090450870414245e1,
				0
			]
		],
		[
			[
				1.0,
				0
			],
			[
				8.850373075931607,
				0
			],
			[
				-3.889141528821035,
				0
			],
			[
				2.2782315746120245,
				0
			],
			[
				-6.045941194820196,
				0
			]
		],
		[
			[
				1.0,
				0
			],
			[
				4.377732775631004,
				0
			],
			[
				9.36079247576111,
				0
			],
			[
				-9.689495546730148,
				0
			],
			[
				-3.0989042999235537,
				0
			]
		],
		[
			[
				1.0,
				0
			],
			[
				2.8236326971108,
				0
			],
			[
				-3.884662899286132,
				0
			],
			[
				-4.058835419051449,
				0
			],
			[
				5.268202017142543,
				0
			]
		],
		[
			[
				1.0,
				0
			],
			[
				-0.1384074416900622,
				0
			],
			[
				3.345413787064892e-2,
				0
			],
			[
				8.190293444116763e-2,
				0
			],
			[
				-2.786522654124311e-2,
				0
			]
		]
	],
	"numeric_frobenius_perron_dimensions":[
		1.0,
		2.608666889301665e1,
		2.9379557814475408e1,
		3.0388196456728405e1,
		3.090450870414245e1
	],
	"numeric_frobenius_perron_dimension":3.423203853445123e3,
	"info":"Fusion ring. mult_tab provides structure constants. barcode and formal_code provide unique identifiers see (DOI: 10.1063\/5.0148848). sub_fusion_rings provides tuples where the first element corresponds to the elements of the ring that form the subring isomorphic to the ring identified by the second element of the tuple. software provides doi of original software used to represent fusion ring.",
	"comments":[
		""
	]
}