{
	"references":[
		""
	],
	"software":[
		"https:\/\/doi.org\/10.5281\/zenodo.15920400"
	],
	"mult_tab":[
		[
			[
				1,
				0,
				0,
				0,
				0
			],
			[
				0,
				1,
				0,
				0,
				0
			],
			[
				0,
				0,
				1,
				0,
				0
			],
			[
				0,
				0,
				0,
				1,
				0
			],
			[
				0,
				0,
				0,
				0,
				1
			]
		],
		[
			[
				0,
				1,
				0,
				0,
				0
			],
			[
				1,
				8,
				0,
				4,
				0
			],
			[
				0,
				0,
				5,
				2,
				6
			],
			[
				0,
				4,
				2,
				7,
				2
			],
			[
				0,
				0,
				6,
				2,
				7
			]
		],
		[
			[
				0,
				0,
				1,
				0,
				0
			],
			[
				0,
				0,
				5,
				2,
				6
			],
			[
				1,
				5,
				6,
				6,
				4
			],
			[
				0,
				2,
				6,
				5,
				7
			],
			[
				0,
				6,
				4,
				7,
				7
			]
		],
		[
			[
				0,
				0,
				0,
				1,
				0
			],
			[
				0,
				4,
				2,
				7,
				2
			],
			[
				0,
				2,
				6,
				5,
				7
			],
			[
				1,
				7,
				5,
				4,
				6
			],
			[
				0,
				2,
				7,
				6,
				8
			]
		],
		[
			[
				0,
				0,
				0,
				0,
				1
			],
			[
				0,
				0,
				6,
				2,
				7
			],
			[
				0,
				6,
				4,
				7,
				7
			],
			[
				0,
				2,
				7,
				6,
				8
			],
			[
				1,
				7,
				7,
				8,
				6
			]
		]
	],
	"texnames":[
		"\\text{FR}^{5,8,0}_{63}"
	],
	"barcode":[
		2,
		1,
		1,
		8,
		7,
		1,
		2,
		2,
		9,
		9,
		1,
		3,
		9,
		8,
		3,
		2,
		0,
		3,
		2,
		5,
		8,
		3,
		1,
		9,
		3,
		6,
		7,
		6,
		2,
		1,
		9,
		6,
		8,
		3,
		6,
		6,
		6,
		7,
		0,
		7,
		1,
		9,
		7,
		8,
		4,
		2,
		2,
		0,
		3,
		3,
		4,
		0,
		8,
		5,
		6,
		5,
		1,
		1,
		5,
		4,
		0,
		9,
		0,
		5,
		0,
		0,
		1,
		9,
		6,
		8,
		8,
		2,
		2,
		2,
		9,
		4,
		6,
		4,
		7,
		7,
		5,
		5,
		5,
		4,
		6,
		1,
		2,
		5,
		4,
		6,
		9,
		1,
		7,
		5,
		1,
		4,
		7,
		6,
		4,
		5,
		2,
		9,
		5,
		7,
		0,
		5,
		2,
		7,
		0,
		6,
		1,
		3,
		0,
		7,
		3,
		8,
		7,
		2,
		4
	],
	"formal_code":[
		5,
		8,
		0,
		63
	],
	"tensor_product_decompositions":{
		"identifiers":[
			"formal_code"
		],
		"value":[]
	},
	"sub_fusion_rings":{
		"identifiers":[
			"injection",
			"formal_code"
		],
		"value":[]
	},
	"numeric_characters":[
		[
			[
				1.0,
				0
			],
			[
				1.3958303453518838e1,
				0
			],
			[
				2.0215906720613955e1,
				0
			],
			[
				2.05419519180913e1,
				0
			],
			[
				2.3336053859184677e1,
				0
			]
		],
		[
			[
				1.0,
				0
			],
			[
				1.0228630286086842e1,
				0
			],
			[
				-5.26044797816517,
				0
			],
			[
				5.4489588101895645,
				0
			],
			[
				-6.400475872899639,
				0
			]
		],
		[
			[
				1.0,
				0
			],
			[
				3.0822463683047308,
				0
			],
			[
				0.5905274177094565,
				0
			],
			[
				-4.039432067877536,
				0
			],
			[
				1.1577296726378554,
				0
			]
		],
		[
			[
				1.0,
				0
			],
			[
				-0.18157691305467963,
				0
			],
			[
				-0.2367191368123308,
				0
			],
			[
				0.12139636994797595,
				0
			],
			[
				0.1639642790481756,
				0
			]
		],
		[
			[
				1.0,
				0
			],
			[
				-8.760319485573091e-2,
				0
			],
			[
				2.6907329766540906,
				0
			],
			[
				-7.287503035130538e-2,
				0
			],
			[
				-2.2572719379710686,
				0
			]
		]
	],
	"numeric_frobenius_perron_dimensions":[
		1.0,
		1.3958303453518832e1,
		2.0215906720613955e1,
		2.05419519180913e1,
		2.3336053859184677e1
	],
	"numeric_frobenius_perron_dimension":1.5710603181610231e3,
	"info":"Fusion ring. mult_tab provides structure constants. barcode and formal_code provide unique identifiers see (DOI: 10.1063\/5.0148848). sub_fusion_rings provides tuples where the first element corresponds to the elements of the ring that form the subring isomorphic to the ring identified by the second element of the tuple. software provides doi of original software used to represent fusion ring.",
	"comments":[
		""
	]
}