{
	"references":[
		""
	],
	"software":[
		"https:\/\/doi.org\/10.5281\/zenodo.15920400"
	],
	"mult_tab":[
		[
			[
				1,
				0,
				0,
				0,
				0
			],
			[
				0,
				1,
				0,
				0,
				0
			],
			[
				0,
				0,
				1,
				0,
				0
			],
			[
				0,
				0,
				0,
				1,
				0
			],
			[
				0,
				0,
				0,
				0,
				1
			]
		],
		[
			[
				0,
				1,
				0,
				0,
				0
			],
			[
				1,
				9,
				2,
				3,
				3
			],
			[
				0,
				2,
				10,
				4,
				4
			],
			[
				0,
				3,
				4,
				11,
				4
			],
			[
				0,
				3,
				4,
				4,
				12
			]
		],
		[
			[
				0,
				0,
				1,
				0,
				0
			],
			[
				0,
				2,
				10,
				4,
				4
			],
			[
				1,
				10,
				9,
				2,
				7
			],
			[
				0,
				4,
				2,
				10,
				12
			],
			[
				0,
				4,
				7,
				12,
				8
			]
		],
		[
			[
				0,
				0,
				0,
				1,
				0
			],
			[
				0,
				3,
				4,
				11,
				4
			],
			[
				0,
				4,
				2,
				10,
				12
			],
			[
				1,
				11,
				10,
				7,
				7
			],
			[
				0,
				4,
				12,
				7,
				12
			]
		],
		[
			[
				0,
				0,
				0,
				0,
				1
			],
			[
				0,
				3,
				4,
				4,
				12
			],
			[
				0,
				4,
				7,
				12,
				8
			],
			[
				0,
				4,
				12,
				7,
				12
			],
			[
				1,
				12,
				8,
				12,
				8
			]
		]
	],
	"texnames":[
		"\\text{FR}^{5,12,0}_{161}"
	],
	"barcode":[
		1,
		3,
		4,
		5,
		7,
		8,
		5,
		2,
		8,
		7,
		0,
		6,
		3,
		2,
		5,
		1,
		9,
		2,
		9,
		5,
		4,
		0,
		9,
		2,
		4,
		6,
		7,
		7,
		1,
		2,
		3,
		4,
		6,
		1,
		7,
		5,
		8,
		4,
		5,
		4,
		8,
		3,
		7,
		9,
		2,
		2,
		5,
		1,
		9,
		7,
		8,
		0,
		7,
		2,
		0,
		9,
		9,
		6,
		3,
		0,
		5,
		0,
		2,
		4,
		3,
		7,
		3,
		1,
		5,
		0,
		4,
		6,
		8,
		7,
		7,
		6,
		9,
		6,
		2,
		1,
		6,
		1,
		5,
		5,
		8,
		5,
		2,
		4,
		7,
		4,
		3,
		4,
		4,
		4,
		4,
		6,
		0,
		2,
		4,
		7,
		5,
		2,
		4,
		1,
		1,
		5,
		1,
		6,
		1,
		3,
		8,
		7,
		2,
		9,
		1,
		8,
		2,
		5,
		0,
		4,
		9,
		8,
		6,
		3,
		6,
		9,
		6,
		6,
		8,
		8,
		8,
		0,
		7,
		5,
		8,
		6,
		2,
		4,
		7
	],
	"formal_code":[
		5,
		12,
		0,
		161
	],
	"tensor_product_decompositions":{
		"identifiers":[
			"formal_code"
		],
		"value":[]
	},
	"sub_fusion_rings":{
		"identifiers":[
			"injection",
			"formal_code"
		],
		"value":[]
	},
	"numeric_characters":[
		[
			[
				1.0,
				0
			],
			[
				2.088879635672857e1,
				0
			],
			[
				2.74109255263799e1,
				0
			],
			[
				3.088852867085319e1,
				0
			],
			[
				3.3285069652333426e1,
				0
			]
		],
		[
			[
				1.0,
				0
			],
			[
				6.147034895262042,
				0
			],
			[
				1.0471478240661954e1,
				0
			],
			[
				-9.011749201601846,
				0
			],
			[
				-4.148328310102507,
				0
			]
		],
		[
			[
				1.0,
				0
			],
			[
				7.515094114740519,
				0
			],
			[
				-6.503539434506854,
				0
			],
			[
				-4.539714472648687,
				0
			],
			[
				4.822338269234228,
				0
			]
		],
		[
			[
				1.0,
				0
			],
			[
				-0.12586219277634475,
				0
			],
			[
				7.184378434422912e-3,
				0
			],
			[
				2.3838898425313046e-2,
				0
			],
			[
				2.090519147092916e-2,
				0
			]
		],
		[
			[
				1.0,
				0
			],
			[
				7.574936826045214,
				0
			],
			[
				-2.3860487109694226,
				0
			],
			[
				6.6390961049720305,
				0
			],
			[
				-8.979984802936078,
				0
			]
		]
	],
	"numeric_frobenius_perron_dimensions":[
		1.0,
		2.088879635672857e1,
		2.74109255263799e1,
		3.088852867085319e1,
		3.3285069652333426e1
	],
	"numeric_frobenius_perron_dimension":3.2506977166564293e3,
	"info":"Fusion ring. mult_tab provides structure constants. barcode and formal_code provide unique identifiers see (DOI: 10.1063\/5.0148848). sub_fusion_rings provides tuples where the first element corresponds to the elements of the ring that form the subring isomorphic to the ring identified by the second element of the tuple. software provides doi of original software used to represent fusion ring.",
	"comments":[
		""
	]
}