{
	"references":[
		""
	],
	"software":[
		"https:\/\/doi.org\/10.5281\/zenodo.15920400"
	],
	"mult_tab":[
		[
			[
				1,
				0,
				0,
				0,
				0
			],
			[
				0,
				1,
				0,
				0,
				0
			],
			[
				0,
				0,
				1,
				0,
				0
			],
			[
				0,
				0,
				0,
				1,
				0
			],
			[
				0,
				0,
				0,
				0,
				1
			]
		],
		[
			[
				0,
				1,
				0,
				0,
				0
			],
			[
				1,
				4,
				2,
				3,
				1
			],
			[
				0,
				2,
				3,
				3,
				2
			],
			[
				0,
				3,
				3,
				3,
				2
			],
			[
				0,
				1,
				2,
				2,
				7
			]
		],
		[
			[
				0,
				0,
				1,
				0,
				0
			],
			[
				0,
				2,
				3,
				3,
				2
			],
			[
				1,
				3,
				2,
				2,
				3
			],
			[
				0,
				3,
				2,
				3,
				3
			],
			[
				0,
				2,
				3,
				3,
				5
			]
		],
		[
			[
				0,
				0,
				0,
				1,
				0
			],
			[
				0,
				3,
				3,
				3,
				2
			],
			[
				0,
				3,
				2,
				3,
				3
			],
			[
				1,
				3,
				3,
				3,
				3
			],
			[
				0,
				2,
				3,
				3,
				6
			]
		],
		[
			[
				0,
				0,
				0,
				0,
				1
			],
			[
				0,
				1,
				2,
				2,
				7
			],
			[
				0,
				2,
				3,
				3,
				5
			],
			[
				0,
				2,
				3,
				3,
				6
			],
			[
				1,
				7,
				5,
				6,
				1
			]
		]
	],
	"texnames":[
		"\\text{FR}^{5,7,0}_{110}"
	],
	"barcode":[
		9,
		6,
		1,
		9,
		6,
		6,
		7,
		1,
		1,
		5,
		1,
		5,
		9,
		4,
		6,
		1,
		3,
		2,
		2,
		9,
		6,
		4,
		4,
		3,
		8,
		9,
		1,
		7,
		6,
		8,
		6,
		8,
		9,
		1,
		4,
		1,
		2,
		7,
		7,
		8,
		6,
		7,
		9,
		9,
		2,
		6,
		6,
		3,
		7,
		1,
		5,
		4,
		9,
		1,
		1,
		4,
		1,
		7,
		6,
		7,
		7,
		8,
		5,
		5,
		4,
		0,
		2,
		0,
		5,
		8,
		7,
		3,
		4,
		8,
		4,
		3,
		2,
		9,
		6,
		0,
		9,
		0,
		5,
		9,
		0,
		9,
		9,
		1,
		3,
		7,
		9,
		1,
		4,
		5,
		7,
		5,
		9,
		0,
		4,
		6,
		3,
		8,
		1,
		9,
		6,
		2,
		4,
		3,
		6,
		5,
		2,
		1
	],
	"formal_code":[
		5,
		7,
		0,
		110
	],
	"tensor_product_decompositions":{
		"identifiers":[
			"formal_code"
		],
		"value":[]
	},
	"sub_fusion_rings":{
		"identifiers":[
			"injection",
			"formal_code"
		],
		"value":[]
	},
	"numeric_characters":[
		[
			[
				1.0,
				0
			],
			[
				1.08739658228157e1,
				0
			],
			[
				1.1176741460547694e1,
				0
			],
			[
				1.2176741460547694e1,
				0
			],
			[
				1.4863562121762643e1,
				0
			]
		],
		[
			[
				1.0,
				0
			],
			[
				1.6159549765170467,
				0
			],
			[
				-1.686820661214948,
				0
			],
			[
				-0.686820661214948,
				0
			],
			[
				0.5815938861367621,
				0
			]
		],
		[
			[
				1.0,
				0
			],
			[
				0.0,
				0
			],
			[
				1.0,
				0
			],
			[
				-1.0,
				0
			],
			[
				0.0,
				0
			]
		],
		[
			[
				1.0,
				0
			],
			[
				5.081269385750959,
				0
			],
			[
				1.778493748018964,
				0
			],
			[
				2.778493748018964,
				0
			],
			[
				-7.39824771252873,
				0
			]
		],
		[
			[
				1.0,
				0
			],
			[
				-0.5711901850837047,
				0
			],
			[
				-0.26841454735171005,
				0
			],
			[
				0.7315854526482899,
				0
			],
			[
				-4.690829537067409e-2,
				0
			]
		]
	],
	"numeric_frobenius_perron_dimensions":[
		1.0,
		1.08739658228157e1,
		1.1176741460547694e1,
		1.2176741460547694e1,
		1.4863562121762643e1
	],
	"numeric_frobenius_perron_dimension":6.133611939362081e2,
	"info":"Fusion ring. mult_tab provides structure constants. barcode and formal_code provide unique identifiers see (DOI: 10.1063\/5.0148848). sub_fusion_rings provides tuples where the first element corresponds to the elements of the ring that form the subring isomorphic to the ring identified by the second element of the tuple. software provides doi of original software used to represent fusion ring.",
	"comments":[
		""
	]
}