{
	"references":[
		""
	],
	"software":[
		"https:\/\/doi.org\/10.5281\/zenodo.15920400"
	],
	"mult_tab":[
		[
			[
				1,
				0,
				0,
				0,
				0
			],
			[
				0,
				1,
				0,
				0,
				0
			],
			[
				0,
				0,
				1,
				0,
				0
			],
			[
				0,
				0,
				0,
				1,
				0
			],
			[
				0,
				0,
				0,
				0,
				1
			]
		],
		[
			[
				0,
				1,
				0,
				0,
				0
			],
			[
				1,
				0,
				1,
				1,
				1
			],
			[
				0,
				1,
				0,
				2,
				2
			],
			[
				0,
				1,
				2,
				2,
				4
			],
			[
				0,
				1,
				2,
				4,
				3
			]
		],
		[
			[
				0,
				0,
				1,
				0,
				0
			],
			[
				0,
				1,
				0,
				2,
				2
			],
			[
				1,
				0,
				2,
				2,
				4
			],
			[
				0,
				2,
				2,
				7,
				4
			],
			[
				0,
				2,
				4,
				4,
				7
			]
		],
		[
			[
				0,
				0,
				0,
				1,
				0
			],
			[
				0,
				1,
				2,
				2,
				4
			],
			[
				0,
				2,
				2,
				7,
				4
			],
			[
				1,
				2,
				7,
				5,
				12
			],
			[
				0,
				4,
				4,
				12,
				9
			]
		],
		[
			[
				0,
				0,
				0,
				0,
				1
			],
			[
				0,
				1,
				2,
				4,
				3
			],
			[
				0,
				2,
				4,
				4,
				7
			],
			[
				0,
				4,
				4,
				12,
				9
			],
			[
				1,
				3,
				7,
				9,
				13
			]
		]
	],
	"texnames":[
		"\\text{FR}^{5,13,0}_{876}"
	],
	"barcode":[
		1,
		3,
		1,
		7,
		8,
		8,
		1,
		8,
		6,
		4,
		8,
		7,
		2,
		1,
		4,
		1,
		5,
		3,
		0,
		1,
		5,
		0,
		1,
		5,
		4,
		3,
		3,
		8,
		4,
		9,
		5,
		2,
		4,
		7,
		8,
		9,
		2,
		7,
		9,
		1,
		4,
		8,
		1,
		0,
		5,
		2,
		2,
		8,
		8,
		9,
		1,
		1,
		5,
		2,
		9,
		4,
		1,
		5,
		6,
		3,
		6,
		8,
		2,
		0,
		4,
		1,
		0,
		9,
		1,
		5,
		1,
		0,
		4,
		7,
		9,
		7,
		1,
		6,
		5,
		2,
		8,
		0,
		1,
		8,
		8,
		5,
		9,
		7,
		8,
		2,
		3,
		8,
		5,
		0,
		1,
		5,
		6,
		6,
		2,
		1,
		5,
		4,
		3,
		5,
		1,
		0,
		2,
		0,
		7,
		1,
		4,
		5,
		0,
		2,
		2,
		1,
		2,
		2,
		6,
		4,
		6,
		9,
		7,
		7,
		3,
		9,
		0,
		2,
		7,
		7,
		3,
		8,
		3,
		1,
		7,
		2,
		2,
		1,
		8,
		1,
		4,
		9,
		8
	],
	"formal_code":[
		5,
		13,
		0,
		876
	],
	"tensor_product_decompositions":{
		"identifiers":[
			"formal_code"
		],
		"value":[]
	},
	"sub_fusion_rings":{
		"identifiers":[
			"injection",
			"formal_code"
		],
		"value":[]
	},
	"numeric_characters":[
		[
			[
				1.0,
				0
			],
			[
				7.941444814941699,
				0
			],
			[
				1.3285245632905022e1,
				0
			],
			[
				2.3098970101312776e1,
				0
			],
			[
				2.5682330014546597e1,
				0
			]
		],
		[
			[
				1.0,
				0
			],
			[
				-1.5931056925237854,
				0
			],
			[
				3.64435131023866,
				0
			],
			[
				-6.709028051354399,
				0
			],
			[
				4.602662488667429,
				0
			]
		],
		[
			[
				1.0,
				0
			],
			[
				-0.768422768571832,
				0
			],
			[
				-1.2889777640755478,
				0
			],
			[
				0.13919302845414697,
				0
			],
			[
				0.740258286881,
				0
			]
		],
		[
			[
				1.0,
				0
			],
			[
				0.8582672939003612,
				0
			],
			[
				0.11598383054164263,
				0
			],
			[
				-0.14946445945710107,
				0
			],
			[
				-0.22989662330549265,
				0
			]
		],
		[
			[
				1.0,
				0
			],
			[
				-1.438183647746443,
				0
			],
			[
				1.243396990390222,
				0
			],
			[
				0.6203293810445757,
				0
			],
			[
				-0.7953541667895334,
				0
			]
		]
	],
	"numeric_frobenius_perron_dimensions":[
		1.0,
		7.941444814941699,
		1.3285245632905022e1,
		2.3098970101312776e1,
		2.5682330014546597e1
	],
	"numeric_frobenius_perron_dimension":1.433708791992809e3,
	"info":"Fusion ring. mult_tab provides structure constants. barcode and formal_code provide unique identifiers see (DOI: 10.1063\/5.0148848). sub_fusion_rings provides tuples where the first element corresponds to the elements of the ring that form the subring isomorphic to the ring identified by the second element of the tuple. software provides doi of original software used to represent fusion ring.",
	"comments":[
		""
	]
}