{
	"references":[
		""
	],
	"software":[
		"https:\/\/doi.org\/10.5281\/zenodo.15920400"
	],
	"mult_tab":[
		[
			[
				1,
				0,
				0,
				0,
				0
			],
			[
				0,
				1,
				0,
				0,
				0
			],
			[
				0,
				0,
				1,
				0,
				0
			],
			[
				0,
				0,
				0,
				1,
				0
			],
			[
				0,
				0,
				0,
				0,
				1
			]
		],
		[
			[
				0,
				1,
				0,
				0,
				0
			],
			[
				1,
				1,
				2,
				1,
				2
			],
			[
				0,
				2,
				4,
				3,
				3
			],
			[
				0,
				1,
				3,
				5,
				4
			],
			[
				0,
				2,
				3,
				4,
				7
			]
		],
		[
			[
				0,
				0,
				1,
				0,
				0
			],
			[
				0,
				2,
				4,
				3,
				3
			],
			[
				1,
				4,
				9,
				7,
				4
			],
			[
				0,
				3,
				7,
				8,
				8
			],
			[
				0,
				3,
				4,
				8,
				15
			]
		],
		[
			[
				0,
				0,
				0,
				1,
				0
			],
			[
				0,
				1,
				3,
				5,
				4
			],
			[
				0,
				3,
				7,
				8,
				8
			],
			[
				1,
				5,
				8,
				7,
				11
			],
			[
				0,
				4,
				8,
				11,
				14
			]
		],
		[
			[
				0,
				0,
				0,
				0,
				1
			],
			[
				0,
				2,
				3,
				4,
				7
			],
			[
				0,
				3,
				4,
				8,
				15
			],
			[
				0,
				4,
				8,
				11,
				14
			],
			[
				1,
				7,
				15,
				14,
				13
			]
		]
	],
	"texnames":[
		"\\text{FR}^{5,15,0}_{408}"
	],
	"barcode":[
		2,
		0,
		4,
		5,
		8,
		6,
		9,
		2,
		5,
		1,
		8,
		7,
		8,
		3,
		9,
		8,
		6,
		8,
		3,
		8,
		6,
		4,
		3,
		6,
		6,
		2,
		8,
		4,
		5,
		9,
		5,
		4,
		2,
		6,
		4,
		9,
		9,
		8,
		5,
		6,
		1,
		7,
		1,
		1,
		4,
		7,
		8,
		9,
		0,
		5,
		3,
		6,
		7,
		8,
		9,
		1,
		8,
		3,
		7,
		6,
		6,
		6,
		2,
		1,
		2,
		3,
		4,
		0,
		0,
		0,
		9,
		7,
		0,
		3,
		4,
		6,
		6,
		6,
		5,
		9,
		5,
		1,
		7,
		7,
		0,
		5,
		8,
		7,
		2,
		8,
		9,
		9,
		6,
		3,
		8,
		4,
		6,
		3,
		8,
		7,
		4,
		4,
		6,
		2,
		5,
		5,
		6,
		9,
		9,
		3,
		2,
		8,
		5,
		5,
		0,
		4,
		9,
		2,
		1,
		7,
		7,
		4,
		7,
		6,
		1,
		0,
		1,
		0,
		4,
		2,
		6,
		5,
		5,
		7,
		2,
		9,
		1,
		1,
		3,
		0,
		4,
		1,
		8,
		2,
		6,
		6,
		9,
		6,
		0,
		1
	],
	"formal_code":[
		5,
		15,
		0,
		408
	],
	"tensor_product_decompositions":{
		"identifiers":[
			"formal_code"
		],
		"value":[]
	},
	"sub_fusion_rings":{
		"identifiers":[
			"injection",
			"formal_code"
		],
		"value":[]
	},
	"numeric_characters":[
		[
			[
				1.0,
				0
			],
			[
				1.2961318311553796e1,
				0
			],
			[
				2.520792154460023e1,
				0
			],
			[
				2.9697103901154446e1,
				0
			],
			[
				3.6960753535755515e1,
				0
			]
		],
		[
			[
				1.0,
				0
			],
			[
				2.3649196096954683,
				0
			],
			[
				8.062588286648193,
				0
			],
			[
				1.9553719413440815,
				0
			],
			[
				-7.926311682006885,
				0
			]
		],
		[
			[
				1.0,
				0
			],
			[
				2.0,
				0
			],
			[
				1.0,
				0
			],
			[
				-3.0,
				0
			],
			[
				1.0,
				0
			]
		],
		[
			[
				1.0,
				0
			],
			[
				0.6609463509944096,
				0
			],
			[
				-0.6445552871545527,
				0
			],
			[
				0.48852701883943633,
				0
			],
			[
				-0.2117563583159576,
				0
			]
		],
		[
			[
				1.0,
				0
			],
			[
				-0.9871842722436736,
				0
			],
			[
				0.37404545590613,
				0
			],
			[
				-0.1410028613379642,
				0
			],
			[
				0.1773145045673246,
				0
			]
		]
	],
	"numeric_frobenius_perron_dimensions":[
		1.0,
		1.2961318311553796e1,
		2.520792154460023e1,
		2.9697103901154446e1,
		3.6960753535755515e1
	],
	"numeric_frobenius_perron_dimension":3.0524503630189665e3,
	"info":"Fusion ring. mult_tab provides structure constants. barcode and formal_code provide unique identifiers see (DOI: 10.1063\/5.0148848). sub_fusion_rings provides tuples where the first element corresponds to the elements of the ring that form the subring isomorphic to the ring identified by the second element of the tuple. software provides doi of original software used to represent fusion ring.",
	"comments":[
		""
	]
}