{
	"references":[
		""
	],
	"software":[
		"https:\/\/doi.org\/10.5281\/zenodo.15920400"
	],
	"mult_tab":[
		[
			[
				1,
				0,
				0,
				0,
				0
			],
			[
				0,
				1,
				0,
				0,
				0
			],
			[
				0,
				0,
				1,
				0,
				0
			],
			[
				0,
				0,
				0,
				1,
				0
			],
			[
				0,
				0,
				0,
				0,
				1
			]
		],
		[
			[
				0,
				1,
				0,
				0,
				0
			],
			[
				1,
				12,
				0,
				11,
				1
			],
			[
				0,
				0,
				7,
				5,
				10
			],
			[
				0,
				11,
				5,
				4,
				7
			],
			[
				0,
				1,
				10,
				7,
				14
			]
		],
		[
			[
				0,
				0,
				1,
				0,
				0
			],
			[
				0,
				0,
				7,
				5,
				10
			],
			[
				1,
				7,
				13,
				8,
				1
			],
			[
				0,
				5,
				8,
				5,
				10
			],
			[
				0,
				10,
				1,
				10,
				15
			]
		],
		[
			[
				0,
				0,
				0,
				1,
				0
			],
			[
				0,
				11,
				5,
				4,
				7
			],
			[
				0,
				5,
				8,
				5,
				10
			],
			[
				1,
				4,
				5,
				14,
				8
			],
			[
				0,
				7,
				10,
				8,
				15
			]
		],
		[
			[
				0,
				0,
				0,
				0,
				1
			],
			[
				0,
				1,
				10,
				7,
				14
			],
			[
				0,
				10,
				1,
				10,
				15
			],
			[
				0,
				7,
				10,
				8,
				15
			],
			[
				1,
				14,
				15,
				15,
				12
			]
		]
	],
	"texnames":[
		"\\text{FR}^{5,15,0}_{519}"
	],
	"barcode":[
		2,
		0,
		4,
		5,
		8,
		6,
		9,
		2,
		5,
		1,
		8,
		7,
		8,
		3,
		9,
		8,
		6,
		8,
		3,
		8,
		6,
		4,
		3,
		6,
		6,
		2,
		8,
		4,
		5,
		9,
		5,
		4,
		2,
		6,
		5,
		0,
		0,
		3,
		1,
		9,
		5,
		8,
		5,
		3,
		1,
		1,
		3,
		1,
		9,
		4,
		5,
		6,
		4,
		1,
		9,
		4,
		8,
		8,
		9,
		6,
		1,
		2,
		7,
		2,
		3,
		9,
		2,
		3,
		1,
		4,
		4,
		2,
		1,
		7,
		8,
		9,
		9,
		3,
		0,
		5,
		1,
		4,
		3,
		7,
		4,
		9,
		2,
		6,
		7,
		4,
		3,
		4,
		9,
		1,
		4,
		5,
		2,
		6,
		5,
		1,
		4,
		3,
		5,
		7,
		0,
		8,
		2,
		3,
		0,
		7,
		7,
		5,
		5,
		2,
		5,
		7,
		4,
		8,
		1,
		2,
		3,
		9,
		6,
		8,
		9,
		2,
		6,
		8,
		1,
		6,
		0,
		0,
		6,
		4,
		2,
		8,
		3,
		2,
		7,
		4,
		6,
		9,
		5,
		0,
		0,
		3,
		3,
		1,
		4,
		8
	],
	"formal_code":[
		5,
		15,
		0,
		519
	],
	"tensor_product_decompositions":{
		"identifiers":[
			"formal_code"
		],
		"value":[]
	},
	"sub_fusion_rings":{
		"identifiers":[
			"injection",
			"formal_code"
		],
		"value":[]
	},
	"numeric_characters":[
		[
			[
				1.0,
				0
			],
			[
				2.6890780434929212e1,
				0
			],
			[
				2.9600016271230864e1,
				0
			],
			[
				3.2433139497931684e1,
				0
			],
			[
				4.266017270317268e1,
				0
			]
		],
		[
			[
				1.0,
				0
			],
			[
				1.5678211456859382e1,
				0
			],
			[
				-7.343899450325011,
				0
			],
			[
				6.003901736996912,
				0
			],
			[
				-9.375142103281839,
				0
			]
		],
		[
			[
				1.0,
				0
			],
			[
				-5.483747017601185,
				0
			],
			[
				-2.065594771037416,
				0
			],
			[
				8.790267553144096,
				0
			],
			[
				-1.8164975203209537,
				0
			]
		],
		[
			[
				1.0,
				0
			],
			[
				-9.004825861531773e-2,
				0
			],
			[
				1.2831173957651139e1,
				0
			],
			[
				0.8748620999720886,
				0
			],
			[
				-9.53479530742951,
				0
			]
		],
		[
			[
				1.0,
				0
			],
			[
				4.803384427908544e-3,
				0
			],
			[
				-2.1696007519574307e-2,
				0
			],
			[
				-0.10217088804477863,
				0
			],
			[
				6.62622278596246e-2,
				0
			]
		]
	],
	"numeric_frobenius_perron_dimensions":[
		1.0,
		2.6890780434929212e1,
		2.9600016271230864e1,
		3.2433139497931656e1,
		4.266017270317268e1
	],
	"numeric_frobenius_perron_dimension":4.4720739084135175e3,
	"info":"Fusion ring. mult_tab provides structure constants. barcode and formal_code provide unique identifiers see (DOI: 10.1063\/5.0148848). sub_fusion_rings provides tuples where the first element corresponds to the elements of the ring that form the subring isomorphic to the ring identified by the second element of the tuple. software provides doi of original software used to represent fusion ring.",
	"comments":[
		""
	]
}