{
	"references":[
		""
	],
	"software":[
		"https:\/\/doi.org\/10.5281\/zenodo.15920400"
	],
	"mult_tab":[
		[
			[
				1,
				0,
				0,
				0,
				0
			],
			[
				0,
				1,
				0,
				0,
				0
			],
			[
				0,
				0,
				1,
				0,
				0
			],
			[
				0,
				0,
				0,
				1,
				0
			],
			[
				0,
				0,
				0,
				0,
				1
			]
		],
		[
			[
				0,
				1,
				0,
				0,
				0
			],
			[
				1,
				1,
				0,
				0,
				1
			],
			[
				0,
				0,
				3,
				1,
				1
			],
			[
				0,
				0,
				1,
				2,
				2
			],
			[
				0,
				1,
				1,
				2,
				2
			]
		],
		[
			[
				0,
				0,
				1,
				0,
				0
			],
			[
				0,
				0,
				3,
				1,
				1
			],
			[
				1,
				3,
				4,
				6,
				7
			],
			[
				0,
				1,
				6,
				6,
				6
			],
			[
				0,
				1,
				7,
				6,
				6
			]
		],
		[
			[
				0,
				0,
				0,
				1,
				0
			],
			[
				0,
				0,
				1,
				2,
				2
			],
			[
				0,
				1,
				6,
				6,
				6
			],
			[
				1,
				2,
				6,
				6,
				6
			],
			[
				0,
				2,
				6,
				6,
				7
			]
		],
		[
			[
				0,
				0,
				0,
				0,
				1
			],
			[
				0,
				1,
				1,
				2,
				2
			],
			[
				0,
				1,
				7,
				6,
				6
			],
			[
				0,
				2,
				6,
				6,
				7
			],
			[
				1,
				2,
				6,
				7,
				7
			]
		]
	],
	"texnames":[
		"\\text{FR}^{5,7,0}_{376}"
	],
	"barcode":[
		9,
		6,
		1,
		9,
		6,
		6,
		7,
		1,
		1,
		5,
		1,
		5,
		9,
		4,
		6,
		1,
		3,
		2,
		2,
		9,
		6,
		4,
		4,
		3,
		8,
		9,
		2,
		1,
		1,
		4,
		9,
		2,
		9,
		8,
		5,
		9,
		5,
		3,
		0,
		3,
		3,
		7,
		7,
		2,
		0,
		0,
		9,
		1,
		0,
		1,
		9,
		0,
		6,
		9,
		0,
		3,
		9,
		1,
		5,
		0,
		0,
		4,
		3,
		1,
		5,
		1,
		8,
		5,
		3,
		0,
		7,
		8,
		8,
		4,
		7,
		6,
		7,
		9,
		0,
		6,
		3,
		8,
		1,
		0,
		9,
		8,
		3,
		6,
		3,
		0,
		7,
		9,
		3,
		0,
		9,
		4,
		7,
		8,
		7,
		5,
		6,
		1,
		6,
		4,
		5,
		4,
		3,
		4,
		9,
		3,
		1,
		3
	],
	"formal_code":[
		5,
		7,
		0,
		376
	],
	"tensor_product_decompositions":{
		"identifiers":[
			"formal_code"
		],
		"value":[]
	},
	"sub_fusion_rings":{
		"identifiers":[
			"injection",
			"formal_code"
		],
		"value":[]
	},
	"numeric_characters":[
		[
			[
				1.0,
				0
			],
			[
				5.089116620390673,
				0
			],
			[
				1.8486274214729924e1,
				0
			],
			[
				1.8809991355545908e1,
				0
			],
			[
				1.9809991355545908e1,
				0
			]
		],
		[
			[
				1.0,
				0
			],
			[
				2.2407841454298056,
				0
			],
			[
				-3.3727679243595223,
				0
			],
			[
				0.7803294409797781,
				0
			],
			[
				1.780329440979778,
				0
			]
		],
		[
			[
				1.0,
				0
			],
			[
				1.5298847408264724,
				0
			],
			[
				0.9378005109617364,
				0
			],
			[
				-1.1893374206127898,
				0
			],
			[
				-0.1893374206127899,
				0
			]
		],
		[
			[
				1.0,
				0
			],
			[
				0.0,
				0
			],
			[
				0.0,
				0
			],
			[
				1.0,
				0
			],
			[
				-1.0,
				0
			]
		],
		[
			[
				1.0,
				0
			],
			[
				-0.8597855066469503,
				0
			],
			[
				-5.130680133213962e-2,
				0
			],
			[
				-0.4009833759128965,
				0
			],
			[
				0.5990166240871034,
				0
			]
		]
	],
	"numeric_frobenius_perron_dimensions":[
		1.0,
		5.089116620390673,
		1.8486274214729924e1,
		1.8809991355545908e1,
		1.9809991355545908e1
	],
	"numeric_frobenius_perron_dimension":1.1148929746206404e3,
	"info":"Fusion ring. mult_tab provides structure constants. barcode and formal_code provide unique identifiers see (DOI: 10.1063\/5.0148848). sub_fusion_rings provides tuples where the first element corresponds to the elements of the ring that form the subring isomorphic to the ring identified by the second element of the tuple. software provides doi of original software used to represent fusion ring.",
	"comments":[
		""
	]
}