{
	"references":[
		""
	],
	"software":[
		"https:\/\/doi.org\/10.5281\/zenodo.15920400"
	],
	"mult_tab":[
		[
			[
				1,
				0,
				0,
				0,
				0
			],
			[
				0,
				1,
				0,
				0,
				0
			],
			[
				0,
				0,
				1,
				0,
				0
			],
			[
				0,
				0,
				0,
				1,
				0
			],
			[
				0,
				0,
				0,
				0,
				1
			]
		],
		[
			[
				0,
				1,
				0,
				0,
				0
			],
			[
				1,
				0,
				0,
				0,
				0
			],
			[
				0,
				0,
				0,
				1,
				0
			],
			[
				0,
				0,
				1,
				0,
				0
			],
			[
				0,
				0,
				0,
				0,
				1
			]
		],
		[
			[
				0,
				0,
				1,
				0,
				0
			],
			[
				0,
				0,
				0,
				1,
				0
			],
			[
				1,
				0,
				0,
				11,
				1
			],
			[
				0,
				1,
				11,
				0,
				1
			],
			[
				0,
				0,
				1,
				1,
				11
			]
		],
		[
			[
				0,
				0,
				0,
				1,
				0
			],
			[
				0,
				0,
				1,
				0,
				0
			],
			[
				0,
				1,
				11,
				0,
				1
			],
			[
				1,
				0,
				0,
				11,
				1
			],
			[
				0,
				0,
				1,
				1,
				11
			]
		],
		[
			[
				0,
				0,
				0,
				0,
				1
			],
			[
				0,
				0,
				0,
				0,
				1
			],
			[
				0,
				0,
				1,
				1,
				11
			],
			[
				0,
				0,
				1,
				1,
				11
			],
			[
				1,
				1,
				11,
				11,
				1
			]
		]
	],
	"texnames":[
		"\\text{FR}^{5,11,0}_{2153}"
	],
	"barcode":[
		6,
		5,
		8,
		3,
		7,
		7,
		0,
		0,
		7,
		1,
		1,
		6,
		2,
		1,
		8,
		2,
		3,
		4,
		2,
		2,
		0,
		4,
		1,
		2,
		6,
		8,
		4,
		4,
		3,
		7,
		1,
		5,
		2,
		4,
		4,
		6,
		2,
		9,
		7,
		5,
		5,
		4,
		1,
		6,
		2,
		7,
		4,
		7,
		1,
		5,
		7,
		3,
		2,
		2,
		4,
		3,
		8,
		1,
		5,
		1,
		3,
		2,
		7,
		4,
		9,
		7,
		9,
		3,
		6,
		9,
		9,
		5,
		3,
		4,
		3,
		1,
		9,
		7,
		2,
		1,
		4,
		2,
		5,
		9,
		8,
		1,
		0,
		8,
		2,
		9,
		6,
		0,
		7,
		2,
		8,
		0,
		5,
		3,
		0,
		1,
		1,
		6,
		8,
		6,
		5,
		2,
		2,
		2,
		2,
		3,
		6,
		9,
		5,
		9,
		7,
		5,
		4,
		9,
		3,
		1,
		7,
		9,
		2,
		8,
		5,
		8,
		0,
		8,
		2,
		4,
		7,
		4,
		1,
		3
	],
	"formal_code":[
		5,
		11,
		0,
		2153
	],
	"tensor_product_decompositions":{
		"identifiers":[
			"formal_code"
		],
		"value":[]
	},
	"sub_fusion_rings":{
		"identifiers":[
			"injection",
			"formal_code"
		],
		"value":[
			[
				[
					1,
					2
				],
				[
					2,
					1,
					0,
					1
				]
			]
		]
	},
	"numeric_characters":[
		[
			[
				1.0,
				0
			],
			[
				1.0,
				0
			],
			[
				1.2454927987068254e1,
				0
			],
			[
				1.2454927987068254e1,
				0
			],
			[
				1.712102330530529e1,
				0
			]
		],
		[
			[
				1.0,
				0
			],
			[
				1.0,
				0
			],
			[
				9.636719852236787,
				0
			],
			[
				9.636719852236787,
				0
			],
			[
				-1.4137548864110046e1,
				0
			]
		],
		[
			[
				1.0,
				0
			],
			[
				1.0,
				0
			],
			[
				-9.164783930504304e-2,
				0
			],
			[
				-9.164783930504304e-2,
				0
			],
			[
				1.652555880475652e-2,
				0
			]
		],
		[
			[
				1.0,
				0
			],
			[
				-1.0,
				0
			],
			[
				-1.1090169943749475e1,
				0
			],
			[
				1.1090169943749475e1,
				0
			],
			[
				0.0,
				0
			]
		],
		[
			[
				1.0,
				0
			],
			[
				-1.0,
				0
			],
			[
				9.016994374947451e-2,
				0
			],
			[
				-9.016994374947451e-2,
				0
			],
			[
				0.0,
				0
			]
		]
	],
	"numeric_frobenius_perron_dimensions":[
		1.0,
		1.0,
		1.2454927987068256e1,
		1.2454927987068256e1,
		1.712102330530529e1
	],
	"numeric_frobenius_perron_dimension":6.05379901346919e2,
	"info":"Fusion ring. mult_tab provides structure constants. barcode and formal_code provide unique identifiers see (DOI: 10.1063\/5.0148848). sub_fusion_rings provides tuples where the first element corresponds to the elements of the ring that form the subring isomorphic to the ring identified by the second element of the tuple. software provides doi of original software used to represent fusion ring.",
	"comments":[
		""
	]
}