{
	"references":[
		""
	],
	"software":[
		"https:\/\/doi.org\/10.5281\/zenodo.15920400"
	],
	"mult_tab":[
		[
			[
				1,
				0,
				0,
				0,
				0
			],
			[
				0,
				1,
				0,
				0,
				0
			],
			[
				0,
				0,
				1,
				0,
				0
			],
			[
				0,
				0,
				0,
				1,
				0
			],
			[
				0,
				0,
				0,
				0,
				1
			]
		],
		[
			[
				0,
				1,
				0,
				0,
				0
			],
			[
				1,
				0,
				0,
				1,
				1
			],
			[
				0,
				0,
				0,
				0,
				2
			],
			[
				0,
				1,
				0,
				2,
				2
			],
			[
				0,
				1,
				2,
				2,
				4
			]
		],
		[
			[
				0,
				0,
				1,
				0,
				0
			],
			[
				0,
				0,
				0,
				0,
				2
			],
			[
				1,
				0,
				1,
				2,
				1
			],
			[
				0,
				0,
				2,
				1,
				3
			],
			[
				0,
				2,
				1,
				3,
				5
			]
		],
		[
			[
				0,
				0,
				0,
				1,
				0
			],
			[
				0,
				1,
				0,
				2,
				2
			],
			[
				0,
				0,
				2,
				1,
				3
			],
			[
				1,
				2,
				1,
				4,
				4
			],
			[
				0,
				2,
				3,
				4,
				9
			]
		],
		[
			[
				0,
				0,
				0,
				0,
				1
			],
			[
				0,
				1,
				2,
				2,
				4
			],
			[
				0,
				2,
				1,
				3,
				5
			],
			[
				0,
				2,
				3,
				4,
				9
			],
			[
				1,
				4,
				5,
				9,
				15
			]
		]
	],
	"texnames":[
		"\\text{FR}^{5,15,0}_{1324}"
	],
	"barcode":[
		2,
		0,
		4,
		5,
		8,
		6,
		9,
		2,
		5,
		1,
		8,
		7,
		8,
		3,
		9,
		8,
		6,
		8,
		3,
		8,
		6,
		4,
		3,
		6,
		6,
		2,
		8,
		4,
		5,
		9,
		5,
		4,
		2,
		6,
		5,
		0,
		0,
		4,
		4,
		5,
		3,
		9,
		7,
		1,
		5,
		4,
		8,
		7,
		7,
		3,
		7,
		4,
		3,
		5,
		9,
		8,
		9,
		4,
		6,
		6,
		0,
		3,
		0,
		9,
		0,
		3,
		3,
		0,
		5,
		9,
		5,
		5,
		0,
		8,
		3,
		1,
		1,
		2,
		3,
		3,
		5,
		8,
		3,
		6,
		1,
		9,
		1,
		6,
		3,
		8,
		9,
		4,
		0,
		0,
		9,
		6,
		1,
		5,
		4,
		1,
		2,
		9,
		5,
		5,
		7,
		5,
		2,
		9,
		9,
		2,
		1,
		2,
		1,
		0,
		2,
		5,
		5,
		0,
		2,
		2,
		6,
		3,
		3,
		4,
		2,
		1,
		1,
		3,
		7,
		9,
		1,
		2,
		4,
		2,
		6,
		1,
		4,
		3,
		2,
		1,
		3,
		1,
		4,
		7,
		9,
		8,
		4,
		3,
		8,
		5
	],
	"formal_code":[
		5,
		15,
		0,
		1324
	],
	"tensor_product_decompositions":{
		"identifiers":[
			"formal_code"
		],
		"value":[]
	},
	"sub_fusion_rings":{
		"identifiers":[
			"injection",
			"formal_code"
		],
		"value":[]
	},
	"numeric_characters":[
		[
			[
				1.0,
				0
			],
			[
				6.046404065229307,
				0
			],
			[
				7.5406700771646875,
				0
			],
			[
				1.2762033015460714e1,
				0
			],
			[
				2.2796969104560784e1,
				0
			]
		],
		[
			[
				1.0,
				0
			],
			[
				-1.0,
				0
			],
			[
				2.0,
				0
			],
			[
				1.0,
				0
			],
			[
				-1.0,
				0
			]
		],
		[
			[
				1.0,
				0
			],
			[
				1.5422956537477457,
				0
			],
			[
				-1.8273373121095218,
				0
			],
			[
				2.787823080767988,
				0
			],
			[
				-1.4091471971988017,
				0
			]
		],
		[
			[
				1.0,
				0
			],
			[
				-1.26621361456109,
				0
			],
			[
				-0.8785434361881295,
				0
			],
			[
				4.708508775751473e-2,
				0
			],
			[
				0.5562118299423459,
				0
			]
		],
		[
			[
				1.0,
				0
			],
			[
				0.6775138955840369,
				0
			],
			[
				0.16521067113296345,
				0
			],
			[
				-0.5969411839862164,
				0
			],
			[
				5.5966262695673626e-2,
				0
			]
		]
	],
	"numeric_frobenius_perron_dimensions":[
		1.0,
		6.046404065229307,
		7.5406700771646875,
		1.2762033015460714e1,
		2.279696910456078e1
	],
	"numeric_frobenius_perron_dimension":7.769919943746763e2,
	"info":"Fusion ring. mult_tab provides structure constants. barcode and formal_code provide unique identifiers see (DOI: 10.1063\/5.0148848). sub_fusion_rings provides tuples where the first element corresponds to the elements of the ring that form the subring isomorphic to the ring identified by the second element of the tuple. software provides doi of original software used to represent fusion ring.",
	"comments":[
		""
	]
}