{
	"references":[
		""
	],
	"software":[
		"https:\/\/doi.org\/10.5281\/zenodo.15920400"
	],
	"mult_tab":[
		[
			[
				1,
				0,
				0,
				0,
				0
			],
			[
				0,
				1,
				0,
				0,
				0
			],
			[
				0,
				0,
				1,
				0,
				0
			],
			[
				0,
				0,
				0,
				1,
				0
			],
			[
				0,
				0,
				0,
				0,
				1
			]
		],
		[
			[
				0,
				1,
				0,
				0,
				0
			],
			[
				1,
				2,
				2,
				2,
				0
			],
			[
				0,
				2,
				3,
				2,
				0
			],
			[
				0,
				2,
				2,
				3,
				2
			],
			[
				0,
				0,
				0,
				2,
				7
			]
		],
		[
			[
				0,
				0,
				1,
				0,
				0
			],
			[
				0,
				2,
				3,
				2,
				0
			],
			[
				1,
				3,
				3,
				2,
				0
			],
			[
				0,
				2,
				2,
				4,
				2
			],
			[
				0,
				0,
				0,
				2,
				8
			]
		],
		[
			[
				0,
				0,
				0,
				1,
				0
			],
			[
				0,
				2,
				2,
				3,
				2
			],
			[
				0,
				2,
				2,
				4,
				2
			],
			[
				1,
				3,
				4,
				3,
				6
			],
			[
				0,
				2,
				2,
				6,
				11
			]
		],
		[
			[
				0,
				0,
				0,
				0,
				1
			],
			[
				0,
				0,
				0,
				2,
				7
			],
			[
				0,
				0,
				0,
				2,
				8
			],
			[
				0,
				2,
				2,
				6,
				11
			],
			[
				1,
				7,
				8,
				11,
				13
			]
		]
	],
	"texnames":[
		"\\text{FR}^{5,13,0}_{107}"
	],
	"barcode":[
		1,
		3,
		1,
		7,
		8,
		8,
		1,
		8,
		6,
		4,
		8,
		7,
		2,
		1,
		4,
		1,
		5,
		3,
		0,
		1,
		5,
		0,
		1,
		5,
		4,
		3,
		3,
		8,
		4,
		9,
		5,
		2,
		4,
		7,
		8,
		9,
		3,
		3,
		7,
		2,
		6,
		6,
		7,
		5,
		3,
		0,
		0,
		3,
		2,
		1,
		3,
		9,
		5,
		6,
		2,
		3,
		7,
		4,
		4,
		8,
		2,
		3,
		6,
		3,
		6,
		2,
		7,
		0,
		4,
		0,
		6,
		7,
		3,
		5,
		4,
		9,
		3,
		2,
		2,
		2,
		8,
		3,
		2,
		2,
		4,
		3,
		8,
		0,
		3,
		4,
		7,
		4,
		9,
		6,
		0,
		4,
		6,
		4,
		2,
		4,
		1,
		4,
		3,
		0,
		4,
		5,
		2,
		9,
		7,
		9,
		3,
		5,
		7,
		6,
		8,
		7,
		0,
		4,
		5,
		3,
		4,
		7,
		0,
		9,
		2,
		1,
		6,
		2,
		3,
		7,
		9,
		5,
		0,
		1,
		1,
		5,
		3,
		7,
		8,
		3,
		0,
		9,
		4
	],
	"formal_code":[
		5,
		13,
		0,
		107
	],
	"tensor_product_decompositions":{
		"identifiers":[
			"formal_code"
		],
		"value":[]
	},
	"sub_fusion_rings":{
		"identifiers":[
			"injection",
			"formal_code"
		],
		"value":[]
	},
	"numeric_characters":[
		[
			[
				1.0,
				0
			],
			[
				8.28256583621338,
				0
			],
			[
				9.28256583621338,
				0
			],
			[
				1.623531674317776e1,
				0
			],
			[
				2.5316933111380187e1,
				0
			]
		],
		[
			[
				1.0,
				0
			],
			[
				5.867709300029667,
				0
			],
			[
				6.867709300029667,
				0
			],
			[
				3.9795876147679916,
				0
			],
			[
				-7.02926839348281,
				0
			]
		],
		[
			[
				1.0,
				0
			],
			[
				1.0,
				0
			],
			[
				-1.0,
				0
			],
			[
				0.0,
				0
			],
			[
				0.0,
				0
			]
		],
		[
			[
				1.0,
				0
			],
			[
				0.6168882373401947,
				0
			],
			[
				1.6168882373401947,
				0
			],
			[
				-2.5435009259960433,
				0
			],
			[
				0.7969470128582493,
				0
			]
		],
		[
			[
				1.0,
				0
			],
			[
				-0.7671633735832417,
				0
			],
			[
				0.2328366264167583,
				0
			],
			[
				0.32859656805029364,
				0
			],
			[
				-8.46117307556263e-2,
				0
			]
		]
	],
	"numeric_frobenius_perron_dimensions":[
		1.0,
		8.28256583621338,
		9.28256583621338,
		1.623531674317776e1,
		2.5316933111380187e1
	],
	"numeric_frobenius_perron_dimension":1.0602995372522514e3,
	"info":"Fusion ring. mult_tab provides structure constants. barcode and formal_code provide unique identifiers see (DOI: 10.1063\/5.0148848). sub_fusion_rings provides tuples where the first element corresponds to the elements of the ring that form the subring isomorphic to the ring identified by the second element of the tuple. software provides doi of original software used to represent fusion ring.",
	"comments":[
		""
	]
}