{
	"references":[
		""
	],
	"software":[
		"https:\/\/doi.org\/10.5281\/zenodo.15920400"
	],
	"mult_tab":[
		[
			[
				1,
				0,
				0,
				0,
				0
			],
			[
				0,
				1,
				0,
				0,
				0
			],
			[
				0,
				0,
				1,
				0,
				0
			],
			[
				0,
				0,
				0,
				1,
				0
			],
			[
				0,
				0,
				0,
				0,
				1
			]
		],
		[
			[
				0,
				1,
				0,
				0,
				0
			],
			[
				1,
				0,
				4,
				0,
				0
			],
			[
				0,
				4,
				1,
				2,
				0
			],
			[
				0,
				0,
				2,
				3,
				2
			],
			[
				0,
				0,
				0,
				2,
				5
			]
		],
		[
			[
				0,
				0,
				1,
				0,
				0
			],
			[
				0,
				4,
				1,
				2,
				0
			],
			[
				1,
				1,
				5,
				2,
				1
			],
			[
				0,
				2,
				2,
				4,
				4
			],
			[
				0,
				0,
				1,
				4,
				7
			]
		],
		[
			[
				0,
				0,
				0,
				1,
				0
			],
			[
				0,
				0,
				2,
				3,
				2
			],
			[
				0,
				2,
				2,
				4,
				4
			],
			[
				1,
				3,
				4,
				4,
				8
			],
			[
				0,
				2,
				4,
				8,
				8
			]
		],
		[
			[
				0,
				0,
				0,
				0,
				1
			],
			[
				0,
				0,
				0,
				2,
				5
			],
			[
				0,
				0,
				1,
				4,
				7
			],
			[
				0,
				2,
				4,
				8,
				8
			],
			[
				1,
				5,
				7,
				8,
				9
			]
		]
	],
	"texnames":[
		"\\text{FR}^{5,9,0}_{494}"
	],
	"barcode":[
		1,
		0,
		0,
		0,
		0,
		0,
		1,
		0,
		0,
		0,
		0,
		0,
		1,
		0,
		0,
		0,
		0,
		0,
		1,
		0,
		0,
		0,
		0,
		0,
		1,
		0,
		1,
		0,
		0,
		0,
		1,
		5,
		1,
		2,
		1,
		0,
		1,
		7,
		4,
		0,
		0,
		2,
		4,
		4,
		2,
		0,
		1,
		0,
		2,
		4,
		0,
		0,
		1,
		0,
		0,
		0,
		1,
		7,
		4,
		0,
		1,
		7,
		9,
		8,
		5,
		0,
		4,
		8,
		8,
		2,
		0,
		0,
		5,
		2,
		0,
		0,
		0,
		0,
		1,
		0,
		0,
		2,
		4,
		4,
		2,
		0,
		4,
		8,
		8,
		2,
		1,
		4,
		8,
		4,
		3,
		0,
		2,
		2,
		3,
		0,
		0,
		0,
		0,
		0,
		1,
		0,
		1,
		0,
		2,
		4,
		0,
		0,
		5,
		2,
		0,
		0,
		2,
		2,
		3,
		0,
		1,
		4,
		0,
		0,
		0
	],
	"formal_code":[
		5,
		9,
		0,
		494
	],
	"tensor_product_decompositions":{
		"identifiers":[
			"formal_code"
		],
		"value":[]
	},
	"sub_fusion_rings":{
		"identifiers":[
			"injection",
			"formal_code"
		],
		"value":[]
	},
	"numeric_characters":[
		[
			[
				1.0,
				0
			],
			[
				6.65959409296964,
				0
			],
			[
				1.083754837077903e1,
				0
			],
			[
				1.7348874184827597e1,
				0
			],
			[
				2.0907370372455247e1,
				0
			]
		],
		[
			[
				1.0,
				0
			],
			[
				4.749996128291154,
				0
			],
			[
				5.390615804695239,
				0
			],
			[
				0.6074019417738162,
				0
			],
			[
				-4.859140281484885,
				0
			]
		],
		[
			[
				1.0,
				0
			],
			[
				1.5830120956363267,
				0
			],
			[
				0.37648182373272876,
				0
			],
			[
				-3.0562774627609515,
				0
			],
			[
				1.7888722748230537,
				0
			]
		],
		[
			[
				1.0,
				0
			],
			[
				-4.553472282308115e-2,
				0
			],
			[
				-0.2494816472543563,
				0
			],
			[
				0.22149030810192685,
				0
			],
			[
				-8.779656479224404e-2,
				0
			]
		],
		[
			[
				1.0,
				0
			],
			[
				-3.94706759407404,
				0
			],
			[
				3.6448356480473576,
				0
			],
			[
				-1.121488971942388,
				0
			],
			[
				0.2506941989988295,
				0
			]
		]
	],
	"numeric_frobenius_perron_dimensions":[
		1.0,
		6.659594092969639,
		1.083754837077903e1,
		1.7348874184827597e1,
		2.0907370372455247e1
	],
	"numeric_frobenius_perron_dimension":9.009042195440883e2,
	"info":"Fusion ring. mult_tab provides structure constants. barcode and formal_code provide unique identifiers see (DOI: 10.1063\/5.0148848). sub_fusion_rings provides tuples where the first element corresponds to the elements of the ring that form the subring isomorphic to the ring identified by the second element of the tuple. software provides doi of original software used to represent fusion ring.",
	"comments":[
		""
	]
}