{
	"references":[
		""
	],
	"software":[
		"https:\/\/doi.org\/10.5281\/zenodo.15920400"
	],
	"mult_tab":[
		[
			[
				1,
				0,
				0,
				0,
				0
			],
			[
				0,
				1,
				0,
				0,
				0
			],
			[
				0,
				0,
				1,
				0,
				0
			],
			[
				0,
				0,
				0,
				1,
				0
			],
			[
				0,
				0,
				0,
				0,
				1
			]
		],
		[
			[
				0,
				1,
				0,
				0,
				0
			],
			[
				1,
				4,
				4,
				4,
				4
			],
			[
				0,
				4,
				5,
				4,
				4
			],
			[
				0,
				4,
				4,
				5,
				4
			],
			[
				0,
				4,
				4,
				4,
				7
			]
		],
		[
			[
				0,
				0,
				1,
				0,
				0
			],
			[
				0,
				4,
				5,
				4,
				4
			],
			[
				1,
				5,
				2,
				7,
				4
			],
			[
				0,
				4,
				7,
				3,
				4
			],
			[
				0,
				4,
				4,
				4,
				8
			]
		],
		[
			[
				0,
				0,
				0,
				1,
				0
			],
			[
				0,
				4,
				4,
				5,
				4
			],
			[
				0,
				4,
				7,
				3,
				4
			],
			[
				1,
				5,
				3,
				6,
				4
			],
			[
				0,
				4,
				4,
				4,
				8
			]
		],
		[
			[
				0,
				0,
				0,
				0,
				1
			],
			[
				0,
				4,
				4,
				4,
				7
			],
			[
				0,
				4,
				4,
				4,
				8
			],
			[
				0,
				4,
				4,
				4,
				8
			],
			[
				1,
				7,
				8,
				8,
				1
			]
		]
	],
	"texnames":[
		"\\text{FR}^{5,8,0}_{108}"
	],
	"barcode":[
		2,
		1,
		1,
		8,
		7,
		1,
		2,
		2,
		9,
		9,
		1,
		3,
		9,
		8,
		3,
		2,
		0,
		3,
		2,
		5,
		8,
		3,
		1,
		9,
		3,
		6,
		7,
		6,
		2,
		0,
		8,
		3,
		3,
		3,
		1,
		5,
		0,
		3,
		9,
		0,
		6,
		8,
		8,
		6,
		1,
		2,
		7,
		7,
		8,
		0,
		4,
		0,
		6,
		7,
		6,
		9,
		2,
		5,
		2,
		4,
		8,
		3,
		6,
		8,
		6,
		9,
		4,
		4,
		2,
		0,
		1,
		7,
		2,
		5,
		7,
		6,
		1,
		9,
		1,
		8,
		5,
		7,
		4,
		2,
		7,
		8,
		5,
		7,
		4,
		7,
		9,
		2,
		2,
		2,
		0,
		0,
		4,
		4,
		6,
		1,
		3,
		2,
		3,
		6,
		2,
		7,
		8,
		3,
		0,
		8,
		2,
		9,
		7,
		6,
		6,
		7,
		2,
		3,
		9
	],
	"formal_code":[
		5,
		8,
		0,
		108
	],
	"tensor_product_decompositions":{
		"identifiers":[
			"formal_code"
		],
		"value":[]
	},
	"sub_fusion_rings":{
		"identifiers":[
			"injection",
			"formal_code"
		],
		"value":[]
	},
	"numeric_characters":[
		[
			[
				1.0,
				0
			],
			[
				1.7339783398458817e1,
				0
			],
			[
				1.8339783398458817e1,
				0
			],
			[
				1.8339783398458817e1,
				0
			],
			[
				2.0897671880990558e1,
				0
			]
		],
		[
			[
				1.0,
				0
			],
			[
				1.0,
				0
			],
			[
				-4.7912878474779195,
				0
			],
			[
				3.79128784747792,
				0
			],
			[
				0.0,
				0
			]
		],
		[
			[
				1.0,
				0
			],
			[
				-0.743701108356747,
				0
			],
			[
				0.25629889164325304,
				0
			],
			[
				0.25629889164325304,
				0
			],
			[
				0.11937615971300428,
				0
			]
		],
		[
			[
				1.0,
				0
			],
			[
				2.4039177098979287,
				0
			],
			[
				3.4039177098979287,
				0
			],
			[
				3.4039177098979287,
				0
			],
			[
				-8.01704804070356,
				0
			]
		],
		[
			[
				1.0,
				0
			],
			[
				1.0,
				0
			],
			[
				-0.20871215252208009,
				0
			],
			[
				-0.7912878474779199,
				0
			],
			[
				0.0,
				0
			]
		]
	],
	"numeric_frobenius_perron_dimensions":[
		1.0,
		1.7339783398458817e1,
		1.8339783398458817e1,
		1.8339783398458817e1,
		2.0897671880990558e1
	],
	"numeric_frobenius_perron_dimension":1.4110760885557827e3,
	"info":"Fusion ring. mult_tab provides structure constants. barcode and formal_code provide unique identifiers see (DOI: 10.1063\/5.0148848). sub_fusion_rings provides tuples where the first element corresponds to the elements of the ring that form the subring isomorphic to the ring identified by the second element of the tuple. software provides doi of original software used to represent fusion ring.",
	"comments":[
		""
	]
}