{
	"references":[
		""
	],
	"software":[
		"https:\/\/doi.org\/10.5281\/zenodo.15920400"
	],
	"mult_tab":[
		[
			[
				1,
				0,
				0,
				0,
				0
			],
			[
				0,
				1,
				0,
				0,
				0
			],
			[
				0,
				0,
				1,
				0,
				0
			],
			[
				0,
				0,
				0,
				1,
				0
			],
			[
				0,
				0,
				0,
				0,
				1
			]
		],
		[
			[
				0,
				1,
				0,
				0,
				0
			],
			[
				1,
				2,
				2,
				3,
				5
			],
			[
				0,
				2,
				3,
				3,
				5
			],
			[
				0,
				3,
				3,
				3,
				5
			],
			[
				0,
				5,
				5,
				5,
				1
			]
		],
		[
			[
				0,
				0,
				1,
				0,
				0
			],
			[
				0,
				2,
				3,
				3,
				5
			],
			[
				1,
				3,
				3,
				3,
				5
			],
			[
				0,
				3,
				3,
				4,
				5
			],
			[
				0,
				5,
				5,
				5,
				2
			]
		],
		[
			[
				0,
				0,
				0,
				1,
				0
			],
			[
				0,
				3,
				3,
				3,
				5
			],
			[
				0,
				3,
				3,
				4,
				5
			],
			[
				1,
				3,
				4,
				4,
				5
			],
			[
				0,
				5,
				5,
				5,
				3
			]
		],
		[
			[
				0,
				0,
				0,
				0,
				1
			],
			[
				0,
				5,
				5,
				5,
				1
			],
			[
				0,
				5,
				5,
				5,
				2
			],
			[
				0,
				5,
				5,
				5,
				3
			],
			[
				1,
				1,
				2,
				3,
				12
			]
		]
	],
	"texnames":[
		"\\text{FR}^{5,12,0}_{1066}"
	],
	"barcode":[
		1,
		3,
		4,
		5,
		7,
		8,
		5,
		2,
		8,
		7,
		0,
		6,
		3,
		2,
		5,
		1,
		9,
		2,
		9,
		5,
		4,
		0,
		9,
		2,
		4,
		6,
		7,
		7,
		1,
		2,
		3,
		4,
		6,
		1,
		8,
		7,
		9,
		7,
		6,
		1,
		2,
		8,
		9,
		3,
		4,
		7,
		4,
		0,
		3,
		3,
		6,
		9,
		3,
		5,
		3,
		8,
		7,
		2,
		6,
		3,
		9,
		4,
		8,
		3,
		6,
		8,
		0,
		7,
		5,
		1,
		3,
		0,
		9,
		8,
		1,
		2,
		1,
		2,
		2,
		1,
		4,
		2,
		5,
		4,
		0,
		9,
		5,
		7,
		4,
		0,
		0,
		3,
		0,
		9,
		1,
		8,
		5,
		5,
		9,
		7,
		6,
		5,
		7,
		6,
		3,
		1,
		6,
		5,
		4,
		6,
		0,
		2,
		8,
		6,
		7,
		8,
		7,
		2,
		8,
		3,
		9,
		3,
		2,
		0,
		6,
		1,
		5,
		0,
		0,
		7,
		0,
		9,
		5,
		3,
		5,
		7,
		2,
		1,
		9
	],
	"formal_code":[
		5,
		12,
		0,
		1066
	],
	"tensor_product_decompositions":{
		"identifiers":[
			"formal_code"
		],
		"value":[]
	},
	"sub_fusion_rings":{
		"identifiers":[
			"injection",
			"formal_code"
		],
		"value":[]
	},
	"numeric_characters":[
		[
			[
				1.0,
				0
			],
			[
				1.3886993903425834e1,
				0
			],
			[
				1.4886993903425834e1,
				0
			],
			[
				1.5886993903425834e1,
				0
			],
			[
				1.732792846996109e1,
				0
			]
		],
		[
			[
				1.0,
				0
			],
			[
				-4.921254737278081,
				0
			],
			[
				-3.9212547372780806,
				0
			],
			[
				-2.9212547372780806,
				0
			],
			[
				9.933506270025703,
				0
			]
		],
		[
			[
				1.0,
				0
			],
			[
				0.0,
				0
			],
			[
				1.0,
				0
			],
			[
				-1.0,
				0
			],
			[
				0.0,
				0
			]
		],
		[
			[
				1.0,
				0
			],
			[
				1.0,
				0
			],
			[
				-1.0,
				0
			],
			[
				0.0,
				0
			],
			[
				0.0,
				0
			]
		],
		[
			[
				1.0,
				0
			],
			[
				-0.9657391661477538,
				0
			],
			[
				3.426083385224621e-2,
				0
			],
			[
				1.0342608338522463,
				0
			],
			[
				-0.26143473998679295,
				0
			]
		]
	],
	"numeric_frobenius_perron_dimensions":[
		1.0,
		1.3886993903425834e1,
		1.4886993903425834e1,
		1.5886993903425834e1,
		1.732792846996109e1
	],
	"numeric_frobenius_perron_dimension":9.68124867502002e2,
	"info":"Fusion ring. mult_tab provides structure constants. barcode and formal_code provide unique identifiers see (DOI: 10.1063\/5.0148848). sub_fusion_rings provides tuples where the first element corresponds to the elements of the ring that form the subring isomorphic to the ring identified by the second element of the tuple. software provides doi of original software used to represent fusion ring.",
	"comments":[
		""
	]
}