{
	"references":[
		""
	],
	"software":[
		"https:\/\/doi.org\/10.5281\/zenodo.15920400"
	],
	"mult_tab":[
		[
			[
				1,
				0,
				0,
				0,
				0
			],
			[
				0,
				1,
				0,
				0,
				0
			],
			[
				0,
				0,
				1,
				0,
				0
			],
			[
				0,
				0,
				0,
				1,
				0
			],
			[
				0,
				0,
				0,
				0,
				1
			]
		],
		[
			[
				0,
				1,
				0,
				0,
				0
			],
			[
				1,
				1,
				1,
				0,
				1
			],
			[
				0,
				1,
				0,
				3,
				1
			],
			[
				0,
				0,
				3,
				2,
				3
			],
			[
				0,
				1,
				1,
				3,
				3
			]
		],
		[
			[
				0,
				0,
				1,
				0,
				0
			],
			[
				0,
				1,
				0,
				3,
				1
			],
			[
				1,
				0,
				7,
				2,
				3
			],
			[
				0,
				3,
				2,
				9,
				4
			],
			[
				0,
				1,
				3,
				4,
				9
			]
		],
		[
			[
				0,
				0,
				0,
				1,
				0
			],
			[
				0,
				0,
				3,
				2,
				3
			],
			[
				0,
				3,
				2,
				9,
				4
			],
			[
				1,
				2,
				9,
				8,
				10
			],
			[
				0,
				3,
				4,
				10,
				11
			]
		],
		[
			[
				0,
				0,
				0,
				0,
				1
			],
			[
				0,
				1,
				1,
				3,
				3
			],
			[
				0,
				1,
				3,
				4,
				9
			],
			[
				0,
				3,
				4,
				10,
				11
			],
			[
				1,
				3,
				9,
				11,
				7
			]
		]
	],
	"texnames":[
		"\\text{FR}^{5,11,0}_{1937}"
	],
	"barcode":[
		6,
		5,
		8,
		3,
		7,
		7,
		0,
		0,
		7,
		1,
		1,
		6,
		2,
		1,
		8,
		2,
		3,
		4,
		2,
		2,
		0,
		4,
		1,
		2,
		6,
		8,
		4,
		4,
		3,
		7,
		1,
		5,
		4,
		1,
		2,
		5,
		2,
		0,
		2,
		0,
		0,
		7,
		3,
		2,
		6,
		4,
		9,
		9,
		5,
		2,
		9,
		8,
		3,
		5,
		2,
		7,
		2,
		8,
		2,
		1,
		2,
		4,
		4,
		9,
		8,
		1,
		2,
		5,
		2,
		4,
		4,
		7,
		1,
		3,
		8,
		9,
		0,
		8,
		3,
		3,
		1,
		2,
		6,
		7,
		5,
		1,
		4,
		8,
		9,
		7,
		6,
		1,
		2,
		6,
		2,
		8,
		8,
		8,
		0,
		9,
		0,
		4,
		3,
		3,
		6,
		5,
		8,
		8,
		0,
		9,
		3,
		8,
		0,
		9,
		6,
		1,
		7,
		9,
		8,
		3,
		5,
		0,
		2,
		2,
		3,
		6,
		0,
		9,
		0,
		8,
		3,
		9,
		8,
		5
	],
	"formal_code":[
		5,
		11,
		0,
		1937
	],
	"tensor_product_decompositions":{
		"identifiers":[
			"formal_code"
		],
		"value":[]
	},
	"sub_fusion_rings":{
		"identifiers":[
			"injection",
			"formal_code"
		],
		"value":[]
	},
	"numeric_characters":[
		[
			[
				1.0,
				0
			],
			[
				6.885312311554378,
				0
			],
			[
				1.5118943747166655e1,
				0
			],
			[
				2.427002254652967e1,
				0
			],
			[
				2.4403269568921257e1,
				0
			]
		],
		[
			[
				1.0,
				0
			],
			[
				-2.670470518231949,
				0
			],
			[
				6.4830971071579935,
				0
			],
			[
				-5.653745124362759,
				0
			],
			[
				2.3187861998199693,
				0
			]
		],
		[
			[
				1.0,
				0
			],
			[
				0.6748859944446793,
				0
			],
			[
				4.619763157871453,
				0
			],
			[
				2.7607018350909454,
				0
			],
			[
				-5.839178046818548,
				0
			]
		],
		[
			[
				1.0,
				0
			],
			[
				1.6481224476335425,
				0
			],
			[
				-1.0448722352804222e-2,
				0
			],
			[
				-0.5813256995350434,
				0
			],
			[
				7.863387711284081e-2,
				0
			]
		],
		[
			[
				1.0,
				0
			],
			[
				-0.5378502354006507,
				0
			],
			[
				-0.21135528984329655,
				0
			],
			[
				0.20434644227718596,
				0
			],
			[
				3.8488400964482576e-2,
				0
			]
		]
	],
	"numeric_frobenius_perron_dimensions":[
		1.0,
		6.885312311554378,
		1.5118943747166654e1,
		2.427002254652967e1,
		2.4403269568921257e1
	],
	"numeric_frobenius_perron_dimension":1.4615435457201288e3,
	"info":"Fusion ring. mult_tab provides structure constants. barcode and formal_code provide unique identifiers see (DOI: 10.1063\/5.0148848). sub_fusion_rings provides tuples where the first element corresponds to the elements of the ring that form the subring isomorphic to the ring identified by the second element of the tuple. software provides doi of original software used to represent fusion ring.",
	"comments":[
		""
	]
}