{
	"references":[
		""
	],
	"software":[
		"https:\/\/doi.org\/10.5281\/zenodo.15920400"
	],
	"mult_tab":[
		[
			[
				1,
				0,
				0,
				0,
				0
			],
			[
				0,
				1,
				0,
				0,
				0
			],
			[
				0,
				0,
				1,
				0,
				0
			],
			[
				0,
				0,
				0,
				1,
				0
			],
			[
				0,
				0,
				0,
				0,
				1
			]
		],
		[
			[
				0,
				1,
				0,
				0,
				0
			],
			[
				1,
				0,
				3,
				3,
				0
			],
			[
				0,
				3,
				1,
				0,
				3
			],
			[
				0,
				3,
				0,
				2,
				3
			],
			[
				0,
				0,
				3,
				3,
				4
			]
		],
		[
			[
				0,
				0,
				1,
				0,
				0
			],
			[
				0,
				3,
				1,
				0,
				3
			],
			[
				1,
				1,
				6,
				0,
				2
			],
			[
				0,
				0,
				0,
				6,
				3
			],
			[
				0,
				3,
				2,
				3,
				5
			]
		],
		[
			[
				0,
				0,
				0,
				1,
				0
			],
			[
				0,
				3,
				0,
				2,
				3
			],
			[
				0,
				0,
				0,
				6,
				3
			],
			[
				1,
				2,
				6,
				1,
				3
			],
			[
				0,
				3,
				3,
				3,
				6
			]
		],
		[
			[
				0,
				0,
				0,
				0,
				1
			],
			[
				0,
				0,
				3,
				3,
				4
			],
			[
				0,
				3,
				2,
				3,
				5
			],
			[
				0,
				3,
				3,
				3,
				6
			],
			[
				1,
				4,
				5,
				6,
				6
			]
		]
	],
	"texnames":[
		"\\text{FR}^{5,6,0}_{69}"
	],
	"barcode":[
		6,
		1,
		9,
		6,
		7,
		0,
		2,
		5,
		9,
		6,
		9,
		5,
		7,
		2,
		7,
		7,
		0,
		5,
		5,
		2,
		5,
		0,
		6,
		7,
		0,
		6,
		6,
		3,
		6,
		0,
		7,
		6,
		8,
		2,
		9,
		3,
		1,
		5,
		2,
		8,
		6,
		7,
		2,
		8,
		8,
		0,
		5,
		1,
		7,
		7,
		5,
		6,
		2,
		4,
		6,
		7,
		0,
		5,
		6,
		4,
		7,
		3,
		0,
		7,
		8,
		3,
		4,
		1,
		5,
		0,
		6,
		8,
		6,
		5,
		3,
		6,
		6,
		3,
		6,
		6,
		6,
		0,
		4,
		3,
		0,
		2,
		8,
		5,
		0,
		4,
		6,
		3,
		1,
		5,
		1,
		3,
		1,
		0,
		2,
		8,
		6,
		5,
		1,
		7,
		7
	],
	"formal_code":[
		5,
		6,
		0,
		69
	],
	"tensor_product_decompositions":{
		"identifiers":[
			"formal_code"
		],
		"value":[]
	},
	"sub_fusion_rings":{
		"identifiers":[
			"injection",
			"formal_code"
		],
		"value":[]
	},
	"numeric_characters":[
		[
			[
				1.0,
				0
			],
			[
				8.136012312910454,
				0
			],
			[
				1.004708452186865e1,
				0
			],
			[
				1.1684480930074859e1,
				0
			],
			[
				1.5762693972725124e1,
				0
			]
		],
		[
			[
				1.0,
				0
			],
			[
				1.4834482720085407,
				0
			],
			[
				6.244883752518355,
				0
			],
			[
				-5.844677493943313,
				0
			],
			[
				-0.4770888523254707,
				0
			]
		],
		[
			[
				1.0,
				0
			],
			[
				-4.6637430274798115,
				0
			],
			[
				3.7389616608826,
				0
			],
			[
				3.177871347906253,
				0
			],
			[
				-2.395096318132909,
				0
			]
		],
		[
			[
				1.0,
				0
			],
			[
				2.1978623807388447,
				0
			],
			[
				0.18101263409349155,
				0
			],
			[
				1.095853714128849,
				0
			],
			[
				-2.125586305799165,
				0
			]
		],
		[
			[
				1.0,
				0
			],
			[
				-0.15357993817802848,
				0
			],
			[
				-0.21194256936309663,
				0
			],
			[
				-0.11352849816664767,
				0
			],
			[
				0.23507750353241966,
				0
			]
		]
	],
	"numeric_frobenius_perron_dimensions":[
		1.0,
		8.136012312910454,
		1.004708452186865e1,
		1.1684480930074859e1,
		1.5762693972725124e1
	],
	"numeric_frobenius_perron_dimension":5.53128219628471e2,
	"info":"Fusion ring. mult_tab provides structure constants. barcode and formal_code provide unique identifiers see (DOI: 10.1063\/5.0148848). sub_fusion_rings provides tuples where the first element corresponds to the elements of the ring that form the subring isomorphic to the ring identified by the second element of the tuple. software provides doi of original software used to represent fusion ring.",
	"comments":[
		""
	]
}