{
	"references":[
		""
	],
	"software":[
		"https:\/\/doi.org\/10.5281\/zenodo.15920400"
	],
	"mult_tab":[
		[
			[
				1,
				0,
				0,
				0,
				0
			],
			[
				0,
				1,
				0,
				0,
				0
			],
			[
				0,
				0,
				1,
				0,
				0
			],
			[
				0,
				0,
				0,
				1,
				0
			],
			[
				0,
				0,
				0,
				0,
				1
			]
		],
		[
			[
				0,
				1,
				0,
				0,
				0
			],
			[
				1,
				12,
				3,
				1,
				1
			],
			[
				0,
				3,
				10,
				5,
				0
			],
			[
				0,
				1,
				5,
				7,
				6
			],
			[
				0,
				1,
				0,
				6,
				12
			]
		],
		[
			[
				0,
				0,
				1,
				0,
				0
			],
			[
				0,
				3,
				10,
				5,
				0
			],
			[
				1,
				10,
				1,
				5,
				5
			],
			[
				0,
				5,
				5,
				3,
				10
			],
			[
				0,
				0,
				5,
				10,
				8
			]
		],
		[
			[
				0,
				0,
				0,
				1,
				0
			],
			[
				0,
				1,
				5,
				7,
				6
			],
			[
				0,
				5,
				5,
				3,
				10
			],
			[
				1,
				7,
				3,
				12,
				5
			],
			[
				0,
				6,
				10,
				5,
				8
			]
		],
		[
			[
				0,
				0,
				0,
				0,
				1
			],
			[
				0,
				1,
				0,
				6,
				12
			],
			[
				0,
				0,
				5,
				10,
				8
			],
			[
				0,
				6,
				10,
				5,
				8
			],
			[
				1,
				12,
				8,
				8,
				4
			]
		]
	],
	"texnames":[
		"\\text{FR}^{5,12,0}_{1698}"
	],
	"barcode":[
		1,
		3,
		4,
		5,
		7,
		8,
		5,
		2,
		8,
		7,
		0,
		6,
		3,
		2,
		5,
		1,
		9,
		2,
		9,
		5,
		4,
		0,
		9,
		2,
		4,
		6,
		7,
		7,
		1,
		2,
		3,
		4,
		6,
		1,
		8,
		7,
		3,
		4,
		8,
		4,
		4,
		5,
		4,
		7,
		5,
		0,
		0,
		3,
		5,
		2,
		7,
		7,
		0,
		7,
		3,
		2,
		2,
		2,
		8,
		7,
		0,
		1,
		8,
		3,
		0,
		8,
		9,
		7,
		8,
		2,
		1,
		5,
		1,
		2,
		9,
		3,
		5,
		2,
		3,
		3,
		8,
		9,
		2,
		5,
		6,
		0,
		5,
		7,
		7,
		8,
		5,
		5,
		1,
		7,
		2,
		1,
		2,
		2,
		9,
		5,
		6,
		5,
		8,
		4,
		0,
		2,
		9,
		1,
		6,
		8,
		9,
		7,
		4,
		4,
		8,
		0,
		4,
		4,
		0,
		8,
		8,
		8,
		1,
		3,
		7,
		2,
		4,
		8,
		0,
		0,
		4,
		8,
		1,
		8,
		3,
		6,
		0,
		1,
		2
	],
	"formal_code":[
		5,
		12,
		0,
		1698
	],
	"tensor_product_decompositions":{
		"identifiers":[
			"formal_code"
		],
		"value":[]
	},
	"sub_fusion_rings":{
		"identifiers":[
			"injection",
			"formal_code"
		],
		"value":[]
	},
	"numeric_characters":[
		[
			[
				1.0,
				0
			],
			[
				1.837330907464957e1,
				0
			],
			[
				2.1534662746044898e1,
				0
			],
			[
				2.503929195340541e1,
				0
			],
			[
				2.6455497265265276e1,
				0
			]
		],
		[
			[
				1.0,
				0
			],
			[
				1.2691027269209263e1,
				0
			],
			[
				7.688754279332284,
				0
			],
			[
				-3.47648687513904,
				0
			],
			[
				-1.1819930045555843e1,
				0
			]
		],
		[
			[
				1.0,
				0
			],
			[
				0.88953490703152,
				0
			],
			[
				-4.883489569465373,
				0
			],
			[
				8.364451306679078,
				0
			],
			[
				-4.597129131833625,
				0
			]
		],
		[
			[
				1.0,
				0
			],
			[
				9.14106423791694,
				0
			],
			[
				-9.396260652093805,
				0
			],
			[
				-3.870481681962711,
				0
			],
			[
				4.925548184964853,
				0
			]
		],
		[
			[
				1.0,
				0
			],
			[
				-9.493548880729236e-2,
				0
			],
			[
				5.6333196181995435e-2,
				0
			],
			[
				-5.677470298273842e-2,
				0
			],
			[
				3.601372715933987e-2,
				0
			]
		]
	],
	"numeric_frobenius_perron_dimensions":[
		1.0,
		1.8373309074649573e1,
		2.1534662746044898e1,
		2.503929195340541e1,
		2.6455497265265272e1
	],
	"numeric_frobenius_perron_dimension":2.1291796630188255e3,
	"info":"Fusion ring. mult_tab provides structure constants. barcode and formal_code provide unique identifiers see (DOI: 10.1063\/5.0148848). sub_fusion_rings provides tuples where the first element corresponds to the elements of the ring that form the subring isomorphic to the ring identified by the second element of the tuple. software provides doi of original software used to represent fusion ring.",
	"comments":[
		""
	]
}