{
	"references":[
		""
	],
	"software":[
		"https:\/\/doi.org\/10.5281\/zenodo.15920400"
	],
	"mult_tab":[
		[
			[
				1,
				0,
				0,
				0,
				0
			],
			[
				0,
				1,
				0,
				0,
				0
			],
			[
				0,
				0,
				1,
				0,
				0
			],
			[
				0,
				0,
				0,
				1,
				0
			],
			[
				0,
				0,
				0,
				0,
				1
			]
		],
		[
			[
				0,
				1,
				0,
				0,
				0
			],
			[
				1,
				10,
				1,
				9,
				3
			],
			[
				0,
				1,
				6,
				8,
				10
			],
			[
				0,
				9,
				8,
				7,
				3
			],
			[
				0,
				3,
				10,
				3,
				11
			]
		],
		[
			[
				0,
				0,
				1,
				0,
				0
			],
			[
				0,
				1,
				6,
				8,
				10
			],
			[
				1,
				6,
				2,
				12,
				10
			],
			[
				0,
				8,
				12,
				3,
				8
			],
			[
				0,
				10,
				10,
				8,
				5
			]
		],
		[
			[
				0,
				0,
				0,
				1,
				0
			],
			[
				0,
				9,
				8,
				7,
				3
			],
			[
				0,
				8,
				12,
				3,
				8
			],
			[
				1,
				7,
				3,
				11,
				10
			],
			[
				0,
				3,
				8,
				10,
				11
			]
		],
		[
			[
				0,
				0,
				0,
				0,
				1
			],
			[
				0,
				3,
				10,
				3,
				11
			],
			[
				0,
				10,
				10,
				8,
				5
			],
			[
				0,
				3,
				8,
				10,
				11
			],
			[
				1,
				11,
				5,
				11,
				8
			]
		]
	],
	"texnames":[
		"\\text{FR}^{5,12,0}_{1009}"
	],
	"barcode":[
		1,
		3,
		4,
		5,
		7,
		8,
		5,
		2,
		8,
		7,
		0,
		6,
		3,
		2,
		5,
		1,
		9,
		2,
		9,
		5,
		4,
		0,
		9,
		2,
		4,
		6,
		7,
		7,
		1,
		2,
		3,
		4,
		6,
		1,
		8,
		5,
		4,
		3,
		1,
		3,
		4,
		8,
		3,
		4,
		7,
		2,
		6,
		1,
		7,
		2,
		7,
		7,
		3,
		9,
		5,
		7,
		4,
		5,
		6,
		0,
		7,
		2,
		4,
		0,
		6,
		2,
		5,
		8,
		0,
		3,
		2,
		0,
		2,
		2,
		4,
		3,
		2,
		8,
		4,
		2,
		0,
		0,
		7,
		7,
		0,
		4,
		5,
		3,
		5,
		5,
		6,
		2,
		9,
		5,
		2,
		8,
		9,
		9,
		3,
		7,
		1,
		6,
		7,
		7,
		6,
		5,
		2,
		8,
		4,
		1,
		4,
		8,
		1,
		2,
		2,
		7,
		9,
		7,
		8,
		8,
		9,
		7,
		5,
		1,
		6,
		0,
		6,
		6,
		7,
		1,
		5,
		4,
		6,
		7,
		4,
		1,
		0,
		9,
		8
	],
	"formal_code":[
		5,
		12,
		0,
		1009
	],
	"tensor_product_decompositions":{
		"identifiers":[
			"formal_code"
		],
		"value":[]
	},
	"sub_fusion_rings":{
		"identifiers":[
			"injection",
			"formal_code"
		],
		"value":[]
	},
	"numeric_characters":[
		[
			[
				1.0,
				0
			],
			[
				2.563154347436571e1,
				0
			],
			[
				2.9993414600873265e1,
				0
			],
			[
				3.041083754114593e1,
				0
			],
			[
				3.1989877887818558e1,
				0
			]
		],
		[
			[
				1.0,
				0
			],
			[
				-5.835829898560655,
				0
			],
			[
				-1.0728549949244613e1,
				0
			],
			[
				9.439185286814574,
				0
			],
			[
				5.730363986151484,
				0
			]
		],
		[
			[
				1.0,
				0
			],
			[
				1.1765822603649793e1,
				0
			],
			[
				-6.07069798217395,
				0
			],
			[
				6.0420561456048905,
				0
			],
			[
				-9.510483941403868,
				0
			]
		],
		[
			[
				1.0,
				0
			],
			[
				-0.11482844708684904,
				0
			],
			[
				0.13432620097595185,
				0
			],
			[
				3.6228759166957246e-2,
				0
			],
			[
				-9.963833011656646e-2,
				0
			]
		],
		[
			[
				1.0,
				0
			],
			[
				2.553292267632001,
				0
			],
			[
				-2.3284928704306536,
				0
			],
			[
				-2.928307732732351,
				0
			],
			[
				2.8898803975503897,
				0
			]
		]
	],
	"numeric_frobenius_perron_dimensions":[
		1.0,
		2.563154347436571e1,
		2.9993414600873262e1,
		3.0410837541145927e1,
		3.1989877887818558e1
	],
	"numeric_frobenius_perron_dimension":3.50575226752969e3,
	"info":"Fusion ring. mult_tab provides structure constants. barcode and formal_code provide unique identifiers see (DOI: 10.1063\/5.0148848). sub_fusion_rings provides tuples where the first element corresponds to the elements of the ring that form the subring isomorphic to the ring identified by the second element of the tuple. software provides doi of original software used to represent fusion ring.",
	"comments":[
		""
	]
}