{
	"references":[
		""
	],
	"software":[
		"https:\/\/doi.org\/10.5281\/zenodo.15920400"
	],
	"mult_tab":[
		[
			[
				1,
				0,
				0,
				0,
				0
			],
			[
				0,
				1,
				0,
				0,
				0
			],
			[
				0,
				0,
				1,
				0,
				0
			],
			[
				0,
				0,
				0,
				1,
				0
			],
			[
				0,
				0,
				0,
				0,
				1
			]
		],
		[
			[
				0,
				1,
				0,
				0,
				0
			],
			[
				1,
				0,
				1,
				2,
				0
			],
			[
				0,
				1,
				1,
				1,
				4
			],
			[
				0,
				2,
				1,
				1,
				4
			],
			[
				0,
				0,
				4,
				4,
				1
			]
		],
		[
			[
				0,
				0,
				1,
				0,
				0
			],
			[
				0,
				1,
				1,
				1,
				4
			],
			[
				1,
				1,
				6,
				6,
				4
			],
			[
				0,
				1,
				6,
				7,
				4
			],
			[
				0,
				4,
				4,
				4,
				10
			]
		],
		[
			[
				0,
				0,
				0,
				1,
				0
			],
			[
				0,
				2,
				1,
				1,
				4
			],
			[
				0,
				1,
				6,
				7,
				4
			],
			[
				1,
				1,
				7,
				7,
				4
			],
			[
				0,
				4,
				4,
				4,
				11
			]
		],
		[
			[
				0,
				0,
				0,
				0,
				1
			],
			[
				0,
				0,
				4,
				4,
				1
			],
			[
				0,
				4,
				4,
				4,
				10
			],
			[
				0,
				4,
				4,
				4,
				11
			],
			[
				1,
				1,
				10,
				11,
				5
			]
		]
	],
	"texnames":[
		"\\text{FR}^{5,11,0}_{2073}"
	],
	"barcode":[
		6,
		5,
		8,
		3,
		7,
		7,
		0,
		0,
		7,
		1,
		1,
		6,
		2,
		1,
		8,
		2,
		3,
		4,
		2,
		2,
		0,
		4,
		1,
		2,
		6,
		8,
		4,
		4,
		3,
		7,
		1,
		5,
		4,
		2,
		0,
		5,
		5,
		9,
		2,
		6,
		3,
		7,
		7,
		0,
		0,
		2,
		3,
		1,
		6,
		6,
		5,
		9,
		2,
		1,
		2,
		7,
		2,
		1,
		6,
		4,
		9,
		1,
		5,
		4,
		0,
		6,
		3,
		9,
		8,
		5,
		3,
		2,
		3,
		3,
		5,
		9,
		5,
		6,
		1,
		5,
		0,
		7,
		9,
		7,
		2,
		9,
		4,
		1,
		8,
		9,
		6,
		0,
		0,
		7,
		3,
		6,
		2,
		4,
		1,
		0,
		5,
		7,
		2,
		4,
		6,
		1,
		1,
		8,
		0,
		4,
		7,
		5,
		6,
		4,
		5,
		5,
		5,
		9,
		4,
		0,
		8,
		2,
		2,
		0,
		1,
		0,
		7,
		6,
		8,
		2,
		1,
		7,
		7,
		6
	],
	"formal_code":[
		5,
		11,
		0,
		2073
	],
	"tensor_product_decompositions":{
		"identifiers":[
			"formal_code"
		],
		"value":[]
	},
	"sub_fusion_rings":{
		"identifiers":[
			"injection",
			"formal_code"
		],
		"value":[]
	},
	"numeric_characters":[
		[
			[
				1.0,
				0
			],
			[
				7.521460156818844,
				0
			],
			[
				1.785745429687112e1,
				0
			],
			[
				1.885745429687112e1,
				0
			],
			[
				2.2519440561392127e1,
				0
			]
		],
		[
			[
				1.0,
				0
			],
			[
				-4.673782960087126,
				0
			],
			[
				6.2814157193335936,
				0
			],
			[
				7.2814157193335936,
				0
			],
			[
				-9.561755558206208,
				0
			]
		],
		[
			[
				1.0,
				0
			],
			[
				1.2101342481318227,
				0
			],
			[
				-0.5118583671661427,
				0
			],
			[
				0.48814163283385725,
				0
			],
			[
				-0.4514587135250299,
				0
			]
		],
		[
			[
				1.0,
				0
			],
			[
				0.0,
				0
			],
			[
				1.0,
				0
			],
			[
				-1.0,
				0
			],
			[
				0.0,
				0
			]
		],
		[
			[
				1.0,
				0
			],
			[
				-1.0578114448635407,
				0
			],
			[
				-0.6270116490385694,
				0
			],
			[
				0.37298835096143057,
				0
			],
			[
				0.49377371033911,
				0
			]
		]
	],
	"numeric_frobenius_perron_dimensions":[
		1.0,
		7.521460156818845,
		1.785745429687112e1,
		1.885745429687112e1,
		2.2519440561392127e1
	],
	"numeric_frobenius_perron_dimension":1.2391898226121102e3,
	"info":"Fusion ring. mult_tab provides structure constants. barcode and formal_code provide unique identifiers see (DOI: 10.1063\/5.0148848). sub_fusion_rings provides tuples where the first element corresponds to the elements of the ring that form the subring isomorphic to the ring identified by the second element of the tuple. software provides doi of original software used to represent fusion ring.",
	"comments":[
		""
	]
}