{
	"references":[
		""
	],
	"software":[
		"https:\/\/doi.org\/10.5281\/zenodo.15920400"
	],
	"mult_tab":[
		[
			[
				1,
				0,
				0,
				0,
				0
			],
			[
				0,
				1,
				0,
				0,
				0
			],
			[
				0,
				0,
				1,
				0,
				0
			],
			[
				0,
				0,
				0,
				1,
				0
			],
			[
				0,
				0,
				0,
				0,
				1
			]
		],
		[
			[
				0,
				1,
				0,
				0,
				0
			],
			[
				1,
				6,
				2,
				0,
				1
			],
			[
				0,
				2,
				3,
				1,
				3
			],
			[
				0,
				0,
				1,
				5,
				3
			],
			[
				0,
				1,
				3,
				3,
				5
			]
		],
		[
			[
				0,
				0,
				1,
				0,
				0
			],
			[
				0,
				2,
				3,
				1,
				3
			],
			[
				1,
				3,
				0,
				3,
				4
			],
			[
				0,
				1,
				3,
				1,
				5
			],
			[
				0,
				3,
				4,
				5,
				3
			]
		],
		[
			[
				0,
				0,
				0,
				1,
				0
			],
			[
				0,
				0,
				1,
				5,
				3
			],
			[
				0,
				1,
				3,
				1,
				5
			],
			[
				1,
				5,
				1,
				4,
				2
			],
			[
				0,
				3,
				5,
				2,
				5
			]
		],
		[
			[
				0,
				0,
				0,
				0,
				1
			],
			[
				0,
				1,
				3,
				3,
				5
			],
			[
				0,
				3,
				4,
				5,
				3
			],
			[
				0,
				3,
				5,
				2,
				5
			],
			[
				1,
				5,
				3,
				5,
				7
			]
		]
	],
	"texnames":[
		"\\text{FR}^{5,7,0}_{313}"
	],
	"barcode":[
		9,
		6,
		1,
		9,
		6,
		6,
		7,
		1,
		1,
		5,
		1,
		5,
		9,
		4,
		6,
		1,
		3,
		2,
		2,
		9,
		6,
		4,
		4,
		3,
		8,
		9,
		1,
		9,
		3,
		5,
		8,
		2,
		1,
		7,
		8,
		1,
		0,
		8,
		8,
		2,
		5,
		7,
		8,
		0,
		5,
		8,
		9,
		6,
		5,
		3,
		4,
		1,
		0,
		4,
		1,
		9,
		0,
		6,
		5,
		6,
		6,
		5,
		0,
		9,
		7,
		1,
		0,
		2,
		6,
		0,
		6,
		0,
		2,
		6,
		9,
		6,
		2,
		5,
		7,
		5,
		1,
		5,
		2,
		9,
		2,
		2,
		9,
		8,
		9,
		1,
		7,
		6,
		6,
		8,
		4,
		3,
		4,
		3,
		6,
		5,
		6,
		9,
		7,
		7,
		2,
		6,
		1,
		9,
		1,
		3,
		8,
		4
	],
	"formal_code":[
		5,
		7,
		0,
		313
	],
	"tensor_product_decompositions":{
		"identifiers":[
			"formal_code"
		],
		"value":[]
	},
	"sub_fusion_rings":{
		"identifiers":[
			"injection",
			"formal_code"
		],
		"value":[]
	},
	"numeric_characters":[
		[
			[
				1.0,
				0
			],
			[
				9.99420375392921,
				0
			],
			[
				1.1441181172239796e1,
				0
			],
			[
				1.1923973375411764e1,
				0
			],
			[
				1.6036523806997867e1,
				0
			]
		],
		[
			[
				1.0,
				0
			],
			[
				2.564234156667187,
				0
			],
			[
				-3.479797705372988,
				0
			],
			[
				4.939446825490472,
				0
			],
			[
				-2.8505127190384663,
				0
			]
		],
		[
			[
				1.0,
				0
			],
			[
				6.186577713817247,
				0
			],
			[
				0.9869905128727923,
				0
			],
			[
				-3.7689229569185065,
				0
			],
			[
				-1.819703499548831,
				0
			]
		],
		[
			[
				1.0,
				0
			],
			[
				-0.2148104485768791,
				0
			],
			[
				0.20952564579028143,
				0
			],
			[
				8.170875726808418e-3,
				0
			],
			[
				-8.404507130148839e-2,
				0
			]
		],
		[
			[
				1.0,
				0
			],
			[
				0.46979482416323465,
				0
			],
			[
				-3.1578996255298817,
				0
			],
			[
				-1.1026681197105388,
				0
			],
			[
				2.7177374828909198,
				0
			]
		]
	],
	"numeric_frobenius_perron_dimensions":[
		1.0,
		9.994203753929213,
		1.1441181172239796e1,
		1.1923973375411764e1,
		1.6036523806997867e1
	],
	"numeric_frobenius_perron_dimension":6.311359721610052e2,
	"info":"Fusion ring. mult_tab provides structure constants. barcode and formal_code provide unique identifiers see (DOI: 10.1063\/5.0148848). sub_fusion_rings provides tuples where the first element corresponds to the elements of the ring that form the subring isomorphic to the ring identified by the second element of the tuple. software provides doi of original software used to represent fusion ring.",
	"comments":[
		""
	]
}