{
	"references":[
		""
	],
	"software":[
		"https:\/\/doi.org\/10.5281\/zenodo.15920400"
	],
	"mult_tab":[
		[
			[
				1,
				0,
				0,
				0,
				0
			],
			[
				0,
				1,
				0,
				0,
				0
			],
			[
				0,
				0,
				1,
				0,
				0
			],
			[
				0,
				0,
				0,
				1,
				0
			],
			[
				0,
				0,
				0,
				0,
				1
			]
		],
		[
			[
				0,
				1,
				0,
				0,
				0
			],
			[
				1,
				1,
				2,
				3,
				2
			],
			[
				0,
				2,
				0,
				3,
				3
			],
			[
				0,
				3,
				3,
				5,
				5
			],
			[
				0,
				2,
				3,
				5,
				8
			]
		],
		[
			[
				0,
				0,
				1,
				0,
				0
			],
			[
				0,
				2,
				0,
				3,
				3
			],
			[
				1,
				0,
				3,
				3,
				3
			],
			[
				0,
				3,
				3,
				5,
				6
			],
			[
				0,
				3,
				3,
				6,
				8
			]
		],
		[
			[
				0,
				0,
				0,
				1,
				0
			],
			[
				0,
				3,
				3,
				5,
				5
			],
			[
				0,
				3,
				3,
				5,
				6
			],
			[
				1,
				5,
				5,
				10,
				11
			],
			[
				0,
				5,
				6,
				11,
				15
			]
		],
		[
			[
				0,
				0,
				0,
				0,
				1
			],
			[
				0,
				2,
				3,
				5,
				8
			],
			[
				0,
				3,
				3,
				6,
				8
			],
			[
				0,
				5,
				6,
				11,
				15
			],
			[
				1,
				8,
				8,
				15,
				16
			]
		]
	],
	"texnames":[
		"\\text{FR}^{5,16,0}_{292}"
	],
	"barcode":[
		3,
		7,
		6,
		4,
		1,
		4,
		4,
		3,
		4,
		3,
		0,
		6,
		5,
		8,
		9,
		6,
		9,
		9,
		4,
		3,
		9,
		0,
		0,
		0,
		5,
		8,
		2,
		8,
		2,
		6,
		5,
		5,
		9,
		0,
		2,
		3,
		0,
		6,
		1,
		9,
		2,
		6,
		3,
		7,
		8,
		6,
		5,
		0,
		7,
		6,
		0,
		1,
		5,
		9,
		0,
		9,
		0,
		6,
		4,
		5,
		4,
		0,
		1,
		7,
		6,
		7,
		7,
		5,
		3,
		0,
		8,
		7,
		6,
		3,
		1,
		5,
		8,
		4,
		9,
		3,
		4,
		5,
		7,
		5,
		7,
		1,
		5,
		3,
		0,
		3,
		8,
		9,
		1,
		8,
		8,
		0,
		2,
		7,
		5,
		7,
		2,
		5,
		6,
		9,
		0,
		9,
		0,
		6,
		2,
		6,
		3,
		8,
		0,
		9,
		3,
		9,
		8,
		0,
		5,
		2,
		1,
		1,
		9,
		6,
		2,
		2,
		7,
		8,
		3,
		7,
		4,
		9,
		2,
		8,
		6,
		5,
		6,
		2,
		2,
		0,
		1,
		8,
		5,
		0,
		2,
		8,
		8,
		5,
		0,
		5,
		2,
		0,
		4
	],
	"formal_code":[
		5,
		16,
		0,
		292
	],
	"tensor_product_decompositions":{
		"identifiers":[
			"formal_code"
		],
		"value":[]
	},
	"sub_fusion_rings":{
		"identifiers":[
			"injection",
			"formal_code"
		],
		"value":[]
	},
	"numeric_characters":[
		[
			[
				1.0,
				0
			],
			[
				1.4220434288926542e1,
				0
			],
			[
				1.5443588983969457e1,
				0
			],
			[
				2.8664023272896e1,
				0
			],
			[
				3.5060534645062134e1,
				0
			]
		],
		[
			[
				1.0,
				0
			],
			[
				-1.8988033214286664,
				0
			],
			[
				2.8090857034481203,
				0
			],
			[
				-8.971761798054598e-2,
				0
			],
			[
				-0.4223805890287007,
				0
			]
		],
		[
			[
				1.0,
				0
			],
			[
				2.2299606507878393,
				0
			],
			[
				0.7769920771666325,
				0
			],
			[
				2.006952727954472,
				0
			],
			[
				-2.9160392424611983,
				0
			]
		],
		[
			[
				1.0,
				0
			],
			[
				-1.0,
				0
			],
			[
				-1.0,
				0
			],
			[
				1.0,
				0
			],
			[
				0.0,
				0
			]
		],
		[
			[
				1.0,
				0
			],
			[
				0.4484083817142855,
				0
			],
			[
				-2.966676458420993e-2,
				0
			],
			[
				-0.5812583828699244,
				0
			],
			[
				0.277885186427766,
				0
			]
		]
	],
	"numeric_frobenius_perron_dimensions":[
		1.0,
		1.4220434288926542e1,
		1.5443588983969457e1,
		2.8664023272896e1,
		3.5060534645062134e1
	],
	"numeric_frobenius_perron_dimension":2.4925925118581863e3,
	"info":"Fusion ring. mult_tab provides structure constants. barcode and formal_code provide unique identifiers see (DOI: 10.1063\/5.0148848). sub_fusion_rings provides tuples where the first element corresponds to the elements of the ring that form the subring isomorphic to the ring identified by the second element of the tuple. software provides doi of original software used to represent fusion ring.",
	"comments":[
		""
	]
}