{
	"references":[
		""
	],
	"software":[
		"https:\/\/doi.org\/10.5281\/zenodo.15920400"
	],
	"mult_tab":[
		[
			[
				1,
				0,
				0,
				0,
				0
			],
			[
				0,
				1,
				0,
				0,
				0
			],
			[
				0,
				0,
				1,
				0,
				0
			],
			[
				0,
				0,
				0,
				1,
				0
			],
			[
				0,
				0,
				0,
				0,
				1
			]
		],
		[
			[
				0,
				1,
				0,
				0,
				0
			],
			[
				1,
				2,
				0,
				0,
				1
			],
			[
				0,
				0,
				0,
				1,
				1
			],
			[
				0,
				0,
				1,
				3,
				3
			],
			[
				0,
				1,
				1,
				3,
				3
			]
		],
		[
			[
				0,
				0,
				1,
				0,
				0
			],
			[
				0,
				0,
				0,
				1,
				1
			],
			[
				1,
				0,
				5,
				0,
				1
			],
			[
				0,
				1,
				0,
				4,
				4
			],
			[
				0,
				1,
				1,
				4,
				4
			]
		],
		[
			[
				0,
				0,
				0,
				1,
				0
			],
			[
				0,
				0,
				1,
				3,
				3
			],
			[
				0,
				1,
				0,
				4,
				4
			],
			[
				1,
				3,
				4,
				12,
				12
			],
			[
				0,
				3,
				4,
				12,
				13
			]
		],
		[
			[
				0,
				0,
				0,
				0,
				1
			],
			[
				0,
				1,
				1,
				3,
				3
			],
			[
				0,
				1,
				1,
				4,
				4
			],
			[
				0,
				3,
				4,
				12,
				13
			],
			[
				1,
				3,
				4,
				13,
				13
			]
		]
	],
	"texnames":[
		"\\text{FR}^{5,13,0}_{1160}"
	],
	"barcode":[
		1,
		3,
		1,
		7,
		8,
		8,
		1,
		8,
		6,
		4,
		8,
		7,
		2,
		1,
		4,
		1,
		5,
		3,
		0,
		1,
		5,
		0,
		1,
		5,
		4,
		3,
		3,
		8,
		4,
		9,
		5,
		2,
		4,
		7,
		8,
		9,
		3,
		8,
		4,
		3,
		2,
		9,
		5,
		3,
		2,
		5,
		6,
		6,
		8,
		6,
		2,
		5,
		7,
		1,
		9,
		8,
		2,
		6,
		9,
		3,
		2,
		9,
		9,
		5,
		4,
		1,
		7,
		3,
		9,
		5,
		5,
		3,
		1,
		9,
		3,
		8,
		4,
		3,
		8,
		4,
		3,
		7,
		0,
		4,
		8,
		7,
		9,
		0,
		8,
		3,
		8,
		8,
		2,
		2,
		1,
		7,
		6,
		8,
		0,
		3,
		7,
		5,
		8,
		3,
		2,
		9,
		0,
		5,
		1,
		8,
		4,
		3,
		1,
		3,
		1,
		3,
		3,
		5,
		0,
		6,
		3,
		7,
		3,
		4,
		9,
		8,
		6,
		9,
		9,
		5,
		5,
		8,
		0,
		0,
		7,
		4,
		4,
		8,
		4,
		6,
		6,
		6,
		6
	],
	"formal_code":[
		5,
		13,
		0,
		1160
	],
	"tensor_product_decompositions":{
		"identifiers":[
			"formal_code"
		],
		"value":[]
	},
	"sub_fusion_rings":{
		"identifiers":[
			"injection",
			"formal_code"
		],
		"value":[]
	},
	"numeric_characters":[
		[
			[
				1.0,
				0
			],
			[
				6.430169509166994,
				0
			],
			[
				8.393788331649425,
				0
			],
			[
				2.648674089828691e1,
				0
			],
			[
				2.748674089828691e1,
				0
			]
		],
		[
			[
				1.0,
				0
			],
			[
				2.4872504021423625,
				0
			],
			[
				-0.2316503727001043,
				0
			],
			[
				-0.7880862413273813,
				0
			],
			[
				0.21191375867261872,
				0
			]
		],
		[
			[
				1.0,
				0
			],
			[
				-0.3075876978824971,
				0
			],
			[
				5.138140554946542,
				0
			],
			[
				-1.2902144123463515,
				0
			],
			[
				-0.2902144123463515,
				0
			]
		],
		[
			[
				1.0,
				0
			],
			[
				0.0,
				0
			],
			[
				0.0,
				0
			],
			[
				1.0,
				0
			],
			[
				-1.0,
				0
			]
		],
		[
			[
				1.0,
				0
			],
			[
				-0.6098322134268592,
				0
			],
			[
				-0.30027851389586263,
				0
			],
			[
				-0.40844024461317907,
				0
			],
			[
				0.5915597553868209,
				0
			]
		]
	],
	"numeric_frobenius_perron_dimensions":[
		1.0,
		6.430169509166994,
		8.393788331649423,
		2.648674089828691e1,
		2.748674089828691e1
	],
	"numeric_frobenius_perron_dimension":1.5698711310956978e3,
	"info":"Fusion ring. mult_tab provides structure constants. barcode and formal_code provide unique identifiers see (DOI: 10.1063\/5.0148848). sub_fusion_rings provides tuples where the first element corresponds to the elements of the ring that form the subring isomorphic to the ring identified by the second element of the tuple. software provides doi of original software used to represent fusion ring.",
	"comments":[
		""
	]
}