{
	"references":[
		""
	],
	"software":[
		"https:\/\/doi.org\/10.5281\/zenodo.15920400"
	],
	"mult_tab":[
		[
			[
				1,
				0,
				0,
				0,
				0
			],
			[
				0,
				1,
				0,
				0,
				0
			],
			[
				0,
				0,
				1,
				0,
				0
			],
			[
				0,
				0,
				0,
				1,
				0
			],
			[
				0,
				0,
				0,
				0,
				1
			]
		],
		[
			[
				0,
				1,
				0,
				0,
				0
			],
			[
				1,
				0,
				3,
				3,
				0
			],
			[
				0,
				3,
				1,
				0,
				3
			],
			[
				0,
				3,
				0,
				2,
				3
			],
			[
				0,
				0,
				3,
				3,
				2
			]
		],
		[
			[
				0,
				0,
				1,
				0,
				0
			],
			[
				0,
				3,
				1,
				0,
				3
			],
			[
				1,
				1,
				0,
				6,
				0
			],
			[
				0,
				0,
				6,
				0,
				3
			],
			[
				0,
				3,
				0,
				3,
				3
			]
		],
		[
			[
				0,
				0,
				0,
				1,
				0
			],
			[
				0,
				3,
				0,
				2,
				3
			],
			[
				0,
				0,
				6,
				0,
				3
			],
			[
				1,
				2,
				0,
				7,
				1
			],
			[
				0,
				3,
				3,
				1,
				4
			]
		],
		[
			[
				0,
				0,
				0,
				0,
				1
			],
			[
				0,
				0,
				3,
				3,
				2
			],
			[
				0,
				3,
				0,
				3,
				3
			],
			[
				0,
				3,
				3,
				1,
				4
			],
			[
				1,
				2,
				3,
				4,
				2
			]
		]
	],
	"texnames":[
		"\\text{FR}^{5,7,0}_{140}"
	],
	"barcode":[
		9,
		6,
		1,
		9,
		6,
		6,
		7,
		1,
		1,
		5,
		1,
		5,
		9,
		4,
		6,
		1,
		3,
		2,
		2,
		9,
		6,
		4,
		4,
		3,
		8,
		9,
		2,
		0,
		2,
		3,
		6,
		5,
		6,
		5,
		1,
		8,
		9,
		5,
		9,
		4,
		4,
		9,
		1,
		5,
		5,
		7,
		6,
		9,
		9,
		2,
		7,
		6,
		6,
		6,
		8,
		8,
		3,
		9,
		0,
		7,
		5,
		7,
		7,
		9,
		0,
		5,
		5,
		5,
		2,
		6,
		0,
		8,
		1,
		5,
		0,
		8,
		7,
		6,
		9,
		5,
		0,
		6,
		6,
		1,
		4,
		4,
		1,
		5,
		2,
		0,
		9,
		7,
		4,
		1,
		3,
		0,
		4,
		9,
		6,
		2,
		0,
		5,
		5,
		0,
		1,
		7,
		6,
		6,
		6,
		7,
		7,
		0
	],
	"formal_code":[
		5,
		7,
		0,
		140
	],
	"tensor_product_decompositions":{
		"identifiers":[
			"formal_code"
		],
		"value":[]
	},
	"sub_fusion_rings":{
		"identifiers":[
			"injection",
			"formal_code"
		],
		"value":[]
	},
	"numeric_characters":[
		[
			[
				1.0,
				0
			],
			[
				7.3764051680954195,
				0
			],
			[
				8.144465513244906,
				0
			],
			[
				9.659318888056697,
				0
			],
			[
				9.934398828581157,
				0
			]
		],
		[
			[
				1.0,
				0
			],
			[
				-4.936341797699412,
				0
			],
			[
				4.197124348635997,
				0
			],
			[
				3.592032432602092,
				0
			],
			[
				-3.3688464359505166,
				0
			]
		],
		[
			[
				1.0,
				0
			],
			[
				1.5154986346650683,
				0
			],
			[
				-6.756191003930503,
				0
			],
			[
				7.188436374487732,
				0
			],
			[
				-2.6764343806859325,
				0
			]
		],
		[
			[
				1.0,
				0
			],
			[
				1.3525848740784476,
				0
			],
			[
				0.6071535256002158,
				0
			],
			[
				-0.33065824507161257,
				0
			],
			[
				-1.2812271576217684,
				0
			]
		],
		[
			[
				1.0,
				0
			],
			[
				-0.3081468791395229,
				0
			],
			[
				-0.1925523835506151,
				0
			],
			[
				-0.10912945007490898,
				0
			],
			[
				0.39210914567706073,
				0
			]
		]
	],
	"numeric_frobenius_perron_dimensions":[
		1.0,
		7.3764051680954195,
		8.144465513244905,
		9.6593188880567,
		9.934398828581157
	],
	"numeric_frobenius_perron_dimension":3.13738393166824e2,
	"info":"Fusion ring. mult_tab provides structure constants. barcode and formal_code provide unique identifiers see (DOI: 10.1063\/5.0148848). sub_fusion_rings provides tuples where the first element corresponds to the elements of the ring that form the subring isomorphic to the ring identified by the second element of the tuple. software provides doi of original software used to represent fusion ring.",
	"comments":[
		""
	]
}