{
	"references":[
		""
	],
	"software":[
		"https:\/\/doi.org\/10.5281\/zenodo.15920400"
	],
	"mult_tab":[
		[
			[
				1,
				0,
				0,
				0,
				0
			],
			[
				0,
				1,
				0,
				0,
				0
			],
			[
				0,
				0,
				1,
				0,
				0
			],
			[
				0,
				0,
				0,
				1,
				0
			],
			[
				0,
				0,
				0,
				0,
				1
			]
		],
		[
			[
				0,
				1,
				0,
				0,
				0
			],
			[
				1,
				3,
				2,
				1,
				2
			],
			[
				0,
				2,
				3,
				2,
				3
			],
			[
				0,
				1,
				2,
				4,
				4
			],
			[
				0,
				2,
				3,
				4,
				3
			]
		],
		[
			[
				0,
				0,
				1,
				0,
				0
			],
			[
				0,
				2,
				3,
				2,
				3
			],
			[
				1,
				3,
				2,
				4,
				4
			],
			[
				0,
				2,
				4,
				4,
				5
			],
			[
				0,
				3,
				4,
				5,
				4
			]
		],
		[
			[
				0,
				0,
				0,
				1,
				0
			],
			[
				0,
				1,
				2,
				4,
				4
			],
			[
				0,
				2,
				4,
				4,
				5
			],
			[
				1,
				4,
				4,
				4,
				6
			],
			[
				0,
				4,
				5,
				6,
				4
			]
		],
		[
			[
				0,
				0,
				0,
				0,
				1
			],
			[
				0,
				2,
				3,
				4,
				3
			],
			[
				0,
				3,
				4,
				5,
				4
			],
			[
				0,
				4,
				5,
				6,
				4
			],
			[
				1,
				3,
				4,
				4,
				8
			]
		]
	],
	"texnames":[
		"\\text{FR}^{5,8,0}_{179}"
	],
	"barcode":[
		2,
		1,
		1,
		8,
		7,
		1,
		2,
		2,
		9,
		9,
		1,
		3,
		9,
		8,
		3,
		2,
		0,
		3,
		2,
		5,
		8,
		3,
		1,
		9,
		3,
		6,
		7,
		6,
		2,
		1,
		9,
		9,
		8,
		0,
		7,
		3,
		0,
		6,
		3,
		4,
		9,
		8,
		7,
		0,
		2,
		6,
		2,
		2,
		5,
		4,
		0,
		0,
		5,
		4,
		4,
		9,
		3,
		4,
		4,
		4,
		8,
		3,
		9,
		8,
		8,
		8,
		2,
		8,
		4,
		6,
		5,
		5,
		5,
		1,
		0,
		8,
		3,
		3,
		9,
		2,
		6,
		3,
		3,
		1,
		2,
		3,
		4,
		3,
		0,
		4,
		6,
		6,
		4,
		6,
		4,
		1,
		5,
		5,
		0,
		5,
		6,
		0,
		3,
		6,
		2,
		1,
		0,
		7,
		9,
		0,
		7,
		6,
		2,
		9,
		6,
		7,
		0,
		7,
		7
	],
	"formal_code":[
		5,
		8,
		0,
		179
	],
	"tensor_product_decompositions":{
		"identifiers":[
			"formal_code"
		],
		"value":[]
	},
	"sub_fusion_rings":{
		"identifiers":[
			"injection",
			"formal_code"
		],
		"value":[]
	},
	"numeric_characters":[
		[
			[
				1.0,
				0
			],
			[
				1.0524496820212367e1,
				0
			],
			[
				1.3919271749454712e1,
				0
			],
			[
				1.6314046678697057e1,
				0
			],
			[
				1.7019476340208318e1,
				0
			]
		],
		[
			[
				1.0,
				0
			],
			[
				2.852674744408006,
				0
			],
			[
				0.8898515877257728,
				0
			],
			[
				-2.07297156895646,
				0
			],
			[
				-0.5635013211679109,
				0
			]
		],
		[
			[
				1.0,
				0
			],
			[
				1.0,
				0
			],
			[
				-2.0,
				0
			],
			[
				1.0,
				0
			],
			[
				0.0,
				0
			]
		],
		[
			[
				1.0,
				0
			],
			[
				-0.9614527139426617,
				0
			],
			[
				-1.157787341701848,
				0
			],
			[
				-2.3541219694610342,
				0
			],
			[
				3.7392230579202126,
				0
			]
		],
		[
			[
				1.0,
				0
			],
			[
				-0.41571885067771047,
				0
			],
			[
				0.34866400452136415,
				0
			],
			[
				0.1130468597204388,
				0
			],
			[
				-0.19519807696061955,
				0
			]
		]
	],
	"numeric_frobenius_perron_dimensions":[
		1.0,
		1.0524496820212367e1,
		1.3919271749454712e1,
		1.6314046678697057e1,
		1.7019476340208318e1
	],
	"numeric_frobenius_perron_dimension":8.613218532834455e2,
	"info":"Fusion ring. mult_tab provides structure constants. barcode and formal_code provide unique identifiers see (DOI: 10.1063\/5.0148848). sub_fusion_rings provides tuples where the first element corresponds to the elements of the ring that form the subring isomorphic to the ring identified by the second element of the tuple. software provides doi of original software used to represent fusion ring.",
	"comments":[
		""
	]
}