{
	"references":[
		""
	],
	"software":[
		"https:\/\/doi.org\/10.5281\/zenodo.15920400"
	],
	"mult_tab":[
		[
			[
				1,
				0,
				0,
				0,
				0
			],
			[
				0,
				1,
				0,
				0,
				0
			],
			[
				0,
				0,
				1,
				0,
				0
			],
			[
				0,
				0,
				0,
				1,
				0
			],
			[
				0,
				0,
				0,
				0,
				1
			]
		],
		[
			[
				0,
				1,
				0,
				0,
				0
			],
			[
				1,
				2,
				1,
				2,
				2
			],
			[
				0,
				1,
				2,
				5,
				5
			],
			[
				0,
				2,
				5,
				3,
				4
			],
			[
				0,
				2,
				5,
				4,
				4
			]
		],
		[
			[
				0,
				0,
				1,
				0,
				0
			],
			[
				0,
				1,
				2,
				5,
				5
			],
			[
				1,
				2,
				0,
				13,
				12
			],
			[
				0,
				5,
				13,
				5,
				7
			],
			[
				0,
				5,
				12,
				7,
				8
			]
		],
		[
			[
				0,
				0,
				0,
				1,
				0
			],
			[
				0,
				2,
				5,
				3,
				4
			],
			[
				0,
				5,
				13,
				5,
				7
			],
			[
				1,
				3,
				5,
				9,
				12
			],
			[
				0,
				4,
				7,
				12,
				9
			]
		],
		[
			[
				0,
				0,
				0,
				0,
				1
			],
			[
				0,
				2,
				5,
				4,
				4
			],
			[
				0,
				5,
				12,
				7,
				8
			],
			[
				0,
				4,
				7,
				12,
				9
			],
			[
				1,
				4,
				8,
				9,
				13
			]
		]
	],
	"texnames":[
		"\\text{FR}^{5,13,0}_{322}"
	],
	"barcode":[
		1,
		3,
		1,
		7,
		8,
		8,
		1,
		8,
		6,
		4,
		8,
		7,
		2,
		1,
		4,
		1,
		5,
		3,
		0,
		1,
		5,
		0,
		1,
		5,
		4,
		3,
		3,
		8,
		4,
		9,
		5,
		2,
		4,
		7,
		8,
		9,
		2,
		8,
		1,
		2,
		7,
		4,
		3,
		6,
		7,
		0,
		0,
		2,
		6,
		3,
		2,
		9,
		6,
		2,
		4,
		6,
		8,
		7,
		8,
		7,
		2,
		9,
		3,
		1,
		7,
		3,
		2,
		1,
		9,
		9,
		1,
		7,
		5,
		8,
		9,
		6,
		6,
		4,
		4,
		8,
		3,
		4,
		1,
		0,
		8,
		6,
		2,
		4,
		8,
		7,
		0,
		0,
		7,
		5,
		1,
		6,
		2,
		3,
		3,
		6,
		7,
		7,
		8,
		8,
		3,
		8,
		1,
		1,
		4,
		2,
		6,
		5,
		6,
		3,
		5,
		7,
		1,
		1,
		2,
		4,
		8,
		4,
		9,
		1,
		1,
		8,
		9,
		4,
		1,
		6,
		1,
		5,
		7,
		4,
		2,
		3,
		6,
		4,
		9,
		8,
		1,
		6,
		8
	],
	"formal_code":[
		5,
		13,
		0,
		322
	],
	"tensor_product_decompositions":{
		"identifiers":[
			"formal_code"
		],
		"value":[]
	},
	"sub_fusion_rings":{
		"identifiers":[
			"injection",
			"formal_code"
		],
		"value":[]
	},
	"numeric_characters":[
		[
			[
				1.0,
				0
			],
			[
				1.3113779459407843e1,
				0
			],
			[
				2.754363052195694e1,
				0
			],
			[
				2.8223889795975474e1,
				0
			],
			[
				3.0376121338631744e1,
				0
			]
		],
		[
			[
				1.0,
				0
			],
			[
				-3.016080673729073,
				0
			],
			[
				-1.283988212633122e1,
				0
			],
			[
				8.082017740149775,
				0
			],
			[
				5.402375311965918,
				0
			]
		],
		[
			[
				1.0,
				0
			],
			[
				-0.48126516550371545,
				0
			],
			[
				0.21890029687595253,
				0
			],
			[
				0.15897050902702867,
				0
			],
			[
				-0.17134741219763014,
				0
			]
		],
		[
			[
				1.0,
				0
			],
			[
				1.862958141905695,
				0
			],
			[
				-0.5397048507860859,
				0
			],
			[
				-0.14104459065385408,
				0
			],
			[
				-0.216754606612438,
				0
			]
		],
		[
			[
				1.0,
				0
			],
			[
				-0.47939176208074963,
				0
			],
			[
				-0.38294384171558316,
				0
			],
			[
				-3.3238334544984216,
				0
			],
			[
				3.6096053682124056,
				0
			]
		]
	],
	"numeric_frobenius_perron_dimensions":[
		1.0,
		1.3113779459407843e1,
		2.754363052195694e1,
		2.8223889795975474e1,
		3.0376121338631744e1
	],
	"numeric_frobenius_perron_dimension":2.650919496834712e3,
	"info":"Fusion ring. mult_tab provides structure constants. barcode and formal_code provide unique identifiers see (DOI: 10.1063\/5.0148848). sub_fusion_rings provides tuples where the first element corresponds to the elements of the ring that form the subring isomorphic to the ring identified by the second element of the tuple. software provides doi of original software used to represent fusion ring.",
	"comments":[
		""
	]
}