{
	"references":[
		""
	],
	"software":[
		"https:\/\/doi.org\/10.5281\/zenodo.15920400"
	],
	"mult_tab":[
		[
			[
				1,
				0,
				0,
				0,
				0
			],
			[
				0,
				1,
				0,
				0,
				0
			],
			[
				0,
				0,
				1,
				0,
				0
			],
			[
				0,
				0,
				0,
				1,
				0
			],
			[
				0,
				0,
				0,
				0,
				1
			]
		],
		[
			[
				0,
				1,
				0,
				0,
				0
			],
			[
				1,
				0,
				2,
				3,
				4
			],
			[
				0,
				2,
				1,
				4,
				3
			],
			[
				0,
				3,
				4,
				2,
				5
			],
			[
				0,
				4,
				3,
				5,
				6
			]
		],
		[
			[
				0,
				0,
				1,
				0,
				0
			],
			[
				0,
				2,
				1,
				4,
				3
			],
			[
				1,
				1,
				1,
				5,
				3
			],
			[
				0,
				4,
				5,
				1,
				5
			],
			[
				0,
				3,
				3,
				5,
				7
			]
		],
		[
			[
				0,
				0,
				0,
				1,
				0
			],
			[
				0,
				3,
				4,
				2,
				5
			],
			[
				0,
				4,
				5,
				1,
				5
			],
			[
				1,
				2,
				1,
				9,
				6
			],
			[
				0,
				5,
				5,
				6,
				9
			]
		],
		[
			[
				0,
				0,
				0,
				0,
				1
			],
			[
				0,
				4,
				3,
				5,
				6
			],
			[
				0,
				3,
				3,
				5,
				7
			],
			[
				0,
				5,
				5,
				6,
				9
			],
			[
				1,
				6,
				7,
				9,
				11
			]
		]
	],
	"texnames":[
		"\\text{FR}^{5,11,0}_{1077}"
	],
	"barcode":[
		6,
		5,
		8,
		3,
		7,
		7,
		0,
		0,
		7,
		1,
		1,
		6,
		2,
		1,
		8,
		2,
		3,
		4,
		2,
		2,
		0,
		4,
		1,
		2,
		6,
		8,
		4,
		4,
		3,
		7,
		1,
		5,
		4,
		6,
		4,
		3,
		9,
		0,
		9,
		2,
		2,
		2,
		8,
		5,
		3,
		2,
		8,
		7,
		4,
		3,
		0,
		6,
		4,
		3,
		8,
		7,
		6,
		6,
		2,
		5,
		3,
		9,
		5,
		4,
		7,
		7,
		9,
		7,
		3,
		4,
		9,
		3,
		4,
		0,
		7,
		5,
		6,
		2,
		9,
		4,
		5,
		6,
		5,
		9,
		0,
		7,
		6,
		0,
		2,
		9,
		5,
		1,
		7,
		5,
		2,
		9,
		1,
		2,
		2,
		4,
		9,
		0,
		0,
		8,
		3,
		8,
		3,
		7,
		2,
		0,
		3,
		2,
		6,
		9,
		4,
		2,
		2,
		2,
		1,
		5,
		4,
		5,
		1,
		0,
		8,
		0,
		6,
		4,
		5,
		5,
		4,
		9,
		0,
		4
	],
	"formal_code":[
		5,
		11,
		0,
		1077
	],
	"tensor_product_decompositions":{
		"identifiers":[
			"formal_code"
		],
		"value":[]
	},
	"sub_fusion_rings":{
		"identifiers":[
			"injection",
			"formal_code"
		],
		"value":[]
	},
	"numeric_characters":[
		[
			[
				1.0,
				0
			],
			[
				1.3673833160206986e1,
				0
			],
			[
				1.4129051804937337e1,
				0
			],
			[
				1.9105640974175486e1,
				0
			],
			[
				2.509967169019376e1,
				0
			]
		],
		[
			[
				1.0,
				0
			],
			[
				-2.435589661857457,
				0
			],
			[
				0.9201217484022469,
				0
			],
			[
				-0.34792661191592866,
				0
			],
			[
				1.0339083349725537,
				0
			]
		],
		[
			[
				1.0,
				0
			],
			[
				0.3761776012745409,
				0
			],
			[
				-0.4299331410889284,
				0
			],
			[
				-0.27724867519560487,
				0
			],
			[
				0.2082804738663347,
				0
			]
		],
		[
			[
				1.0,
				0
			],
			[
				-2.8130460778655597,
				0
			],
			[
				-4.955170871340674,
				0
			],
			[
				6.801548301538988,
				0
			],
			[
				-0.8952687314352012,
				0
			]
		],
		[
			[
				1.0,
				0
			],
			[
				0.1986249782414901,
				0
			],
			[
				1.3359304590900187,
				0
			],
			[
				0.7179860113970592,
				0
			],
			[
				-1.4465917675974456,
				0
			]
		]
	],
	"numeric_frobenius_perron_dimensions":[
		1.0,
		1.3673833160206986e1,
		1.4129051804937337e1,
		1.9105640974175486e1,
		2.509967169019376e1
	],
	"numeric_frobenius_perron_dimension":1.3826228541893865e3,
	"info":"Fusion ring. mult_tab provides structure constants. barcode and formal_code provide unique identifiers see (DOI: 10.1063\/5.0148848). sub_fusion_rings provides tuples where the first element corresponds to the elements of the ring that form the subring isomorphic to the ring identified by the second element of the tuple. software provides doi of original software used to represent fusion ring.",
	"comments":[
		""
	]
}