{
	"references":[
		""
	],
	"software":[
		"https:\/\/doi.org\/10.5281\/zenodo.15920400"
	],
	"mult_tab":[
		[
			[
				1,
				0,
				0,
				0,
				0
			],
			[
				0,
				1,
				0,
				0,
				0
			],
			[
				0,
				0,
				1,
				0,
				0
			],
			[
				0,
				0,
				0,
				1,
				0
			],
			[
				0,
				0,
				0,
				0,
				1
			]
		],
		[
			[
				0,
				1,
				0,
				0,
				0
			],
			[
				1,
				0,
				0,
				0,
				0
			],
			[
				0,
				0,
				0,
				1,
				0
			],
			[
				0,
				0,
				1,
				0,
				0
			],
			[
				0,
				0,
				0,
				0,
				1
			]
		],
		[
			[
				0,
				0,
				1,
				0,
				0
			],
			[
				0,
				0,
				0,
				1,
				0
			],
			[
				1,
				0,
				0,
				6,
				2
			],
			[
				0,
				1,
				6,
				0,
				2
			],
			[
				0,
				0,
				2,
				2,
				7
			]
		],
		[
			[
				0,
				0,
				0,
				1,
				0
			],
			[
				0,
				0,
				1,
				0,
				0
			],
			[
				0,
				1,
				6,
				0,
				2
			],
			[
				1,
				0,
				0,
				6,
				2
			],
			[
				0,
				0,
				2,
				2,
				7
			]
		],
		[
			[
				0,
				0,
				0,
				0,
				1
			],
			[
				0,
				0,
				0,
				0,
				1
			],
			[
				0,
				0,
				2,
				2,
				7
			],
			[
				0,
				0,
				2,
				2,
				7
			],
			[
				1,
				1,
				7,
				7,
				7
			]
		]
	],
	"texnames":[
		"\\text{FR}^{5,7,0}_{172}"
	],
	"barcode":[
		9,
		6,
		1,
		9,
		6,
		6,
		7,
		1,
		1,
		5,
		1,
		5,
		9,
		4,
		6,
		1,
		3,
		2,
		2,
		9,
		6,
		4,
		4,
		3,
		8,
		9,
		1,
		3,
		4,
		0,
		4,
		9,
		5,
		0,
		7,
		8,
		3,
		4,
		2,
		8,
		5,
		2,
		0,
		6,
		6,
		4,
		4,
		0,
		4,
		8,
		7,
		9,
		1,
		0,
		5,
		1,
		0,
		7,
		5,
		2,
		3,
		5,
		4,
		3,
		6,
		6,
		9,
		3,
		1,
		4,
		1,
		4,
		3,
		4,
		7,
		8,
		5,
		8,
		4,
		8,
		7,
		4,
		2,
		2,
		8,
		7,
		7,
		4,
		4,
		2,
		6,
		1,
		0,
		8,
		8,
		8,
		0,
		1,
		8,
		3,
		7,
		4,
		8,
		8,
		2,
		6,
		2,
		0,
		7,
		2,
		3,
		1
	],
	"formal_code":[
		5,
		7,
		0,
		172
	],
	"tensor_product_decompositions":{
		"identifiers":[
			"formal_code"
		],
		"value":[]
	},
	"sub_fusion_rings":{
		"identifiers":[
			"injection",
			"formal_code"
		],
		"value":[
			[
				[
					1,
					2
				],
				[
					2,
					1,
					0,
					1
				]
			]
		]
	},
	"numeric_characters":[
		[
			[
				1.0,
				0
			],
			[
				1.0,
				0
			],
			[
				9.416613267598558,
				0
			],
			[
				9.416613267598558,
				0
			],
			[
				1.5586462912960922e1,
				0
			]
		],
		[
			[
				1.0,
				0
			],
			[
				1.0,
				0
			],
			[
				3.780042471804597,
				0
			],
			[
				3.780042471804597,
				0
			],
			[
				-4.695766871090488,
				0
			]
		],
		[
			[
				1.0,
				0
			],
			[
				1.0,
				0
			],
			[
				-0.1966557394031549,
				0
			],
			[
				-0.1966557394031549,
				0
			],
			[
				0.10930395812956549,
				0
			]
		],
		[
			[
				1.0,
				0
			],
			[
				-1.0,
				0
			],
			[
				0.16227766016837952,
				0
			],
			[
				-0.16227766016837952,
				0
			],
			[
				0.0,
				0
			]
		],
		[
			[
				1.0,
				0
			],
			[
				-1.0,
				0
			],
			[
				-6.16227766016838,
				0
			],
			[
				6.16227766016838,
				0
			],
			[
				0.0,
				0
			]
		]
	],
	"numeric_frobenius_perron_dimensions":[
		1.0,
		1.0,
		9.416613267598558,
		9.416613267598558,
		1.5586462912960922e1
	],
	"numeric_frobenius_perron_dimension":4.222830370001327e2,
	"info":"Fusion ring. mult_tab provides structure constants. barcode and formal_code provide unique identifiers see (DOI: 10.1063\/5.0148848). sub_fusion_rings provides tuples where the first element corresponds to the elements of the ring that form the subring isomorphic to the ring identified by the second element of the tuple. software provides doi of original software used to represent fusion ring.",
	"comments":[
		""
	]
}