{
	"references":[
		""
	],
	"software":[
		"https:\/\/doi.org\/10.5281\/zenodo.15920400"
	],
	"mult_tab":[
		[
			[
				1,
				0,
				0,
				0,
				0
			],
			[
				0,
				1,
				0,
				0,
				0
			],
			[
				0,
				0,
				1,
				0,
				0
			],
			[
				0,
				0,
				0,
				1,
				0
			],
			[
				0,
				0,
				0,
				0,
				1
			]
		],
		[
			[
				0,
				1,
				0,
				0,
				0
			],
			[
				1,
				12,
				7,
				7,
				8
			],
			[
				0,
				7,
				9,
				9,
				9
			],
			[
				0,
				7,
				9,
				9,
				9
			],
			[
				0,
				8,
				9,
				9,
				9
			]
		],
		[
			[
				0,
				0,
				1,
				0,
				0
			],
			[
				0,
				7,
				9,
				9,
				9
			],
			[
				1,
				9,
				9,
				8,
				8
			],
			[
				0,
				9,
				8,
				8,
				9
			],
			[
				0,
				9,
				8,
				9,
				9
			]
		],
		[
			[
				0,
				0,
				0,
				1,
				0
			],
			[
				0,
				7,
				9,
				9,
				9
			],
			[
				0,
				9,
				8,
				8,
				9
			],
			[
				1,
				9,
				8,
				9,
				8
			],
			[
				0,
				9,
				9,
				8,
				9
			]
		],
		[
			[
				0,
				0,
				0,
				0,
				1
			],
			[
				0,
				8,
				9,
				9,
				9
			],
			[
				0,
				9,
				8,
				9,
				9
			],
			[
				0,
				9,
				9,
				8,
				9
			],
			[
				1,
				9,
				9,
				9,
				9
			]
		]
	],
	"texnames":[
		"\\text{FR}^{5,12,0}_{469}"
	],
	"barcode":[
		1,
		3,
		4,
		5,
		7,
		8,
		5,
		2,
		8,
		7,
		0,
		6,
		3,
		2,
		5,
		1,
		9,
		2,
		9,
		5,
		4,
		0,
		9,
		2,
		4,
		6,
		7,
		7,
		1,
		2,
		3,
		4,
		6,
		1,
		8,
		9,
		3,
		2,
		1,
		4,
		2,
		5,
		9,
		9,
		1,
		7,
		5,
		0,
		0,
		4,
		8,
		7,
		5,
		2,
		0,
		1,
		2,
		4,
		9,
		2,
		8,
		8,
		1,
		0,
		4,
		5,
		3,
		8,
		7,
		3,
		7,
		0,
		4,
		2,
		6,
		9,
		6,
		9,
		1,
		8,
		5,
		7,
		8,
		5,
		0,
		2,
		2,
		7,
		4,
		1,
		0,
		6,
		2,
		8,
		9,
		0,
		5,
		0,
		5,
		2,
		5,
		1,
		5,
		1,
		7,
		9,
		9,
		1,
		4,
		1,
		6,
		1,
		2,
		7,
		4,
		2,
		8,
		2,
		1,
		3,
		4,
		6,
		3,
		8,
		2,
		9,
		1,
		5,
		1,
		5,
		1,
		7,
		7,
		1,
		2,
		4,
		9,
		7,
		3
	],
	"formal_code":[
		5,
		12,
		0,
		469
	],
	"tensor_product_decompositions":{
		"identifiers":[
			"formal_code"
		],
		"value":[]
	},
	"sub_fusion_rings":{
		"identifiers":[
			"injection",
			"formal_code"
		],
		"value":[]
	},
	"numeric_characters":[
		[
			[
				1.0,
				0
			],
			[
				3.426267650163207e1,
				0
			],
			[
				3.426267650163207e1,
				0
			],
			[
				3.426267650163207e1,
				0
			],
			[
				3.526267650163207e1,
				0
			]
		],
		[
			[
				1.0,
				0
			],
			[
				5.0,
				0
			],
			[
				-2.0,
				0
			],
			[
				-2.0,
				0
			],
			[
				-1.0,
				0
			]
		],
		[
			[
				1.0,
				0
			],
			[
				0.0,
				0
			],
			[
				-0.6180339887498949,
				0
			],
			[
				1.618033988749895,
				0
			],
			[
				-1.0,
				0
			]
		],
		[
			[
				1.0,
				0
			],
			[
				0.0,
				0
			],
			[
				1.618033988749895,
				0
			],
			[
				-0.6180339887498949,
				0
			],
			[
				-1.0,
				0
			]
		],
		[
			[
				1.0,
				0
			],
			[
				-0.26267650163206824,
				0
			],
			[
				-0.26267650163206824,
				0
			],
			[
				-0.26267650163206824,
				0
			],
			[
				0.7373234983679318,
				0
			]
		]
	],
	"numeric_frobenius_perron_dimensions":[
		1.0,
		3.426267650163207e1,
		3.426267650163207e1,
		3.426267650163207e1,
		3.526267650163207e1
	],
	"numeric_frobenius_perron_dimension":4.766249357225226e3,
	"info":"Fusion ring. mult_tab provides structure constants. barcode and formal_code provide unique identifiers see (DOI: 10.1063\/5.0148848). sub_fusion_rings provides tuples where the first element corresponds to the elements of the ring that form the subring isomorphic to the ring identified by the second element of the tuple. software provides doi of original software used to represent fusion ring.",
	"comments":[
		""
	]
}