{
	"references":[
		""
	],
	"software":[
		"https:\/\/doi.org\/10.5281\/zenodo.15920400"
	],
	"mult_tab":[
		[
			[
				1,
				0,
				0,
				0,
				0
			],
			[
				0,
				1,
				0,
				0,
				0
			],
			[
				0,
				0,
				1,
				0,
				0
			],
			[
				0,
				0,
				0,
				1,
				0
			],
			[
				0,
				0,
				0,
				0,
				1
			]
		],
		[
			[
				0,
				1,
				0,
				0,
				0
			],
			[
				1,
				8,
				0,
				8,
				4
			],
			[
				0,
				0,
				7,
				4,
				8
			],
			[
				0,
				8,
				4,
				3,
				8
			],
			[
				0,
				4,
				8,
				8,
				9
			]
		],
		[
			[
				0,
				0,
				1,
				0,
				0
			],
			[
				0,
				0,
				7,
				4,
				8
			],
			[
				1,
				7,
				1,
				6,
				6
			],
			[
				0,
				4,
				6,
				5,
				8
			],
			[
				0,
				8,
				6,
				8,
				8
			]
		],
		[
			[
				0,
				0,
				0,
				1,
				0
			],
			[
				0,
				8,
				4,
				3,
				8
			],
			[
				0,
				4,
				6,
				5,
				8
			],
			[
				1,
				3,
				5,
				13,
				6
			],
			[
				0,
				8,
				8,
				6,
				12
			]
		],
		[
			[
				0,
				0,
				0,
				0,
				1
			],
			[
				0,
				4,
				8,
				8,
				9
			],
			[
				0,
				8,
				6,
				8,
				8
			],
			[
				0,
				8,
				8,
				6,
				12
			],
			[
				1,
				9,
				8,
				12,
				14
			]
		]
	],
	"texnames":[
		"\\text{FR}^{5,14,0}_{114}"
	],
	"barcode":[
		6,
		8,
		4,
		4,
		0,
		9,
		7,
		0,
		7,
		8,
		0,
		3,
		0,
		6,
		8,
		2,
		0,
		8,
		2,
		8,
		2,
		7,
		0,
		4,
		7,
		6,
		6,
		1,
		8,
		9,
		7,
		5,
		4,
		7,
		1,
		1,
		6,
		8,
		1,
		3,
		8,
		1,
		0,
		2,
		5,
		1,
		8,
		5,
		3,
		6,
		4,
		5,
		6,
		7,
		7,
		0,
		9,
		2,
		9,
		0,
		5,
		7,
		4,
		9,
		2,
		5,
		9,
		7,
		9,
		9,
		1,
		4,
		2,
		7,
		2,
		8,
		2,
		9,
		9,
		5,
		0,
		1,
		0,
		2,
		5,
		2,
		9,
		8,
		4,
		0,
		2,
		9,
		4,
		6,
		2,
		4,
		5,
		5,
		7,
		9,
		5,
		9,
		5,
		1,
		3,
		9,
		5,
		2,
		4,
		4,
		5,
		3,
		1,
		9,
		6,
		7,
		1,
		6,
		4,
		5,
		7,
		7,
		1,
		3,
		7,
		6,
		2,
		1,
		8,
		6,
		2,
		2,
		2,
		5,
		7,
		6,
		3,
		5,
		6,
		7,
		1,
		8,
		4,
		8,
		3,
		1
	],
	"formal_code":[
		5,
		14,
		0,
		114
	],
	"tensor_product_decompositions":{
		"identifiers":[
			"formal_code"
		],
		"value":[]
	},
	"sub_fusion_rings":{
		"identifiers":[
			"injection",
			"formal_code"
		],
		"value":[]
	},
	"numeric_characters":[
		[
			[
				1.0,
				0
			],
			[
				2.3414842473234447e1,
				0
			],
			[
				2.3736564636986085e1,
				0
			],
			[
				2.752002059576188e1,
				0
			],
			[
				3.494398587360331e1,
				0
			]
		],
		[
			[
				1.0,
				0
			],
			[
				-4.591366876550296,
				0
			],
			[
				-0.6612159166322217,
				0
			],
			[
				8.829897778389384,
				0
			],
			[
				-3.4568993549073697,
				0
			]
		],
		[
			[
				1.0,
				0
			],
			[
				9.091605520582615,
				0
			],
			[
				-7.352645722354329,
				0
			],
			[
				2.7689773281849304,
				0
			],
			[
				-3.306842962063022,
				0
			]
		],
		[
			[
				1.0,
				0
			],
			[
				8.491888273323459e-2,
				0
			],
			[
				0.2772970020004661,
				0
			],
			[
				-0.11889570233619368,
				0
			],
			[
				-0.1802435566329166,
				0
			]
		],
		[
			[
				1.0,
				0
			],
			[
				-1.0,
				0
			],
			[
				-2.0,
				0
			],
			[
				0.0,
				0
			],
			[
				2.0,
				0
			]
		]
	],
	"numeric_frobenius_perron_dimensions":[
		1.0,
		2.3414842473234447e1,
		2.3736564636986092e1,
		2.752002059576188e1,
		3.494398587360331e1
	],
	"numeric_frobenius_perron_dimension":3.0911130311379484e3,
	"info":"Fusion ring. mult_tab provides structure constants. barcode and formal_code provide unique identifiers see (DOI: 10.1063\/5.0148848). sub_fusion_rings provides tuples where the first element corresponds to the elements of the ring that form the subring isomorphic to the ring identified by the second element of the tuple. software provides doi of original software used to represent fusion ring.",
	"comments":[
		""
	]
}