{
	"references":[
		""
	],
	"software":[
		"https:\/\/doi.org\/10.5281\/zenodo.15920400"
	],
	"mult_tab":[
		[
			[
				1,
				0,
				0,
				0,
				0
			],
			[
				0,
				1,
				0,
				0,
				0
			],
			[
				0,
				0,
				1,
				0,
				0
			],
			[
				0,
				0,
				0,
				1,
				0
			],
			[
				0,
				0,
				0,
				0,
				1
			]
		],
		[
			[
				0,
				1,
				0,
				0,
				0
			],
			[
				1,
				5,
				0,
				5,
				2
			],
			[
				0,
				0,
				4,
				0,
				6
			],
			[
				0,
				5,
				0,
				6,
				2
			],
			[
				0,
				2,
				6,
				2,
				8
			]
		],
		[
			[
				0,
				0,
				1,
				0,
				0
			],
			[
				0,
				0,
				4,
				0,
				6
			],
			[
				1,
				4,
				1,
				5,
				3
			],
			[
				0,
				0,
				5,
				0,
				6
			],
			[
				0,
				6,
				3,
				6,
				6
			]
		],
		[
			[
				0,
				0,
				0,
				1,
				0
			],
			[
				0,
				5,
				0,
				6,
				2
			],
			[
				0,
				0,
				5,
				0,
				6
			],
			[
				1,
				6,
				0,
				6,
				2
			],
			[
				0,
				2,
				6,
				2,
				9
			]
		],
		[
			[
				0,
				0,
				0,
				0,
				1
			],
			[
				0,
				2,
				6,
				2,
				8
			],
			[
				0,
				6,
				3,
				6,
				6
			],
			[
				0,
				2,
				6,
				2,
				9
			],
			[
				1,
				8,
				6,
				9,
				11
			]
		]
	],
	"texnames":[
		"\\text{FR}^{5,11,0}_{407}"
	],
	"barcode":[
		6,
		5,
		8,
		3,
		7,
		7,
		0,
		0,
		7,
		1,
		1,
		6,
		2,
		1,
		8,
		2,
		3,
		4,
		2,
		2,
		0,
		4,
		1,
		2,
		6,
		8,
		4,
		4,
		3,
		7,
		1,
		5,
		3,
		9,
		5,
		1,
		8,
		5,
		7,
		1,
		4,
		5,
		2,
		1,
		7,
		8,
		7,
		3,
		0,
		2,
		5,
		4,
		5,
		7,
		6,
		2,
		4,
		3,
		5,
		8,
		7,
		3,
		2,
		2,
		3,
		3,
		3,
		0,
		4,
		4,
		1,
		7,
		3,
		6,
		9,
		1,
		2,
		0,
		9,
		7,
		3,
		0,
		1,
		4,
		0,
		0,
		8,
		9,
		2,
		3,
		2,
		6,
		4,
		9,
		4,
		7,
		3,
		9,
		0,
		8,
		4,
		6,
		9,
		7,
		3,
		0,
		7,
		9,
		2,
		3,
		4,
		0,
		4,
		2,
		3,
		4,
		8,
		9,
		3,
		3,
		6,
		3,
		4,
		1,
		8,
		5,
		4,
		2,
		3,
		5,
		6,
		7,
		7,
		3
	],
	"formal_code":[
		5,
		11,
		0,
		407
	],
	"tensor_product_decompositions":{
		"identifiers":[
			"formal_code"
		],
		"value":[]
	},
	"sub_fusion_rings":{
		"identifiers":[
			"injection",
			"formal_code"
		],
		"value":[]
	},
	"numeric_characters":[
		[
			[
				1.0,
				0
			],
			[
				1.3960868696213597e1,
				0
			],
			[
				1.484724956052879e1,
				0
			],
			[
				1.4960868696213597e1,
				0
			],
			[
				2.464858389539038e1,
				0
			]
		],
		[
			[
				1.0,
				0
			],
			[
				9.186966921708505,
				0
			],
			[
				-7.79027986865331,
				0
			],
			[
				1.0186966921708505e1,
				0
			],
			[
				-6.7346539982594,
				0
			]
		],
		[
			[
				1.0,
				0
			],
			[
				1.0,
				0
			],
			[
				0.0,
				0
			],
			[
				-1.0,
				0
			],
			[
				0.0,
				0
			]
		],
		[
			[
				1.0,
				0
			],
			[
				-0.4415910852207028,
				0
			],
			[
				0.9382357141354565,
				0
			],
			[
				0.5584089147792972,
				0
			],
			[
				-0.6945432306232872,
				0
			]
		],
		[
			[
				1.0,
				0
			],
			[
				-0.7062445327013994,
				0
			],
			[
				-0.9952054060109345,
				0
			],
			[
				0.2937554672986006,
				0
			],
			[
				0.7806133334923062,
				0
			]
		]
	],
	"numeric_frobenius_perron_dimensions":[
		1.0,
		1.3960868696213597e1,
		1.484724956052879e1,
		1.4960868696213598e1,
		2.464858389539038e1
	],
	"numeric_frobenius_perron_dimension":1.2477269544589813e3,
	"info":"Fusion ring. mult_tab provides structure constants. barcode and formal_code provide unique identifiers see (DOI: 10.1063\/5.0148848). sub_fusion_rings provides tuples where the first element corresponds to the elements of the ring that form the subring isomorphic to the ring identified by the second element of the tuple. software provides doi of original software used to represent fusion ring.",
	"comments":[
		""
	]
}