{
	"references":[
		""
	],
	"software":[
		"https:\/\/doi.org\/10.5281\/zenodo.15920400"
	],
	"mult_tab":[
		[
			[
				1,
				0,
				0,
				0,
				0
			],
			[
				0,
				1,
				0,
				0,
				0
			],
			[
				0,
				0,
				1,
				0,
				0
			],
			[
				0,
				0,
				0,
				1,
				0
			],
			[
				0,
				0,
				0,
				0,
				1
			]
		],
		[
			[
				0,
				1,
				0,
				0,
				0
			],
			[
				1,
				2,
				2,
				2,
				5
			],
			[
				0,
				2,
				3,
				2,
				5
			],
			[
				0,
				2,
				2,
				3,
				5
			],
			[
				0,
				5,
				5,
				5,
				1
			]
		],
		[
			[
				0,
				0,
				1,
				0,
				0
			],
			[
				0,
				2,
				3,
				2,
				5
			],
			[
				1,
				3,
				2,
				3,
				5
			],
			[
				0,
				2,
				3,
				3,
				5
			],
			[
				0,
				5,
				5,
				5,
				2
			]
		],
		[
			[
				0,
				0,
				0,
				1,
				0
			],
			[
				0,
				2,
				2,
				3,
				5
			],
			[
				0,
				2,
				3,
				3,
				5
			],
			[
				1,
				3,
				3,
				2,
				5
			],
			[
				0,
				5,
				5,
				5,
				2
			]
		],
		[
			[
				0,
				0,
				0,
				0,
				1
			],
			[
				0,
				5,
				5,
				5,
				1
			],
			[
				0,
				5,
				5,
				5,
				2
			],
			[
				0,
				5,
				5,
				5,
				2
			],
			[
				1,
				1,
				2,
				2,
				13
			]
		]
	],
	"texnames":[
		"\\text{FR}^{5,13,0}_{255}"
	],
	"barcode":[
		1,
		3,
		1,
		7,
		8,
		8,
		1,
		8,
		6,
		4,
		8,
		7,
		2,
		1,
		4,
		1,
		5,
		3,
		0,
		1,
		5,
		0,
		1,
		5,
		4,
		3,
		3,
		8,
		4,
		9,
		5,
		2,
		4,
		7,
		8,
		9,
		0,
		7,
		4,
		4,
		5,
		5,
		6,
		1,
		7,
		4,
		4,
		4,
		9,
		6,
		9,
		0,
		5,
		6,
		7,
		8,
		3,
		3,
		8,
		1,
		2,
		4,
		3,
		6,
		8,
		3,
		5,
		6,
		5,
		7,
		0,
		9,
		7,
		0,
		4,
		8,
		6,
		3,
		5,
		9,
		2,
		1,
		5,
		0,
		9,
		6,
		0,
		8,
		5,
		1,
		5,
		4,
		9,
		7,
		4,
		7,
		1,
		5,
		0,
		0,
		9,
		9,
		4,
		0,
		8,
		9,
		4,
		4,
		2,
		4,
		4,
		4,
		7,
		9,
		2,
		9,
		0,
		1,
		1,
		6,
		6,
		2,
		9,
		3,
		8,
		3,
		0,
		0,
		9,
		4,
		3,
		6,
		4,
		5,
		7,
		3,
		6,
		2,
		1,
		6,
		5,
		2,
		6
	],
	"formal_code":[
		5,
		13,
		0,
		255
	],
	"tensor_product_decompositions":{
		"identifiers":[
			"formal_code"
		],
		"value":[]
	},
	"sub_fusion_rings":{
		"identifiers":[
			"injection",
			"formal_code"
		],
		"value":[]
	},
	"numeric_characters":[
		[
			[
				1.0,
				0
			],
			[
				1.2972011772976334e1,
				0
			],
			[
				1.3972011772976334e1,
				0
			],
			[
				1.3972011772976334e1,
				0
			],
			[
				1.708820376007572e1,
				0
			]
		],
		[
			[
				1.0,
				0
			],
			[
				-5.319934790019658,
				0
			],
			[
				-4.319934790019658,
				0
			],
			[
				-4.319934790019658,
				0
			],
			[
				1.1044262982035889e1,
				0
			]
		],
		[
			[
				1.0,
				0
			],
			[
				1.0,
				0
			],
			[
				0.6180339887498949,
				0
			],
			[
				-1.618033988749895,
				0
			],
			[
				0.0,
				0
			]
		],
		[
			[
				1.0,
				0
			],
			[
				-0.6520769829566766,
				0
			],
			[
				0.34792301704332346,
				0
			],
			[
				0.34792301704332346,
				0
			],
			[
				-0.13246674211161177,
				0
			]
		],
		[
			[
				1.0,
				0
			],
			[
				1.0,
				0
			],
			[
				-1.618033988749895,
				0
			],
			[
				0.6180339887498949,
				0
			],
			[
				0.0,
				0
			]
		]
	],
	"numeric_frobenius_perron_dimensions":[
		1.0,
		1.2972011772976336e1,
		1.3972011772976334e1,
		1.3972011772976334e1,
		1.708820376007572e1
	],
	"numeric_frobenius_perron_dimension":8.517140231524812e2,
	"info":"Fusion ring. mult_tab provides structure constants. barcode and formal_code provide unique identifiers see (DOI: 10.1063\/5.0148848). sub_fusion_rings provides tuples where the first element corresponds to the elements of the ring that form the subring isomorphic to the ring identified by the second element of the tuple. software provides doi of original software used to represent fusion ring.",
	"comments":[
		""
	]
}