{
	"references":[
		""
	],
	"software":[
		"https:\/\/doi.org\/10.5281\/zenodo.15920400"
	],
	"mult_tab":[
		[
			[
				1,
				0,
				0,
				0,
				0
			],
			[
				0,
				1,
				0,
				0,
				0
			],
			[
				0,
				0,
				1,
				0,
				0
			],
			[
				0,
				0,
				0,
				1,
				0
			],
			[
				0,
				0,
				0,
				0,
				1
			]
		],
		[
			[
				0,
				1,
				0,
				0,
				0
			],
			[
				1,
				0,
				0,
				0,
				0
			],
			[
				0,
				0,
				1,
				0,
				0
			],
			[
				0,
				0,
				0,
				1,
				0
			],
			[
				0,
				0,
				0,
				0,
				1
			]
		],
		[
			[
				0,
				0,
				1,
				0,
				0
			],
			[
				0,
				0,
				1,
				0,
				0
			],
			[
				1,
				1,
				0,
				3,
				3
			],
			[
				0,
				0,
				3,
				2,
				2
			],
			[
				0,
				0,
				3,
				2,
				4
			]
		],
		[
			[
				0,
				0,
				0,
				1,
				0
			],
			[
				0,
				0,
				0,
				1,
				0
			],
			[
				0,
				0,
				3,
				2,
				2
			],
			[
				1,
				1,
				2,
				3,
				2
			],
			[
				0,
				0,
				2,
				2,
				5
			]
		],
		[
			[
				0,
				0,
				0,
				0,
				1
			],
			[
				0,
				0,
				0,
				0,
				1
			],
			[
				0,
				0,
				3,
				2,
				4
			],
			[
				0,
				0,
				2,
				2,
				5
			],
			[
				1,
				1,
				4,
				5,
				4
			]
		]
	],
	"texnames":[
		"\\text{FR}^{5,5,0}_{55}"
	],
	"barcode":[
		3,
		0,
		9,
		5,
		7,
		3,
		9,
		1,
		2,
		6,
		0,
		0,
		3,
		9,
		5,
		8,
		7,
		8,
		8,
		6,
		2,
		2,
		6,
		2,
		5,
		7,
		5,
		7,
		8,
		8,
		0,
		9,
		4,
		4,
		2,
		9,
		9,
		1,
		1,
		4,
		2,
		6,
		0,
		0,
		0,
		8,
		2,
		7,
		6,
		8,
		7,
		9,
		9,
		0,
		3,
		0,
		3,
		9,
		1,
		0,
		0,
		7,
		4,
		3,
		8,
		7,
		3,
		0,
		4,
		9,
		4,
		4,
		3,
		7,
		6,
		2,
		5,
		8,
		0,
		1,
		2,
		5,
		0,
		6,
		8,
		0,
		0,
		5,
		9,
		6,
		0,
		7,
		7,
		8,
		1,
		1,
		8
	],
	"formal_code":[
		5,
		5,
		0,
		55
	],
	"tensor_product_decompositions":{
		"identifiers":[
			"formal_code"
		],
		"value":[]
	},
	"sub_fusion_rings":{
		"identifiers":[
			"injection",
			"formal_code"
		],
		"value":[
			[
				[
					1,
					2
				],
				[
					2,
					1,
					0,
					1
				]
			]
		]
	},
	"numeric_characters":[
		[
			[
				1.0,
				0
			],
			[
				1.0,
				0
			],
			[
				7.603570265177627,
				0
			],
			[
				7.893690624355618,
				0
			],
			[
				1.0711069634808839e1,
				0
			]
		],
		[
			[
				1.0,
				0
			],
			[
				1.0,
				0
			],
			[
				-2.9930245112655465,
				0
			],
			[
				1.450130584442554,
				0
			],
			[
				0.8692679905695672,
				0
			]
		],
		[
			[
				1.0,
				0
			],
			[
				1.0,
				0
			],
			[
				0.33262772613449865,
				0
			],
			[
				-0.7867334307195367,
				0
			],
			[
				0.15694716545067236,
				0
			]
		],
		[
			[
				1.0,
				0
			],
			[
				-1.0,
				0
			],
			[
				0.0,
				0
			],
			[
				0.0,
				0
			],
			[
				0.0,
				0
			]
		],
		[
			[
				1.0,
				0
			],
			[
				1.0,
				0
			],
			[
				1.0568265199534208,
				0
			],
			[
				2.4429122219213646,
				0
			],
			[
				-2.7372847908290785,
				0
			]
		]
	],
	"numeric_frobenius_perron_dimensions":[
		1.0,
		1.0,
		7.603570265177627,
		7.893690624355618,
		1.0711069634808839e1
	],
	"numeric_frobenius_perron_dimension":2.3685164517225712e2,
	"info":"Fusion ring. mult_tab provides structure constants. barcode and formal_code provide unique identifiers see (DOI: 10.1063\/5.0148848). sub_fusion_rings provides tuples where the first element corresponds to the elements of the ring that form the subring isomorphic to the ring identified by the second element of the tuple. software provides doi of original software used to represent fusion ring.",
	"comments":[
		""
	]
}